{
  "type": "FeatureCollection",
  "features": [
    {
      "type": "Feature",
      "geometry": {
        "type": "Polygon",
        "coordinates": [
          [
            [112.0736792, -7.1628177],
            [112.0735897, -7.1627639],
            [112.0734688, -7.1627818],
            [112.073348, -7.1627326],
            [112.073057, -7.1626207],
            [112.0728735, -7.162567],
            [112.0727616, -7.1624775],
            [112.0728601, -7.1620791],
            [112.0726273, -7.161994],
            [112.0723677, -7.1619224],
            [112.0722244, -7.1619179],
            [112.072211, -7.1620477],
            [112.0721752, -7.1621194],
            [112.0721618, -7.1622268],
            [112.0721349, -7.16237],
            [112.0720901, -7.1623611],
            [112.0720991, -7.1624775],
            [112.0720857, -7.1626162],
            [112.0720319, -7.1627774],
            [112.07192, -7.1629743],
            [112.0718484, -7.1630191],
            [112.0717141, -7.1630459],
            [112.0715642, -7.1634869],
            [112.0716783, -7.1635159],
            [112.0717611, -7.1635406],
            [112.0718014, -7.1634869],
            [112.0718439, -7.1633638],
            [112.0719223, -7.1632765],
            [112.0720118, -7.1632877],
            [112.0720857, -7.1632787],
            [112.0721998, -7.1633279],
            [112.0722356, -7.163366],
            [112.0723207, -7.1633794],
            [112.07254, -7.1634645],
            [112.0725199, -7.163554],
            [112.0724863, -7.1636099],
            [112.0724639, -7.1637286],
            [112.0726206, -7.1637672],
            [112.0726306, -7.1637314],
            [112.0726071, -7.1637247],
            [112.0726402, -7.1636077],
            [112.0726704, -7.1636139],
            [112.0726933, -7.1635344],
            [112.0727051, -7.163512],
            [112.0727263, -7.1634992],
            [112.072747, -7.1634936],
            [112.0727633, -7.1635036],
            [112.072784, -7.1635059],
            [112.0728187, -7.1635171],
            [112.0728338, -7.1635092],
            [112.0728511, -7.1635215],
            [112.0728589, -7.1635389],
            [112.0728768, -7.1635311],
            [112.0729031, -7.1635299],
            [112.0729138, -7.163554],
            [112.0729216, -7.1635859],
            [112.0729194, -7.1636038],
            [112.0729149, -7.163629],
            [112.0729043, -7.1636547],
            [112.072902, -7.1636732],
            [112.0728987, -7.1636928],
            [112.0728864, -7.1637012],
            [112.0728813, -7.1637247],
            [112.0728774, -7.1637482],
            [112.0728668, -7.1637694],
            [112.0728623, -7.163798],
            [112.0728539, -7.163817],
            [112.072841, -7.1638287],
            [112.072935, -7.1638623],
            [112.0730805, -7.1639082],
            [112.0732137, -7.1639496],
            [112.0732282, -7.1638992],
            [112.0732629, -7.1638768],
            [112.0732752, -7.1638455],
            [112.0732763, -7.163822],
            [112.0733043, -7.1637873],
            [112.0733088, -7.1637705],
            [112.0733245, -7.1637202],
            [112.0733636, -7.1636877],
            [112.0733547, -7.1636374],
            [112.0733983, -7.1635825],
            [112.0734319, -7.1635333],
            [112.0735114, -7.1635422],
            [112.0735404, -7.1634785],
            [112.0736098, -7.1632099],
            [112.0737128, -7.1628316],
            [112.0736792, -7.1628177]
          ]
        ]
      },
      "properties": { "Type": "Pertanian" }
    },
    {
      "type": "Feature",
      "geometry": {
        "type": "Polygon",
        "coordinates": [
          [
            [112.0610491, -7.1502923],
            [112.0611593, -7.149977],
            [112.0611593, -7.1498545],
            [112.0610644, -7.1497596],
            [112.060452, -7.1495361],
            [112.0603908, -7.1495789],
            [112.060253, -7.1495697],
            [112.0595641, -7.1494258],
            [112.0595855, -7.1492329],
            [112.0599131, -7.1481338],
            [112.0604857, -7.1458497],
            [112.0606357, -7.1456016],
            [112.0608623, -7.145369],
            [112.0609572, -7.1453291],
            [112.0611777, -7.1453598],
            [112.0611593, -7.1455098],
            [112.0612236, -7.1455251],
            [112.0612695, -7.1453659],
            [112.0614563, -7.145271],
            [112.0614226, -7.1455772],
            [112.0620105, -7.1456782],
            [112.0621697, -7.1458007],
            [112.0627484, -7.1459752],
            [112.0628861, -7.1461038],
            [112.0626534, -7.1464436],
            [112.0623947, -7.146583],
            [112.0622324, -7.1468264],
            [112.062237, -7.1470177],
            [112.0620977, -7.1475566],
            [112.0621115, -7.1477357],
            [112.0620334, -7.1480572],
            [112.0619431, -7.1481399],
            [112.0617808, -7.1486099],
            [112.0617073, -7.1486497],
            [112.0616783, -7.1487293],
            [112.0615757, -7.1487614],
            [112.0615818, -7.1488977],
            [112.0616584, -7.1489757],
            [112.0617625, -7.1493998],
            [112.0617349, -7.1496111],
            [112.0616109, -7.1499295],
            [112.0613231, -7.1504056],
            [112.0611287, -7.1504041],
            [112.0610491, -7.1502923]
          ]
        ]
      },
      "properties": { "Type": "Pertanian" }
    },
    {
      "type": "Feature",
      "geometry": {
        "type": "Polygon",
        "coordinates": [
          [
            [112.063829, -7.1523435],
            [112.0637984, -7.152518],
            [112.0641382, -7.1526864],
            [112.0641382, -7.1528762],
            [112.064074, -7.1531273],
            [112.064074, -7.1532375],
            [112.0639209, -7.1536386],
            [112.063878, -7.1536784],
            [112.0638688, -7.153755],
            [112.0639362, -7.1537825],
            [112.063878, -7.153905],
            [112.0638994, -7.1540305],
            [112.0638657, -7.1540887],
            [112.0637984, -7.1541346],
            [112.0637004, -7.1543704],
            [112.0636759, -7.1544898],
            [112.0635626, -7.1545296],
            [112.0633483, -7.1545388],
            [112.0633238, -7.1550562],
            [112.0632748, -7.1551328],
            [112.0632166, -7.1552154],
            [112.0631615, -7.155295],
            [112.063137, -7.1554083],
            [112.0630299, -7.1554634],
            [112.0626472, -7.1554206],
            [112.0626012, -7.155543],
            [112.0626472, -7.1556594],
            [112.0627237, -7.1557482],
            [112.0627053, -7.1558125],
            [112.0627666, -7.1558798],
            [112.0627727, -7.1559319],
            [112.0627604, -7.1560942],
            [112.0627298, -7.1561646],
            [112.0627513, -7.1562136],
            [112.0628064, -7.1562044],
            [112.0628982, -7.1562381],
            [112.0628339, -7.1565415],
            [112.0629031, -7.1565934],
            [112.0629594, -7.1566497],
            [112.0629291, -7.1568078],
            [112.0628555, -7.1570199],
            [112.0627906, -7.1571044],
            [112.0627689, -7.1572797],
            [112.0628014, -7.1574335],
            [112.0627949, -7.1576196],
            [112.0628101, -7.1577257],
            [112.0627148, -7.1578145],
            [112.0625438, -7.1577734],
            [112.062468, -7.1579033],
            [112.0623965, -7.1581349],
            [112.0624701, -7.1581999],
            [112.0626087, -7.1582172],
            [112.0626715, -7.1580873],
            [112.0628555, -7.1581154],
            [112.06294, -7.1579596],
            [112.0630222, -7.1577366],
            [112.063137, -7.1577431],
            [112.0630785, -7.1580981],
            [112.0629681, -7.1585095],
            [112.0629248, -7.1585398],
            [112.0627949, -7.1585723],
            [112.0627256, -7.1587628],
            [112.0626, -7.1588234],
            [112.0625329, -7.1590897],
            [112.0626672, -7.1591698],
            [112.0626563, -7.1592759],
            [112.0626044, -7.1595573],
            [112.06239, -7.1607611],
            [112.0626628, -7.1608607],
            [112.0634444, -7.1610728],
            [112.0643667, -7.161363],
            [112.066181, -7.1619064],
            [112.0668716, -7.1620817],
            [112.0682031, -7.1624541],
            [112.0682616, -7.1621792],
            [112.0684781, -7.1622398],
            [112.0684543, -7.1625039],
            [112.0686967, -7.1625559],
            [112.0687487, -7.1623177],
            [112.0691839, -7.1624325],
            [112.0691406, -7.1626988],
            [112.069238, -7.1627226],
            [112.0693354, -7.1627637],
            [112.0694415, -7.1628157],
            [112.0695519, -7.1620103],
            [112.0696147, -7.1614864],
            [112.0699871, -7.161508],
            [112.07034, -7.16156],
            [112.0703486, -7.161272],
            [112.0704028, -7.1610252],
            [112.0701993, -7.1609516],
            [112.0699308, -7.1609516],
            [112.0698399, -7.1612222],
            [112.0697771, -7.1612504],
            [112.0697208, -7.1612201],
            [112.0697013, -7.1611183],
            [112.0697316, -7.1609451],
            [112.0698031, -7.1608304],
            [112.0698832, -7.1607654],
            [112.0699914, -7.1607243],
            [112.0701256, -7.1607351],
            [112.0703097, -7.1607503],
            [112.070576, -7.1608044],
            [112.0706647, -7.1607871],
            [112.0706453, -7.1606269],
            [112.0706626, -7.1603952],
            [112.0707102, -7.1601029],
            [112.0707232, -7.1599189],
            [112.070708, -7.1597652],
            [112.0706842, -7.1595768],
            [112.0706756, -7.1595032],
            [112.0706886, -7.1594058],
            [112.070747, -7.1592088],
            [112.0708704, -7.1588126],
            [112.0709202, -7.1585051],
            [112.0709613, -7.1581111],
            [112.0709743, -7.157769],
            [112.0709765, -7.1573642],
            [112.0709895, -7.1570394],
            [112.0710025, -7.1568511],
            [112.0710696, -7.1565415],
            [112.0710912, -7.1563206],
            [112.0709743, -7.1561756],
            [112.0709743, -7.1560998],
            [112.0710068, -7.156011],
            [112.0710631, -7.156011],
            [112.0711692, -7.156024],
            [112.0713597, -7.155355],
            [112.0715243, -7.1547315],
            [112.0715697, -7.1546233],
            [112.0716477, -7.1541383],
            [112.0716888, -7.153662],
            [112.0716888, -7.1535126],
            [112.0717191, -7.1530904],
            [112.071364, -7.1529519],
            [112.0713034, -7.1527635],
            [112.0711107, -7.152796],
            [112.0708596, -7.1527657],
            [112.0708011, -7.1525427],
            [112.0708661, -7.152298],
            [112.0709267, -7.1522785],
            [112.0709419, -7.1520317],
            [112.0709808, -7.1520058],
            [112.0710761, -7.1520534],
            [112.0711735, -7.1521855],
            [112.071364, -7.1519863],
            [112.0713943, -7.1518066],
            [112.0715567, -7.151523],
            [112.0715719, -7.151261],
            [112.071468, -7.1510986],
            [112.0714376, -7.1510228],
            [112.0716109, -7.1510575],
            [112.0716238, -7.1510098],
            [112.0714723, -7.1509514],
            [112.0714939, -7.1508843],
            [112.0715762, -7.1508929],
            [112.071587, -7.1508215],
            [112.0715546, -7.1507154],
            [112.0716152, -7.1506072],
            [112.071678, -7.1505054],
            [112.071678, -7.1503712],
            [112.0717711, -7.1502456],
            [112.0718165, -7.1500594],
            [112.0719096, -7.1499555],
            [112.0719508, -7.1498364],
            [112.0719508, -7.1497628],
            [112.0719053, -7.1497065],
            [112.0716217, -7.1497282],
            [112.0714355, -7.1497043],
            [112.0714052, -7.1495831],
            [112.0714918, -7.1493363],
            [112.0715632, -7.1489834],
            [112.0715394, -7.1487734],
            [112.0714225, -7.1483252],
            [112.0713402, -7.1478901],
            [112.0712038, -7.1479485],
            [112.0709635, -7.1480394],
            [112.0709245, -7.1480979],
            [112.071035, -7.1482213],
            [112.0709657, -7.1483425],
            [112.0710328, -7.1486998],
            [112.0708747, -7.1487387],
            [112.070812, -7.1484573],
            [112.0707838, -7.1483815],
            [112.0706821, -7.1483274],
            [112.0706777, -7.1482516],
            [112.0707102, -7.1481888],
            [112.0706517, -7.1479182],
            [112.0701386, -7.1482559],
            [112.0698204, -7.1484486],
            [112.0691427, -7.1489249],
            [112.068766, -7.1491869],
            [112.0678589, -7.1497909],
            [112.0674887, -7.1500594],
            [112.067034, -7.1503733],
            [112.067257, -7.1504318],
            [112.0672787, -7.1504881],
            [112.0672115, -7.150618],
            [112.066772, -7.1505314],
            [112.0657155, -7.1511592],
            [112.0645897, -7.151865],
            [112.063829, -7.1523435]
          ]
        ]
      },
      "properties": { "Type": "Pertanian" }
    },
    {
      "type": "Feature",
      "geometry": {
        "type": "Polygon",
        "coordinates": [
          [
            [112.0641348, -7.146416],
            [112.0636694, -7.146367],
            [112.0629958, -7.1461466],
            [112.0628873, -7.1463538],
            [112.0624494, -7.1467472],
            [112.0623178, -7.1472034],
            [112.0622483, -7.1476514],
            [112.0622866, -7.1479162],
            [112.0620845, -7.1482989],
            [112.061858, -7.1489251],
            [112.0618304, -7.149121],
            [112.0619192, -7.1493782],
            [112.0619069, -7.1496446],
            [112.0618243, -7.1499416],
            [112.06176, -7.1499477],
            [112.0616008, -7.1502815],
            [112.061861, -7.1504223],
            [112.0621917, -7.1504958],
            [112.0623846, -7.1504897],
            [112.0625285, -7.1503427],
            [112.0627367, -7.1503213],
            [112.0630459, -7.1504346],
            [112.0634838, -7.1504989],
            [112.0639094, -7.150557],
            [112.0644452, -7.1505203],
            [112.0646687, -7.1505876],
            [112.0651861, -7.1503488],
            [112.0652321, -7.1502141],
            [112.0652734, -7.1494885],
            [112.0653094, -7.1494892],
            [112.0653294, -7.1493822],
            [112.0656974, -7.1493898],
            [112.0656953, -7.1498693],
            [112.0657992, -7.149826],
            [112.066138, -7.1496019],
            [112.0666381, -7.1493562],
            [112.0666728, -7.1491614],
            [112.0668774, -7.1491202],
            [112.066991, -7.1484393],
            [112.06724, -7.1485292],
            [112.0675853, -7.1482044],
            [112.0676795, -7.1483744],
            [112.0677639, -7.1483571],
            [112.0678808, -7.1481665],
            [112.0678657, -7.1480507],
            [112.0679447, -7.1479479],
            [112.0682305, -7.1480529],
            [112.0683052, -7.1480258],
            [112.0684654, -7.147831],
            [112.0687901, -7.1475863],
            [112.0688832, -7.1472756],
            [112.0690997, -7.147228],
            [112.0692903, -7.1477335],
            [112.0695057, -7.1476426],
            [112.0694949, -7.1475701],
            [112.0696215, -7.1474012],
            [112.069799, -7.1473763],
            [112.0699105, -7.1472746],
            [112.06993, -7.1471641],
            [112.0701379, -7.1470007],
            [112.0705741, -7.146769],
            [112.0710742, -7.1464183],
            [112.0712951, -7.1463122],
            [112.0714737, -7.146297],
            [112.0715397, -7.1461293],
            [112.0718147, -7.145955],
            [112.0718753, -7.1458078],
            [112.0723559, -7.1455306],
            [112.0724945, -7.1455176],
            [112.072646, -7.1456172],
            [112.0728063, -7.1456302],
            [112.0729318, -7.1454484],
            [112.0731353, -7.1454051],
            [112.0732598, -7.1456465],
            [112.0734211, -7.1455577],
            [112.0737145, -7.1453206],
            [112.0734352, -7.1449558],
            [112.0737686, -7.1445899],
            [112.0739624, -7.144565],
            [112.0740111, -7.1447252],
            [112.07422, -7.1450056],
            [112.0748208, -7.1445661],
            [112.0746444, -7.1443031],
            [112.0748739, -7.1441353],
            [112.0748825, -7.1440811],
            [112.0751185, -7.1439967],
            [112.0753491, -7.1440389],
            [112.0753285, -7.1442792],
            [112.0788545, -7.1419307],
            [112.0790137, -7.1414959],
            [112.0789341, -7.1413183],
            [112.0787259, -7.1412081],
            [112.078383, -7.141153],
            [112.0780645, -7.1408468],
            [112.0778073, -7.1407488],
            [112.0776604, -7.140859],
            [112.0775073, -7.1411285],
            [112.0770541, -7.1411652],
            [112.0760009, -7.140559],
            [112.0753885, -7.1405345],
            [112.0752538, -7.140608],
            [112.0748496, -7.1405528],
            [112.0747517, -7.1404916],
            [112.0746537, -7.1402712],
            [112.0744945, -7.1402344],
            [112.0742312, -7.140216],
            [112.0738086, -7.1405712],
            [112.07368, -7.1405957],
            [112.0735698, -7.1406018],
            [112.0731289, -7.1404732],
            [112.0722961, -7.1399099],
            [112.0721001, -7.1398486],
            [112.0719593, -7.13942],
            [112.0718613, -7.1393098],
            [112.0715, -7.1392791],
            [112.0712796, -7.1391689],
            [112.071053, -7.1389852],
            [112.0706611, -7.1389975],
            [112.0705203, -7.1389423],
            [112.067636, -7.1375339],
            [112.0674401, -7.1373686],
            [112.0667298, -7.1371236],
            [112.0666294, -7.1370296],
            [112.0664732, -7.1370158],
            [112.0661471, -7.1378808],
            [112.0659741, -7.1385774],
            [112.0657935, -7.1389892],
            [112.0657476, -7.1394178],
            [112.0656771, -7.1395694],
            [112.0655562, -7.139698],
            [112.0656021, -7.1398388],
            [112.0654138, -7.1401389],
            [112.0653005, -7.1404129],
            [112.0653235, -7.1404803],
            [112.0654751, -7.1405231],
            [112.0654108, -7.1407742],
            [112.0656419, -7.1409824],
            [112.0654016, -7.1417172],
            [112.0653419, -7.1420556],
            [112.0651291, -7.1421535],
            [112.0649193, -7.1420647],
            [112.0647861, -7.1422515],
            [112.0650418, -7.1423403],
            [112.0650449, -7.1425026],
            [112.06478, -7.1432405],
            [112.0647479, -7.1432772],
            [112.0645978, -7.1432696],
            [112.064532, -7.1436308],
            [112.0643299, -7.1442218],
            [112.0644647, -7.1443274],
            [112.0644601, -7.1443963],
            [112.0646331, -7.1443856],
            [112.0647356, -7.1444376],
            [112.0641348, -7.146416]
          ]
        ]
      },
      "properties": { "Type": "Pertanian" }
    },
    {
      "type": "Feature",
      "geometry": {
        "type": "Polygon",
        "coordinates": [
          [
            [112.0667007, -7.1621816],
            [112.0624269, -7.1609216],
            [112.0623533, -7.1620214],
            [112.0624053, -7.1622379],
            [112.0623836, -7.1624241],
            [112.0625482, -7.1632642],
            [112.0623165, -7.1649334],
            [112.0624767, -7.1649594],
            [112.06252, -7.1647429],
            [112.0626738, -7.1647818],
            [112.06252, -7.1659055],
            [112.0626543, -7.1659964],
            [112.063451, -7.1661545],
            [112.0636545, -7.1663147],
            [112.0642629, -7.1664251],
            [112.0644686, -7.1665398],
            [112.0670731, -7.1665095],
            [112.0672723, -7.1660397],
            [112.0687596, -7.1665961],
            [112.0691342, -7.1667931],
            [112.0694373, -7.1669707],
            [112.0693977, -7.1672119],
            [112.0702443, -7.167603],
            [112.0703009, -7.1673734],
            [112.0703989, -7.1673183],
            [112.0712485, -7.1676291],
            [112.0715325, -7.167639],
            [112.0716634, -7.1676023],
            [112.0718287, -7.1677125],
            [112.0722735, -7.1677822],
            [112.0723554, -7.167737],
            [112.0724327, -7.1677569],
            [112.0724786, -7.1676574],
            [112.0726011, -7.167639],
            [112.073184, -7.1679457],
            [112.0735391, -7.1679803],
            [112.0735781, -7.1678028],
            [112.0743193, -7.1680274],
            [112.0743959, -7.1678797],
            [112.0744755, -7.1678652],
            [112.0749692, -7.1679226],
            [112.0749776, -7.1677955],
            [112.0746998, -7.1677182],
            [112.0746217, -7.1675421],
            [112.0747771, -7.1670653],
            [112.0750404, -7.1671257],
            [112.0750863, -7.1668303],
            [112.0747518, -7.1667453],
            [112.074797, -7.1665601],
            [112.0748904, -7.1665899],
            [112.0749608, -7.1662646],
            [112.0748261, -7.1661503],
            [112.0731482, -7.1656757],
            [112.0728818, -7.1652807],
            [112.0721868, -7.1650603],
            [112.0717857, -7.1648643],
            [112.0718561, -7.1645711],
            [112.0715163, -7.1644089],
            [112.0714994, -7.1645558],
            [112.0715484, -7.1645574],
            [112.0715476, -7.1647181],
            [112.0715943, -7.1647717],
            [112.0715101, -7.1647617],
            [112.0714749, -7.1645336],
            [112.0707952, -7.1644456],
            [112.0705809, -7.1643231],
            [112.0704798, -7.16433],
            [112.0703306, -7.1642167],
            [112.0700045, -7.1641517],
            [112.0679822, -7.1635133],
            [112.0675941, -7.1634299],
            [112.0676232, -7.1632951],
            [112.0681973, -7.1634819],
            [112.0689887, -7.1636289],
            [112.0691342, -7.1631466],
            [112.0686535, -7.1630027],
            [112.0687009, -7.1627456],
            [112.0684851, -7.1626843],
            [112.0684039, -7.16294],
            [112.0677487, -7.1627456],
            [112.067738, -7.1626598],
            [112.0676063, -7.16262],
            [112.0675436, -7.1627287],
            [112.0674226, -7.1626874],
            [112.0672772, -7.1625618],
            [112.0667215, -7.1623934],
            [112.0667007, -7.1621816]
          ]
        ]
      },
      "properties": { "Type": "Pertanian" }
    },
    {
      "type": "Feature",
      "geometry": {
        "type": "Polygon",
        "coordinates": [
          [
            [112.0699255, -7.1631029],
            [112.070142, -7.1632663],
            [112.0702437, -7.1630661],
            [112.0703942, -7.1631202],
            [112.070457, -7.1629795],
            [112.0700738, -7.1628052],
            [112.0699255, -7.1631029]
          ]
        ]
      },
      "properties": { "Type": "Pertanian" }
    },
    {
      "type": "Feature",
      "geometry": {
        "type": "Polygon",
        "coordinates": [
          [
            [112.1222769, -7.1336827],
            [112.1224063, -7.1337822],
            [112.1225714, -7.1340777],
            [112.1225973, -7.1341612],
            [112.122607, -7.1343924],
            [112.1226491, -7.1344888],
            [112.1227267, -7.1345241],
            [112.1226944, -7.1346654],
            [112.1226588, -7.1349287],
            [112.122675, -7.1349962],
            [112.1228044, -7.1350476],
            [112.1228238, -7.1350026],
            [112.1229339, -7.1350797],
            [112.122976, -7.1350604],
            [112.1230569, -7.1350861],
            [112.1231216, -7.1351311],
            [112.1231313, -7.1352242],
            [112.1230795, -7.1352884],
            [112.1231216, -7.1353334],
            [112.1232122, -7.1353366],
            [112.1232284, -7.1354169],
            [112.1231443, -7.1354522],
            [112.1230828, -7.1354522],
            [112.1230536, -7.1354763],
            [112.1231119, -7.1355084],
            [112.1231572, -7.1355839],
            [112.1233061, -7.1357011],
            [112.1234598, -7.135791],
            [112.1235488, -7.1358649],
            [112.1236346, -7.135966],
            [112.1237107, -7.1360447],
            [112.1237899, -7.1361314],
            [112.1238838, -7.1361892],
            [112.1240181, -7.1362567],
            [112.1241638, -7.1363129],
            [112.1242803, -7.1363177],
            [112.1244065, -7.1363402],
            [112.1245182, -7.1363337],
            [112.1246735, -7.1363],
            [112.1248014, -7.1362454],
            [112.1249324, -7.1361716],
            [112.1249923, -7.136125],
            [112.1249956, -7.1360624],
            [112.1250263, -7.1360415],
            [112.1250376, -7.1359885],
            [112.1250344, -7.1359484],
            [112.1250668, -7.1358874],
            [112.1251266, -7.1358633],
            [112.1251833, -7.1358536],
            [112.1252011, -7.1358841],
            [112.1252367, -7.1359034],
            [112.1252707, -7.135889],
            [112.1253516, -7.1358633],
            [112.1253985, -7.1358906],
            [112.1254195, -7.1358279],
            [112.1254228, -7.1357846],
            [112.1254535, -7.1357878],
            [112.1255296, -7.1358231],
            [112.125638, -7.1358633],
            [112.1257254, -7.135889],
            [112.1258257, -7.1359114],
            [112.1259066, -7.1359532],
            [112.1259795, -7.1360046],
            [112.1260086, -7.1360399],
            [112.125952, -7.1361041],
            [112.1259002, -7.1361539],
            [112.1258549, -7.1362727],
            [112.1258225, -7.1363851],
            [112.125782, -7.1364991],
            [112.12574, -7.1365569],
            [112.1257189, -7.136618],
            [112.1256866, -7.1367175],
            [112.1256882, -7.1367882],
            [112.1257027, -7.1368813],
            [112.1257416, -7.1369744],
            [112.1257853, -7.1370804],
            [112.1258079, -7.1372137],
            [112.125782, -7.1373068],
            [112.1257513, -7.1374353],
            [112.1257141, -7.1375252],
            [112.1256768, -7.1376328],
            [112.1256396, -7.1377307],
            [112.1256137, -7.1378078],
            [112.1256299, -7.1378608],
            [112.1256752, -7.1378929],
            [112.1257513, -7.1378865],
            [112.1258193, -7.1378528],
            [112.1259018, -7.1378158],
            [112.12596, -7.1377227],
            [112.125973, -7.137628],
            [112.125994, -7.1375252],
            [112.1260393, -7.1374289],
            [112.1260895, -7.1373646],
            [112.1261542, -7.1373148],
            [112.1262028, -7.1372619],
            [112.126295, -7.1371976],
            [112.1263889, -7.1371286],
            [112.1264455, -7.1370788],
            [112.1264216, -7.1336362],
            [112.1221969, -7.1336317],
            [112.1222769, -7.1336827]
          ]
        ]
      },
      "properties": { "Type": "Pertanian" }
    },
    {
      "type": "Feature",
      "geometry": {
        "type": "Polygon",
        "coordinates": [
          [
            [112.1187213, -7.133642],
            [112.1188174, -7.1336329],
            [112.1189341, -7.133651],
            [112.1190165, -7.1336737],
            [112.1190394, -7.1336442],
            [112.1192111, -7.1337033],
            [112.1194399, -7.1338486],
            [112.1195429, -7.1339122],
            [112.1197077, -7.1340007],
            [112.1195498, -7.1343164],
            [112.1192706, -7.1348478],
            [112.1190852, -7.1347797],
            [112.1190097, -7.1346775],
            [112.118854, -7.1344776],
            [112.1187442, -7.1343664],
            [112.1187099, -7.1342733],
            [112.1187122, -7.1340848],
            [112.1187213, -7.133642]
          ]
        ]
      },
      "properties": { "Type": "Pertanian" }
    },
    {
      "type": "Feature",
      "geometry": {
        "type": "Polygon",
        "coordinates": [
          [
            [112.1199091, -7.1336238],
            [112.1198999, -7.133701],
            [112.1199846, -7.1337714],
            [112.1201196, -7.1338668],
            [112.1202409, -7.1340098],
            [112.120321, -7.1342006],
            [112.1203828, -7.1341256],
            [112.1204721, -7.1341597],
            [112.1204858, -7.134246],
            [112.1204217, -7.1343187],
            [112.120424, -7.1344254],
            [112.1204789, -7.134489],
            [112.1205522, -7.1345526],
            [112.1206964, -7.1345821],
            [112.1208085, -7.1345208],
            [112.1208749, -7.1344481],
            [112.1209756, -7.1342846],
            [112.1210648, -7.1341438],
            [112.1211083, -7.134028],
            [112.1211724, -7.1339394],
            [112.1211884, -7.1339167],
            [112.1211014, -7.1338804],
            [112.1210465, -7.1338554],
            [112.1210923, -7.1337282],
            [112.1211129, -7.1336851],
            [112.1210717, -7.1336851],
            [112.1210877, -7.1336238],
            [112.1199091, -7.1336238]
          ]
        ]
      },
      "properties": { "Type": "Pertanian" }
    },
    {
      "type": "Feature",
      "geometry": {
        "type": "Polygon",
        "coordinates": [
          [
            [112.1218864, -7.1339667],
            [112.1219528, -7.1342664],
            [112.1220237, -7.1342733],
            [112.1220535, -7.1343936],
            [112.1221816, -7.13438],
            [112.1222549, -7.1346956],
            [112.1222617, -7.1347252],
            [112.1221222, -7.1347285],
            [112.1220898, -7.1347671],
            [112.122174, -7.1348184],
            [112.1222419, -7.1349148],
            [112.1222678, -7.1350079],
            [112.122216, -7.1350882],
            [112.1221092, -7.1351139],
            [112.1220542, -7.1351524],
            [112.1219474, -7.1351589],
            [112.1218082, -7.1351428],
            [112.1217467, -7.135085],
            [112.1217144, -7.135024],
            [112.12175, -7.134971],
            [112.1217742, -7.1349228],
            [112.1218325, -7.1348843],
            [112.1219053, -7.1348345],
            [112.1219442, -7.1347863],
            [112.1219118, -7.134706],
            [112.1218535, -7.1346836],
            [112.1217726, -7.1346884],
            [112.1216917, -7.1347173],
            [112.1216011, -7.1347639],
            [112.1215445, -7.1347349],
            [112.1215283, -7.1346659],
            [112.1214668, -7.1346434],
            [112.1214991, -7.1345985],
            [112.121525, -7.1345471],
            [112.1214878, -7.1345021],
            [112.1214296, -7.1345069],
            [112.121237, -7.1345808],
            [112.1211269, -7.1346338],
            [112.12108, -7.1346515],
            [112.1211577, -7.1345599],
            [112.1211949, -7.1344604],
            [112.1212418, -7.1343897],
            [112.1213729, -7.1341906],
            [112.1214053, -7.1341472],
            [112.1214732, -7.1340943],
            [112.1215347, -7.1340621],
            [112.1215914, -7.1340541],
            [112.1216237, -7.1340156],
            [112.1216788, -7.1339835],
            [112.1217581, -7.1339738],
            [112.1218864, -7.1339667]
          ]
        ]
      },
      "properties": { "Type": "Pertanian" }
    },
    {
      "type": "Feature",
      "geometry": {
        "type": "Polygon",
        "coordinates": [
          [
            [112.1207725, -7.1399686],
            [112.1209732, -7.1399493],
            [112.1210865, -7.1399461],
            [112.1214134, -7.1401067],
            [112.1218137, -7.1402987],
            [112.1219626, -7.1403774],
            [112.1222296, -7.1405074],
            [112.1223704, -7.1405829],
            [112.1225031, -7.1406471],
            [112.122762, -7.1407916],
            [112.1229368, -7.1408848],
            [112.1231812, -7.1410068],
            [112.1233754, -7.141108],
            [112.1235582, -7.1412011],
            [112.1237411, -7.1412958],
            [112.1239159, -7.1413745],
            [112.1240858, -7.1414596],
            [112.1241764, -7.1415094],
            [112.1244628, -7.1416828],
            [112.124691, -7.1418097],
            [112.124937, -7.1419477],
            [112.1251506, -7.1420714],
            [112.1253043, -7.1421725],
            [112.1255859, -7.1423315],
            [112.1258772, -7.142484],
            [112.1260455, -7.142582],
            [112.1261475, -7.142627],
            [112.1260957, -7.142802],
            [112.1261976, -7.1428405],
            [112.1263174, -7.1428582],
            [112.1264161, -7.142871],
            [112.1264339, -7.1428758],
            [112.1264501, -7.1434475],
            [112.1264501, -7.1437654],
            [112.1264517, -7.1442278],
            [112.1264517, -7.1444864],
            [112.1261345, -7.1444864],
            [112.1254484, -7.144488],
            [112.1247638, -7.144488],
            [112.1235874, -7.1444896],
            [112.1226827, -7.144488],
            [112.1219464, -7.1444896],
            [112.1214294, -7.1444891],
            [112.1207249, -7.1444865],
            [112.1196309, -7.1444865],
            [112.1191762, -7.1444881],
            [112.1189755, -7.1444898],
            [112.1189626, -7.1444721],
            [112.118927, -7.144456],
            [112.1188606, -7.144448],
            [112.1188266, -7.1444287],
            [112.1188169, -7.1443982],
            [112.1188315, -7.144289],
            [112.1188396, -7.1440899],
            [112.1188428, -7.1439647],
            [112.1188412, -7.1437816],
            [112.1188446, -7.1435023],
            [112.1188481, -7.1433752],
            [112.1188504, -7.1432684],
            [112.1188446, -7.1432264],
            [112.1188423, -7.143139],
            [112.1189339, -7.1431572],
            [112.1189934, -7.1431719],
            [112.1190025, -7.1431458],
            [112.1190746, -7.143164],
            [112.1191433, -7.1432003],
            [112.1192097, -7.1432117],
            [112.119268, -7.1432503],
            [112.1192966, -7.1432696],
            [112.1193161, -7.1432366],
            [112.1193607, -7.1432276],
            [112.1194271, -7.1432378],
            [112.1194912, -7.1432423],
            [112.1196124, -7.1432332],
            [112.1196868, -7.1432457],
            [112.1197612, -7.143248],
            [112.1198116, -7.1432469],
            [112.1198768, -7.1432662],
            [112.1199397, -7.1432707],
            [112.1199832, -7.1432639],
            [112.1199821, -7.1432945],
            [112.1199706, -7.1433388],
            [112.1199683, -7.1433854],
            [112.1199809, -7.1434149],
            [112.1200187, -7.1434421],
            [112.120029, -7.1434978],
            [112.12002, -7.1436232],
            [112.1200167, -7.1436891],
            [112.1199747, -7.1437646],
            [112.1199116, -7.1438464],
            [112.1198776, -7.1439219],
            [112.1198484, -7.1440022],
            [112.1198468, -7.1440648],
            [112.1197837, -7.1440728],
            [112.1197044, -7.1440745],
            [112.119664, -7.1440825],
            [112.1196494, -7.1441531],
            [112.1196332, -7.1442254],
            [112.119664, -7.1442816],
            [112.1196931, -7.1442928],
            [112.1197805, -7.1443153],
            [112.1197902, -7.1442334],
            [112.1198031, -7.1441451],
            [112.1198468, -7.1441226],
            [112.1199002, -7.1440985],
            [112.1198986, -7.1440504],
            [112.1198905, -7.1439621],
            [112.1199374, -7.143885],
            [112.1199941, -7.1438095],
            [112.1200572, -7.143734],
            [112.1201041, -7.1436602],
            [112.1201171, -7.1435654],
            [112.1201413, -7.1434884],
            [112.1201867, -7.1434418],
            [112.1202061, -7.1434081],
            [112.1201721, -7.143376],
            [112.1201462, -7.1433166],
            [112.1201397, -7.1432716],
            [112.120143, -7.1431865],
            [112.120075, -7.1431704],
            [112.1200232, -7.1431496],
            [112.1199569, -7.1431319],
            [112.1199326, -7.1430837],
            [112.1199116, -7.1430452],
            [112.1199132, -7.142997],
            [112.1199488, -7.1429729],
            [112.1199779, -7.1429601],
            [112.1199941, -7.1429039],
            [112.1200637, -7.1429135],
            [112.120075, -7.142822],
            [112.1200977, -7.1427016],
            [112.1201009, -7.1426727],
            [112.1200491, -7.142647],
            [112.1199876, -7.1426133],
            [112.1199828, -7.1425779],
            [112.1199828, -7.1425378],
            [112.1199455, -7.1424976],
            [112.119897, -7.1424752],
            [112.1198468, -7.1424736],
            [112.1198242, -7.1424222],
            [112.1198549, -7.1423563],
            [112.1198225, -7.1423419],
            [112.1197643, -7.1423274],
            [112.1197141, -7.1423242],
            [112.1196737, -7.1422905],
            [112.119685, -7.142252],
            [112.1197206, -7.1422295],
            [112.1197546, -7.1422183],
            [112.1197724, -7.1421476],
            [112.119774, -7.1421171],
            [112.1197433, -7.1421091],
            [112.1197255, -7.1420946],
            [112.1197384, -7.1420513],
            [112.1197433, -7.1419999],
            [112.1197611, -7.1419774],
            [112.1198031, -7.1419726],
            [112.1198306, -7.1419549],
            [112.1198727, -7.1419212],
            [112.1199099, -7.1418505],
            [112.1199552, -7.1417606],
            [112.1200119, -7.141645],
            [112.1200669, -7.141523],
            [112.1201171, -7.1413993],
            [112.1201964, -7.1412275],
            [112.120266, -7.1411167],
            [112.1203177, -7.1410477],
            [112.1203517, -7.1410059],
            [112.1203922, -7.1410092],
            [112.1204278, -7.1409835],
            [112.1205281, -7.1409995],
            [112.1205783, -7.1410043],
            [112.1206074, -7.1409273],
            [112.1206738, -7.1409257],
            [112.1207531, -7.1409176],
            [112.1208145, -7.1408871],
            [112.1208615, -7.1408534],
            [112.1209375, -7.1408133],
            [112.1209489, -7.1407555],
            [112.1209262, -7.1406928],
            [112.120889, -7.1405692],
            [112.1208437, -7.1404969],
            [112.1207838, -7.1404905],
            [112.1207579, -7.1404183],
            [112.120732, -7.1403621],
            [112.120745, -7.1402753],
            [112.1207725, -7.1399686]
          ]
        ]
      },
      "properties": { "Type": "Pertanian" }
    },
    {
      "type": "Feature",
      "geometry": {
        "type": "Polygon",
        "coordinates": [
          [
            [112.1227264, -7.1358995],
            [112.1228134, -7.1358268],
            [112.1228763, -7.1357496],
            [112.1229038, -7.1357303],
            [112.1229724, -7.1357212],
            [112.123064, -7.1357598],
            [112.1231601, -7.1358109],
            [112.1232756, -7.1359017],
            [112.1234301, -7.1360017],
            [112.1234942, -7.1360471],
            [112.1235285, -7.1360936],
            [112.1235629, -7.136147],
            [112.1235652, -7.1361811],
            [112.1235606, -7.1362287],
            [112.1235354, -7.1362662],
            [112.12354, -7.1363275],
            [112.1235308, -7.1363786],
            [112.1235629, -7.1364059],
            [112.1235789, -7.1364581],
            [112.123572, -7.1364922],
            [112.1236144, -7.1365308],
            [112.123659, -7.1365512],
            [112.1236842, -7.1366034],
            [112.1237482, -7.1366261],
            [112.1238169, -7.1365989],
            [112.1238432, -7.1365523],
            [112.1238707, -7.1364695],
            [112.1238627, -7.1364218],
            [112.123889, -7.1363741],
            [112.1239416, -7.1363957],
            [112.1239863, -7.1364411],
            [112.1240789, -7.1364785],
            [112.1242266, -7.1365115],
            [112.1243581, -7.1365342],
            [112.1244863, -7.1365353],
            [112.1245984, -7.1365399],
            [112.124674, -7.1365501],
            [112.1247186, -7.1364888],
            [112.1247815, -7.1364683],
            [112.1248353, -7.1364354],
            [112.1249017, -7.1363832],
            [112.1249703, -7.1363559],
            [112.1249818, -7.1363832],
            [112.1250436, -7.1363468],
            [112.125126, -7.1362776],
            [112.1252244, -7.1362287],
            [112.1253239, -7.1361901],
            [112.1254086, -7.1361765],
            [112.1254738, -7.1361811],
            [112.1255516, -7.1361992],
            [112.1255631, -7.1362855],
            [112.1255345, -7.1363741],
            [112.1255173, -7.1364785],
            [112.125491, -7.1366261],
            [112.1254406, -7.136759],
            [112.1254361, -7.1368805],
            [112.1254429, -7.1369475],
            [112.125388, -7.1369849],
            [112.1253686, -7.1370372],
            [112.1254143, -7.1370701],
            [112.1254544, -7.1370587],
            [112.1254635, -7.1371223],
            [112.1255024, -7.1372586],
            [112.1254956, -7.1372994],
            [112.1254557, -7.1374508],
            [112.1254249, -7.1375006],
            [112.1254266, -7.1375873],
            [112.1254363, -7.1376451],
            [112.1253829, -7.1377077],
            [112.1253537, -7.1377816],
            [112.1253505, -7.1379245],
            [112.1253748, -7.138024],
            [112.1254508, -7.1381123],
            [112.1255835, -7.1381798],
            [112.1257146, -7.1382007],
            [112.1258505, -7.1381846],
            [112.125925, -7.138122],
            [112.1259816, -7.138077],
            [112.1260836, -7.1379486],
            [112.1261693, -7.1378715],
            [112.1262001, -7.1378233],
            [112.1261904, -7.1377446],
            [112.1262066, -7.1376483],
            [112.1262648, -7.137629],
            [112.1262939, -7.1376483],
            [112.1263635, -7.1376515],
            [112.126438, -7.13769],
            [112.1264493, -7.1408645],
            [112.126447, -7.1425647],
            [112.1264207, -7.1426623],
            [112.1262228, -7.1425578],
            [112.1260122, -7.1424419],
            [112.1258455, -7.1423536],
            [112.1256497, -7.1422477],
            [112.1252451, -7.1419972],
            [112.1250898, -7.1419056],
            [112.1248843, -7.1417932],
            [112.1246787, -7.1416744],
            [112.1244231, -7.1415331],
            [112.1241528, -7.1413966],
            [112.1239052, -7.1412553],
            [112.1237774, -7.1411815],
            [112.1234909, -7.1410418],
            [112.1233097, -7.1409454],
            [112.1231074, -7.1408427],
            [112.1225637, -7.1405713],
            [112.1222352, -7.1403963],
            [112.1221219, -7.1403401],
            [112.1222093, -7.1400703],
            [112.1222967, -7.1398584],
            [112.122329, -7.1397524],
            [112.1223582, -7.1396657],
            [112.1223533, -7.1395934],
            [112.1223565, -7.1395115],
            [112.1223808, -7.1394633],
            [112.1223355, -7.1394377],
            [112.1223242, -7.139375],
            [112.1223598, -7.1393236],
            [112.1223889, -7.1392771],
            [112.1223711, -7.1392418],
            [112.1222918, -7.1392241],
            [112.1222028, -7.1392],
            [112.1221591, -7.1391759],
            [112.1221316, -7.1391149],
            [112.1221607, -7.1390683],
            [112.1221753, -7.1390314],
            [112.1221462, -7.1389993],
            [112.1221041, -7.1390025],
            [112.1220879, -7.1389383],
            [112.1221008, -7.1388484],
            [112.1221316, -7.1387841],
            [112.1221672, -7.1387665],
            [112.1222319, -7.1387681],
            [112.1223096, -7.138516],
            [112.1222886, -7.1384373],
            [112.1223177, -7.1383088],
            [112.1223209, -7.1382334],
            [112.122329, -7.1381097],
            [112.1224035, -7.1381097],
            [112.1225119, -7.1381226],
            [112.1226316, -7.1381386],
            [112.1228388, -7.1381322],
            [112.1229504, -7.1381274],
            [112.1230767, -7.1380824],
            [112.1232126, -7.1380182],
            [112.1233016, -7.1379524],
            [112.1234084, -7.1378351],
            [112.1234667, -7.1377789],
            [112.1234974, -7.1377436],
            [112.1234958, -7.1377003],
            [112.1234634, -7.1376698],
            [112.1234052, -7.1376601],
            [112.1233372, -7.1376505],
            [112.1233259, -7.13762],
            [112.123355, -7.1375863],
            [112.1233841, -7.1375397],
            [112.1233728, -7.1374706],
            [112.1233404, -7.1373904],
            [112.1232984, -7.1372972],
            [112.1232725, -7.1372426],
            [112.1232595, -7.1371656],
            [112.1232531, -7.1371045],
            [112.1232126, -7.1370772],
            [112.1232045, -7.1370339],
            [112.1231511, -7.1370066],
            [112.1230734, -7.1369809],
            [112.1230314, -7.1369472],
            [112.1229812, -7.1368974],
            [112.1229407, -7.136891],
            [112.1228695, -7.1368813],
            [112.1228566, -7.1368316],
            [112.1228291, -7.1367914],
            [112.1227692, -7.1367577],
            [112.1227142, -7.13674],
            [112.1226672, -7.1367192],
            [112.1226446, -7.1366373],
            [112.1226915, -7.1365313],
            [112.1227255, -7.1364815],
            [112.1227579, -7.1363948],
            [112.1228032, -7.1362744],
            [112.1227983, -7.1361812],
            [112.1227886, -7.1361283],
            [112.1228355, -7.1360945],
            [112.1228711, -7.1360544],
            [112.1228744, -7.1360078],
            [112.1228226, -7.1359837],
            [112.1227401, -7.1359452],
            [112.1226899, -7.1359275],
            [112.1227264, -7.1358995]
          ]
        ]
      },
      "properties": { "Type": "Pertanian" }
    },
    {
      "type": "Feature",
      "geometry": {
        "type": "Polygon",
        "coordinates": [
          [
            [112.1204699, -7.13866],
            [112.1206187, -7.1385305],
            [112.1207194, -7.1384806],
            [112.1208018, -7.1384624],
            [112.1208727, -7.1385124],
            [112.1209757, -7.1386168],
            [112.1210695, -7.1387099],
            [112.1212091, -7.1387531],
            [112.1213808, -7.1387803],
            [112.1215227, -7.1387712],
            [112.1216302, -7.1387622],
            [112.1216783, -7.1387826],
            [112.1216989, -7.1388643],
            [112.1217195, -7.1389052],
            [112.1217881, -7.138903],
            [112.121914, -7.138903],
            [112.1219735, -7.1389143],
            [112.1220033, -7.1390778],
            [112.1220262, -7.1391777],
            [112.1220422, -7.1392368],
            [112.1221085, -7.1392527],
            [112.1221177, -7.1393526],
            [112.1221429, -7.139457],
            [112.122207, -7.1395365],
            [112.1222687, -7.1395683],
            [112.122271, -7.1396523],
            [112.1222481, -7.1397568],
            [112.1221955, -7.1398703],
            [112.1221314, -7.1400565],
            [112.1220765, -7.1402132],
            [112.122049, -7.1402745],
            [112.1219003, -7.1402223],
            [112.12166, -7.1401088],
            [112.1214929, -7.1400361],
            [112.1212549, -7.1398976],
            [112.1210901, -7.1398158],
            [112.120946, -7.1397568],
            [112.1209185, -7.1397114],
            [112.1208384, -7.139675],
            [112.1207926, -7.1396455],
            [112.120772, -7.1395592],
            [112.1208155, -7.1394729],
            [112.1207835, -7.1394162],
            [112.1207217, -7.1393776],
            [112.1206301, -7.1393912],
            [112.1205752, -7.1393957],
            [112.1205569, -7.139339],
            [112.1205821, -7.1392822],
            [112.1205844, -7.1392163],
            [112.1206164, -7.1391755],
            [112.1205249, -7.1391141],
            [112.1204905, -7.1390892],
            [112.1203875, -7.1390165],
            [112.1203206, -7.1389153],
            [112.1203513, -7.1388254],
            [112.1203934, -7.1387724],
            [112.1204699, -7.13866]
          ]
        ]
      },
      "properties": { "Type": "Pertanian" }
    },
    {
      "type": "Feature",
      "geometry": {
        "type": "Polygon",
        "coordinates": [
          [
            [112.1195, -7.1391244],
            [112.1193947, -7.1393901],
            [112.1193398, -7.139465],
            [112.1192963, -7.13954],
            [112.11931, -7.1396717],
            [112.1193077, -7.1397489],
            [112.1191933, -7.1399078],
            [112.1191201, -7.1399601],
            [112.1190148, -7.1399896],
            [112.1189759, -7.1400123],
            [112.1189233, -7.140119],
            [112.1188866, -7.1402099],
            [112.1188752, -7.1403098],
            [112.1189301, -7.1403643],
            [112.1190034, -7.1403779],
            [112.1190594, -7.1403813],
            [112.1190892, -7.1403995],
            [112.1190915, -7.1404347],
            [112.119056, -7.1404551],
            [112.1189896, -7.1404744],
            [112.1189679, -7.140496],
            [112.1189564, -7.1405312],
            [112.1189187, -7.1405278],
            [112.118896, -7.1405305],
            [112.1188426, -7.1404888],
            [112.1188281, -7.1404695],
            [112.1187585, -7.1405064],
            [112.1186792, -7.1405482],
            [112.1186695, -7.1406317],
            [112.1186792, -7.1407152],
            [112.1187439, -7.1407553],
            [112.1188281, -7.1407698],
            [112.1189203, -7.1407762],
            [112.1190206, -7.1407778],
            [112.1191112, -7.1407698],
            [112.1191792, -7.1407393],
            [112.1192326, -7.1407104],
            [112.1192585, -7.1406574],
            [112.1193103, -7.1406782],
            [112.119354, -7.1406622],
            [112.1194252, -7.1406542],
            [112.1194834, -7.1406895],
            [112.1194964, -7.1407393],
            [112.1195385, -7.1407553],
            [112.1195822, -7.1407521],
            [112.1196032, -7.1407922],
            [112.1196, -7.140826],
            [112.1195919, -7.1409159],
            [112.1195644, -7.1409785],
            [112.1195271, -7.1410235],
            [112.1194802, -7.1410443],
            [112.1194171, -7.1410492],
            [112.1193556, -7.1410524],
            [112.1193346, -7.1410572],
            [112.11932, -7.1410893],
            [112.1193216, -7.1411214],
            [112.1192439, -7.1411937],
            [112.1192003, -7.1412338],
            [112.1191857, -7.1412932],
            [112.1191825, -7.1413558],
            [112.1192294, -7.1413896],
            [112.1193491, -7.1414169],
            [112.1194754, -7.1414297],
            [112.1195886, -7.141368],
            [112.1196129, -7.1413118],
            [112.1196906, -7.141291],
            [112.1198055, -7.1413118],
            [112.1198379, -7.1412974],
            [112.1199155, -7.1411609],
            [112.1199932, -7.1410228],
            [112.1200418, -7.1409698],
            [112.1200676, -7.1409489],
            [112.120066, -7.1408687],
            [112.1201178, -7.1408141],
            [112.120202, -7.1407707],
            [112.1202715, -7.1407611],
            [112.12038, -7.140745],
            [112.1204576, -7.1407193],
            [112.1204916, -7.1406824],
            [112.1204641, -7.1405973],
            [112.1204496, -7.1405009],
            [112.120422, -7.1403885],
            [112.1203994, -7.1402794],
            [112.1203427, -7.1401075],
            [112.1203249, -7.140008],
            [112.1202926, -7.1399903],
            [112.120223, -7.1399759],
            [112.1201388, -7.1398699],
            [112.1200418, -7.1397463],
            [112.1198767, -7.1395231],
            [112.1197456, -7.1393256],
            [112.1196679, -7.1392292],
            [112.1196, -7.1391666],
            [112.1195, -7.1391244]
          ]
        ]
      },
      "properties": { "Type": "Pertanian" }
    },
    {
      "type": "Feature",
      "geometry": {
        "type": "Polygon",
        "coordinates": [
          [
            [112.1159311, -7.1365432],
            [112.1159133, -7.1365818],
            [112.1158793, -7.1366026],
            [112.1158194, -7.1365994],
            [112.1156916, -7.136585],
            [112.115588, -7.1365689],
            [112.1154958, -7.1365545],
            [112.1154942, -7.1363072],
            [112.1154942, -7.1358913],
            [112.1154901, -7.1355998],
            [112.1154853, -7.135306],
            [112.1154877, -7.1348861],
            [112.115499, -7.1343506],
            [112.1154958, -7.1338416],
            [112.1154925, -7.1336135],
            [112.11608, -7.1336135],
            [112.1170817, -7.1336119],
            [112.1178164, -7.1336087],
            [112.118119, -7.1336103],
            [112.1184847, -7.1336103],
            [112.1186546, -7.1336119],
            [112.1186465, -7.1336425],
            [112.1185915, -7.1336585],
            [112.1185446, -7.1336585],
            [112.1184896, -7.1336617],
            [112.1184653, -7.133673],
            [112.1184637, -7.1337163],
            [112.1184718, -7.1337452],
            [112.1184103, -7.1337725],
            [112.1183617, -7.1337886],
            [112.1182905, -7.1338046],
            [112.1182598, -7.1337966],
            [112.1182339, -7.1337725],
            [112.1181837, -7.1337645],
            [112.1181578, -7.1337838],
            [112.1181627, -7.1338319],
            [112.1181594, -7.1338624],
            [112.1181044, -7.1338689],
            [112.1180526, -7.1338865],
            [112.1179701, -7.1339026],
            [112.1179086, -7.1339202],
            [112.117886, -7.1339235],
            [112.1178261, -7.1339459],
            [112.1177581, -7.1339652],
            [112.1176853, -7.1339508],
            [112.1176384, -7.1339331],
            [112.1175882, -7.1339427],
            [112.1174053, -7.1339154],
            [112.1173649, -7.1339459],
            [112.1173115, -7.1339797],
            [112.1172807, -7.1340102],
            [112.1172192, -7.1340053],
            [112.1171691, -7.1339925],
            [112.1171318, -7.1339813],
            [112.1170137, -7.1339829],
            [112.1169376, -7.1339973],
            [112.1168648, -7.1340359],
            [112.1167969, -7.134084],
            [112.1167014, -7.1341226],
            [112.116593, -7.1341611],
            [112.1165476, -7.1341675],
            [112.1165218, -7.1342109],
            [112.1164781, -7.1342334],
            [112.1164473, -7.1342831],
            [112.1164149, -7.1343522],
            [112.1163971, -7.134463],
            [112.1164198, -7.1345112],
            [112.1164069, -7.1345433],
            [112.1163389, -7.134585],
            [112.1163114, -7.1346203],
            [112.1163179, -7.1346653],
            [112.1163437, -7.1347327],
            [112.1163243, -7.1348211],
            [112.1162887, -7.1348917],
            [112.1162175, -7.1349415],
            [112.1161949, -7.1349592],
            [112.1161949, -7.1350186],
            [112.1161916, -7.1350748],
            [112.1161544, -7.1351904],
            [112.1161107, -7.1352562],
            [112.1160589, -7.1352948],
            [112.1160169, -7.1353012],
            [112.1159732, -7.1353076],
            [112.1159133, -7.1353413],
            [112.115889, -7.1353911],
            [112.1158518, -7.1354328],
            [112.1158405, -7.1354714],
            [112.1158291, -7.1355115],
            [112.1158113, -7.1355902],
            [112.1158016, -7.135648],
            [112.1157741, -7.135693],
            [112.1157061, -7.1357187],
            [112.1156349, -7.1357074],
            [112.1156091, -7.1357171],
            [112.115601, -7.1357909],
            [112.1155896, -7.1358471],
            [112.1155734, -7.1358953],
            [112.1155815, -7.1359403],
            [112.1155815, -7.1359965],
            [112.1155929, -7.1360575],
            [112.1156333, -7.1360896],
            [112.1157142, -7.1361153],
            [112.1157854, -7.1361281],
            [112.115855, -7.1361458],
            [112.1159295, -7.1361458],
            [112.1160055, -7.1361538],
            [112.1160201, -7.1362164],
            [112.1160071, -7.1362999],
            [112.1159311, -7.1365432]
          ]
        ]
      },
      "properties": { "Type": "Pertanian" }
    },
    {
      "type": "Feature",
      "geometry": {
        "type": "Polygon",
        "coordinates": [
          [
            [112.1154949, -7.1442511],
            [112.1155321, -7.1442206],
            [112.1155758, -7.1441692],
            [112.1156017, -7.1441162],
            [112.1156275, -7.1440857],
            [112.1156615, -7.1440825],
            [112.1156874, -7.1441033],
            [112.1157052, -7.1441788],
            [112.1157036, -7.1442286],
            [112.1157683, -7.1442414],
            [112.1158476, -7.1442495],
            [112.1159156, -7.1442543],
            [112.1159836, -7.1442527],
            [112.1159722, -7.1444839],
            [112.1154868, -7.1444903],
            [112.1154949, -7.1442511]
          ]
        ]
      },
      "properties": { "Type": "Pertanian" }
    },
    {
      "type": "Feature",
      "geometry": {
        "type": "Polygon",
        "coordinates": [
          [
            [112.1154921, -7.1438929],
            [112.1155666, -7.1438303],
            [112.115607, -7.1437998],
            [112.1156847, -7.1437419],
            [112.1157769, -7.1436874],
            [112.1158384, -7.1436488],
            [112.1158805, -7.1436328],
            [112.1159274, -7.143636],
            [112.1159792, -7.1436665],
            [112.1160715, -7.143697],
            [112.1161475, -7.1437403],
            [112.1161734, -7.1437644],
            [112.1162187, -7.1438046],
            [112.1162495, -7.1438865],
            [112.1163158, -7.1438736],
            [112.1164129, -7.1438592],
            [112.1164307, -7.1439732],
            [112.1164469, -7.1441466],
            [112.116455, -7.1443264],
            [112.1164582, -7.1443553],
            [112.1165035, -7.1443714],
            [112.1165262, -7.1444131],
            [112.1165553, -7.1444774],
            [112.1166508, -7.1444886],
            [112.1166702, -7.144487],
            [112.1166783, -7.1444485],
            [112.1167204, -7.1444228],
            [112.1167803, -7.1443826],
            [112.1168126, -7.1443553],
            [112.1168353, -7.1442927],
            [112.1168693, -7.144251],
            [112.116921, -7.1442493],
            [112.1169761, -7.1442461],
            [112.1170165, -7.1442365],
            [112.117023, -7.1441642],
            [112.1169923, -7.1441064],
            [112.1169712, -7.144031],
            [112.116955, -7.1439073],
            [112.117002, -7.1438704],
            [112.1170392, -7.1438415],
            [112.1170554, -7.1437741],
            [112.1170715, -7.1436312],
            [112.1170537, -7.143485],
            [112.1170295, -7.1433742],
            [112.1170537, -7.143318],
            [112.1171007, -7.1432907],
            [112.1171444, -7.143257],
            [112.1172447, -7.1432442],
            [112.117345, -7.1432329],
            [112.1174324, -7.1432618],
            [112.1174664, -7.1433084],
            [112.1174486, -7.1433999],
            [112.1174567, -7.1434256],
            [112.1175166, -7.1434144],
            [112.1176266, -7.1433823],
            [112.1177027, -7.1433614],
            [112.1177755, -7.1433502],
            [112.1178499, -7.1433437],
            [112.1179211, -7.1433646],
            [112.1179826, -7.1434208],
            [112.1180781, -7.143469],
            [112.1181412, -7.1434882],
            [112.1182076, -7.1434561],
            [112.1182739, -7.1434224],
            [112.1182788, -7.1432988],
            [112.1182836, -7.1431783],
            [112.1182788, -7.1430724],
            [112.1182642, -7.142854],
            [112.1183548, -7.1428636],
            [112.1184681, -7.1428749],
            [112.1185199, -7.14287],
            [112.1185765, -7.1428315],
            [112.1186461, -7.1428058],
            [112.1187319, -7.142793],
            [112.1187367, -7.1427063],
            [112.1187626, -7.1426902],
            [112.1187982, -7.1426693],
            [112.1188193, -7.1425874],
            [112.1188209, -7.1425377],
            [112.1187756, -7.1425232],
            [112.1187513, -7.1424863],
            [112.1187497, -7.1424413],
            [112.1187837, -7.1423675],
            [112.1188403, -7.1423546],
            [112.1189018, -7.1423803],
            [112.1189973, -7.1424172],
            [112.1190507, -7.1424574],
            [112.1190442, -7.1425634],
            [112.1190507, -7.1426147],
            [112.1191009, -7.1426436],
            [112.1191203, -7.1426854],
            [112.119096, -7.1427528],
            [112.1190814, -7.1428155],
            [112.119151, -7.14287],
            [112.119253, -7.1429295],
            [112.1193646, -7.1429808],
            [112.1194294, -7.1429921],
            [112.1195281, -7.1429985],
            [112.1195766, -7.1429503],
            [112.1195944, -7.142846],
            [112.119588, -7.1427095],
            [112.1195621, -7.1426019],
            [112.1195184, -7.1424863],
            [112.1194391, -7.1423948],
            [112.1193517, -7.1422342],
            [112.1192999, -7.1421411],
            [112.1192449, -7.1421362],
            [112.1192611, -7.1420656],
            [112.1192594, -7.1419869],
            [112.119287, -7.1419323],
            [112.119295, -7.1418713],
            [112.1193193, -7.1418247],
            [112.1193436, -7.1417525],
            [112.1194132, -7.14173],
            [112.1194811, -7.1417332],
            [112.119541, -7.1417268],
            [112.1195782, -7.1416658],
            [112.1196511, -7.1416513],
            [112.1196867, -7.1416786],
            [112.1197126, -7.1416288],
            [112.1196899, -7.1415807],
            [112.1196543, -7.1415084],
            [112.1195863, -7.14151],
            [112.1195248, -7.141494],
            [112.1194423, -7.14151],
            [112.1193598, -7.1415357],
            [112.1192907, -7.1415191],
            [112.1192198, -7.1415146],
            [112.1191294, -7.1414646],
            [112.1190916, -7.1414317],
            [112.1190401, -7.1413954],
            [112.1190184, -7.1413329],
            [112.1189348, -7.1413261],
            [112.1188124, -7.1413216],
            [112.1187312, -7.1413034],
            [112.1186396, -7.1412875],
            [112.1184966, -7.141292],
            [112.1183581, -7.1413011],
            [112.11823, -7.1413102],
            [112.1181716, -7.1413159],
            [112.1181338, -7.1412943],
            [112.1181018, -7.1412727],
            [112.11804, -7.1412852],
            [112.117921, -7.1412977],
            [112.1177722, -7.1413329],
            [112.1176315, -7.1413556],
            [112.1174587, -7.141359],
            [112.1173649, -7.1413658],
            [112.1173397, -7.1413465],
            [112.1172848, -7.1413375],
            [112.1171635, -7.1413397],
            [112.117088, -7.141342],
            [112.117017, -7.1413329],
            [112.1169461, -7.141334],
            [112.1168866, -7.1413409],
            [112.1168076, -7.1413431],
            [112.1167184, -7.1413579],
            [112.1166074, -7.1413636],
            [112.1165993, -7.1414124],
            [112.116541, -7.1414113],
            [112.1163545, -7.1414362],
            [112.1163373, -7.1414215],
            [112.116121, -7.1414226],
            [112.1160627, -7.1413988],
            [112.1159849, -7.1413908],
            [112.1159071, -7.1413999],
            [112.1158567, -7.1414124],
            [112.1157949, -7.1414237],
            [112.1157308, -7.1414158],
            [112.1156736, -7.1414294],
            [112.115621, -7.141426],
            [112.1155752, -7.1414169],
            [112.1155546, -7.1413795],
            [112.11555, -7.1413125],
            [112.1155512, -7.1412693],
            [112.1155477, -7.1412205],
            [112.1155397, -7.141208],
            [112.11551, -7.1412171],
            [112.1154905, -7.1412205],
            [112.115486, -7.1412943],
            [112.115486, -7.1416599],
            [112.1154871, -7.1420051],
            [112.1154882, -7.1424036],
            [112.1154894, -7.1427647],
            [112.115486, -7.1431745],
            [112.115486, -7.1433619],
            [112.1154921, -7.1438929]
          ]
        ]
      },
      "properties": { "Type": "Pertanian" }
    },
    {
      "type": "Feature",
      "geometry": {
        "type": "Polygon",
        "coordinates": [
          [
            [112.1155075, -7.1370652],
            [112.1157276, -7.1372065],
            [112.1157341, -7.1372482],
            [112.1156985, -7.1373574],
            [112.1156699, -7.1374267],
            [112.1156378, -7.137522],
            [112.1156184, -7.1375777],
            [112.1156092, -7.1376401],
            [112.1156321, -7.1377173],
            [112.1156699, -7.1377889],
            [112.115679, -7.1378547],
            [112.1156744, -7.1379319],
            [112.1156928, -7.1379932],
            [112.1156928, -7.1380693],
            [112.1156905, -7.138117],
            [112.1156779, -7.1382601],
            [112.1156607, -7.1382839],
            [112.115631, -7.1382918],
            [112.115568, -7.1382896],
            [112.1154891, -7.1383043],
            [112.1154868, -7.1381193],
            [112.1154856, -7.1376628],
            [112.1154879, -7.1370486],
            [112.1155075, -7.1370652]
          ]
        ]
      },
      "properties": { "Type": "Pertanian" }
    },
    {
      "type": "Feature",
      "geometry": {
        "type": "Polygon",
        "coordinates": [
          [
            [112.1195674, -7.1388641],
            [112.1195124, -7.1389974],
            [112.1195641, -7.1390359],
            [112.1196321, -7.1390488],
            [112.1196871, -7.1390841],
            [112.1197389, -7.1391339],
            [112.1198312, -7.1391628],
            [112.11987, -7.1391692],
            [112.1198927, -7.1391243],
            [112.1199428, -7.1391339],
            [112.1199865, -7.1390552],
            [112.1200027, -7.1389637],
            [112.1200205, -7.1388818],
            [112.1200415, -7.1387935],
            [112.1199962, -7.1387903],
            [112.1199541, -7.1387662],
            [112.1199153, -7.1387405],
            [112.1198473, -7.1387084],
            [112.1198182, -7.1387019],
            [112.1197826, -7.1387019],
            [112.1197422, -7.1387373],
            [112.1197292, -7.1387501],
            [112.1197454, -7.1387822],
            [112.1197082, -7.1388015],
            [112.1196175, -7.1388513],
            [112.1195674, -7.1388641]
          ]
        ]
      },
      "properties": { "Type": "Pertanian" }
    },
    {
      "type": "Feature",
      "geometry": {
        "type": "Polygon",
        "coordinates": [
          [
            [112.1173057, -7.1437003],
            [112.1172539, -7.1437116],
            [112.1172458, -7.1436826],
            [112.1172021, -7.1437035],
            [112.117194, -7.1437838],
            [112.1172523, -7.1438705],
            [112.1172798, -7.1438834],
            [112.1173769, -7.1438962],
            [112.117385, -7.1439733],
            [112.1173818, -7.1440359],
            [112.1174788, -7.1440584],
            [112.1175015, -7.1441017],
            [112.1174934, -7.1441949],
            [112.1174821, -7.1442944],
            [112.1174756, -7.1443795],
            [112.1174643, -7.1444454],
            [112.117453, -7.1444871],
            [112.1179417, -7.1444887],
            [112.117932, -7.1444068],
            [112.1179417, -7.1442832],
            [112.1179401, -7.1441611],
            [112.1179368, -7.1441082],
            [112.1178931, -7.1440857],
            [112.1178867, -7.1440311],
            [112.1178947, -7.1439765],
            [112.1179061, -7.1439107],
            [112.1178867, -7.1438448],
            [112.11783, -7.1438223],
            [112.1178154, -7.1437999],
            [112.1178397, -7.1437581],
            [112.1178543, -7.1436987],
            [112.117809, -7.1436778],
            [112.117741, -7.1436554],
            [112.1176811, -7.1436425],
            [112.1176132, -7.1436505],
            [112.1175679, -7.1436794],
            [112.1175581, -7.1437405],
            [112.1175501, -7.1437726],
            [112.1175064, -7.1437645],
            [112.1174497, -7.143734],
            [112.1173963, -7.1437212],
            [112.1173057, -7.1437003]
          ]
        ]
      },
      "properties": { "Type": "Pertanian" }
    },
    {
      "type": "Feature",
      "geometry": {
        "type": "Polygon",
        "coordinates": [
          [
            [112.1210371, -7.1381264],
            [112.1216019, -7.1383111],
            [112.1216553, -7.1382629],
            [112.1216553, -7.1382019],
            [112.1217006, -7.1380766],
            [112.1217524, -7.1380317],
            [112.121809, -7.1380317],
            [112.1218624, -7.1378615],
            [112.1219239, -7.1377426],
            [112.1219563, -7.1376961],
            [112.1219967, -7.1376672],
            [112.1219933, -7.1376178],
            [112.1219749, -7.1375327],
            [112.1219395, -7.1374475],
            [112.1219383, -7.1374112],
            [112.1219372, -7.1373964],
            [112.1217793, -7.1373079],
            [112.1217438, -7.137334],
            [112.1217049, -7.137359],
            [112.1216683, -7.1373794],
            [112.1216159, -7.1374297],
            [112.1216029, -7.1374602],
            [112.1216013, -7.137518],
            [112.1215787, -7.1376802],
            [112.1215123, -7.1376674],
            [112.1213926, -7.1376385],
            [112.1212938, -7.1376079],
            [112.1212226, -7.1375807],
            [112.1211984, -7.1375694],
            [112.1211773, -7.1376031],
            [112.121132, -7.1375967],
            [112.1210964, -7.1376079],
            [112.1210738, -7.1376369],
            [112.1210414, -7.1376529],
            [112.1210414, -7.1377268],
            [112.1210333, -7.1377637],
            [112.1210042, -7.1378552],
            [112.1210074, -7.1378938],
            [112.1210365, -7.1379307],
            [112.1210204, -7.1379821],
            [112.1210204, -7.1380367],
            [112.1210371, -7.1381264]
          ]
        ]
      },
      "properties": { "Type": "Pertanian" }
    },
    {
      "type": "Feature",
      "geometry": {
        "type": "Polygon",
        "coordinates": [
          [
            [112.1215322, -7.1358719],
            [112.1215905, -7.135806],
            [112.1216568, -7.1357546],
            [112.121728, -7.1357193],
            [112.1218089, -7.1356984],
            [112.1218704, -7.1357161],
            [112.1219287, -7.1357402],
            [112.1220112, -7.1357819],
            [112.1220242, -7.1358076],
            [112.1220177, -7.1358638],
            [112.1220096, -7.1358959],
            [112.1220371, -7.1359184],
            [112.1221277, -7.1359377],
            [112.1221844, -7.1359409],
            [112.1222442, -7.1359682],
            [112.1223106, -7.1359778],
            [112.1223559, -7.1359939],
            [112.1223413, -7.1360405],
            [112.1223316, -7.1360999],
            [112.1223122, -7.1361689],
            [112.1223025, -7.136246],
            [112.1222912, -7.1362669],
            [112.1222345, -7.1362669],
            [112.1221666, -7.136254],
            [112.122097, -7.136238],
            [112.1220064, -7.1362364],
            [112.1219805, -7.1362364],
            [112.1219789, -7.1362701],
            [112.1219093, -7.1362669],
            [112.1218834, -7.1362717],
            [112.1218785, -7.1363263],
            [112.121796, -7.1363038],
            [112.1216973, -7.1362733],
            [112.1216261, -7.1362444],
            [112.1215694, -7.1362139],
            [112.1215193, -7.1361994],
            [112.1214885, -7.1361689],
            [112.1214448, -7.1361031],
            [112.1214432, -7.1360533],
            [112.1214707, -7.136034],
            [112.1215193, -7.1360083],
            [112.1215047, -7.1359538],
            [112.1215176, -7.1359313],
            [112.1215322, -7.1358719]
          ]
        ]
      },
      "properties": { "Type": "Pertanian" }
    },
    {
      "type": "Feature",
      "geometry": {
        "type": "Polygon",
        "coordinates": [
          [
            [112.1217479, -7.1371385],
            [112.1217609, -7.1372076],
            [112.12179, -7.1372718],
            [112.121845, -7.13732],
            [112.1219389, -7.1373698],
            [112.1219826, -7.1373971],
            [112.1220133, -7.137487],
            [112.1220214, -7.1375705],
            [112.1220457, -7.1376138],
            [112.12207, -7.1376251],
            [112.122057, -7.1376973],
            [112.1221088, -7.1377391],
            [112.1222318, -7.1377905],
            [112.1223645, -7.1378306],
            [112.1224357, -7.137837],
            [112.1225312, -7.1378595],
            [112.1226331, -7.1378804],
            [112.1227315, -7.1378849],
            [112.1228242, -7.1378906],
            [112.1229066, -7.1378781],
            [112.1229787, -7.1378497],
            [112.1230336, -7.1378111],
            [112.1230542, -7.1377657],
            [112.1230245, -7.1376953],
            [112.1229982, -7.1376056],
            [112.122981, -7.1375102],
            [112.122957, -7.1374171],
            [112.1228643, -7.1372888],
            [112.1227693, -7.1371855],
            [112.1226766, -7.137072],
            [112.1225908, -7.1370163],
            [112.1225164, -7.1369879],
            [112.1224523, -7.1369448],
            [112.1224008, -7.1369584],
            [112.1223883, -7.1370311],
            [112.1223757, -7.1371015],
            [112.1223173, -7.1371458],
            [112.1222544, -7.1372003],
            [112.1221754, -7.137248],
            [112.122101, -7.1372707],
            [112.1220301, -7.1372786],
            [112.1219672, -7.1372604],
            [112.1219122, -7.1372173],
            [112.1218676, -7.1371685],
            [112.1218321, -7.1371355],
            [112.121799, -7.1371162],
            [112.1217479, -7.1371385]
          ]
        ]
      },
      "properties": { "Type": "Pertanian" }
    },
    {
      "type": "Feature",
      "geometry": {
        "type": "Polygon",
        "coordinates": [
          [
            [112.1154934, -7.1387427],
            [112.1155449, -7.1387279],
            [112.115609, -7.1387234],
            [112.1156776, -7.1387222],
            [112.1158207, -7.1387324],
            [112.115895, -7.1387359],
            [112.1160003, -7.1387404],
            [112.116069, -7.1387449],
            [112.1161422, -7.1387506],
            [112.1162395, -7.1387631],
            [112.1163138, -7.1387767],
            [112.1163608, -7.1387711],
            [112.1163917, -7.1387665],
            [112.1163928, -7.1388028],
            [112.1163665, -7.1388324],
            [112.1163562, -7.1389062],
            [112.116347, -7.1389504],
            [112.1163241, -7.1389698],
            [112.1162646, -7.1389698],
            [112.116196, -7.1389663],
            [112.1161468, -7.1389686],
            [112.1161308, -7.1390038],
            [112.1161239, -7.1390617],
            [112.1161239, -7.1390833],
            [112.1160713, -7.1391174],
            [112.1160621, -7.1391616],
            [112.1160701, -7.1392116],
            [112.1160919, -7.1392423],
            [112.116125, -7.1392513],
            [112.1161159, -7.1393024],
            [112.1161216, -7.1393376],
            [112.1161044, -7.139383],
            [112.1161147, -7.1394092],
            [112.116093, -7.1394341],
            [112.1160861, -7.139458],
            [112.1160781, -7.1394841],
            [112.1160541, -7.1394954],
            [112.1159889, -7.1394977],
            [112.1159362, -7.1395],
            [112.1159156, -7.1395068],
            [112.1159202, -7.1395761],
            [112.1158172, -7.1395727],
            [112.11576, -7.139567],
            [112.11576, -7.1395011],
            [112.1157005, -7.1395068],
            [112.1156673, -7.1394807],
            [112.1156639, -7.1394228],
            [112.1156833, -7.1393637],
            [112.1156868, -7.139324],
            [112.1156318, -7.1393161],
            [112.1156433, -7.1392581],
            [112.1155758, -7.1392445],
            [112.1155231, -7.1392354],
            [112.1154934, -7.1392252],
            [112.1154934, -7.138997],
            [112.1154934, -7.1387427]
          ]
        ]
      },
      "properties": { "Type": "Pertanian" }
    },
    {
      "type": "Feature",
      "geometry": {
        "type": "Polygon",
        "coordinates": [
          [
            [112.1172033, -7.139365],
            [112.1171689, -7.1394944],
            [112.1172033, -7.1396034],
            [112.1172742, -7.1396852],
            [112.1173543, -7.1397011],
            [112.1174321, -7.1397465],
            [112.1175214, -7.1397669],
            [112.1175992, -7.1398328],
            [112.117645, -7.1398668],
            [112.1177159, -7.1398668],
            [112.1177502, -7.1398509],
            [112.1178029, -7.1398714],
            [112.1178395, -7.1398487],
            [112.1178532, -7.1397942],
            [112.1178601, -7.1397329],
            [112.1178395, -7.1396942],
            [112.11778, -7.1396965],
            [112.1176953, -7.1397011],
            [112.1176312, -7.1396829],
            [112.1175557, -7.1396534],
            [112.1175031, -7.1396579],
            [112.1174504, -7.1396443],
            [112.1174024, -7.1396307],
            [112.1173909, -7.1395671],
            [112.1174275, -7.1395466],
            [112.1174413, -7.1394921],
            [112.1174344, -7.1394649],
            [112.1174069, -7.1394717],
            [112.1173749, -7.1394581],
            [112.1173566, -7.1394263],
            [112.1173635, -7.1393877],
            [112.1173383, -7.1393672],
            [112.1173017, -7.1393559],
            [112.1172628, -7.1393514],
            [112.1172033, -7.139365]
          ]
        ]
      },
      "properties": { "Type": "Pertanian" }
    },
    {
      "type": "Feature",
      "geometry": {
        "type": "Polygon",
        "coordinates": [
          [
            [111.9858768, -7.198738],
            [111.9858693, -7.1988962],
            [111.9858167, -7.1988999],
            [111.9857642, -7.1994472],
            [111.9857379, -7.1998325],
            [111.9857361, -7.2000819],
            [111.9857642, -7.200134],
            [111.9857117, -7.2006869],
            [111.9856873, -7.2008246],
            [111.9857229, -7.2008544],
            [111.9857286, -7.2009121],
            [111.9857098, -7.2010498],
            [111.9857079, -7.2010982],
            [111.9857361, -7.2011522],
            [111.9857379, -7.2011969],
            [111.9857436, -7.201249],
            [111.9857492, -7.201303],
            [111.9857173, -7.2013793],
            [111.9857398, -7.2015189],
            [111.9857398, -7.2015859],
            [111.9857436, -7.201679],
            [111.985768, -7.2017497],
            [111.9857905, -7.2018558],
            [111.985813, -7.2019079],
            [111.9858205, -7.20196],
            [111.985813, -7.2020177],
            [111.9858017, -7.2020624],
            [111.9858074, -7.2021052],
            [111.9858205, -7.2021666],
            [111.9858186, -7.2022281],
            [111.9858092, -7.202282],
            [111.9858017, -7.2023435],
            [111.9858055, -7.2024291],
            [111.9858805, -7.2024682],
            [111.9859443, -7.2025091],
            [111.9859893, -7.2025166],
            [111.9860625, -7.2025221],
            [111.9861057, -7.2025091],
            [111.9861282, -7.2024644],
            [111.9862032, -7.2024365],
            [111.9862614, -7.2024496],
            [111.9863289, -7.2024812],
            [111.9864265, -7.2025073],
            [111.9864696, -7.2025631],
            [111.9864865, -7.2026338],
            [111.9864828, -7.2026841],
            [111.9864621, -7.202712],
            [111.9864227, -7.2027697],
            [111.9863927, -7.2028181],
            [111.9863983, -7.202887],
            [111.9864096, -7.2029484],
            [111.986464, -7.2029707],
            [111.986509, -7.2029819],
            [111.9865747, -7.2029745],
            [111.9866122, -7.2029689],
            [111.986676, -7.2029968],
            [111.9867042, -7.2030415],
            [111.9866873, -7.2031178],
            [111.9867098, -7.2031978],
            [111.9866892, -7.2033039],
            [111.9866741, -7.2034081],
            [111.9866798, -7.2034863],
            [111.9866629, -7.2035552],
            [111.9866666, -7.2035999],
            [111.9866704, -7.2036501],
            [111.986676, -7.203706],
            [111.9866779, -7.2037562],
            [111.986676, -7.2038009],
            [111.9867023, -7.2038586],
            [111.9867417, -7.203907],
            [111.9868036, -7.2039144],
            [111.9868224, -7.2039163],
            [111.9868467, -7.203933],
            [111.9868411, -7.2039982],
            [111.9868111, -7.2041676],
            [111.986783, -7.2043183],
            [111.9867417, -7.2044183],
            [111.9866854, -7.2046714],
            [111.9866441, -7.2048389],
            [111.9866291, -7.2050548],
            [111.9865991, -7.2051181],
            [111.9865653, -7.2052373],
            [111.9865616, -7.2053229],
            [111.9865165, -7.2054011],
            [111.986434, -7.2053899],
            [111.9863177, -7.205375],
            [111.9862389, -7.2054048],
            [111.9862201, -7.2055053],
            [111.9862014, -7.2056095],
            [111.9861863, -7.2057175],
            [111.9861826, -7.2058068],
            [111.9861644, -7.2058483],
            [111.986167, -7.2058576],
            [111.9864111, -7.2058911],
            [111.9864642, -7.2059089],
            [111.986502, -7.2059267],
            [111.9867123, -7.205955],
            [111.9874995, -7.2061133],
            [111.9879161, -7.2062384],
            [111.9881357, -7.2062963],
            [111.9885734, -7.2064213],
            [111.9891087, -7.2066115],
            [111.9893628, -7.2067194],
            [111.9895386, -7.2067773],
            [111.9896911, -7.2068162],
            [111.9897449, -7.2068339],
            [111.9899007, -7.2069043],
            [111.990243, -7.2070623],
            [111.9904122, -7.2071465],
            [111.9904394, -7.2071656],
            [111.9904553, -7.2071926],
            [111.9904619, -7.2072163],
            [111.9904586, -7.207263],
            [111.9904606, -7.2073005],
            [111.9904811, -7.2073288],
            [111.9905024, -7.2073512],
            [111.9905448, -7.2073742],
            [111.9906934, -7.2074696],
            [111.9908247, -7.2075315],
            [111.9910662, -7.2076197],
            [111.9913023, -7.2076644],
            [111.9916937, -7.2077664],
            [111.9921903, -7.2061324],
            [111.9924251, -7.2053821],
            [111.9919462, -7.2042187],
            [111.9916756, -7.2035777],
            [111.9915442, -7.2032829],
            [111.9914235, -7.2029854],
            [111.9914169, -7.2027998],
            [111.9914752, -7.2024418],
            [111.9915389, -7.2019812],
            [111.9916172, -7.2012678],
            [111.9916159, -7.2012086],
            [111.9915469, -7.2011823],
            [111.9914832, -7.2011691],
            [111.9914235, -7.2011572],
            [111.9913611, -7.2011388],
            [111.9912802, -7.2010796],
            [111.9911608, -7.2009848],
            [111.9910613, -7.200869],
            [111.9909366, -7.2007387],
            [111.9906182, -7.2004465],
            [111.990463, -7.2002649],
            [111.9903635, -7.2001596],
            [111.9902693, -7.200024],
            [111.9901751, -7.1998621],
            [111.9900677, -7.199695],
            [111.9899126, -7.1994239],
            [111.9878985, -7.1990748],
            [111.9862034, -7.1987714],
            [111.9861894, -7.198791],
            [111.9861856, -7.1988236],
            [111.9861809, -7.1988571],
            [111.9861547, -7.1988627],
            [111.9861209, -7.1988692],
            [111.9861012, -7.1988673],
            [111.9860815, -7.1988506],
            [111.9860777, -7.1988171],
            [111.9860777, -7.198791],
            [111.986074, -7.1987687],
            [111.9860543, -7.1987538],
            [111.9860196, -7.1987454],
            [111.9858768, -7.198738]
          ]
        ]
      },
      "properties": { "Type": "Pertanian" }
    },
    {
      "type": "Feature",
      "geometry": {
        "type": "Polygon",
        "coordinates": [
          [
            [111.9861496, -7.2058834],
            [111.9861459, -7.2059067],
            [111.9861215, -7.2060705],
            [111.9861834, -7.2061189],
            [111.986189, -7.2061914],
            [111.985962, -7.2062603],
            [111.9859468, -7.2063449],
            [111.9857517, -7.2063431],
            [111.9857151, -7.2064054],
            [111.9857207, -7.2065562],
            [111.9859102, -7.2066493],
            [111.9860237, -7.2066586],
            [111.9860725, -7.2067135],
            [111.9860256, -7.2070765],
            [111.9859327, -7.2072412],
            [111.985931, -7.2074668],
            [111.9860278, -7.2075378],
            [111.9864948, -7.2076708],
            [111.9865983, -7.2075155],
            [111.9866115, -7.2077432],
            [111.9865518, -7.2078195],
            [111.9865333, -7.2080617],
            [111.9864749, -7.2081907],
            [111.9859509, -7.208034],
            [111.9858845, -7.2082065],
            [111.9858102, -7.208263],
            [111.9858089, -7.2083065],
            [111.9860252, -7.2083631],
            [111.9861804, -7.2085171],
            [111.9863436, -7.2085131],
            [111.9863807, -7.2085605],
            [111.9863966, -7.2087198],
            [111.9862945, -7.2088053],
            [111.9863223, -7.2088711],
            [111.986256, -7.2090462],
            [111.9860238, -7.2090659],
            [111.9858713, -7.2091581],
            [111.9852146, -7.2090607],
            [111.9852265, -7.2093897],
            [111.9852849, -7.2094529],
            [111.9854109, -7.2094726],
            [111.9855316, -7.2093041],
            [111.9856988, -7.2093227],
            [111.9858885, -7.2094239],
            [111.9858023, -7.2102518],
            [111.9858275, -7.2103795],
            [111.9859323, -7.2104347],
            [111.9862825, -7.2104058],
            [111.9863237, -7.2104532],
            [111.9861282, -7.211306],
            [111.9861582, -7.2113395],
            [111.9869518, -7.2115462],
            [111.9871179, -7.2115484],
            [111.9872567, -7.2114618],
            [111.9875325, -7.2114553],
            [111.9876366, -7.2115],
            [111.9876892, -7.2116526],
            [111.9883533, -7.2118146],
            [111.9888055, -7.2118071],
            [111.990359, -7.2119812],
            [111.9916782, -7.2077972],
            [111.9907012, -7.2075172],
            [111.9904488, -7.2073432],
            [111.9903972, -7.2071784],
            [111.9897565, -7.2068806],
            [111.9884722, -7.2064255],
            [111.9873578, -7.2061184],
            [111.9861496, -7.2058834]
          ]
        ]
      },
      "properties": { "Type": "Pertanian" }
    },
    {
      "type": "Feature",
      "geometry": {
        "type": "Polygon",
        "coordinates": [
          [
            [112.1155097, -7.1248546],
            [112.115576, -7.1248514],
            [112.1157087, -7.1248771],
            [112.115775, -7.124898],
            [112.1159061, -7.1248659],
            [112.1160566, -7.1248546],
            [112.1161537, -7.1248739],
            [112.1162217, -7.124914],
            [112.1163139, -7.1249076],
            [112.1163884, -7.1248755],
            [112.1164757, -7.1248643],
            [112.116555, -7.1248771],
            [112.1166715, -7.1248627],
            [112.1167298, -7.1248755],
            [112.1167395, -7.1249333],
            [112.1168625, -7.1249413],
            [112.1170599, -7.1249253],
            [112.1171958, -7.1249221],
            [112.1172104, -7.1248996],
            [112.1171991, -7.1248257],
            [112.1172751, -7.124747],
            [112.1174095, -7.1247503],
            [112.117492, -7.124792],
            [112.1175163, -7.1248402],
            [112.1175502, -7.1248627],
            [112.1176797, -7.1248627],
            [112.1178318, -7.1248578],
            [112.118081, -7.1248562],
            [112.1181992, -7.1248611],
            [112.1182671, -7.1248402],
            [112.1183496, -7.1248225],
            [112.1184678, -7.1248097],
            [112.1186134, -7.1248209],
            [112.1187849, -7.1248081],
            [112.1190778, -7.1248097],
            [112.1192154, -7.1247952],
            [112.1193594, -7.1248],
            [112.1194225, -7.1247872],
            [112.1194565, -7.1247503],
            [112.1195051, -7.1247422],
            [112.1196216, -7.1247342],
            [112.1197219, -7.1247422],
            [112.1198449, -7.1247037],
            [112.1199565, -7.1246764],
            [112.1200472, -7.1246362],
            [112.1202948, -7.1246202],
            [112.1205488, -7.1245784],
            [112.1207236, -7.1245624],
            [112.1209388, -7.1245046],
            [112.120976, -7.1245222],
            [112.1210068, -7.1245463],
            [112.1210683, -7.1245576],
            [112.1211023, -7.1245383],
            [112.1211217, -7.1245287],
            [112.1211686, -7.1245495],
            [112.1212479, -7.1245527],
            [112.1212916, -7.1245415],
            [112.1213418, -7.124511],
            [112.1213272, -7.1244901],
            [112.1212748, -7.1244893],
            [112.1212657, -7.1244643],
            [112.1212748, -7.1244337],
            [112.1212806, -7.1244098],
            [112.121268, -7.1243905],
            [112.1212348, -7.1243905],
            [112.1211913, -7.1243996],
            [112.1211547, -7.1243996],
            [112.1211495, -7.1243506],
            [112.1211446, -7.1243185],
            [112.1210961, -7.1243201],
            [112.1210411, -7.1243346],
            [112.1209828, -7.1243025],
            [112.1209731, -7.1242447],
            [112.1209763, -7.1241772],
            [112.1210015, -7.1241211],
            [112.1210095, -7.124078],
            [112.1210152, -7.1240541],
            [112.1209042, -7.1240235],
            [112.1208378, -7.1240144],
            [112.1208024, -7.1239996],
            [112.1207452, -7.1239905],
            [112.1207108, -7.1240132],
            [112.1206616, -7.1240121],
            [112.1206708, -7.1239712],
            [112.1207151, -7.1239425],
            [112.1207357, -7.1238925],
            [112.1207563, -7.1238153],
            [112.1207952, -7.12372],
            [112.1208249, -7.1236314],
            [112.1208684, -7.1235042],
            [112.1208936, -7.1234406],
            [112.1209668, -7.1234634],
            [112.1210515, -7.1234679],
            [112.1211201, -7.1234543],
            [112.1211407, -7.1233703],
            [112.1211682, -7.1233385],
            [112.1212346, -7.123368],
            [112.1212732, -7.1233742],
            [112.1213467, -7.1233861],
            [112.1214268, -7.1234111],
            [112.1214634, -7.1234043],
            [112.1214863, -7.1233453],
            [112.1215092, -7.1232612],
            [112.1215189, -7.1232317],
            [112.1215302, -7.1231691],
            [112.1215772, -7.1231498],
            [112.1216419, -7.1231771],
            [112.1217179, -7.123206],
            [112.1217924, -7.1232188],
            [112.1218717, -7.1232365],
            [112.1219299, -7.1232477],
            [112.1219574, -7.1232542],
            [112.1220303, -7.1232574],
            [112.1220622, -7.1231758],
            [112.1221057, -7.1230146],
            [112.1221359, -7.1229174],
            [112.1221019, -7.122919],
            [112.1220469, -7.1229126],
            [112.1220032, -7.1228917],
            [112.1219935, -7.12285],
            [112.1220145, -7.1228227],
            [112.1220372, -7.122789],
            [112.1220388, -7.122744],
            [112.1220113, -7.1227344],
            [112.1219449, -7.1227296],
            [112.1218236, -7.1227199],
            [112.1215646, -7.1227215],
            [112.1212734, -7.1227199],
            [112.1208935, -7.1227097],
            [112.1206589, -7.1227097],
            [112.1202138, -7.1227108],
            [112.1195924, -7.122712],
            [112.1192789, -7.1227188],
            [112.1190157, -7.1227063],
            [112.118796, -7.1227154],
            [112.118494, -7.1227097],
            [112.1182376, -7.1227063],
            [112.1177319, -7.1227131],
            [112.11707, -7.1227163],
            [112.1167626, -7.1227195],
            [112.1163014, -7.1227163],
            [112.1160619, -7.1227163],
            [112.1156703, -7.1227163],
            [112.1154971, -7.1227115],
            [112.1154922, -7.1229588],
            [112.1154971, -7.1234116],
            [112.1154955, -7.1238708],
            [112.1154922, -7.1242145],
            [112.1155097, -7.1248546]
          ]
        ]
      },
      "properties": { "Type": "Pertanian" }
    },
    {
      "type": "Feature",
      "geometry": {
        "type": "Polygon",
        "coordinates": [
          [
            [112.1220808, -7.1234136],
            [112.1221407, -7.1233976],
            [112.1222216, -7.123412],
            [112.1222912, -7.1234522],
            [112.1223543, -7.123518],
            [112.1223527, -7.1235678],
            [112.1223462, -7.1236256],
            [112.1223753, -7.1236577],
            [112.1223656, -7.1237123],
            [112.1223138, -7.1237541],
            [112.1222475, -7.1238086],
            [112.1221245, -7.1238954],
            [112.1220193, -7.1239692],
            [112.1219659, -7.1238584],
            [112.1219578, -7.1237075],
            [112.1219918, -7.1236063],
            [112.1220339, -7.1235068],
            [112.1220808, -7.1234136]
          ]
        ]
      },
      "properties": { "Type": "Pertanian" }
    },
    {
      "type": "Feature",
      "geometry": {
        "type": "Polygon",
        "coordinates": [
          [
            [112.1209565, -7.1280616],
            [112.1209211, -7.1282001],
            [112.1208822, -7.1283352],
            [112.1208043, -7.12861],
            [112.1207975, -7.1286509],
            [112.1209073, -7.1286702],
            [112.1209897, -7.1286804],
            [112.1210641, -7.1286827],
            [112.1211064, -7.1286792],
            [112.121119, -7.1286225],
            [112.1211259, -7.1285487],
            [112.1211419, -7.1285135],
            [112.1211842, -7.1285146],
            [112.1212094, -7.1285271],
            [112.1212163, -7.1285646],
            [112.1212117, -7.1286304],
            [112.1212037, -7.1286792],
            [112.1212518, -7.1286815],
            [112.1212987, -7.1286895],
            [112.1213181, -7.1286895],
            [112.1213296, -7.1286702],
            [112.1213582, -7.1286747],
            [112.1213856, -7.1286781],
            [112.1213948, -7.1286997],
            [112.1214291, -7.1287076],
            [112.1214978, -7.1287076],
            [112.1215516, -7.1287088],
            [112.1215699, -7.1286509],
            [112.1215962, -7.1285282],
            [112.1216145, -7.128451],
            [112.1216282, -7.1284238],
            [112.1216969, -7.128434],
            [112.121777, -7.128451],
            [112.1218113, -7.1284635],
            [112.121817, -7.1284999],
            [112.1217953, -7.1285782],
            [112.1217844, -7.1286174],
            [112.1217715, -7.1286671],
            [112.1217552, -7.1287466],
            [112.1217553, -7.1287731],
            [112.1218459, -7.1287795],
            [112.1220191, -7.1287763],
            [112.1221728, -7.1287844],
            [112.1223718, -7.128794],
            [112.122579, -7.1287956],
            [112.1227812, -7.1288084],
            [112.1229123, -7.1288245],
            [112.1230843, -7.1288195],
            [112.1231529, -7.1288286],
            [112.1231575, -7.1287957],
            [112.1232124, -7.1287821],
            [112.1232456, -7.1287968],
            [112.1232616, -7.1288093],
            [112.1233543, -7.128849],
            [112.1233989, -7.1288411],
            [112.1235054, -7.1288525],
            [112.1235637, -7.1288456],
            [112.1236289, -7.1288309],
            [112.1236747, -7.1288082],
            [112.1236884, -7.1287798],
            [112.123717, -7.1287298],
            [112.1237228, -7.1286776],
            [112.1237308, -7.1286299],
            [112.1237464, -7.1286093],
            [112.1237844, -7.1286005],
            [112.1238306, -7.1286013],
            [112.1238929, -7.1286029],
            [112.123905, -7.1285531],
            [112.1239163, -7.1284809],
            [112.1239228, -7.1284351],
            [112.1239576, -7.1284311],
            [112.1240186, -7.128444],
            [112.124054, -7.1284485],
            [112.1240964, -7.1284678],
            [112.1240861, -7.1285382],
            [112.1240746, -7.1286234],
            [112.1240665, -7.1286779],
            [112.1240533, -7.128803],
            [112.1240487, -7.128837],
            [112.124059, -7.1288535],
            [112.1241261, -7.1288689],
            [112.1241909, -7.1288673],
            [112.1242701, -7.1288657],
            [112.1242815, -7.1288063],
            [112.1242977, -7.1287179],
            [112.1243171, -7.1285943],
            [112.1243268, -7.1285301],
            [112.1242394, -7.1285172],
            [112.1241941, -7.1285092],
            [112.124207, -7.1284257],
            [112.1242167, -7.1283294],
            [112.1242169, -7.1282627],
            [112.1242512, -7.1282763],
            [112.1242787, -7.1283172],
            [112.1243588, -7.1283399],
            [112.1244549, -7.1283399],
            [112.1245487, -7.1283603],
            [112.1245968, -7.1283399],
            [112.1246425, -7.1283217],
            [112.1246723, -7.1282763],
            [112.1246677, -7.1282263],
            [112.1246242, -7.1281991],
            [112.1245807, -7.1281605],
            [112.1245098, -7.128131],
            [112.1244755, -7.1281151],
            [112.1244457, -7.1280833],
            [112.1244503, -7.1280333],
            [112.1245167, -7.128031],
            [112.1245579, -7.1280424],
            [112.1245853, -7.1280197],
            [112.1246036, -7.1279743],
            [112.1246288, -7.1279084],
            [112.1246402, -7.127863],
            [112.1246425, -7.1278171],
            [112.1246334, -7.1277853],
            [112.1246059, -7.1277762],
            [112.1245636, -7.1277637],
            [112.1245212, -7.1277615],
            [112.1244869, -7.1277762],
            [112.1244572, -7.1278296],
            [112.1244274, -7.1278932],
            [112.1244057, -7.1279636],
            [112.1243977, -7.1280226],
            [112.1243713, -7.1280419],
            [112.1243404, -7.1280226],
            [112.1243347, -7.1279658],
            [112.1243382, -7.1278989],
            [112.1243576, -7.1278466],
            [112.1243862, -7.1278023],
            [112.1244102, -7.127732],
            [112.1244274, -7.1276888],
            [112.1244732, -7.1276888],
            [112.1245384, -7.1277047],
            [112.1245842, -7.1277115],
            [112.1246196, -7.1277195],
            [112.1246425, -7.1277126],
            [112.1246585, -7.1276684],
            [112.1246814, -7.1276468],
            [112.1247089, -7.1276241],
            [112.1247535, -7.1276048],
            [112.1248153, -7.1275946],
            [112.1249011, -7.1275912],
            [112.1249972, -7.1276071],
            [112.1250819, -7.1276184],
            [112.1251609, -7.1276332],
            [112.1252627, -7.12764],
            [112.1253302, -7.1276434],
            [112.1253909, -7.1276332],
            [112.1254653, -7.1276332],
            [112.1255007, -7.1276195],
            [112.1255282, -7.1275889],
            [112.1254916, -7.1275469],
            [112.1254, -7.1274651],
            [112.1252993, -7.1273732],
            [112.1251746, -7.1272869],
            [112.1250532, -7.1272226],
            [112.1249011, -7.1271552],
            [112.1248348, -7.1271295],
            [112.1248105, -7.1270894],
            [112.1247264, -7.1270749],
            [112.1246131, -7.1270829],
            [112.1245564, -7.1270653],
            [112.1245419, -7.1270251],
            [112.1245403, -7.1269705],
            [112.1244804, -7.1269272],
            [112.1244157, -7.1268903],
            [112.124372, -7.126863],
            [112.1242141, -7.1267653],
            [112.1240653, -7.1266018],
            [112.1239692, -7.1264042],
            [112.1239211, -7.1263089],
            [112.1238662, -7.1261999],
            [112.1238296, -7.1260296],
            [112.1237907, -7.1258456],
            [112.1238067, -7.125773],
            [112.1238227, -7.125673],
            [112.1237838, -7.1255572],
            [112.1237495, -7.1254596],
            [112.1237106, -7.1253801],
            [112.1236442, -7.1252734],
            [112.1235527, -7.1252552],
            [112.1234749, -7.1252643],
            [112.1234199, -7.1253029],
            [112.1232391, -7.125455],
            [112.1231568, -7.1255731],
            [112.1231041, -7.1256912],
            [112.1230446, -7.1258388],
            [112.1230011, -7.1259569],
            [112.1229508, -7.1261],
            [112.1228959, -7.1263407],
            [112.1228467, -7.1266052],
            [112.1228158, -7.1267551],
            [112.1227929, -7.1269334],
            [112.1227608, -7.1270003],
            [112.1227288, -7.1270389],
            [112.1227013, -7.1271593],
            [112.1225926, -7.1273307],
            [112.122444, -7.1275961],
            [112.1223566, -7.1277166],
            [112.1222692, -7.1278659],
            [112.1221462, -7.1280056],
            [112.1220637, -7.1280987],
            [112.1219116, -7.1282192],
            [112.1218323, -7.1282593],
            [112.1216753, -7.1282994],
            [112.1215216, -7.1282978],
            [112.1214552, -7.128277],
            [112.1213063, -7.1282513],
            [112.1212238, -7.1282368],
            [112.1211267, -7.1282079],
            [112.12113, -7.1281597],
            [112.1211316, -7.1281164],
            [112.1209565, -7.1280616]
          ]
        ]
      },
      "properties": { "Type": "Pertanian" }
    },
    {
      "type": "Feature",
      "geometry": {
        "type": "Polygon",
        "coordinates": [
          [
            [112.1193378, -7.1279961],
            [112.119286, -7.1280861],
            [112.1192552, -7.1281952],
            [112.1192196, -7.1282755],
            [112.1192099, -7.1283654],
            [112.1192326, -7.1284586],
            [112.1193394, -7.1284859],
            [112.1194332, -7.1284939],
            [112.1195255, -7.12851],
            [112.1196404, -7.128526],
            [112.1196695, -7.1285276],
            [112.1197035, -7.1284345],
            [112.1197197, -7.1283446],
            [112.1197553, -7.1282627],
            [112.1197634, -7.1281952],
            [112.1197779, -7.1281535],
            [112.1198281, -7.1281423],
            [112.1198718, -7.1281535],
            [112.1199381, -7.1281728],
            [112.1199543, -7.1281133],
            [112.1199705, -7.128017],
            [112.1200012, -7.1279207],
            [112.1200498, -7.1278661],
            [112.1200643, -7.1278243],
            [112.1201598, -7.1278147],
            [112.1202715, -7.127834],
            [112.120388, -7.1278532],
            [112.1204786, -7.1278677],
            [112.1205935, -7.1278789],
            [112.1206987, -7.1278725],
            [112.1207958, -7.1278677],
            [112.1208605, -7.12785],
            [112.1209026, -7.1278147],
            [112.1209091, -7.1277681],
            [112.1209964, -7.1276846],
            [112.1211146, -7.1276894],
            [112.1211842, -7.1277151],
            [112.1212052, -7.1277569],
            [112.1212165, -7.1278099],
            [112.1212554, -7.1278115],
            [112.1212829, -7.1278532],
            [112.1213589, -7.1279255],
            [112.121456, -7.1279913],
            [112.121634, -7.1280379],
            [112.1217797, -7.1279897],
            [112.1218671, -7.127948],
            [112.1219609, -7.1278725],
            [112.1220952, -7.1277216],
            [112.1221551, -7.1276332],
            [112.12227, -7.1274486],
            [112.1223072, -7.1273474],
            [112.1223606, -7.1272318],
            [112.1224027, -7.1271274],
            [112.122427, -7.1270712],
            [112.1224901, -7.1269187],
            [112.1225645, -7.1267099],
            [112.1226114, -7.1266152],
            [112.1226535, -7.1265076],
            [112.1226794, -7.1262427],
            [112.1227182, -7.1261335],
            [112.1227425, -7.1260066],
            [112.1227781, -7.1258669],
            [112.1228606, -7.1256293],
            [112.1228267, -7.1256148],
            [112.1227975, -7.1256052],
            [112.1228008, -7.1255506],
            [112.122872, -7.1253997],
            [112.1229302, -7.125321],
            [112.123016, -7.1252118],
            [112.1231163, -7.1251251],
            [112.1232215, -7.1250336],
            [112.123249, -7.1250063],
            [112.1232684, -7.1249677],
            [112.1233364, -7.1249677],
            [112.1234448, -7.1249517],
            [112.123529, -7.1249436],
            [112.1236212, -7.1249372],
            [112.1236698, -7.1249565],
            [112.1237135, -7.1249854],
            [112.1237669, -7.1250063],
            [112.1238138, -7.1249966],
            [112.1238963, -7.1250223],
            [112.1239513, -7.1250801],
            [112.1239983, -7.1251299],
            [112.1240468, -7.1251781],
            [112.1240792, -7.1252359],
            [112.1240808, -7.1253515],
            [112.1240646, -7.1253949],
            [112.1240856, -7.1254189],
            [112.1241018, -7.1254719],
            [112.124084, -7.1255458],
            [112.1240727, -7.125594],
            [112.1240727, -7.1256582],
            [112.1241115, -7.1256919],
            [112.1240986, -7.125716],
            [112.1240856, -7.1257577],
            [112.1241051, -7.1258139],
            [112.1241277, -7.1258396],
            [112.1241261, -7.1258942],
            [112.1241358, -7.1260002],
            [112.1241568, -7.1260837],
            [112.1241924, -7.1261512],
            [112.124207, -7.126217],
            [112.1242653, -7.1263133],
            [112.1243154, -7.1263888],
            [112.1243494, -7.1264466],
            [112.1243899, -7.126506],
            [112.12444, -7.1265735],
            [112.1245177, -7.1266184],
            [112.1246213, -7.1266698],
            [112.1247038, -7.1267099],
            [112.1247863, -7.1267597],
            [112.1248608, -7.1267983],
            [112.1248931, -7.1268175],
            [112.1249126, -7.1267501],
            [112.1249142, -7.1267067],
            [112.1249449, -7.1267051],
            [112.1249724, -7.1267324],
            [112.124987, -7.1267678],
            [112.1250226, -7.1267886],
            [112.1250598, -7.1267918],
            [112.1250922, -7.1268175],
            [112.1251197, -7.1268529],
            [112.1251067, -7.1268818],
            [112.1251326, -7.1269091],
            [112.125144, -7.1269331],
            [112.1251326, -7.1269508],
            [112.125131, -7.1269685],
            [112.1251796, -7.1270006],
            [112.125233, -7.1270247],
            [112.1253123, -7.1270616],
            [112.1253657, -7.1270761],
            [112.1254142, -7.127113],
            [112.1254806, -7.1271274],
            [112.1255032, -7.1271644],
            [112.1255178, -7.1272013],
            [112.1255372, -7.1272543],
            [112.125589, -7.1272736],
            [112.1256343, -7.1272896],
            [112.1256505, -7.1273442],
            [112.1257071, -7.1274181],
            [112.1257751, -7.1274887],
            [112.1258673, -7.1275401],
            [112.1259515, -7.1275449],
            [112.1260259, -7.1275289],
            [112.1260647, -7.1274791],
            [112.1260761, -7.1273876],
            [112.126089, -7.1272687],
            [112.126089, -7.1272157],
            [112.1260987, -7.127113],
            [112.1261149, -7.1270391],
            [112.1260939, -7.126999],
            [112.1260275, -7.1269653],
            [112.1259854, -7.1269412],
            [112.1259159, -7.1268689],
            [112.1258447, -7.1268111],
            [112.1258058, -7.1267661],
            [112.1258495, -7.1267437],
            [112.1259466, -7.1267437],
            [112.126021, -7.1267292],
            [112.126102, -7.1266891],
            [112.1261343, -7.1266826],
            [112.1261715, -7.1266762],
            [112.1262201, -7.1266891],
            [112.1262719, -7.1266891],
            [112.1262978, -7.1266778],
            [112.126335, -7.1266473],
            [112.1263738, -7.126612],
            [112.1263884, -7.1265622],
            [112.1264191, -7.1265269],
            [112.1264305, -7.1264835],
            [112.1264483, -7.1263069],
            [112.126445, -7.1260805],
            [112.1264483, -7.1255474],
            [112.1264466, -7.1251283],
            [112.1264483, -7.1249485],
            [112.1264499, -7.1248168],
            [112.1264466, -7.1245631],
            [112.1264434, -7.1243062],
            [112.1264434, -7.1241231],
            [112.1264402, -7.1239963],
            [112.1263188, -7.1240107],
            [112.1261732, -7.1240412],
            [112.1258884, -7.1240846],
            [112.1256003, -7.1241263],
            [112.1253284, -7.1241633],
            [112.1250663, -7.1242082],
            [112.1248511, -7.1242435],
            [112.1244724, -7.1242917],
            [112.1242345, -7.1243174],
            [112.1239966, -7.1243527],
            [112.1238283, -7.1243704],
            [112.1236779, -7.1243881],
            [112.1233591, -7.1244378],
            [112.1230807, -7.1244812],
            [112.1229448, -7.1244924],
            [112.1227975, -7.1245117],
            [112.1227021, -7.1245197],
            [112.1226292, -7.1245486],
            [112.1225661, -7.1245534],
            [112.1224739, -7.1245824],
            [112.1224318, -7.1245897],
            [112.1223541, -7.1246363],
            [112.1222732, -7.1246202],
            [112.1221923, -7.1246202],
            [112.1221227, -7.1246475],
            [112.1220499, -7.1246812],
            [112.1219819, -7.1246957],
            [112.1219269, -7.1247182],
            [112.1218088, -7.1248209],
            [112.121702, -7.1249109],
            [112.1215612, -7.1249863],
            [112.1214091, -7.1250843],
            [112.1210968, -7.1252545],
            [112.1208832, -7.1253669],
            [112.1204461, -7.125677],
            [112.1202251, -7.1258227],
            [112.1200746, -7.1259737],
            [112.1199063, -7.1261551],
            [112.1197703, -7.1263318],
            [112.1197946, -7.1263847],
            [112.1198286, -7.1264265],
            [112.1198173, -7.1264763],
            [112.1197752, -7.1265582],
            [112.1197185, -7.1266433],
            [112.1197072, -7.1266995],
            [112.1196554, -7.12673],
            [112.1196198, -7.1267846],
            [112.119615, -7.1268922],
            [112.1196538, -7.1269323],
            [112.1197121, -7.12695],
            [112.1198027, -7.1269628],
            [112.1198949, -7.1269468],
            [112.1199564, -7.1269323],
            [112.1200276, -7.126966],
            [112.1200665, -7.1269805],
            [112.1201214, -7.1269782],
            [112.1201511, -7.1270009],
            [112.1201557, -7.1270441],
            [112.1201237, -7.1270668],
            [112.1200527, -7.127094],
            [112.1199795, -7.1270986],
            [112.1198971, -7.1270804],
            [112.119817, -7.127069],
            [112.1197484, -7.1270645],
            [112.1197323, -7.1271303],
            [112.1197346, -7.1271576],
            [112.1197346, -7.1272087],
            [112.1197175, -7.1272405],
            [112.1196774, -7.127253],
            [112.1196557, -7.1272666],
            [112.1196374, -7.1273325],
            [112.1196191, -7.1274028],
            [112.1196129, -7.1274339],
            [112.119659, -7.1274467],
            [112.1196905, -7.1274571],
            [112.1196776, -7.1274997],
            [112.1196485, -7.1276233],
            [112.1196234, -7.1276233],
            [112.119621, -7.127653],
            [112.1196064, -7.1277036],
            [112.1195886, -7.1277261],
            [112.1195384, -7.127755],
            [112.1194931, -7.127755],
            [112.119443, -7.1277389],
            [112.1194187, -7.1277309],
            [112.1193879, -7.1278305],
            [112.1193863, -7.1278513],
            [112.1194203, -7.1278594],
            [112.1194219, -7.1278963],
            [112.1194025, -7.1279381],
            [112.119375, -7.1279654],
            [112.1193378, -7.1279961]
          ]
        ]
      },
      "properties": { "Type": "Pertanian" }
    },
    {
      "type": "Feature",
      "geometry": {
        "type": "Polygon",
        "coordinates": [
          [
            [112.119711, -7.1289976],
            [112.1195719, -7.1289237],
            [112.1194877, -7.1289012],
            [112.1193065, -7.1289173],
            [112.1190767, -7.128959],
            [112.1188372, -7.1289943],
            [112.11852, -7.1291453],
            [112.1184197, -7.1293669],
            [112.1183841, -7.1295403],
            [112.1183517, -7.1296912],
            [112.1183323, -7.1297025],
            [112.1182902, -7.1296993],
            [112.1182595, -7.1296752],
            [112.1182304, -7.1296318],
            [112.1182028, -7.1295981],
            [112.1181575, -7.1295949],
            [112.1181316, -7.1296302],
            [112.1181171, -7.1297121],
            [112.1181624, -7.129741],
            [112.118219, -7.1297555],
            [112.1182336, -7.1298486],
            [112.1181931, -7.1299064],
            [112.1181284, -7.1299],
            [112.1180734, -7.1298984],
            [112.1180216, -7.1299032],
            [112.1179666, -7.1299658],
            [112.1179407, -7.1300381],
            [112.1178614, -7.1300509],
            [112.1178145, -7.1300349],
            [112.1178274, -7.129961],
            [112.1178517, -7.1299032],
            [112.1178679, -7.1298454],
            [112.1178549, -7.1297908],
            [112.1178112, -7.1297506],
            [112.1177756, -7.1297089],
            [112.1177433, -7.1296527],
            [112.1177044, -7.129619],
            [112.1176527, -7.1296109],
            [112.1175653, -7.1296736],
            [112.1174714, -7.1297314],
            [112.1173776, -7.1297506],
            [112.1172934, -7.1297233],
            [112.1172093, -7.1297137],
            [112.1171364, -7.1297185],
            [112.117041, -7.1297266],
            [112.1170037, -7.1297988],
            [112.11696, -7.1298919],
            [112.1169503, -7.1299947],
            [112.116973, -7.1300782],
            [112.1170037, -7.1300798],
            [112.1170636, -7.1300943],
            [112.1170766, -7.1301473],
            [112.1170054, -7.1301762],
            [112.1169342, -7.1302083],
            [112.1168581, -7.1302067],
            [112.116795, -7.130189],
            [112.1167173, -7.1301954],
            [112.1166769, -7.1302291],
            [112.1166752, -7.1303062],
            [112.1166785, -7.1303849],
            [112.1166785, -7.1304588],
            [112.1167238, -7.130515],
            [112.1167998, -7.1305423],
            [112.1168727, -7.1305503],
            [112.1169617, -7.130515],
            [112.1170054, -7.1304555],
            [112.117083, -7.1304154],
            [112.1171494, -7.1304363],
            [112.117206, -7.1304443],
            [112.1172918, -7.1304523],
            [112.1173387, -7.130462],
            [112.1173921, -7.1304877],
            [112.1174326, -7.1305487],
            [112.1174811, -7.1306081],
            [112.1174374, -7.1307076],
            [112.1173776, -7.1307831],
            [112.1173015, -7.1307944],
            [112.1172287, -7.1307944],
            [112.1171915, -7.1307349],
            [112.1171267, -7.1307349],
            [112.1170555, -7.1307992],
            [112.1170102, -7.130857],
            [112.1169455, -7.1308136],
            [112.1168743, -7.1307703],
            [112.1168112, -7.1307687],
            [112.1167367, -7.1307815],
            [112.116693, -7.1307606],
            [112.116651, -7.1307365],
            [112.1165862, -7.1307574],
            [112.1165523, -7.1308136],
            [112.1165183, -7.1308666],
            [112.1164956, -7.1308827],
            [112.116473, -7.130865],
            [112.1164325, -7.1308811],
            [112.1163565, -7.1309244],
            [112.1162513, -7.1309742],
            [112.1161784, -7.1310368],
            [112.1161121, -7.1310705],
            [112.116036, -7.1310898],
            [112.115994, -7.1311235],
            [112.1159438, -7.1311621],
            [112.1158677, -7.1311829],
            [112.115803, -7.131191],
            [112.1157431, -7.1312327],
            [112.1156736, -7.1312359],
            [112.1155894, -7.1312584],
            [112.1155441, -7.1312327],
            [112.1155085, -7.1312279],
            [112.1155004, -7.1312745],
            [112.1154939, -7.1314944],
            [112.1154891, -7.1319039],
            [112.1154875, -7.1323407],
            [112.1154923, -7.1329556],
            [112.1154907, -7.1335819],
            [112.1158224, -7.1335867],
            [112.1163257, -7.1335899],
            [112.1167626, -7.1335883],
            [112.1173306, -7.1335883],
            [112.117664, -7.1335867],
            [112.1182777, -7.1335855],
            [112.1185683, -7.13359],
            [112.118804, -7.1335877],
            [112.1190283, -7.1335923],
            [112.1190604, -7.1335469],
            [112.1190581, -7.1334924],
            [112.1189894, -7.1334083],
            [112.1189047, -7.1332812],
            [112.1188544, -7.133129],
            [112.1188658, -7.1330268],
            [112.1188658, -7.1329633],
            [112.118875, -7.1328316],
            [112.1189162, -7.132718],
            [112.1189757, -7.1326249],
            [112.1190604, -7.1325591],
            [112.1191427, -7.1324796],
            [112.1192549, -7.1324523],
            [112.1193441, -7.1324069],
            [112.1194357, -7.1323865],
            [112.1195043, -7.1323411],
            [112.1195409, -7.1322593],
            [112.1196485, -7.1322797],
            [112.1197332, -7.1322866],
            [112.1197858, -7.132248],
            [112.1197927, -7.1321594],
            [112.1197973, -7.1320436],
            [112.119779, -7.1318528],
            [112.1197721, -7.1318029],
            [112.1197217, -7.1318029],
            [112.1196142, -7.1318392],
            [112.1194929, -7.1318778],
            [112.1192709, -7.131955],
            [112.1191038, -7.1320141],
            [112.1188956, -7.1321049],
            [112.1187972, -7.132173],
            [112.118756, -7.1322025],
            [112.1186118, -7.1322321],
            [112.1185228, -7.1322449],
            [112.1184322, -7.1322417],
            [112.1183626, -7.1322449],
            [112.1183319, -7.1322899],
            [112.1182752, -7.1322899],
            [112.1182008, -7.132277],
            [112.1181506, -7.1322867],
            [112.1180794, -7.1323027],
            [112.1180179, -7.1324312],
            [112.1179904, -7.1325034],
            [112.1179823, -7.1325901],
            [112.1179839, -7.1326495],
            [112.1180017, -7.1327073],
            [112.1179888, -7.1327876],
            [112.1179661, -7.1328984],
            [112.1180454, -7.1329065],
            [112.1181215, -7.1329434],
            [112.1182153, -7.1329627],
            [112.118306, -7.1329996],
            [112.1184031, -7.1330445],
            [112.11845, -7.1330879],
            [112.1184759, -7.1330863],
            [112.1184807, -7.1330606],
            [112.1184467, -7.1330429],
            [112.1184225, -7.1329932],
            [112.1184079, -7.1329466],
            [112.1184419, -7.1328904],
            [112.1184451, -7.1328278],
            [112.1184597, -7.1327973],
            [112.1184969, -7.1327908],
            [112.1185455, -7.1327941],
            [112.1185455, -7.1328406],
            [112.1185357, -7.132892],
            [112.1185228, -7.1329546],
            [112.1184985, -7.1329883],
            [112.1185228, -7.1330429],
            [112.118573, -7.1331184],
            [112.1185891, -7.1332212],
            [112.1185811, -7.1332918],
            [112.1185455, -7.1333657],
            [112.1184953, -7.1333898],
            [112.1184095, -7.1334042],
            [112.1183561, -7.1333528],
            [112.1183448, -7.133287],
            [112.1183594, -7.1332244],
            [112.1183869, -7.1331891],
            [112.1183998, -7.1331618],
            [112.1183642, -7.1331184],
            [112.1182849, -7.1331007],
            [112.1182606, -7.1330702],
            [112.1182331, -7.1331056],
            [112.11817, -7.1330767],
            [112.1181409, -7.1330429],
            [112.1181312, -7.133059],
            [112.1180843, -7.1331056],
            [112.1180519, -7.1331152],
            [112.1180341, -7.1331794],
            [112.1180098, -7.1331907],
            [112.1179872, -7.1331818],
            [112.1179904, -7.1331337],
            [112.1179702, -7.1331176],
            [112.1179508, -7.133116],
            [112.1179281, -7.1330775],
            [112.1179475, -7.1330389],
            [112.1179766, -7.1330213],
            [112.1179912, -7.1329956],
            [112.1179815, -7.1329811],
            [112.117954, -7.132957],
            [112.1179249, -7.1329602],
            [112.1178698, -7.1329426],
            [112.1178326, -7.1329233],
            [112.1178342, -7.1328511],
            [112.1178601, -7.1327804],
            [112.1178763, -7.132729],
            [112.1178472, -7.1326905],
            [112.1178407, -7.1326295],
            [112.1178245, -7.1325829],
            [112.1178262, -7.1325283],
            [112.1178698, -7.1324866],
            [112.1178812, -7.1324191],
            [112.1179038, -7.1323774],
            [112.1179443, -7.1323131],
            [112.1179508, -7.1322602],
            [112.1179119, -7.1322634],
            [112.1178591, -7.1323267],
            [112.1178362, -7.1323858],
            [112.117763, -7.132463],
            [112.1177424, -7.132488],
            [112.1177355, -7.1325811],
            [112.1176852, -7.1326083],
            [112.1176509, -7.1325606],
            [112.1176234, -7.1325334],
            [112.1175593, -7.1324925],
            [112.1176326, -7.132463],
            [112.117644, -7.1324176],
            [112.1176211, -7.1323767],
            [112.1176188, -7.1323086],
            [112.1176165, -7.1322427],
            [112.117612, -7.132161],
            [112.1176394, -7.1321042],
            [112.1176966, -7.1321201],
            [112.1177264, -7.1321564],
            [112.1177607, -7.1322064],
            [112.1177882, -7.1322018],
            [112.1178179, -7.1321769],
            [112.1178568, -7.1321859],
            [112.1178912, -7.132161],
            [112.1179324, -7.1321814],
            [112.1179758, -7.132161],
            [112.1179758, -7.1321178],
            [112.117914, -7.1320996],
            [112.1178591, -7.1320565],
            [112.1178408, -7.1319657],
            [112.1178042, -7.1319384],
            [112.1177524, -7.1319494],
            [112.11772, -7.131943],
            [112.1177055, -7.1319237],
            [112.1176683, -7.1318996],
            [112.1176294, -7.131898],
            [112.1175809, -7.1319189],
            [112.1175356, -7.1319141],
            [112.1175226, -7.1318739],
            [112.1175307, -7.1318498],
            [112.1175064, -7.1318161],
            [112.1175372, -7.1317824],
            [112.1175356, -7.131739],
            [112.1175615, -7.1317149],
            [112.1176052, -7.1316925],
            [112.1175647, -7.131662],
            [112.1175323, -7.1316266],
            [112.1175129, -7.1315704],
            [112.1174563, -7.1315688],
            [112.1174482, -7.1315415],
            [112.1174547, -7.1315014],
            [112.1174563, -7.1314757],
            [112.1174352, -7.1314484],
            [112.1174142, -7.1314131],
            [112.117398, -7.1313906],
            [112.1173705, -7.1314067],
            [112.1173069, -7.1313803],
            [112.1172907, -7.1313161],
            [112.1172778, -7.1312679],
            [112.1172713, -7.1312197],
            [112.117281, -7.1311603],
            [112.1173085, -7.1310913],
            [112.1173473, -7.1310431],
            [112.1173846, -7.1310174],
            [112.1174299, -7.1310222],
            [112.1174606, -7.1310495],
            [112.1175027, -7.1310945],
            [112.1175318, -7.1311491],
            [112.1175286, -7.1312326],
            [112.1175043, -7.1312695],
            [112.1174962, -7.1313482],
            [112.1175092, -7.1314044],
            [112.1175254, -7.1314638],
            [112.1175755, -7.1315055],
            [112.1176386, -7.1315232],
            [112.1177098, -7.1315505],
            [112.1177454, -7.1315521],
            [112.1177907, -7.1314558],
            [112.1178247, -7.1313578],
            [112.1178377, -7.1312679],
            [112.1178927, -7.1311507],
            [112.1179461, -7.1310608],
            [112.1179801, -7.1309821],
            [112.1179882, -7.1309275],
            [112.1179833, -7.1308649],
            [112.1180189, -7.1308151],
            [112.1180675, -7.1307701],
            [112.1181209, -7.1307203],
            [112.1182115, -7.1306577],
            [112.1182325, -7.1306272],
            [112.1182762, -7.1305662],
            [112.1182989, -7.1304988],
            [112.118294, -7.1304361],
            [112.1183086, -7.1303639],
            [112.1183248, -7.1303029],
            [112.1183474, -7.130298],
            [112.1183992, -7.1303141],
            [112.1184639, -7.1303286],
            [112.1185319, -7.1303414],
            [112.1186015, -7.1303687],
            [112.1187196, -7.1303928],
            [112.118828, -7.1304217],
            [112.1189041, -7.1304201],
            [112.1189704, -7.1304586],
            [112.1190821, -7.1305068],
            [112.1191743, -7.1305389],
            [112.1192714, -7.1305614],
            [112.1193362, -7.130555],
            [112.1194041, -7.1305614],
            [112.1195012, -7.1305164],
            [112.1195967, -7.1303912],
            [112.1196355, -7.1302547],
            [112.1196582, -7.1300604],
            [112.1196582, -7.1299175],
            [112.119676, -7.1297393],
            [112.1196825, -7.1296349],
            [112.1196922, -7.1295418],
            [112.1196808, -7.129508],
            [112.119676, -7.129431],
            [112.1196776, -7.1292897],
            [112.1196938, -7.1291885],
            [112.1197019, -7.1290777],
            [112.119711, -7.1289976]
          ]
        ]
      },
      "properties": { "Type": "Pertanian" }
    },
    {
      "type": "Feature",
      "geometry": {
        "type": "Polygon",
        "coordinates": [
          [
            [111.9803369, -7.2116015],
            [111.9802618, -7.2120793],
            [111.9804341, -7.2123335],
            [111.980359, -7.2126842],
            [111.9803325, -7.2130611],
            [111.9805799, -7.2132189],
            [111.9803546, -7.2140166],
            [111.9808096, -7.2141788],
            [111.9811763, -7.2133197],
            [111.981596, -7.2131751],
            [111.9817286, -7.2117067],
            [111.9803369, -7.2116015]
          ]
        ]
      },
      "properties": { "Type": "Pertanian" }
    },
    {
      "type": "Feature",
      "geometry": {
        "type": "Polygon",
        "coordinates": [
          [
            [112.3595581, -7.5620788],
            [112.3595373, -7.5622143],
            [112.3595136, -7.5623911],
            [112.3594809, -7.5625973],
            [112.359463, -7.5628507],
            [112.3594511, -7.5631424],
            [112.3594214, -7.5633781],
            [112.3594095, -7.5635107],
            [112.3593917, -7.5636816],
            [112.359365, -7.5639144],
            [112.3593412, -7.5642709],
            [112.3593174, -7.5644977],
            [112.3592907, -7.5647246],
            [112.3592877, -7.5648896],
            [112.359258, -7.5651341],
            [112.359258, -7.5652078],
            [112.3597692, -7.5651548],
            [112.3598999, -7.56514],
            [112.3601823, -7.5651253],
            [112.3603369, -7.5651577],
            [112.36075, -7.565358],
            [112.3611067, -7.5655083],
            [112.3614247, -7.5663126],
            [112.3617992, -7.5661653],
            [112.3620459, -7.5660328],
            [112.3620132, -7.5657411],
            [112.3619864, -7.5656203],
            [112.3620369, -7.5655584],
            [112.3620964, -7.5654965],
            [112.3621648, -7.5654877],
            [112.3622628, -7.5654317],
            [112.3623817, -7.565361],
            [112.3626879, -7.5651901],
            [112.3628246, -7.5650988],
            [112.3630356, -7.5649809],
            [112.3632555, -7.564866],
            [112.363315, -7.5648277],
            [112.363315, -7.5649456],
            [112.3636806, -7.5646892],
            [112.3637965, -7.5645979],
            [112.3636984, -7.5643357],
            [112.3635557, -7.5639821],
            [112.3634309, -7.5636963],
            [112.3633685, -7.5634842],
            [112.3632555, -7.5631954],
            [112.3631248, -7.5629568],
            [112.3630445, -7.562892],
            [112.3629494, -7.5627918],
            [112.3627027, -7.5627653],
            [112.3623817, -7.5627623],
            [112.3621439, -7.5626681],
            [112.3618348, -7.5626474],
            [112.3614455, -7.5625473],
            [112.3610264, -7.562506],
            [112.3606757, -7.5624294],
            [112.3602477, -7.5623528],
            [112.3599416, -7.5622025],
            [112.3597186, -7.5621053],
            [112.3595581, -7.5620788]
          ]
        ]
      },
      "properties": { "Type": "Pertanian" }
    },
    {
      "type": "Feature",
      "geometry": {
        "type": "Polygon",
        "coordinates": [
          [
            [111.8863041, -7.5858553],
            [111.8875469, -7.5860637],
            [111.8883506, -7.5860915],
            [111.8886029, -7.5861332],
            [111.8882571, -7.5882359],
            [111.8881184, -7.5888581],
            [111.8872924, -7.5883014],
            [111.8858255, -7.587404],
            [111.8863041, -7.5858553]
          ]
        ]
      },
      "properties": { "Type": "Pertanian" }
    },
    {
      "type": "Feature",
      "geometry": {
        "type": "Polygon",
        "coordinates": [
          [
            [112.5855742, -7.6067913],
            [112.585889, -7.6077125],
            [112.5856807, -7.6081253],
            [112.5855294, -7.6082092],
            [112.5854124, -7.6082132],
            [112.5848285, -7.6082332],
            [112.584667, -7.6081542],
            [112.5842902, -7.6077923],
            [112.5842401, -7.60713],
            [112.584224, -7.606795],
            [112.584812, -7.6064842],
            [112.5855742, -7.6067913]
          ]
        ]
      },
      "properties": { "Type": "Pertanian" }
    },
    {
      "type": "Feature",
      "geometry": {
        "type": "Polygon",
        "coordinates": [
          [
            [112.5907257, -7.3250564],
            [112.5907499, -7.3256337],
            [112.5905406, -7.3255911],
            [112.5905245, -7.3259157],
            [112.5900149, -7.3259582],
            [112.5890171, -7.325905],
            [112.5890225, -7.3261338],
            [112.5881374, -7.3259635],
            [112.5880945, -7.3261923],
            [112.5877994, -7.3261657],
            [112.5877994, -7.3264637],
            [112.5873381, -7.3263998],
            [112.5873434, -7.3261232],
            [112.5872415, -7.3260912],
            [112.5872469, -7.3257188],
            [112.5863993, -7.325623],
            [112.5850904, -7.3253836],
            [112.5850153, -7.3257454],
            [112.5842589, -7.325623],
            [112.5842053, -7.3260966],
            [112.5836313, -7.3260966],
            [112.5835723, -7.326735],
            [112.5827569, -7.3266871],
            [112.5828159, -7.3260433],
            [112.5818717, -7.325905],
            [112.581743, -7.3265116],
            [112.5799084, -7.3262242],
            [112.5802624, -7.3255113],
            [112.5796723, -7.3253836],
            [112.5794899, -7.3247557],
            [112.578063, -7.3245642],
            [112.5777733, -7.3257773],
            [112.5771403, -7.3256283],
            [112.5772905, -7.3248302],
            [112.5747049, -7.3245855],
            [112.5745654, -7.3251601],
            [112.5719905, -7.3253197],
            [112.5719046, -7.3246919],
            [112.5708103, -7.3247345],
            [112.5704133, -7.3260327],
            [112.5700056, -7.3259689],
            [112.5699627, -7.3261285],
            [112.5683212, -7.3256177],
            [112.5684929, -7.3250431],
            [112.5674307, -7.3248941],
            [112.5672054, -7.3255964],
            [112.5669908, -7.32549],
            [112.5670981, -7.3247025],
            [112.566669, -7.3245855],
            [112.5668621, -7.3230957],
            [112.5675273, -7.3232021],
            [112.5677526, -7.3213186],
            [112.5691259, -7.3215953],
            [112.5693726, -7.3204992],
            [112.5669479, -7.3200736],
            [112.56742, -7.3176047],
            [112.5697911, -7.318041],
            [112.5700164, -7.3172429],
            [112.5676346, -7.3169769],
            [112.567656, -7.3134439],
            [112.5655532, -7.3131353],
            [112.565639, -7.3113156],
            [112.5676238, -7.3115923],
            [112.5677311, -7.3124649],
            [112.5685787, -7.3125926],
            [112.5687396, -7.3118583],
            [112.570864, -7.3120924],
            [112.5706172, -7.3089532],
            [112.5691044, -7.3085488],
            [112.5688362, -7.3094533],
            [112.566787, -7.3089106],
            [112.5673556, -7.3065801],
            [112.5677311, -7.3056649],
            [112.5679564, -7.3044304],
            [112.570585, -7.3050689],
            [112.5702631, -7.3065588],
            [112.5707137, -7.3067716],
            [112.5709927, -7.3076762],
            [112.5729239, -7.3080167],
            [112.5731492, -7.3063247],
            [112.5735998, -7.3063992],
            [112.5739539, -7.3035578],
            [112.5682783, -7.3022808],
            [112.5682247, -7.3026426],
            [112.5656605, -7.3021744],
            [112.5658321, -7.3009506],
            [112.5645876, -7.3007697],
            [112.5645125, -7.2997055],
            [112.5662827, -7.2998864],
            [112.5668836, -7.2964065],
            [112.5673878, -7.296896],
            [112.5673949, -7.2967859],
            [112.56742, -7.2963958],
            [112.5673266, -7.2962535],
            [112.5670706, -7.2958634],
            [112.5669801, -7.2957254],
            [112.5667439, -7.2954878],
            [112.566623, -7.2953662],
            [112.5664839, -7.2952262],
            [112.5662184, -7.2949592],
            [112.566154, -7.2944271],
            [112.5659609, -7.2941291],
            [112.5654137, -7.2937034],
            [112.5652681, -7.2937165],
            [112.5648236, -7.2937566],
            [112.5644588, -7.2934054],
            [112.5644374, -7.2916814],
            [112.5658321, -7.2917772],
            [112.5672376, -7.2921922],
            [112.5674307, -7.2915005],
            [112.5700807, -7.2922135],
            [112.5700915, -7.2916176],
            [112.5723553, -7.2919155],
            [112.5723338, -7.2927882],
            [112.5739217, -7.2932352],
            [112.5740826, -7.2936076],
            [112.5734711, -7.294576],
            [112.5733745, -7.2952678],
            [112.5739109, -7.2965661],
            [112.5749302, -7.2967151],
            [112.5749516, -7.2955338],
            [112.5755739, -7.2956828],
            [112.5756276, -7.295321],
            [112.5761962, -7.2954487],
            [112.5758421, -7.2970876],
            [112.5793183, -7.2978538],
            [112.5797796, -7.2959914],
            [112.5791144, -7.2958105],
            [112.5794363, -7.2937779],
            [112.5813782, -7.2941184],
            [112.5810242, -7.2964065],
            [112.5821292, -7.2967257],
            [112.5819898, -7.2977154],
            [112.5857234, -7.2983859],
            [112.5858951, -7.2974068],
            [112.5870108, -7.2975984],
            [112.5867319, -7.2992904],
            [112.5875687, -7.2996416],
            [112.5873649, -7.3012379],
            [112.5882661, -7.3013869],
            [112.5883841, -7.301057],
            [112.5896072, -7.301206],
            [112.5895214, -7.3022701],
            [112.5907125, -7.3025049],
            [112.5907043, -7.3023686],
            [112.5911549, -7.3022409],
            [112.5906399, -7.2992399],
            [112.5904468, -7.2989845],
            [112.5899532, -7.2972605],
            [112.5897387, -7.2968561],
            [112.5902107, -7.2949193],
            [112.5922278, -7.2950257],
            [112.5992444, -7.2973882],
            [112.6024201, -7.2976223],
            [112.6021841, -7.299921],
            [112.6044372, -7.3003467],
            [112.6050594, -7.2992399],
            [112.606304, -7.2995379],
            [112.6064542, -7.3016237],
            [112.6082781, -7.3018578],
            [112.6100376, -7.3011342],
            [112.6102737, -7.3002615],
            [112.6134065, -7.3015386],
            [112.6148227, -7.3010277],
            [112.6159385, -7.3010703],
            [112.616432, -7.3021558],
            [112.6164964, -7.3028156],
            [112.6198867, -7.3032838],
            [112.622762, -7.3039223],
            [112.6262596, -7.303752],
            [112.6291779, -7.3041139],
            [112.6297358, -7.3130529],
            [112.6305297, -7.3129465],
            [112.6301005, -7.3071787],
            [112.6301435, -7.3037733],
            [112.6333407, -7.303901],
            [112.6374605, -7.3055186],
            [112.6393273, -7.3056037],
            [112.6444557, -7.3061571],
            [112.6449707, -7.3058378],
            [112.6511291, -7.3063699],
            [112.6517084, -7.3066466],
            [112.6501527, -7.3146172],
            [112.649251, -7.3144732],
            [112.6479533, -7.314266],
            [112.6472157, -7.3196],
            [112.6475269, -7.3200576],
            [112.6480257, -7.3201161],
            [112.6484925, -7.320015],
            [112.6489055, -7.3199938],
            [112.6490074, -7.3201214],
            [112.6494688, -7.3207014],
            [112.6497209, -7.3211696],
            [112.6495627, -7.321715],
            [112.6464084, -7.3218001],
            [112.6429537, -7.3209276],
            [112.6400784, -7.3211617],
            [112.6396921, -7.3221407],
            [112.6396063, -7.322694],
            [112.6382115, -7.3228643],
            [112.6379755, -7.3211617],
            [112.6361516, -7.3209063],
            [112.634156, -7.3204806],
            [112.6339449, -7.3205542],
            [112.6333621, -7.3207573],
            [112.633405, -7.3220768],
            [112.6324609, -7.322013],
            [112.6312378, -7.3211404],
            [112.6294997, -7.3219704],
            [112.6288131, -7.3223109],
            [112.6244786, -7.3225876],
            [112.6216033, -7.322694],
            [112.621496, -7.3222684],
            [112.6165393, -7.3228004],
            [112.6163676, -7.3233325],
            [112.611368, -7.323822],
            [112.6113036, -7.3245669],
            [112.6103595, -7.3246946],
            [112.6101449, -7.3258864],
            [112.6066688, -7.325482],
            [112.6053169, -7.3255246],
            [112.6037934, -7.3251841],
            [112.6035145, -7.3244818],
            [112.601476, -7.3243966],
            [112.6003012, -7.3244126],
            [112.60032, -7.3253676],
            [112.5973991, -7.3253543],
            [112.5972274, -7.3257162],
            [112.5956824, -7.3256097],
            [112.5955108, -7.3248223],
            [112.5907257, -7.3250564]
          ]
        ]
      },
      "properties": { "Type": "Pertanian" }
    },
    {
      "type": "Feature",
      "geometry": {
        "type": "Polygon",
        "coordinates": [
          [
            [112.2588292, -7.6864766],
            [112.2590585, -7.686563],
            [112.2586937, -7.6873086],
            [112.258506, -7.6877219],
            [112.2600469, -7.6886895],
            [112.2600979, -7.6887068],
            [112.2601998, -7.6882961],
            [112.2602668, -7.6880104],
            [112.2603057, -7.6878362],
            [112.260346, -7.6875758],
            [112.2603714, -7.6874601],
            [112.2604546, -7.687286],
            [112.2607014, -7.6874508],
            [112.2605766, -7.6877565],
            [112.2605807, -7.687819],
            [112.2613424, -7.6882469],
            [112.2615623, -7.6883639],
            [112.2621846, -7.6888051],
            [112.2621337, -7.6889247],
            [112.2615382, -7.6904079],
            [112.2630617, -7.6910406],
            [112.2626084, -7.6923643],
            [112.2625601, -7.6923776],
            [112.2624689, -7.6923164],
            [112.2624341, -7.6922527],
            [112.2625306, -7.6919576],
            [112.2624743, -7.6919177],
            [112.2620666, -7.6917689],
            [112.2619781, -7.6919656],
            [112.2617689, -7.6918061],
            [112.261219, -7.6914287],
            [112.2610044, -7.6912745],
            [112.2607738, -7.6911442],
            [112.2606584, -7.6910937],
            [112.260464, -7.6910991],
            [112.2602762, -7.6910871],
            [112.2602306, -7.6910778],
            [112.2601341, -7.6909794],
            [112.2601126, -7.6909236],
            [112.2601126, -7.6908718],
            [112.2601005, -7.6908452],
            [112.2598793, -7.6907269],
            [112.2595131, -7.6905329],
            [112.2593616, -7.6904332],
            [112.259139, -7.6902192],
            [112.2592114, -7.6901096],
            [112.2591808, -7.6900861],
            [112.2591452, -7.6900675],
            [112.2591293, -7.6900601],
            [112.2590008, -7.6899582],
            [112.2589633, -7.6899278],
            [112.2589494, -7.68992],
            [112.2587843, -7.6897745],
            [112.2587606, -7.6897559],
            [112.2587408, -7.6897304],
            [112.2587339, -7.6897187],
            [112.2587196, -7.6896815],
            [112.2586987, -7.6896283],
            [112.2586879, -7.6896054],
            [112.2586468, -7.6895733],
            [112.2586025, -7.6895162],
            [112.2585288, -7.6893912],
            [112.258392, -7.6891068],
            [112.2582914, -7.6889075],
            [112.2581492, -7.6885805],
            [112.2581077, -7.6884649],
            [112.2581063, -7.6883785],
            [112.2581613, -7.6881619],
            [112.2582284, -7.6879147],
            [112.2583142, -7.6876555],
            [112.2584577, -7.6872727],
            [112.2588292, -7.6864766]
          ]
        ]
      },
      "properties": { "Type": "Pertanian" }
    },
    {
      "type": "Feature",
      "geometry": {
        "type": "Polygon",
        "coordinates": [
          [
            [111.898142, -7.1735459],
            [111.8979872, -7.1740953],
            [111.8987872, -7.1746048],
            [111.8986761, -7.1749106],
            [111.899041, -7.1750906],
            [111.8987872, -7.1759883],
            [111.8987139, -7.1760627],
            [111.8982887, -7.1759124],
            [111.898256, -7.1759977],
            [111.8980465, -7.1759488],
            [111.8979201, -7.1762728],
            [111.8996266, -7.1768938],
            [111.899581, -7.1772667],
            [111.8984098, -7.1768751],
            [111.8982834, -7.1772571],
            [111.8981474, -7.1774036],
            [111.8979639, -7.1778003],
            [111.8977904, -7.1784342],
            [111.897719, -7.178869],
            [111.8971425, -7.1786866],
            [111.8970688, -7.1788769],
            [111.896801, -7.1787959],
            [111.896711, -7.17913],
            [111.8973854, -7.1793215],
            [111.8972792, -7.1798553],
            [111.8966776, -7.1797288],
            [111.8965821, -7.180081],
            [111.8965089, -7.1801153],
            [111.8962385, -7.1800165],
            [111.8961019, -7.1801874],
            [111.8959497, -7.1806369],
            [111.8962647, -7.1807282],
            [111.8961515, -7.1813567],
            [111.8964539, -7.1814557],
            [111.8963676, -7.1816636],
            [111.8967799, -7.1818022],
            [111.896753, -7.1819831],
            [111.8971285, -7.1821269],
            [111.8972305, -7.1820151],
            [111.8978985, -7.1832721],
            [111.8980853, -7.1828087],
            [111.8983749, -7.1829477],
            [111.8981601, -7.1835501],
            [111.8978985, -7.1844675],
            [111.8970157, -7.1868598],
            [111.8958328, -7.1902715],
            [111.896498, -7.1904631],
            [111.896455, -7.1907824],
            [111.8971202, -7.1909953],
            [111.8971124, -7.1913592],
            [111.89882, -7.1922972],
            [111.8989279, -7.1937644],
            [111.8990521, -7.1937734],
            [111.8991217, -7.1946569],
            [111.899191, -7.1948702],
            [111.8991343, -7.1950834],
            [111.8988153, -7.1952827],
            [111.8987829, -7.1954717],
            [111.898772, -7.1956547],
            [111.8987872, -7.195882],
            [111.8987161, -7.1960651],
            [111.8986096, -7.1962405],
            [111.8983484, -7.1963322],
            [111.8981618, -7.1965555],
            [111.8972375, -7.1962699],
            [111.8969867, -7.1968807],
            [111.8956725, -7.1965475],
            [111.895203, -7.1965062],
            [111.8929263, -7.195932],
            [111.8927163, -7.1966387],
            [111.8937592, -7.196928],
            [111.8935231, -7.1978393],
            [111.8943949, -7.1980444],
            [111.8941086, -7.1993002],
            [111.8948404, -7.1994534],
            [111.8948608, -7.1993288],
            [111.8951819, -7.1994272],
            [111.8952711, -7.199521],
            [111.8951292, -7.2001823],
            [111.8961778, -7.2004571],
            [111.8960911, -7.2013102],
            [111.8965484, -7.2014965],
            [111.8963519, -7.2024194],
            [111.8961897, -7.2024633],
            [111.8959321, -7.2023942],
            [111.8957481, -7.2025262],
            [111.8955468, -7.2025121],
            [111.8955224, -7.2022901],
            [111.8949389, -7.202183],
            [111.8950247, -7.2024745],
            [111.8950381, -7.202663],
            [111.8950265, -7.2028437],
            [111.8964247, -7.2027255],
            [111.8972296, -7.2026274],
            [111.8980439, -7.2025053],
            [111.8993894, -7.2023067],
            [111.9010023, -7.2020185],
            [111.9023336, -7.2017689],
            [111.903227, -7.2015664],
            [111.9039324, -7.201367],
            [111.9051755, -7.2009484],
            [111.9086338, -7.1999523],
            [111.9107172, -7.1992543],
            [111.9117603, -7.1988946],
            [111.9128006, -7.1985217],
            [111.9139641, -7.1981399],
            [111.9150344, -7.197902],
            [111.9162475, -7.1976643],
            [111.9167255, -7.1975658],
            [111.9180438, -7.1973833],
            [111.9192121, -7.1971464],
            [111.9197712, -7.1970277],
            [111.9201977, -7.1969658],
            [111.920888, -7.1969201],
            [111.9214531, -7.196884],
            [111.9219247, -7.19685],
            [111.9224811, -7.1968609],
            [111.9231817, -7.1968903],
            [111.9240111, -7.1969357],
            [111.9240789, -7.1964543],
            [111.9238535, -7.196309],
            [111.9238468, -7.1960691],
            [111.9231776, -7.1957374],
            [111.9223915, -7.1956885],
            [111.9223372, -7.1958623],
            [111.9221161, -7.1958371],
            [111.9222643, -7.1948749],
            [111.9219378, -7.1948095],
            [111.9219392, -7.1946362],
            [111.9205887, -7.1943914],
            [111.9215771, -7.1928435],
            [111.9170675, -7.1891274],
            [111.9167982, -7.189396],
            [111.9164371, -7.1899423],
            [111.9155361, -7.1918349],
            [111.9153147, -7.1917381],
            [111.9156864, -7.1908907],
            [111.9152203, -7.1907343],
            [111.9154605, -7.1901445],
            [111.9154391, -7.1898837],
            [111.9150976, -7.1897977],
            [111.9147321, -7.1899313],
            [111.9136304, -7.1898336],
            [111.9133486, -7.1914196],
            [111.9131968, -7.1919475],
            [111.9134431, -7.1924477],
            [111.9134278, -7.1935781],
            [111.9135986, -7.1936708],
            [111.9136008, -7.193872],
            [111.9131954, -7.1940666],
            [111.9131268, -7.1938392],
            [111.9126452, -7.1935958],
            [111.9121392, -7.1935783],
            [111.9110702, -7.1932286],
            [111.9114934, -7.1905876],
            [111.9117174, -7.1891768],
            [111.9100756, -7.1890832],
            [111.9101542, -7.188388],
            [111.9095858, -7.1883127],
            [111.9098257, -7.1865767],
            [111.9102799, -7.1865493],
            [111.9104074, -7.1856627],
            [111.9100633, -7.1851472],
            [111.910237, -7.1844469],
            [111.9107532, -7.1846113],
            [111.9110621, -7.1845215],
            [111.9114847, -7.1846727],
            [111.9116226, -7.1843055],
            [111.9065047, -7.1803994],
            [111.9058312, -7.1797225],
            [111.9055863, -7.1802287],
            [111.9051124, -7.1798703],
            [111.9053899, -7.1794987],
            [111.905728, -7.1794496],
            [111.9002528, -7.1751552],
            [111.9000443, -7.1755164],
            [111.8994233, -7.1752198],
            [111.8995349, -7.1748241],
            [111.8993338, -7.1747147],
            [111.8993968, -7.1745176],
            [111.898142, -7.1735459]
          ]
        ]
      },
      "properties": { "Type": "Pertanian" }
    },
    {
      "type": "Feature",
      "geometry": {
        "type": "Polygon",
        "coordinates": [
          [
            [112.1009567, -7.1692814],
            [112.1012008, -7.1693506],
            [112.101259, -7.1691526],
            [112.101308, -7.168986],
            [112.1009272, -7.1688928],
            [112.1008574, -7.1689966],
            [112.1009996, -7.1690658],
            [112.1009799, -7.1691646],
            [112.1009567, -7.1692814]
          ]
        ]
      },
      "properties": { "Type": "Pertanian" }
    },
    {
      "type": "Feature",
      "geometry": {
        "type": "Polygon",
        "coordinates": [
          [
            [112.1006197, -7.1696749],
            [112.1007214, -7.1697106],
            [112.1011052, -7.1698452],
            [112.1012822, -7.1694594],
            [112.1007807, -7.1693103],
            [112.100668, -7.1695073],
            [112.1006197, -7.1696749]
          ]
        ]
      },
      "properties": { "Type": "Pertanian" }
    },
    {
      "type": "Feature",
      "geometry": {
        "type": "Polygon",
        "coordinates": [
          [
            [112.1021761, -7.1713708],
            [112.1023652, -7.1702837],
            [112.1023625, -7.1699191],
            [112.1021856, -7.1698722],
            [112.1016705, -7.1697367],
            [112.1019655, -7.1691766],
            [112.1020941, -7.1689954],
            [112.1021397, -7.1688464],
            [112.1022175, -7.1688251],
            [112.1022765, -7.168535],
            [112.1022389, -7.1684951],
            [112.102255, -7.1683594],
            [112.1022041, -7.1683567],
            [112.1022175, -7.1682237],
            [112.1020056, -7.1681758],
            [112.10185, -7.1681199],
            [112.1018661, -7.1680294],
            [112.101724, -7.1679469],
            [112.1017454, -7.167718],
            [112.1019144, -7.1673508],
            [112.1020807, -7.1674093],
            [112.1022765, -7.167082],
            [112.1021102, -7.1669649],
            [112.1022202, -7.1666801],
            [112.1021504, -7.1666189],
            [112.1022094, -7.1664885],
            [112.1019117, -7.1663927],
            [112.1018178, -7.1663262],
            [112.1018138, -7.1661572],
            [112.1015912, -7.1660561],
            [112.1014678, -7.166088],
            [112.1011138, -7.1659363],
            [112.1007168, -7.165782],
            [112.1004861, -7.1657367],
            [112.1004385, -7.1658959],
            [112.1008542, -7.1660529],
            [112.1011519, -7.1662126],
            [112.1011037, -7.1664707],
            [112.1014631, -7.1666038],
            [112.1013638, -7.1668566],
            [112.1007067, -7.166657],
            [112.1005002, -7.1665452],
            [112.100417, -7.1664068],
            [112.100417, -7.1661939],
            [112.1002883, -7.166162],
            [112.1002971, -7.165934],
            [112.100307, -7.165675],
            [112.1003285, -7.16551],
            [112.1003124, -7.1652465],
            [112.1004921, -7.1652199],
            [112.1005753, -7.164991],
            [112.1007094, -7.165023],
            [112.1008006, -7.1647462],
            [112.1019298, -7.1650975],
            [112.1019888, -7.164842],
            [112.101903, -7.1647941],
            [112.1018064, -7.1647808],
            [112.1017554, -7.1648793],
            [112.1013558, -7.1648234],
            [112.1011895, -7.1646637],
            [112.1009883, -7.1646264],
            [112.1009561, -7.164693],
            [112.1004599, -7.1645892],
            [112.1004894, -7.1643018],
            [112.1005833, -7.1640277],
            [112.1006691, -7.164033],
            [112.1007121, -7.1634981],
            [112.1007523, -7.1633783],
            [112.1011546, -7.163192],
            [112.1011989, -7.1628793],
            [112.101113, -7.1628447],
            [112.1011291, -7.1627063],
            [112.1012042, -7.1627063],
            [112.1012364, -7.1625121],
            [112.1013652, -7.1625174],
            [112.1013008, -7.162874],
            [112.1015315, -7.1629299],
            [112.1015824, -7.1630363],
            [112.1015476, -7.1633158],
            [112.101738, -7.163345],
            [112.1018185, -7.1625733],
            [112.1018667, -7.1625759],
            [112.1019177, -7.1621182],
            [112.102017, -7.1621022],
            [112.1025266, -7.1621714],
            [112.1027733, -7.1622539],
            [112.1028484, -7.1622326],
            [112.1027707, -7.1620836],
            [112.102422, -7.1620117],
            [112.1019392, -7.1619718],
            [112.1019671, -7.1617638],
            [112.1019767, -7.1616924],
            [112.1024515, -7.1617296],
            [112.1025024, -7.1616392],
            [112.1028887, -7.1615992],
            [112.1028967, -7.1615034],
            [112.1029906, -7.1615061],
            [112.1030013, -7.1612187],
            [112.1032615, -7.1612346],
            [112.1040393, -7.1610776],
            [112.1042754, -7.1610803],
            [112.1042754, -7.161373],
            [112.1039857, -7.161373],
            [112.1039481, -7.1614715],
            [112.1039723, -7.1616791],
            [112.1043397, -7.1621262],
            [112.1043049, -7.1624402],
            [112.1046938, -7.162552],
            [112.1047448, -7.1628953],
            [112.1048252, -7.1629272],
            [112.1047367, -7.1632466],
            [112.1047689, -7.1635047],
            [112.1051417, -7.1636591],
            [112.1052758, -7.1636005],
            [112.1053027, -7.1634249],
            [112.1055923, -7.1634435],
            [112.1056245, -7.163212],
            [112.1062709, -7.1632892],
            [112.1063621, -7.16318],
            [112.1067376, -7.1632519],
            [112.1067849, -7.1630167],
            [112.1068616, -7.162635],
            [112.1068884, -7.1622412],
            [112.1069474, -7.1621187],
            [112.1070065, -7.1617089],
            [112.1073122, -7.1617036],
            [112.1075268, -7.1615812],
            [112.1075912, -7.1613416],
            [112.1076073, -7.1610489],
            [112.1075, -7.1608999],
            [112.1067812, -7.1607562],
            [112.1068348, -7.160357],
            [112.1065129, -7.1602771],
            [112.1066363, -7.1600376],
            [112.1065934, -7.1598407],
            [112.1066846, -7.1594628],
            [112.1064539, -7.1593989],
            [112.1065022, -7.1590742],
            [112.1068455, -7.1591754],
            [112.1068777, -7.1590476],
            [112.1060999, -7.1588187],
            [112.105837, -7.1597342],
            [112.1056707, -7.1596863],
            [112.1054079, -7.1606444],
            [112.1053059, -7.1611766],
            [112.1047373, -7.160985],
            [112.1045871, -7.1609637],
            [112.1046568, -7.1606976],
            [112.1042974, -7.1605699],
            [112.1042545, -7.1607295],
            [112.1037556, -7.1605486],
            [112.1034552, -7.1605273],
            [112.1032031, -7.1605592],
            [112.1032299, -7.1607775],
            [112.1027471, -7.1608147],
            [112.1026935, -7.1606178],
            [112.1023233, -7.1606018],
            [112.1023072, -7.1604687],
            [112.1022321, -7.1604634],
            [112.1022365, -7.1602808],
            [112.1020816, -7.1602828],
            [112.102044, -7.1603653],
            [112.1017523, -7.1605536],
            [112.1016625, -7.1605216],
            [112.1014358, -7.160515],
            [112.101468, -7.1602715],
            [112.1010416, -7.1602076],
            [112.1010872, -7.1599308],
            [112.1016799, -7.1600133],
            [112.1020554, -7.1599761],
            [112.1023719, -7.160008],
            [112.1024336, -7.1599681],
            [112.1024041, -7.1598483],
            [112.1020635, -7.1598057],
            [112.1016397, -7.1598616],
            [112.1015297, -7.1597951],
            [112.1011623, -7.1597898],
            [112.1009289, -7.1597206],
            [112.1008189, -7.1596407],
            [112.1008297, -7.1591803],
            [112.1008806, -7.1588344],
            [112.1010603, -7.1586028],
            [112.101232, -7.1585869],
            [112.1015378, -7.1585549],
            [112.1017094, -7.1584751],
            [112.1017979, -7.1582249],
            [112.1017497, -7.1580253],
            [112.1015914, -7.1579721],
            [112.1012937, -7.1579056],
            [112.1013003, -7.1572588],
            [112.1013271, -7.1569501],
            [112.1014612, -7.1564817],
            [112.1013486, -7.1562262],
            [112.1013754, -7.1557631],
            [112.1014773, -7.155348],
            [112.101472, -7.1550659],
            [112.1014773, -7.1542728],
            [112.1016704, -7.1535436],
            [112.1017295, -7.1529208],
            [112.101885, -7.1522342],
            [112.1019118, -7.151654],
            [112.1019977, -7.1512069],
            [112.1023034, -7.1507545],
            [112.1165245, -7.1507705],
            [112.1164964, -7.157968],
            [112.1161799, -7.1578988],
            [112.1160404, -7.1586813],
            [112.1155737, -7.1586174],
            [112.1154932, -7.1589846],
            [112.1151499, -7.1589687],
            [112.1150533, -7.1595542],
            [112.116491, -7.1597671],
            [112.1164794, -7.1632013],
            [112.1164902, -7.1677574],
            [112.1128745, -7.1677787],
            [112.1128423, -7.1771143],
            [112.1105417, -7.1770708],
            [112.1105384, -7.1876589],
            [112.09909, -7.187657],
            [112.0991517, -7.1874734],
            [112.0993609, -7.1874627],
            [112.099428, -7.1873403],
            [112.0995541, -7.1869891],
            [112.0995138, -7.186832],
            [112.0996077, -7.1865925],
            [112.099804, -7.1865455],
            [112.0998458, -7.1863989],
            [112.1005593, -7.1865479],
            [112.1007256, -7.1856431],
            [112.1008919, -7.1856644],
            [112.1009777, -7.1852227],
            [112.1021579, -7.1853664],
            [112.1024261, -7.1842966],
            [112.1020667, -7.1842168],
            [112.1020881, -7.183956],
            [112.1017931, -7.1838974],
            [112.1017663, -7.1838016],
            [112.1014337, -7.1837803],
            [112.1014069, -7.1838335],
            [112.1010528, -7.1838335],
            [112.1011172, -7.183312],
            [112.1009133, -7.1832108],
            [112.1008031, -7.1831948],
            [112.100511, -7.1831523],
            [112.1005164, -7.182966],
            [112.1025374, -7.1831244],
            [112.1025374, -7.1825948],
            [112.1022021, -7.1825868],
            [112.1022129, -7.1827598],
            [112.1016389, -7.1827225],
            [112.1016389, -7.1825841],
            [112.1007591, -7.1825362],
            [112.1007618, -7.1823633],
            [112.1011722, -7.1823766],
            [112.1011856, -7.1822142],
            [112.1008128, -7.1822116],
            [112.1007993, -7.1820439],
            [112.1011614, -7.1820492],
            [112.1011668, -7.181682],
            [112.1013519, -7.181674],
            [112.1013492, -7.1814718],
            [112.1009925, -7.1814638],
            [112.1009817, -7.1813174],
            [112.1010729, -7.1813148],
            [112.1010729, -7.1811258],
            [112.1011373, -7.1811232],
            [112.1011507, -7.1807266],
            [112.1008503, -7.1807506],
            [112.1008423, -7.1803567],
            [112.1010702, -7.1803381],
            [112.1010702, -7.1801758],
            [112.1010327, -7.1799842],
            [112.1016577, -7.1799975],
            [112.1018561, -7.1799203],
            [112.1018803, -7.1793641],
            [112.1019742, -7.1793641],
            [112.1019239, -7.1786702],
            [112.10172, -7.1785611],
            [112.1016181, -7.1785584],
            [112.1016369, -7.1782923],
            [112.1019936, -7.1782444],
            [112.1020016, -7.1779517],
            [112.1016476, -7.1779677],
            [112.1016208, -7.1777761],
            [112.1014169, -7.1776803],
            [112.1014679, -7.1774541],
            [112.1011997, -7.1774274],
            [112.1010602, -7.1773662],
            [112.1011997, -7.1770815],
            [112.1006742, -7.1769214],
            [112.1000463, -7.1767302],
            [112.0999457, -7.1764308],
            [112.0997821, -7.1764548],
            [112.0997312, -7.1764308],
            [112.0999565, -7.1758454],
            [112.1003829, -7.1758533],
            [112.1004983, -7.1755846],
            [112.1005385, -7.1753344],
            [112.1004849, -7.1751934],
            [112.1003963, -7.1751827],
            [112.1003212, -7.1749539],
            [112.1005197, -7.1749645],
            [112.1005653, -7.174741],
            [112.1004151, -7.1746319],
            [112.1002864, -7.1745866],
            [112.1003695, -7.174254],
            [112.1005492, -7.1741395],
            [112.1007799, -7.1738175],
            [112.1016516, -7.1739878],
            [112.101724, -7.1737403],
            [112.1019048, -7.1733011],
            [112.1019332, -7.1732321],
            [112.1020137, -7.1728808],
            [112.1020366, -7.1725577],
            [112.10205, -7.1721532],
            [112.1020876, -7.1718471],
            [112.1021761, -7.1713708]
          ]
        ]
      },
      "properties": { "Type": "Pertanian" }
    },
    {
      "type": "Feature",
      "geometry": {
        "type": "Polygon",
        "coordinates": [
          [
            [112.1002288, -7.1717966],
            [112.1001671, -7.172249],
            [112.1005319, -7.1723341],
            [112.1006821, -7.1720068],
            [112.1002288, -7.1717966]
          ]
        ]
      },
      "properties": { "Type": "Pertanian" }
    },
    {
      "type": "Feature",
      "geometry": {
        "type": "Polygon",
        "coordinates": [
          [
            [112.0927821, -7.1876644],
            [112.0964742, -7.1876525],
            [112.0964822, -7.1876152],
            [112.0969596, -7.187703],
            [112.0969999, -7.1875593],
            [112.0973808, -7.1876205],
            [112.0973942, -7.1876658],
            [112.0989667, -7.1876543],
            [112.0990981, -7.1873377],
            [112.0992778, -7.1873536],
            [112.0993314, -7.1871727],
            [112.0993904, -7.1869199],
            [112.0994387, -7.1866617],
            [112.0991356, -7.18655],
            [112.0991517, -7.1862599],
            [112.0990498, -7.1862067],
            [112.0989345, -7.1860443],
            [112.0987655, -7.1860204],
            [112.0987172, -7.1859512],
            [112.098846, -7.1854828],
            [112.0989895, -7.1853325],
            [112.0991745, -7.1848136],
            [112.0985817, -7.1846846],
            [112.0986139, -7.1843813],
            [112.0980587, -7.1842961],
            [112.0980319, -7.1844185],
            [112.0978066, -7.1844558],
            [112.0977905, -7.1845516],
            [112.0970636, -7.1844025],
            [112.0971923, -7.1837639],
            [112.0977234, -7.1838251],
            [112.0977958, -7.1837665],
            [112.0978575, -7.1835616],
            [112.0982169, -7.1836282],
            [112.0982223, -7.1836627],
            [112.0987426, -7.1837426],
            [112.0987239, -7.1838597],
            [112.0989304, -7.1838943],
            [112.0991423, -7.1839993],
            [112.0992362, -7.183978],
            [112.0992899, -7.1836373],
            [112.0991772, -7.183475],
            [112.0991262, -7.1833446],
            [112.0991611, -7.183153],
            [112.0993194, -7.1830173],
            [112.0993918, -7.1828656],
            [112.099314, -7.1827884],
            [112.0992416, -7.1826101],
            [112.0993515, -7.1821125],
            [112.0988942, -7.1820807],
            [112.0987762, -7.1826954],
            [112.0981137, -7.1825278],
            [112.0979869, -7.1830992],
            [112.0976626, -7.1830461],
            [112.0975886, -7.1831964],
            [112.0974491, -7.1832922],
            [112.0972078, -7.1833427],
            [112.0967947, -7.1833161],
            [112.0968108, -7.1831352],
            [112.096328, -7.1830074],
            [112.0961402, -7.1831192],
            [112.0960598, -7.1833906],
            [112.0960169, -7.1835743],
            [112.0958479, -7.1837925],
            [112.0955153, -7.1836914],
            [112.0953999, -7.1837685],
            [112.0951827, -7.1837446],
            [112.0947911, -7.1836089],
            [112.0946462, -7.183867],
            [112.0947079, -7.1839761],
            [112.0945953, -7.1840506],
            [112.0945282, -7.1842795],
            [112.0946167, -7.184322],
            [112.0948528, -7.1843912],
            [112.0947213, -7.1848543],
            [112.0947455, -7.1849767],
            [112.0947241, -7.1851303],
            [112.0946757, -7.185477],
            [112.0947696, -7.1855754],
            [112.0947938, -7.1857697],
            [112.0948072, -7.1858602],
            [112.0949681, -7.1858708],
            [112.0950808, -7.1859986],
            [112.0950888, -7.186113],
            [112.095231, -7.1861609],
            [112.0952202, -7.186411],
            [112.0950137, -7.1863419],
            [112.0949413, -7.1865494],
            [112.0947294, -7.1864989],
            [112.0946838, -7.1865547],
            [112.0944102, -7.1865175],
            [112.0942976, -7.1864616],
            [112.0943056, -7.1863871],
            [112.0941071, -7.1862487],
            [112.0940562, -7.18627],
            [112.0939462, -7.1862248],
            [112.0937075, -7.1858868],
            [112.0935197, -7.1858362],
            [112.0934044, -7.1859081],
            [112.0933346, -7.1858708],
            [112.0927338, -7.1858895],
            [112.092538, -7.1860252],
            [112.0923959, -7.186129],
            [112.0922242, -7.1863765],
            [112.0920579, -7.1864536],
            [112.0919265, -7.1864909],
            [112.0923637, -7.1868262],
            [112.0925058, -7.1868901],
            [112.0925809, -7.1868182],
            [112.0928089, -7.1869513],
            [112.0926829, -7.1871775],
            [112.0926882, -7.1874063],
            [112.0928277, -7.187401],
            [112.0927821, -7.1876644]
          ]
        ]
      },
      "properties": { "Type": "Pertanian" }
    },
    {
      "type": "Feature",
      "geometry": {
        "type": "Polygon",
        "coordinates": [
          [
            [112.099019, -7.177176],
            [112.0992738, -7.1771787],
            [112.0992416, -7.1766039],
            [112.0989358, -7.176532],
            [112.0988473, -7.1771441],
            [112.099019, -7.177176]
          ]
        ]
      },
      "properties": { "Type": "Pertanian" }
    },
    {
      "type": "Feature",
      "geometry": {
        "type": "Polygon",
        "coordinates": [
          [
            [112.1840593, -7.1005511],
            [112.1841022, -7.1005138],
            [112.1845904, -7.1005511],
            [112.1845662, -7.1011845],
            [112.1844402, -7.1011899],
            [112.1842014, -7.1011553],
            [112.1839735, -7.101126],
            [112.1839493, -7.1010328],
            [112.1839466, -7.1009556],
            [112.1839976, -7.1008918],
            [112.1840754, -7.1007879],
            [112.1840968, -7.1006868],
            [112.1840834, -7.100607],
            [112.1840593, -7.1005511]
          ]
        ]
      },
      "properties": { "Type": "Pertanian" }
    },
    {
      "type": "Feature",
      "geometry": {
        "type": "Polygon",
        "coordinates": [
          [
            [112.185269, -7.101088],
            [112.1852991, -7.1010634],
            [112.185328, -7.1010554],
            [112.1853722, -7.1010501],
            [112.1855003, -7.1010415],
            [112.1862527, -7.1011034],
            [112.1862889, -7.1013881],
            [112.1862929, -7.1014214],
            [112.1864149, -7.1014281],
            [112.1864538, -7.1018672],
            [112.1859281, -7.1019351],
            [112.1856787, -7.101991],
            [112.1854373, -7.1020309],
            [112.185417, -7.101986],
            [112.1853987, -7.1018983],
            [112.1853659, -7.1017446],
            [112.1853568, -7.1016994],
            [112.1853417, -7.1016412],
            [112.1853209, -7.1015607],
            [112.1853149, -7.1015327],
            [112.1852693, -7.1011634],
            [112.185269, -7.101088]
          ]
        ]
      },
      "properties": { "Type": "Pertanian" }
    },
    {
      "type": "Feature",
      "geometry": {
        "type": "Polygon",
        "coordinates": [
          [
            [112.1842444, -7.1012058],
            [112.1842444, -7.1013895],
            [112.184247, -7.1016104],
            [112.1841988, -7.1016184],
            [112.1840647, -7.1015997],
            [112.1837374, -7.1015678],
            [112.1837106, -7.1022918],
            [112.1837616, -7.1022864],
            [112.1839976, -7.1022439],
            [112.1841612, -7.1022172],
            [112.1845126, -7.1021534],
            [112.1848344, -7.1021028],
            [112.1852019, -7.1020416],
            [112.1853414, -7.1020309],
            [112.1853816, -7.1019857],
            [112.1852931, -7.1015492],
            [112.1852368, -7.1010807],
            [112.1851644, -7.1008971],
            [112.1851429, -7.1008119],
            [112.184982, -7.1008013],
            [112.1846226, -7.1007906],
            [112.1846118, -7.1011899],
            [112.1845984, -7.1012271],
            [112.1845179, -7.1012271],
            [112.1842444, -7.1012058]
          ]
        ]
      },
      "properties": { "Type": "Pertanian" }
    },
    {
      "type": "Feature",
      "geometry": {
        "type": "Polygon",
        "coordinates": [
          [
            [112.1837455, -7.1011686],
            [112.1842068, -7.1011925],
            [112.1842149, -7.1015678],
            [112.1840647, -7.1015598],
            [112.1839305, -7.1015492],
            [112.1837213, -7.1015252],
            [112.1837133, -7.10148],
            [112.1837294, -7.1013016],
            [112.1837455, -7.1011686]
          ]
        ]
      },
      "properties": { "Type": "Pertanian" }
    },
    {
      "type": "Feature",
      "geometry": {
        "type": "Polygon",
        "coordinates": [
          [
            [112.2371933, -7.1015025],
            [112.2371774, -7.1015712],
            [112.2371295, -7.1020412],
            [112.2375073, -7.1020412],
            [112.2378, -7.1020834],
            [112.2379065, -7.1020518],
            [112.237965, -7.1017402],
            [112.2379757, -7.1015659],
            [112.2371933, -7.1015025]
          ]
        ]
      },
      "properties": { "Type": "Pertanian" }
    },
    {
      "type": "Feature",
      "geometry": {
        "type": "Polygon",
        "coordinates": [
          [
            [112.7167045, -7.2361929],
            [112.7163105, -7.2360405],
            [112.7161301, -7.2360777],
            [112.7160184, -7.2360351],
            [112.7157881, -7.2360119],
            [112.7156545, -7.2360757],
            [112.7154984, -7.2361975],
            [112.7153784, -7.2361516],
            [112.7153571, -7.2361169],
            [112.7150655, -7.2360427],
            [112.71491, -7.2359847],
            [112.714734, -7.2359227],
            [112.7147113, -7.2359611],
            [112.7146529, -7.2359247],
            [112.7143129, -7.2356833],
            [112.7143641, -7.2355965],
            [112.7141305, -7.2353813],
            [112.7140768, -7.2354624],
            [112.713932, -7.2353447],
            [112.7136316, -7.2351196],
            [112.7135176, -7.2350433],
            [112.7133989, -7.2349668],
            [112.7131964, -7.2348418],
            [112.7130616, -7.2346987],
            [112.7128222, -7.2344985],
            [112.7126883, -7.2343467],
            [112.7124823, -7.2340921],
            [112.7122858, -7.2338346],
            [112.7121961, -7.2336849],
            [112.7121839, -7.2335785],
            [112.7121993, -7.2334408],
            [112.7122476, -7.2330823],
            [112.7123247, -7.2325268],
            [112.7124387, -7.2325348],
            [112.7124588, -7.2322142],
            [112.7123777, -7.2321996],
            [112.7125232, -7.2316461],
            [112.7126233, -7.2315197],
            [112.7128112, -7.2314991],
            [112.713013, -7.2315025],
            [112.7140396, -7.2317912],
            [112.7143742, -7.2318723],
            [112.7151052, -7.2320354],
            [112.7155155, -7.2321191],
            [112.7159359, -7.232189],
            [112.7162035, -7.2322029],
            [112.716296, -7.2321431],
            [112.7163396, -7.2320356],
            [112.7163778, -7.2319395],
            [112.7164531, -7.2318065],
            [112.7164989, -7.2317877],
            [112.7166132, -7.2317918],
            [112.7168445, -7.2318384],
            [112.7173944, -7.2319262],
            [112.717381, -7.2320393],
            [112.7177035, -7.2321055],
            [112.7177196, -7.232002],
            [112.7179979, -7.2320619],
            [112.7182406, -7.2321072],
            [112.7185249, -7.232175],
            [112.7188307, -7.2322615],
            [112.7189058, -7.2322748],
            [112.719005, -7.2323001],
            [112.7190855, -7.2323054],
            [112.7191502, -7.2322634],
            [112.7191932, -7.232197],
            [112.7193736, -7.2318328],
            [112.7197174, -7.2318668],
            [112.7195733, -7.2321775],
            [112.7195626, -7.2322421],
            [112.7195676, -7.2322921],
            [112.7195777, -7.2323307],
            [112.7197634, -7.2324331],
            [112.7199485, -7.2325043],
            [112.7201135, -7.2325628],
            [112.7201946, -7.2325841],
            [112.7202201, -7.2325968],
            [112.7202322, -7.2326107],
            [112.7202442, -7.232638],
            [112.7202348, -7.2328974],
            [112.720204, -7.2331848],
            [112.7201946, -7.2334788],
            [112.7201738, -7.233695],
            [112.7201262, -7.2337496],
            [112.7201148, -7.2337768],
            [112.7201081, -7.2338144],
            [112.7201557, -7.2340137],
            [112.7201852, -7.234184],
            [112.7202576, -7.2343276],
            [112.7202724, -7.2344407],
            [112.7202483, -7.2346137],
            [112.7201959, -7.2348172],
            [112.720094, -7.235227],
            [112.7200203, -7.2354106],
            [112.7199036, -7.2357139],
            [112.7198473, -7.2358989],
            [112.7198043, -7.2360093],
            [112.7196914, -7.236227],
            [112.7194768, -7.2364313],
            [112.7190685, -7.2366564],
            [112.7190496, -7.2365346],
            [112.7187258, -7.2365786],
            [112.7187457, -7.2366835],
            [112.7183287, -7.2366449],
            [112.7180361, -7.2365989],
            [112.7177783, -7.2365271],
            [112.7175113, -7.2364654],
            [112.7171508, -7.2363292],
            [112.7169551, -7.2362704],
            [112.7168246, -7.23621],
            [112.7167045, -7.2361929]
          ]
        ]
      },
      "properties": { "Type": "Air" }
    },
    {
      "type": "Feature",
      "geometry": {
        "type": "Polygon",
        "coordinates": [
          [
            [114.3035549, -8.611186],
            [114.3044239, -8.6110056],
            [114.3053573, -8.6105442],
            [114.305824, -8.6101517],
            [114.3063766, -8.6094887],
            [114.3069076, -8.6087514],
            [114.3074548, -8.6080407],
            [114.3079483, -8.6072292],
            [114.3083346, -8.6066617],
            [114.309091, -8.6059032],
            [114.310137, -8.6052879],
            [114.3111241, -8.6047628],
            [114.3125188, -8.6044127],
            [114.3150079, -8.6041263],
            [114.3161344, -8.6049856],
            [114.3167353, -8.6060358],
            [114.3177438, -8.6074466],
            [114.3189132, -8.6086666],
            [114.3202972, -8.6092818],
            [114.3217134, -8.609738],
            [114.3228292, -8.6100138],
            [114.3240309, -8.6097486],
            [114.3251252, -8.6091439],
            [114.3265307, -8.6081892],
            [114.3274319, -8.6076906],
            [114.3281132, -8.6075156],
            [114.3289071, -8.6074201],
            [114.3296421, -8.6075368],
            [114.3303823, -8.6078338],
            [114.3311119, -8.608343],
            [114.331761, -8.6089424],
            [114.3320882, -8.6093932],
            [114.3322545, -8.6099289],
            [114.332335, -8.610507],
            [114.3322599, -8.6114565],
            [114.3321526, -8.6123369],
            [114.3319702, -8.6130954],
            [114.3316913, -8.6138061],
            [114.3315571, -8.6142622],
            [114.3315732, -8.6146282],
            [114.3313694, -8.6151268],
            [114.3311226, -8.6155882],
            [114.3306935, -8.6159966],
            [114.3304092, -8.6162247],
            [114.3298244, -8.6164527],
            [114.3293256, -8.6167551],
            [114.328891, -8.6170362],
            [114.3285692, -8.6172854],
            [114.3282098, -8.6177416],
            [114.3279952, -8.6181181],
            [114.3273836, -8.618919],
            [114.3271959, -8.6191842],
            [114.3271315, -8.6195714],
            [114.3272388, -8.6200647],
            [114.3273836, -8.6205367],
            [114.327684, -8.621014],
            [114.3279576, -8.6213588],
            [114.3284029, -8.6218202],
            [114.3287891, -8.6221703],
            [114.3295294, -8.622515],
            [114.3300015, -8.622698],
            [114.3307015, -8.6227935],
            [114.3313426, -8.6228359],
            [114.3318549, -8.6229605],
            [114.3330082, -8.6233451],
            [114.3334964, -8.6235307],
            [114.3332604, -8.6233954],
            [114.3327615, -8.623231],
            [114.3322974, -8.6230401],
            [114.3317932, -8.6228518],
            [114.331364, -8.6227033],
            [114.3308946, -8.6226953],
            [114.3302509, -8.6225813],
            [114.3298379, -8.6224832],
            [114.329296, -8.6222896],
            [114.3287462, -8.6220165],
            [114.3284351, -8.6217301],
            [114.3280756, -8.6213482],
            [114.327794, -8.6209133],
            [114.3275499, -8.6205924],
            [114.327389, -8.6203192],
            [114.3272683, -8.6200302],
            [114.3272388, -8.6196934],
            [114.3273917, -8.6191285],
            [114.3276626, -8.618805],
            [114.3278852, -8.6184735],
            [114.3281856, -8.6180572],
            [114.3284324, -8.6176567],
            [114.3286523, -8.6174286],
            [114.3289581, -8.6171051],
            [114.3294167, -8.6168585],
            [114.3301409, -8.6164421],
            [114.3304574, -8.6163016],
            [114.3308517, -8.6160099],
            [114.3311226, -8.6157712],
            [114.3313748, -8.6154768],
            [114.331525, -8.6151162],
            [114.3316618, -8.6147767],
            [114.3317181, -8.6144903],
            [114.33182, -8.6142437],
            [114.3318495, -8.6139307],
            [114.331997, -8.6134958],
            [114.3321875, -8.6128673],
            [114.3323189, -8.6123449],
            [114.332445, -8.6118171],
            [114.332512, -8.6110268],
            [114.3324932, -8.6106317],
            [114.3325201, -8.610157],
            [114.332453, -8.6099581],
            [114.3322813, -8.6094277],
            [114.3321526, -8.6091996],
            [114.3319005, -8.6088071],
            [114.3316001, -8.6084783],
            [114.3310663, -8.6080884],
            [114.3306264, -8.6077596],
            [114.329972, -8.6074758],
            [114.3294409, -8.6072637],
            [114.3289393, -8.6072053],
            [114.3280917, -8.6072822],
            [114.3271235, -8.6075554],
            [114.3263939, -8.6078577],
            [114.3257663, -8.6082714],
            [114.3253505, -8.6086029],
            [114.3248677, -8.6090272],
            [114.3240792, -8.6094303],
            [114.32354, -8.6096345],
            [114.322958, -8.6096743],
            [114.3210268, -8.6092394],
            [114.3198573, -8.608465],
            [114.318527, -8.6071708],
            [114.3168104, -8.6048371],
            [114.3159252, -8.6039089],
            [114.3144876, -8.603649],
            [114.3123847, -8.6037179],
            [114.3117437, -8.6038001],
            [114.3109149, -8.6039168],
            [114.3104321, -8.6040441],
            [114.3096462, -8.6042908],
            [114.3090481, -8.6046435],
            [114.3084097, -8.6052349],
            [114.3078625, -8.605699],
            [114.3074521, -8.6062586],
            [114.3069962, -8.6068712],
            [114.3065214, -8.6077198],
            [114.3060547, -8.6086904],
            [114.3057087, -8.6092182],
            [114.3054083, -8.6095842],
            [114.3049309, -8.6099528],
            [114.3044615, -8.6102578],
            [114.303984, -8.6103824],
            [114.3028521, -8.6104593],
            [114.3017799, -8.6105756],
            [114.2977667, -8.6096637],
            [114.2962217, -8.6085817],
            [114.2945909, -8.6076482],
            [114.2930031, -8.6073512],
            [114.2915225, -8.6073936],
            [114.2899132, -8.6066935],
            [114.2871022, -8.6048477],
            [114.2841048, -8.6017587],
            [114.2805889, -8.5989157],
            [114.2784205, -8.5971393],
            [114.2758629, -8.5954515],
            [114.272531, -8.5937139],
            [114.2696255, -8.5929827],
            [114.2661917, -8.5922514],
            [114.2631805, -8.5907366],
            [114.2604863, -8.5896396],
            [114.2592713, -8.5885427],
            [114.2567356, -8.5865055],
            [114.2555355, -8.5860271],
            [114.2528859, -8.5855562],
            [114.2507152, -8.5854991],
            [114.2466475, -8.584811],
            [114.2447662, -8.5855193],
            [114.2430221, -8.5876023],
            [114.2413033, -8.5878474],
            [114.2397922, -8.5883028],
            [114.2384101, -8.5888233],
            [114.2363159, -8.5901337],
            [114.234513, -8.5913208],
            [114.2320119, -8.592659],
            [114.2312727, -8.5927737],
            [114.229762, -8.5925527],
            [114.228855, -8.5925971],
            [114.2277415, -8.5927398],
            [114.2270073, -8.5924546],
            [114.2263753, -8.5924619],
            [114.2261597, -8.5925183],
            [114.2260404, -8.592725],
            [114.2259698, -8.5928316],
            [114.2258964, -8.5929819],
            [114.2257459, -8.5931803],
            [114.2250305, -8.594075],
            [114.2248435, -8.594715],
            [114.2252532, -8.595242],
            [114.2271119, -8.597414],
            [114.227289, -8.5976553],
            [114.2274231, -8.5979895],
            [114.2274546, -8.5983471],
            [114.2274801, -8.5983984],
            [114.2274757, -8.5984664],
            [114.2274446, -8.5985132],
            [114.2273906, -8.5985427],
            [114.2273242, -8.5985412],
            [114.2272722, -8.59851],
            [114.2272425, -8.598461],
            [114.2272403, -8.5983967],
            [114.2272621, -8.5983449],
            [114.2272165, -8.5980001],
            [114.22712, -8.5977402],
            [114.2269778, -8.5975201],
            [114.225288, -8.5955204],
            [114.2251888, -8.5954196],
            [114.2251325, -8.5954196],
            [114.2248374, -8.5956636],
            [114.2247274, -8.5959448],
            [114.2248374, -8.595958],
            [114.2247677, -8.5966131],
            [114.2246738, -8.5966104],
            [114.2245974, -8.5972363],
            [114.2246161, -8.5973278],
            [114.2247073, -8.5974684],
            [114.2249675, -8.5977084],
            [114.2250332, -8.5977031],
            [114.2260846, -8.5989893],
            [114.2259988, -8.5990636],
            [114.2261168, -8.5991909],
            [114.2261437, -8.5993659],
            [114.2265674, -8.5993712],
            [114.2268088, -8.5993341],
            [114.2270905, -8.5992598],
            [114.2272771, -8.5991605],
            [114.2273418, -8.5991315],
            [114.2274044, -8.5991409],
            [114.2274533, -8.5991808],
            [114.227474, -8.5992357],
            [114.2274536, -8.5993146],
            [114.2273992, -8.5993572],
            [114.226951, -8.5994879],
            [114.2266345, -8.5995436],
            [114.2260739, -8.599541],
            [114.2255455, -8.5993845],
            [114.2240301, -8.5975678],
            [114.2240381, -8.5970719],
            [114.2238638, -8.597056],
            [114.2238396, -8.5972363],
            [114.2233729, -8.5971727],
            [114.223212, -8.5974564],
            [114.2231719, -8.5976362],
            [114.2225647, -8.6005258],
            [114.224081, -8.6020365],
            [114.224301, -8.60201],
            [114.2245853, -8.6020365],
            [114.2247623, -8.6020259],
            [114.2249608, -8.6019464],
            [114.22517, -8.6018403],
            [114.2253578, -8.6017819],
            [114.2256367, -8.6018191],
            [114.2258137, -8.6019305],
            [114.2258781, -8.602079],
            [114.2259425, -8.6022699],
            [114.226039, -8.6024874],
            [114.226082, -8.6025722],
            [114.2261678, -8.6027738],
            [114.2262214, -8.6029117],
            [114.2262644, -8.603092],
            [114.2262429, -8.6033095],
            [114.2264897, -8.6035164],
            [114.2266291, -8.603649],
            [114.2266667, -8.6038558],
            [114.2267311, -8.6040256],
            [114.2267793, -8.6041741],
            [114.2270987, -8.6048982],
            [114.2276752, -8.6056274],
            [114.2278576, -8.6057759],
            [114.2280561, -8.6058767],
            [114.2283297, -8.6059774],
            [114.2284369, -8.6060464],
            [114.2285143, -8.6061345],
            [114.2285657, -8.6063381],
            [114.228614, -8.6064548],
            [114.2287461, -8.6065435],
            [114.2301428, -8.6050492],
            [114.2286193, -8.604243],
            [114.2289321, -8.6036176],
            [114.2285711, -8.6040892],
            [114.2284584, -8.604068],
            [114.2280132, -8.6040998],
            [114.2278629, -8.604068],
            [114.2277557, -8.6039672],
            [114.2276645, -8.603824],
            [114.2277235, -8.6036065],
            [114.2278951, -8.603405],
            [114.2279917, -8.6032618],
            [114.2281848, -8.6031345],
            [114.2283457, -8.6029966],
            [114.2287803, -8.6025192],
            [114.2288554, -8.6023548],
            [114.2288661, -8.6022593],
            [114.2289412, -8.6019411],
            [114.2290378, -8.6017183],
            [114.229086, -8.6014717],
            [114.229188, -8.6013523],
            [114.2293113, -8.6012595],
            [114.2294642, -8.6011693],
            [114.2296091, -8.6012436],
            [114.2296976, -8.6012489],
            [114.2297593, -8.6012436],
            [114.2298424, -8.6012436],
            [114.230057, -8.6010288],
            [114.2302501, -8.6008166],
            [114.2303789, -8.6005408],
            [114.2306471, -8.5991723],
            [114.2306578, -8.5987374],
            [114.2306471, -8.5982282],
            [114.2307007, -8.5979524],
            [114.2308617, -8.5976341],
            [114.2310333, -8.5973159],
            [114.2311191, -8.5971992],
            [114.2314732, -8.5971674],
            [114.2316127, -8.5969976],
            [114.2316341, -8.5968491],
            [114.2316878, -8.5965521],
            [114.2317414, -8.5963399],
            [114.2320204, -8.5957989],
            [114.2322993, -8.5953958],
            [114.2325783, -8.5952154],
            [114.2328787, -8.5951093],
            [114.2330074, -8.5950669],
            [114.2335117, -8.5949396],
            [114.2343056, -8.594632],
            [114.2347455, -8.5944941],
            [114.2351103, -8.594388],
            [114.2356467, -8.5943137],
            [114.2363977, -8.5941546],
            [114.2367411, -8.5940697],
            [114.2401017, -8.5941551],
            [114.2437291, -8.5929595],
            [114.2449403, -8.5927751],
            [114.2467744, -8.5927306],
            [114.2482908, -8.5924178],
            [114.2559694, -8.5923692],
            [114.257839, -8.5928849],
            [114.2605013, -8.5939044],
            [114.2629613, -8.59466],
            [114.2632444, -8.5947469],
            [114.2648933, -8.5953984],
            [114.2674738, -8.5958307],
            [114.2697291, -8.5959242],
            [114.2710056, -8.5962049],
            [114.2770763, -8.5985827],
            [114.2803945, -8.600397],
            [114.2826859, -8.6022268],
            [114.2856305, -8.6047906],
            [114.2881552, -8.6066059],
            [114.2891621, -8.6073299],
            [114.2909646, -8.6080301],
            [114.293282, -8.6083059],
            [114.2949772, -8.6090484],
            [114.2969727, -8.6103002],
            [114.2994404, -8.6110852],
            [114.3030399, -8.6112072],
            [114.3035549, -8.611186]
          ]
        ]
      },
      "properties": { "Type": "Air" }
    },
    {
      "type": "Feature",
      "geometry": {
        "type": "Polygon",
        "coordinates": [
          [
            [112.7071416, -7.3095313],
            [112.7065966, -7.3096922],
            [112.7054787, -7.3099269],
            [112.7043524, -7.3102091],
            [112.7040219, -7.3102868],
            [112.703641, -7.3104331],
            [112.7032977, -7.3106592],
            [112.703186, -7.3107828],
            [112.7030717, -7.3109559],
            [112.7029754, -7.3111453],
            [112.7029288, -7.3112647],
            [112.7028641, -7.3115392],
            [112.70281, -7.3119688],
            [112.7027764, -7.3123895],
            [112.7027346, -7.3128244],
            [112.7027189, -7.3132905],
            [112.7027294, -7.3134432],
            [112.7026693, -7.3136685],
            [112.7022204, -7.3144944],
            [112.7019097, -7.315007],
            [112.7015169, -7.3156802],
            [112.7004675, -7.3174408],
            [112.6999116, -7.3183806],
            [112.6994547, -7.3191107],
            [112.6991598, -7.3194188],
            [112.6990162, -7.3195871],
            [112.6987682, -7.3197968],
            [112.6985359, -7.3199418],
            [112.698361, -7.3200402],
            [112.6982514, -7.3200738],
            [112.698047, -7.320124],
            [112.6977037, -7.3202197],
            [112.6966952, -7.3203235],
            [112.6964956, -7.3203395],
            [112.6962634, -7.3203581],
            [112.6954936, -7.3204379],
            [112.6953729, -7.3204352],
            [112.6952656, -7.3204059],
            [112.6951959, -7.3203607],
            [112.6951583, -7.3203554],
            [112.6950457, -7.3203607],
            [112.6939218, -7.3204193],
            [112.6938145, -7.3204193],
            [112.6937501, -7.3204405],
            [112.6936911, -7.3204937],
            [112.6936509, -7.3205682],
            [112.6935946, -7.3205948],
            [112.6935195, -7.3206055],
            [112.6931992, -7.320631],
            [112.693085, -7.3206401],
            [112.6919531, -7.3207145],
            [112.6915749, -7.3207119],
            [112.6914971, -7.3206879],
            [112.6914274, -7.3206401],
            [112.6913442, -7.3205975],
            [112.6912181, -7.3205762],
            [112.6907809, -7.3205629],
            [112.6895123, -7.320515],
            [112.6886459, -7.3204884],
            [112.6885842, -7.3204937],
            [112.6884903, -7.3205257],
            [112.6884045, -7.3205576],
            [112.6882999, -7.3205789],
            [112.6880987, -7.3205736],
            [112.6877575, -7.3205431],
            [112.6875328, -7.320523],
            [112.6874014, -7.3204725],
            [112.6873021, -7.3203953],
            [112.686476, -7.3202995],
            [112.6861162, -7.3202617],
            [112.6859638, -7.3202457],
            [112.685387, -7.3201851],
            [112.6854273, -7.3200079],
            [112.6854452, -7.3199193],
            [112.6859187, -7.3199419],
            [112.6863746, -7.3199632],
            [112.6870398, -7.3199831],
            [112.6873241, -7.3199991],
            [112.6873831, -7.3199991],
            [112.687422, -7.3200097],
            [112.6874435, -7.320035],
            [112.6874395, -7.3201441],
            [112.6874489, -7.320192],
            [112.687465, -7.3202159],
            [112.6874891, -7.3202319],
            [112.6875508, -7.3202478],
            [112.6876897, -7.320261],
            [112.6877627, -7.3202531],
            [112.6878054, -7.3202493],
            [112.6878391, -7.3202385],
            [112.6879035, -7.3201866],
            [112.6879491, -7.3201587],
            [112.6880102, -7.3201519],
            [112.6891086, -7.3202224],
            [112.68924, -7.3202303],
            [112.6894076, -7.3201506],
            [112.6895002, -7.3201426],
            [112.6896147, -7.320152],
            [112.6897121, -7.3201533],
            [112.690219, -7.3201905],
            [112.6909862, -7.3202636],
            [112.6916915, -7.3203142],
            [112.6924064, -7.3203168],
            [112.6931293, -7.3202823],
            [112.6932149, -7.3202825],
            [112.6939164, -7.3202343],
            [112.6953755, -7.3201226],
            [112.6958476, -7.3200854],
            [112.6960247, -7.3200681],
            [112.6970332, -7.3200202],
            [112.6975187, -7.3199617],
            [112.697693, -7.3199324],
            [112.6979612, -7.3198553],
            [112.6982436, -7.3197631],
            [112.6984576, -7.3196622],
            [112.6985855, -7.3196],
            [112.6987186, -7.3194732],
            [112.6990058, -7.3191935],
            [112.6993529, -7.3187508],
            [112.699661, -7.3183055],
            [112.6999925, -7.3177385],
            [112.7003162, -7.3171663],
            [112.7008278, -7.3163223],
            [112.7012611, -7.3155999],
            [112.7018014, -7.3146523],
            [112.7022373, -7.3139067],
            [112.7024618, -7.313539],
            [112.7025454, -7.313319],
            [112.7025623, -7.3123998],
            [112.7025693, -7.312297],
            [112.7025889, -7.3120882],
            [112.7026265, -7.3116794],
            [112.7026506, -7.31149],
            [112.7026656, -7.311399],
            [112.7026927, -7.311299],
            [112.7027288, -7.3111797],
            [112.7027934, -7.3110156],
            [112.7029017, -7.3108455],
            [112.703019, -7.3106665],
            [112.7031326, -7.3105556],
            [112.703266, -7.3104301],
            [112.703692, -7.3101671],
            [112.7043229, -7.3099886],
            [112.706503, -7.3094863],
            [112.7068602, -7.3093564],
            [112.7069241, -7.3094031],
            [112.7070094, -7.3094498],
            [112.7070676, -7.3094816],
            [112.7071416, -7.3095313]
          ]
        ]
      },
      "properties": { "Type": "Air" }
    },
    {
      "type": "Feature",
      "geometry": {
        "type": "Polygon",
        "coordinates": [
          [
            [112.3722349, -7.8571037],
            [112.3720854, -7.8573557],
            [112.3719004, -7.8575231],
            [112.3718226, -7.8576878],
            [112.3714015, -7.8575018],
            [112.3711929, -7.8576424],
            [112.3713988, -7.8579535],
            [112.3713452, -7.8583627],
            [112.3714873, -7.8584185],
            [112.371726, -7.8583468],
            [112.3719735, -7.858591],
            [112.3720506, -7.8589712],
            [112.3719838, -7.8593132],
            [112.3716379, -7.8595413],
            [112.3713553, -7.8597081],
            [112.3709723, -7.8601854],
            [112.3702803, -7.8606823],
            [112.3703071, -7.8609161],
            [112.3707524, -7.8610118],
            [112.3713081, -7.8610898],
            [112.3716601, -7.8609427],
            [112.3719299, -7.8608098],
            [112.3719746, -7.8608637],
            [112.3718421, -7.8612174],
            [112.3718601, -7.8613226],
            [112.3721927, -7.8615007],
            [112.3724999, -7.8614953],
            [112.3727775, -7.8615511],
            [112.3730604, -7.8614156],
            [112.3733649, -7.8613731],
            [112.3738249, -7.8614731],
            [112.3738946, -7.8612296],
            [112.3739818, -7.8610888],
            [112.3741967, -7.8610418],
            [112.3744056, -7.8610875],
            [112.3746365, -7.8612185],
            [112.3746841, -7.8610023],
            [112.3747102, -7.8608836],
            [112.3749332, -7.8608459],
            [112.3750976, -7.8609015],
            [112.3752196, -7.8609693],
            [112.3753618, -7.8609241],
            [112.3754677, -7.8609148],
            [112.3754825, -7.8610729],
            [112.3754422, -7.8611446],
            [112.3753443, -7.8611335],
            [112.3749505, -7.861173],
            [112.3748857, -7.8614608],
            [112.3747126, -7.8615998],
            [112.3743169, -7.8614058],
            [112.3741622, -7.8617493],
            [112.3739144, -7.8622436],
            [112.3731749, -7.8623715],
            [112.3724364, -7.8622786],
            [112.3723644, -7.8624359],
            [112.3725441, -7.8626378],
            [112.3727533, -7.8625953],
            [112.3732837, -7.8629311],
            [112.3735768, -7.8629195],
            [112.373866, -7.8628274],
            [112.3741776, -7.8627441],
            [112.3749205, -7.8626671],
            [112.375364, -7.8624049],
            [112.3756979, -7.8623413],
            [112.3758379, -7.8624944],
            [112.376276, -7.8625087],
            [112.3762683, -7.8627285],
            [112.3761212, -7.8628579],
            [112.3757439, -7.8628392],
            [112.3754949, -7.8628043],
            [112.3753976, -7.8628783],
            [112.3753576, -7.8629087],
            [112.3752953, -7.8630997],
            [112.3751183, -7.8630107],
            [112.374629, -7.8632429],
            [112.374419, -7.8631506],
            [112.3740354, -7.8635253],
            [112.3742514, -7.8637691],
            [112.3743827, -7.8638388],
            [112.3745749, -7.8639409],
            [112.3745005, -7.8640569],
            [112.374478, -7.8642478],
            [112.3740816, -7.8641788],
            [112.3737952, -7.864162],
            [112.3736411, -7.8644154],
            [112.3735263, -7.8644619],
            [112.3733273, -7.8642878],
            [112.373338, -7.8641191],
            [112.3734601, -7.863981],
            [112.3733836, -7.8637923],
            [112.37322, -7.8638162],
            [112.3731421, -7.8637058],
            [112.37322, -7.8635293],
            [112.3730242, -7.8634389],
            [112.3729129, -7.8635372],
            [112.3725857, -7.8634854],
            [112.3726232, -7.8631799],
            [112.3722745, -7.862921],
            [112.3718754, -7.8623564],
            [112.3716161, -7.8621304],
            [112.3713996, -7.8621273],
            [112.3712043, -7.8622313],
            [112.3710541, -7.8622539],
            [112.3709013, -7.8621822],
            [112.3707513, -7.8619641],
            [112.3706196, -7.862052],
            [112.3704842, -7.8619138],
            [112.3703769, -7.8619988],
            [112.3702978, -7.8621197],
            [112.3700792, -7.8619603],
            [112.369945, -7.8617717],
            [112.369705, -7.8619271],
            [112.369602, -7.8619475],
            [112.3694797, -7.8618434],
            [112.3694207, -7.861672],
            [112.3692906, -7.8616569],
            [112.3690686, -7.8618223],
            [112.3689314, -7.8618917],
            [112.3687692, -7.8619315],
            [112.3685852, -7.8618248],
            [112.3682466, -7.8617008],
            [112.36781, -7.8617849],
            [112.367413, -7.8616521],
            [112.3672356, -7.861661],
            [112.3670161, -7.8615684],
            [112.366831, -7.8618328],
            [112.366211, -7.8620625],
            [112.3661256, -7.8622552],
            [112.3662409, -7.8624412],
            [112.3662758, -7.862683],
            [112.3662516, -7.8628584],
            [112.366118, -7.863054],
            [112.3661765, -7.863148],
            [112.3665467, -7.8631081],
            [112.3668095, -7.8632516],
            [112.3670661, -7.8633391],
            [112.3672575, -7.8634535],
            [112.3673353, -7.8636289],
            [112.3675054, -7.8637979],
            [112.3675579, -7.8640062],
            [112.3675445, -7.8642374],
            [112.3676142, -7.864341],
            [112.367633, -7.8645828],
            [112.3672762, -7.8648113],
            [112.3672628, -7.8649069],
            [112.3674586, -7.8649441],
            [112.3677564, -7.8647316],
            [112.367987, -7.8647528],
            [112.3682717, -7.8649065],
            [112.3683317, -7.8648405],
            [112.368663, -7.864798],
            [112.3687126, -7.8649136],
            [112.3689891, -7.864949],
            [112.3693846, -7.8647553],
            [112.3695803, -7.8648086],
            [112.36965, -7.8649547],
            [112.3693633, -7.8649808],
            [112.3692713, -7.8652159],
            [112.3690564, -7.8654204],
            [112.3687971, -7.8652337],
            [112.3683467, -7.865207],
            [112.3678888, -7.8652204],
            [112.3675323, -7.8653837],
            [112.3673862, -7.8652683],
            [112.3671946, -7.8652855],
            [112.3671056, -7.865362],
            [112.3669571, -7.8653453],
            [112.366949, -7.865077],
            [112.3668578, -7.8650344],
            [112.3668869, -7.8648247],
            [112.3668069, -7.8646917],
            [112.3669356, -7.8645429],
            [112.3670644, -7.8644765],
            [112.367008, -7.8641975],
            [112.3668308, -7.8639372],
            [112.3666272, -7.863884],
            [112.3664904, -7.8637378],
            [112.3662463, -7.8637777],
            [112.3661739, -7.8638733],
            [112.3658949, -7.863791],
            [112.3655945, -7.8636369],
            [112.365396, -7.8633845],
            [112.3652238, -7.8633839],
            [112.3650175, -7.8629034],
            [112.3650356, -7.8626416],
            [112.3649325, -7.8624652],
            [112.3647147, -7.8624519],
            [112.3643052, -7.8627064],
            [112.3639437, -7.8628004],
            [112.3635229, -7.862757],
            [112.3632234, -7.8630523],
            [112.3631718, -7.8630326],
            [112.3632357, -7.8627101],
            [112.3627481, -7.8625304],
            [112.3623624, -7.862772],
            [112.3621371, -7.8630789],
            [112.3621277, -7.8633034],
            [112.3622699, -7.8635764],
            [112.362172, -7.8636342],
            [112.3623143, -7.8641908],
            [112.3625185, -7.8645064],
            [112.362902, -7.8647444],
            [112.3628412, -7.8649534],
            [112.3627473, -7.8650663],
            [112.3627069, -7.8652352],
            [112.3626487, -7.8656988],
            [112.3624014, -7.8659931],
            [112.3623209, -7.8661969],
            [112.3621763, -7.8663482],
            [112.3617854, -7.8666608],
            [112.3615137, -7.8667883],
            [112.3607583, -7.8665754],
            [112.3606834, -7.8666127],
            [112.3608774, -7.8670675],
            [112.3610775, -7.867662],
            [112.3610712, -7.8678166],
            [112.3612467, -7.8681917],
            [112.3612029, -7.868711],
            [112.3610887, -7.869019],
            [112.3609577, -7.8691371],
            [112.3608082, -7.8693318],
            [112.3602439, -7.8698792],
            [112.35973, -7.8700406],
            [112.3597383, -7.8703234],
            [112.3597106, -7.8706666],
            [112.360191, -7.8706175],
            [112.3606368, -7.8704504],
            [112.3607263, -7.8702554],
            [112.3608229, -7.8702315],
            [112.3609423, -7.8703874],
            [112.3615015, -7.8703377],
            [112.3617911, -7.8701119],
            [112.361917, -7.8701231],
            [112.3616034, -7.870537],
            [112.3613057, -7.8707283],
            [112.3614505, -7.8711481],
            [112.3616248, -7.8714032],
            [112.3615766, -7.8715732],
            [112.3614719, -7.8717725],
            [112.3613325, -7.8718947],
            [112.3608229, -7.8720408],
            [112.3606995, -7.8721046],
            [112.3603991, -7.8720329],
            [112.3600987, -7.8720382],
            [112.3599726, -7.8722534],
            [112.360619, -7.8722959],
            [112.3606584, -7.8723947],
            [112.3607343, -7.8725855],
            [112.3605506, -7.8726506],
            [112.3602287, -7.8727941],
            [112.3598988, -7.8729973],
            [112.3599203, -7.8730691],
            [112.3601443, -7.8729987],
            [112.3603508, -7.8728698],
            [112.360678, -7.8728618],
            [112.3607987, -7.8729947],
            [112.3607934, -7.8731156],
            [112.3611045, -7.8731621],
            [112.3611394, -7.8734092],
            [112.3610187, -7.8735819],
            [112.3607638, -7.8736323],
            [112.3607585, -7.8737705],
            [112.3610911, -7.8739512],
            [112.361311, -7.8740521],
            [112.3615631, -7.8741292],
            [112.3617241, -7.8743444],
            [112.3619843, -7.8744852],
            [112.3619843, -7.8747217],
            [112.3617911, -7.8747775],
            [112.3615202, -7.8746499],
            [112.3613566, -7.874541],
            [112.3610938, -7.8747775],
            [112.3611662, -7.8750139],
            [112.3615953, -7.8752318],
            [112.3617241, -7.875447],
            [112.3617107, -7.8756569],
            [112.3614907, -7.8758137],
            [112.3612198, -7.8761086],
            [112.3612359, -7.8763264],
            [112.3614934, -7.8763636],
            [112.3622337, -7.8766798],
            [112.362518, -7.8768844],
            [112.3627111, -7.8770704],
            [112.3627835, -7.8772829],
            [112.3629284, -7.8775088],
            [112.3628801, -7.8776921],
            [112.3627755, -7.8780216],
            [112.3625287, -7.8781278],
            [112.3622015, -7.8782288],
            [112.3619601, -7.8783271],
            [112.3619884, -7.8786426],
            [112.3616481, -7.878548],
            [112.3614191, -7.8784843],
            [112.3616028, -7.8781731],
            [112.3617885, -7.8779879],
            [112.3619547, -7.8777559],
            [112.3619047, -7.8773863],
            [112.3619735, -7.8772059],
            [112.3617879, -7.8768441],
            [112.3614505, -7.876786],
            [112.360928, -7.8765926],
            [112.3605104, -7.876626],
            [112.3601253, -7.876775],
            [112.3595428, -7.8763248],
            [112.3587009, -7.8756595],
            [112.357826, -7.8752012],
            [112.3575854, -7.8744772],
            [112.357015, -7.8737683],
            [112.3568881, -7.8738605],
            [112.3554924, -7.8724819],
            [112.3552426, -7.8722098],
            [112.3552177, -7.8720169],
            [112.3554244, -7.8718142],
            [112.3555644, -7.8716768],
            [112.3558721, -7.8714732],
            [112.3560029, -7.8713726],
            [112.3560591, -7.8712569],
            [112.3561637, -7.8711456],
            [112.3562896, -7.8707964],
            [112.3563774, -7.8704228],
            [112.3564348, -7.8700904],
            [112.3565863, -7.869741],
            [112.3567492, -7.8693751],
            [112.3572911, -7.8689154],
            [112.3573226, -7.8687117],
            [112.3572019, -7.8684247],
            [112.3572112, -7.8682809],
            [112.3576808, -7.8682936],
            [112.3578723, -7.867828],
            [112.3581031, -7.8676338],
            [112.3586228, -7.8674104],
            [112.3590882, -7.8670279],
            [112.3589882, -7.8665091],
            [112.3591036, -7.8663603],
            [112.3593247, -7.8658525],
            [112.359184, -7.865534],
            [112.3588876, -7.8654596],
            [112.3588461, -7.8653214],
            [112.358915, -7.8652101],
            [112.3587051, -7.8646169],
            [112.3593074, -7.8646572],
            [112.3599887, -7.8645296],
            [112.3606278, -7.8646618],
            [112.3608953, -7.8636794],
            [112.3609838, -7.8627149],
            [112.3611494, -7.8623729],
            [112.3610892, -7.8616992],
            [112.3612601, -7.8614927],
            [112.3615211, -7.8614481],
            [112.3619126, -7.8613693],
            [112.3623383, -7.8609321],
            [112.3623222, -7.8604857],
            [112.3624209, -7.8599532],
            [112.3621481, -7.8594639],
            [112.3623236, -7.8592635],
            [112.3623449, -7.8591071],
            [112.3621197, -7.8588662],
            [112.3619221, -7.8585701],
            [112.3619148, -7.8585216],
            [112.3618944, -7.8583853],
            [112.3619431, -7.8581872],
            [112.3619091, -7.8578831],
            [112.3619655, -7.8575178],
            [112.3618024, -7.8572065],
            [112.3614499, -7.8572376],
            [112.3612574, -7.8573345],
            [112.3611292, -7.8572868],
            [112.3614618, -7.8569746],
            [112.3615605, -7.8564815],
            [112.3614875, -7.8562495],
            [112.3613888, -7.8560299],
            [112.3613479, -7.8558117],
            [112.3615078, -7.8555614],
            [112.3618763, -7.8553349],
            [112.3625126, -7.8554586],
            [112.3626019, -7.8553186],
            [112.3624215, -7.8550016],
            [112.3624058, -7.8546497],
            [112.3627353, -7.8539866],
            [112.3629563, -7.8538602],
            [112.3626789, -7.8536279],
            [112.3628426, -7.853511],
            [112.3631215, -7.8535535],
            [112.3634312, -7.853156],
            [112.3628525, -7.8527825],
            [112.3633307, -7.8525083],
            [112.3635533, -7.8524056],
            [112.3636776, -7.8521573],
            [112.3634407, -7.8518955],
            [112.3632985, -7.8515155],
            [112.3629338, -7.8511409],
            [112.3631349, -7.8508114],
            [112.3632024, -7.8504354],
            [112.3629214, -7.8502754],
            [112.3629683, -7.8501363],
            [112.3633334, -7.8499107],
            [112.3635406, -7.8495072],
            [112.3640102, -7.849651],
            [112.3642831, -7.8494199],
            [112.3646879, -7.8490763],
            [112.3651063, -7.8493075],
            [112.3650151, -7.8497193],
            [112.3653263, -7.8502348],
            [112.3655006, -7.8504979],
            [112.3654792, -7.8508831],
            [112.3654613, -7.8511046],
            [112.3654523, -7.8512153],
            [112.3654483, -7.8512385],
            [112.3654014, -7.8515049],
            [112.3652753, -7.8516643],
            [112.3654979, -7.8518291],
            [112.3657876, -7.8519008],
            [112.3662063, -7.8524737],
            [112.3660931, -7.8527023],
            [112.3661524, -7.8528175],
            [112.3659194, -7.8532199],
            [112.3663161, -7.8539723],
            [112.3668343, -7.8542014],
            [112.3666997, -7.8544289],
            [112.3662056, -7.8547423],
            [112.3660847, -7.8549545],
            [112.3659943, -7.855169],
            [112.3658251, -7.8555702],
            [112.3656669, -7.8557748],
            [112.3653478, -7.8559342],
            [112.3648954, -7.8559448],
            [112.3648301, -7.8567924],
            [112.3650473, -7.8568642],
            [112.36527, -7.8571617],
            [112.3651278, -7.8572813],
            [112.3652297, -7.8574965],
            [112.3657447, -7.8576081],
            [112.3658976, -7.8579057],
            [112.3658869, -7.8581209],
            [112.3657259, -7.8582618],
            [112.3657635, -7.8584159],
            [112.3660129, -7.8584531],
            [112.3660988, -7.8582272],
            [112.366198, -7.8580067],
            [112.3664582, -7.8578898],
            [112.3667908, -7.8576453],
            [112.3670697, -7.8576692],
            [112.3671126, -7.8574699],
            [112.367354, -7.857183],
            [112.3673688, -7.857046],
            [112.3673755, -7.8569837],
            [112.3674935, -7.8570209],
            [112.3676706, -7.8571883],
            [112.3677537, -7.8573026],
            [112.3675633, -7.8574434],
            [112.3675257, -7.857563],
            [112.3676464, -7.857563],
            [112.367818, -7.8574832],
            [112.3678959, -7.8577543],
            [112.3674211, -7.8579136],
            [112.3668418, -7.8581023],
            [112.3666111, -7.85836],
            [112.3666057, -7.8586523],
            [112.3664179, -7.8588463],
            [112.366375, -7.8593857],
            [112.3661175, -7.8596115],
            [112.366021, -7.8597125],
            [112.3659351, -7.859856],
            [112.3645699, -7.8601296],
            [112.3644063, -7.8603581],
            [112.3646101, -7.8607142],
            [112.3649052, -7.8607354],
            [112.3655918, -7.860491],
            [112.3657635, -7.8603289],
            [112.3662517, -7.8600871],
            [112.3664555, -7.8600845],
            [112.3665816, -7.8602624],
            [112.3669946, -7.8600871],
            [112.3671073, -7.860018],
            [112.3674238, -7.8600021],
            [112.3680058, -7.8600048],
            [112.3684215, -7.8600871],
            [112.3686415, -7.8600553],
            [112.3687917, -7.8599436],
            [112.3689365, -7.8599011],
            [112.3693442, -7.8600181],
            [112.3695454, -7.8599118],
            [112.3697171, -7.8597231],
            [112.3701328, -7.8593963],
            [112.3702957, -7.859072],
            [112.3704584, -7.8586345],
            [112.3705093, -7.8582149],
            [112.370285, -7.8578867],
            [112.3703179, -7.8576294],
            [112.3704375, -7.8574264],
            [112.3706113, -7.8571608],
            [112.3708479, -7.8570796],
            [112.3711409, -7.8570324],
            [112.3714227, -7.8568036],
            [112.371577, -7.8565115],
            [112.3718428, -7.8562642],
            [112.3723303, -7.855726],
            [112.3725501, -7.8554023],
            [112.3726058, -7.8555343],
            [112.3727029, -7.8556952],
            [112.3729851, -7.8558642],
            [112.3730591, -7.855905],
            [112.3729089, -7.8560617],
            [112.3727694, -7.8562158],
            [112.3726568, -7.8565108],
            [112.372461, -7.8566224],
            [112.3722625, -7.8565586],
            [112.3722249, -7.85637],
            [112.3721525, -7.8563886],
            [112.3721069, -7.8566171],
            [112.3722349, -7.8571037]
          ]
        ]
      },
      "properties": { "Type": "Air" }
    },
    {
      "type": "Feature",
      "geometry": {
        "type": "Polygon",
        "coordinates": [
          [
            [112.8047097, -7.3860963],
            [112.8047056, -7.3860254],
            [112.804711, -7.3859808],
            [112.8047251, -7.3859602],
            [112.804758, -7.3859589],
            [112.8047814, -7.3859695],
            [112.804823, -7.3860127],
            [112.8048726, -7.3860912],
            [112.8049149, -7.3862023],
            [112.804994, -7.3864284],
            [112.8050275, -7.3866491],
            [112.8050382, -7.3869178],
            [112.8050248, -7.3871346],
            [112.8050664, -7.3873021],
            [112.8051616, -7.3874112],
            [112.8056418, -7.387502],
            [112.8060441, -7.3875153],
            [112.8062897, -7.3874261],
            [112.8064966, -7.3873984],
            [112.8066242, -7.3873961],
            [112.8067001, -7.3874212],
            [112.8067415, -7.3875078],
            [112.8068358, -7.387582],
            [112.8069781, -7.3877561],
            [112.8072956, -7.388071],
            [112.8076619, -7.3881249],
            [112.8078642, -7.388109],
            [112.8079803, -7.3881284],
            [112.8081129, -7.388199],
            [112.8082839, -7.3882754],
            [112.8084218, -7.3882903],
            [112.8085207, -7.3882697],
            [112.8085276, -7.3881865],
            [112.8085839, -7.3881614],
            [112.8086782, -7.3882093],
            [112.8087656, -7.3882105],
            [112.8088264, -7.3883364],
            [112.8089932, -7.3883826],
            [112.8090841, -7.3883632],
            [112.8093887, -7.3884693],
            [112.8096612, -7.3884396],
            [112.8098306, -7.3885846],
            [112.8099314, -7.3885012],
            [112.8100624, -7.388565],
            [112.8106672, -7.388375],
            [112.8107051, -7.388223],
            [112.8111719, -7.3880543],
            [112.8114981, -7.3878773],
            [112.811664, -7.3877749],
            [112.8118284, -7.3876415],
            [112.8120089, -7.387548],
            [112.8120652, -7.3874842],
            [112.8120916, -7.3873952],
            [112.8120883, -7.3873003],
            [112.8120355, -7.3872398],
            [112.8119331, -7.3871748],
            [112.8117033, -7.3871024],
            [112.8114905, -7.3870346],
            [112.8113204, -7.3870154],
            [112.8111098, -7.3870089],
            [112.8108144, -7.3870215],
            [112.8106086, -7.3869611],
            [112.8104051, -7.3868356],
            [112.8103403, -7.3867601],
            [112.8102313, -7.3867343],
            [112.8101663, -7.3865972],
            [112.8101126, -7.3864763],
            [112.8101531, -7.3864418],
            [112.8102671, -7.3866099],
            [112.8103614, -7.3866863],
            [112.8104396, -7.3867364],
            [112.8106212, -7.3868619],
            [112.810804, -7.3869006],
            [112.8109627, -7.3869063],
            [112.8112317, -7.3869075],
            [112.811731, -7.3870258],
            [112.8119262, -7.3870631],
            [112.812078, -7.3871475],
            [112.8122331, -7.3872881],
            [112.8124681, -7.3874493],
            [112.8125849, -7.387483],
            [112.812747, -7.3874329],
            [112.8129221, -7.3873602],
            [112.8145655, -7.3863857],
            [112.8156985, -7.3857473],
            [112.8161448, -7.3852366],
            [112.8169172, -7.3849812],
            [112.8177756, -7.3848535],
            [112.8199213, -7.3846578],
            [112.8208272, -7.3844898],
            [112.821275, -7.3844068],
            [112.8218973, -7.3844227],
            [112.8222084, -7.3844653],
            [112.822278, -7.3844837],
            [112.8225821, -7.3845641],
            [112.8234154, -7.3844334],
            [112.823866, -7.3842897],
            [112.8243113, -7.3841833],
            [112.8248638, -7.3841248],
            [112.8257114, -7.3840716],
            [112.8263175, -7.3841248],
            [112.8270847, -7.3840663],
            [112.827267, -7.3840131],
            [112.8273261, -7.3839333],
            [112.8278249, -7.383928],
            [112.828179, -7.3838322],
            [112.8290963, -7.3836992],
            [112.8303516, -7.3834918],
            [112.8312474, -7.3833002],
            [112.8319555, -7.3832524],
            [112.8323042, -7.3831885],
            [112.832889, -7.3832258],
            [112.8334361, -7.3832896],
            [112.8338277, -7.3833109],
            [112.8339868, -7.3832969],
            [112.8343838, -7.3832618],
            [112.8344017, -7.384045],
            [112.8335327, -7.3839759],
            [112.8320843, -7.3839812],
            [112.8314996, -7.3839652],
            [112.8310972, -7.3840769],
            [112.8308397, -7.3842365],
            [112.8295577, -7.3842631],
            [112.8293699, -7.3843589],
            [112.8282273, -7.3844653],
            [112.827605, -7.3845611],
            [112.8268593, -7.3846621],
            [112.8262961, -7.3846994],
            [112.825132, -7.3846994],
            [112.8242952, -7.3847792],
            [112.8241718, -7.3848803],
            [112.8232169, -7.385109],
            [112.8225142, -7.3850984],
            [112.8213289, -7.3849387],
            [112.8210738, -7.3849581],
            [112.8184193, -7.38516],
            [112.8175352, -7.3852281],
            [112.8167113, -7.3853728],
            [112.8163508, -7.3855345],
            [112.8156126, -7.3861644],
            [112.8133295, -7.3875518],
            [112.8125742, -7.3878752],
            [112.8120592, -7.3879859],
            [112.8107031, -7.3887349],
            [112.8095015, -7.3888796],
            [112.8089436, -7.3887945],
            [112.8085251, -7.3887328],
            [112.8083736, -7.3889074],
            [112.8083169, -7.3888576],
            [112.8083307, -7.3885776],
            [112.8077135, -7.3883721],
            [112.8074893, -7.3882872],
            [112.8073633, -7.3883145],
            [112.8072207, -7.388473],
            [112.8071127, -7.3886851],
            [112.8071092, -7.3888025],
            [112.8070874, -7.3889918],
            [112.8071119, -7.3893317],
            [112.8070016, -7.38947],
            [112.8069641, -7.3894407],
            [112.8069443, -7.3893802],
            [112.8068483, -7.3893857],
            [112.8068896, -7.388847],
            [112.8069149, -7.3885973],
            [112.8070092, -7.3884719],
            [112.8071287, -7.3883408],
            [112.8071897, -7.3882552],
            [112.8071862, -7.3881777],
            [112.8071897, -7.3881264],
            [112.8071742, -7.3880979],
            [112.8070782, -7.3880477],
            [112.8069523, -7.3879433],
            [112.8067887, -7.3877131],
            [112.8067542, -7.3877268],
            [112.8066392, -7.3875968],
            [112.806515, -7.3875398],
            [112.8064024, -7.3875352],
            [112.8061017, -7.3876636],
            [112.8058174, -7.3876928],
            [112.8055009, -7.3876263],
            [112.8050637, -7.3874591],
            [112.8049806, -7.38737],
            [112.804943, -7.3872755],
            [112.8049336, -7.3871572],
            [112.8049578, -7.386838],
            [112.804943, -7.3866145],
            [112.8048424, -7.3863685],
            [112.8047486, -7.3861903],
            [112.8047097, -7.3860963]
          ]
        ]
      },
      "properties": { "Type": "Air" }
    },
    {
      "type": "Feature",
      "geometry": {
        "type": "Polygon",
        "coordinates": [
          [
            [112.8127677, -7.2995472],
            [112.8134372, -7.3000495],
            [112.8173082, -7.3017182],
            [112.8192909, -7.3034975],
            [112.821059, -7.3058387],
            [112.8216684, -7.3064601],
            [112.8225782, -7.3067411],
            [112.8245781, -7.3068518],
            [112.8257968, -7.3069795],
            [112.8295476, -7.3078308],
            [112.8313503, -7.3082125],
            [112.8330271, -7.3085676],
            [112.8353694, -7.3090636],
            [112.8372209, -7.3095335],
            [112.838807, -7.3100158],
            [112.8392141, -7.3100443],
            [112.8394874, -7.309987],
            [112.8397994, -7.3098582],
            [112.8401017, -7.3095395],
            [112.840405, -7.3091024],
            [112.8407368, -7.3085205],
            [112.8412325, -7.3073995],
            [112.8417398, -7.3067339],
            [112.8424308, -7.3060856],
            [112.8428365, -7.3057115],
            [112.8430899, -7.3055738],
            [112.8431871, -7.305412],
            [112.8435791, -7.3051343],
            [112.8443259, -7.3043985],
            [112.8444897, -7.3048575],
            [112.8446679, -7.3052246],
            [112.8442161, -7.305413],
            [112.8433836, -7.3059834],
            [112.8422935, -7.3068347],
            [112.841955, -7.3072365],
            [112.8416669, -7.307652],
            [112.8413511, -7.3083174],
            [112.8411151, -7.3089026],
            [112.8407829, -7.3094058],
            [112.8405772, -7.3097322],
            [112.8404765, -7.3098768],
            [112.8401052, -7.3101832],
            [112.8399906, -7.3102899],
            [112.8398453, -7.3103278],
            [112.8393377, -7.3105082],
            [112.8385577, -7.3104842],
            [112.8378561, -7.3102911],
            [112.8352468, -7.3093802],
            [112.8327148, -7.3088354],
            [112.825865, -7.3073327],
            [112.8249919, -7.3072583],
            [112.8240802, -7.3072604],
            [112.8229644, -7.3072434],
            [112.8218401, -7.306988],
            [112.8207414, -7.3062388],
            [112.8197801, -7.3050895],
            [112.8185785, -7.3033698],
            [112.8169563, -7.3020076],
            [112.8156946, -7.3013095],
            [112.8135746, -7.3005433],
            [112.8126304, -7.2999729],
            [112.8117206, -7.2993259],
            [112.8108966, -7.2990024],
            [112.8102186, -7.2989853],
            [112.8090684, -7.2992748],
            [112.8079269, -7.3000495],
            [112.806751, -7.3014798],
            [112.8063133, -7.3021694],
            [112.8060901, -7.3030463],
            [112.8061845, -7.3038636],
            [112.8065093, -7.3046404],
            [112.8072785, -7.3054929],
            [112.8080041, -7.3061196],
            [112.808459, -7.3066304],
            [112.8086565, -7.3070901],
            [112.8086736, -7.307669],
            [112.8084247, -7.3081543],
            [112.8079269, -7.3086055],
            [112.8073604, -7.3089375],
            [112.8067167, -7.3090312],
            [112.806133, -7.3089375],
            [112.8052576, -7.3085885],
            [112.8042362, -7.3080607],
            [112.8035324, -7.3078223],
            [112.8024766, -7.3077116],
            [112.8006742, -7.307984],
            [112.8001764, -7.3080181],
            [112.7976615, -7.3081288],
            [112.7972324, -7.3080862],
            [112.7966745, -7.3081458],
            [112.7955844, -7.3081032],
            [112.7938678, -7.3079159],
            [112.792443, -7.307618],
            [112.7924945, -7.3073881],
            [112.7939966, -7.3076265],
            [112.7966659, -7.3077967],
            [112.8002451, -7.3076776],
            [112.8003569, -7.3076612],
            [112.8020475, -7.3074136],
            [112.8028715, -7.3073285],
            [112.8043134, -7.3076435],
            [112.8061159, -7.3084948],
            [112.8066824, -7.3086225],
            [112.80706, -7.30858],
            [112.8076437, -7.3084097],
            [112.8080556, -7.3081628],
            [112.808296, -7.3078053],
            [112.8083818, -7.3073626],
            [112.8083303, -7.3069965],
            [112.8080385, -7.3065878],
            [112.807472, -7.3062047],
            [112.8065279, -7.3052257],
            [112.805955, -7.3044401],
            [112.8057382, -7.3037273],
            [112.8057039, -7.3030718],
            [112.8059957, -7.3020417],
            [112.8064163, -7.3012329],
            [112.8079269, -7.2995387],
            [112.808768, -7.2989853],
            [112.8096349, -7.2986533],
            [112.81021, -7.2986022],
            [112.8113945, -7.2987214],
            [112.8121326, -7.2989768],
            [112.8127677, -7.2995472]
          ]
        ]
      },
      "properties": { "Type": "Air" }
    },
    {
      "type": "Feature",
      "geometry": {
        "type": "Polygon",
        "coordinates": [
          [
            [112.7624967, -7.3061707],
            [112.7622736, -7.3064942],
            [112.7592351, -7.3056003],
            [112.7576044, -7.3051406],
            [112.7499133, -7.3030687],
            [112.7454422, -7.3019225],
            [112.7411708, -7.3008671],
            [112.7412642, -7.3005077],
            [112.7429319, -7.3008883],
            [112.7441071, -7.3011576],
            [112.7446887, -7.3012515],
            [112.7466932, -7.3017975],
            [112.7474026, -7.3020195],
            [112.7508866, -7.3030195],
            [112.7543588, -7.3039621],
            [112.7544566, -7.303988],
            [112.7583597, -7.3050469],
            [112.7624967, -7.3061707]
          ]
        ]
      },
      "properties": { "Type": "Air" }
    },
    {
      "type": "Feature",
      "geometry": {
        "type": "Polygon",
        "coordinates": [
          [
            [112.7440046, -7.2773969],
            [112.7441479, -7.2773311],
            [112.7442433, -7.2772885],
            [112.7443298, -7.2774913],
            [112.7444089, -7.2776749],
            [112.7445088, -7.277947],
            [112.7446081, -7.2781704],
            [112.7447328, -7.2784112],
            [112.7449387, -7.2788083],
            [112.7451345, -7.2790824],
            [112.7452806, -7.2792886],
            [112.74552, -7.2796411],
            [112.7456903, -7.2799032],
            [112.7458057, -7.2800934],
            [112.7462241, -7.2808437],
            [112.7464038, -7.2812228],
            [112.7465822, -7.281554],
            [112.7468634, -7.2821091],
            [112.7473355, -7.2835309],
            [112.7473612, -7.2840673],
            [112.7473441, -7.2846718],
            [112.7472068, -7.2852677],
            [112.746872, -7.2859999],
            [112.746509, -7.2865108],
            [112.7461376, -7.2869763],
            [112.7446312, -7.2886137],
            [112.7438164, -7.2892607],
            [112.7431727, -7.2900695],
            [112.742651, -7.2910379],
            [112.7424439, -7.2909481],
            [112.7425723, -7.2906638],
            [112.7427779, -7.2902738],
            [112.7428662, -7.2901198],
            [112.7432414, -7.289465],
            [112.7439805, -7.2888069],
            [112.7440974, -7.2887256],
            [112.744248, -7.2885988],
            [112.7443688, -7.2884886],
            [112.7444798, -7.288411],
            [112.7447102, -7.2882247],
            [112.7449674, -7.2879538],
            [112.7453936, -7.2874907],
            [112.745849, -7.2869736],
            [112.7462019, -7.2865348],
            [112.7465523, -7.2861069],
            [112.7467692, -7.2857925],
            [112.7468806, -7.285455],
            [112.7470866, -7.284808],
            [112.7471678, -7.2840838],
            [112.7471317, -7.2835367],
            [112.7464807, -7.2817545],
            [112.7461839, -7.2811895],
            [112.7457534, -7.2805271],
            [112.7449474, -7.2793365],
            [112.7446027, -7.2787072],
            [112.7441333, -7.2775958],
            [112.7440421, -7.2774581],
            [112.7440046, -7.2773969]
          ]
        ]
      },
      "properties": { "Type": "Air" }
    },
    {
      "type": "Feature",
      "geometry": {
        "type": "Polygon",
        "coordinates": [
          [
            [114.2443689, -8.0593268],
            [114.2442506, -8.0597791],
            [114.2440734, -8.0599818],
            [114.244073, -8.0602995],
            [114.243836, -8.06055],
            [114.2433113, -8.0605781],
            [114.2431174, -8.0603954],
            [114.2429442, -8.0602449],
            [114.2426487, -8.0603266],
            [114.2425441, -8.0603957],
            [114.2423047, -8.0604143],
            [114.2422422, -8.0604647],
            [114.2418169, -8.0604355],
            [114.2415296, -8.060438],
            [114.2414486, -8.0605228],
            [114.2414366, -8.0606499],
            [114.2413296, -8.06079],
            [114.2409976, -8.0608709],
            [114.2406848, -8.0606956],
            [114.2403508, -8.0603096],
            [114.2400554, -8.0601838],
            [114.2398366, -8.0602403],
            [114.2397438, -8.0604403],
            [114.2398047, -8.0606879],
            [114.2391889, -8.060142],
            [114.2390944, -8.0601444],
            [114.2390852, -8.0598651],
            [114.2388895, -8.0596067],
            [114.238592, -8.0594604],
            [114.2381501, -8.0589486],
            [114.2378354, -8.0583612],
            [114.2378403, -8.0581054],
            [114.2376342, -8.0577663],
            [114.2375591, -8.0575592],
            [114.237527, -8.0573361],
            [114.2375511, -8.0571927],
            [114.2375935, -8.0571519],
            [114.2377147, -8.0571396],
            [114.2379561, -8.0568182],
            [114.2380308, -8.0564455],
            [114.2388596, -8.0557762],
            [114.2390504, -8.0554771],
            [114.2392171, -8.0554566],
            [114.2399478, -8.0548723],
            [114.2401555, -8.0547388],
            [114.2406116, -8.0547154],
            [114.2408933, -8.0548739],
            [114.2409146, -8.0549778],
            [114.2411405, -8.0551013],
            [114.2413637, -8.0550309],
            [114.2417178, -8.05505],
            [114.242203, -8.055331],
            [114.2424514, -8.0552556],
            [114.2427957, -8.0552128],
            [114.2431837, -8.0553708],
            [114.2432233, -8.055573],
            [114.2436275, -8.056053],
            [114.2438301, -8.0559896],
            [114.2439052, -8.0558144],
            [114.2441838, -8.0558019],
            [114.2443064, -8.0555724],
            [114.2445168, -8.0555594],
            [114.2446429, -8.0556497],
            [114.2448937, -8.0556022],
            [114.2453468, -8.0558794],
            [114.2456433, -8.0564597],
            [114.2458418, -8.0565712],
            [114.245968, -8.0570846],
            [114.2456487, -8.0580744],
            [114.2452755, -8.058981],
            [114.2447203, -8.0594035],
            [114.2443689, -8.0593268]
          ]
        ]
      },
      "properties": { "Type": "Air" }
    },
    {
      "type": "Feature",
      "geometry": {
        "type": "Polygon",
        "coordinates": [
          [
            [113.2697094, -8.0014609],
            [113.2688928, -8.0014902],
            [113.2684851, -8.0012565],
            [113.267734, -8.0011024],
            [113.2672586, -8.0007792],
            [113.2669904, -8.0004073],
            [113.2663822, -7.9999178],
            [113.26615, -7.9993456],
            [113.2660493, -7.9974713],
            [113.2664874, -7.9961464],
            [113.2670098, -7.9955192],
            [113.267573, -7.9950741],
            [113.2684442, -7.9946542],
            [113.2690537, -7.9944355],
            [113.2696921, -7.9943293],
            [113.2707831, -7.9945692],
            [113.271754, -7.9951748],
            [113.272127, -7.9956665],
            [113.2724627, -7.9962988],
            [113.2727902, -7.9972409],
            [113.2730046, -7.9985741],
            [113.2730314, -7.9991342],
            [113.2729548, -7.9996978],
            [113.2726242, -8.0001683],
            [113.2720036, -8.0004928],
            [113.2713847, -8.0009611],
            [113.2707176, -8.0012346],
            [113.2697094, -8.0014609]
          ]
        ]
      },
      "properties": { "Type": "Air" }
    },
    {
      "type": "Feature",
      "geometry": {
        "type": "Polygon",
        "coordinates": [
          [
            [112.5497398, -8.1831083],
            [112.5494418, -8.1830266],
            [112.5488505, -8.1830011],
            [112.5484779, -8.1829311],
            [112.548102, -8.1827838],
            [112.5484909, -8.1836163],
            [112.5485657, -8.1837014],
            [112.548884, -8.1836176],
            [112.5489135, -8.1838819],
            [112.5485759, -8.1840838],
            [112.5488579, -8.1853948],
            [112.5481419, -8.1848206],
            [112.5478915, -8.18431],
            [112.5479421, -8.1840598],
            [112.5478915, -8.1839548],
            [112.5478309, -8.1838047],
            [112.5478258, -8.1835995],
            [112.5477753, -8.1834044],
            [112.5477045, -8.1832793],
            [112.5477449, -8.1830592],
            [112.5476337, -8.182799],
            [112.5475088, -8.1827442],
            [112.5468623, -8.1824516],
            [112.5464986, -8.1825375],
            [112.5461143, -8.1825323],
            [112.54525, -8.1825],
            [112.543, -8.181],
            [112.5425, -8.181],
            [112.54175, -8.1825],
            [112.53975, -8.18275],
            [112.5385, -8.184],
            [112.53775, -8.1845],
            [112.53725, -8.1845],
            [112.53675, -8.184],
            [112.5365, -8.1835],
            [112.536, -8.1835],
            [112.5355, -8.1835],
            [112.534, -8.184],
            [112.53275, -8.18475],
            [112.5311443, -8.1854574],
            [112.5306268, -8.1854938],
            [112.5295722, -8.1852499],
            [112.5292236, -8.1858904],
            [112.5284877, -8.1857069],
            [112.5277659, -8.1848413],
            [112.5284384, -8.184006],
            [112.5290616, -8.1833961],
            [112.5302641, -8.1832497],
            [112.5316672, -8.1841646],
            [112.5333618, -8.1823471],
            [112.5339472, -8.1824571],
            [112.535, -8.181],
            [112.5349596, -8.180496],
            [112.535, -8.1795],
            [112.53548, -8.1789182],
            [112.5354766, -8.1782942],
            [112.5356643, -8.1777482],
            [112.5365, -8.17675],
            [112.537, -8.17625],
            [112.53725, -8.17475],
            [112.5365, -8.17425],
            [112.53625, -8.17375],
            [112.537, -8.17125],
            [112.53775, -8.17],
            [112.5377482, -8.1696274],
            [112.5379054, -8.1691323],
            [112.5382609, -8.1683033],
            [112.5383616, -8.1681536],
            [112.5383553, -8.1678777],
            [112.5385373, -8.16812],
            [112.5385763, -8.1683276],
            [112.5385206, -8.1684293],
            [112.5386186, -8.1686722],
            [112.5388271, -8.1687056],
            [112.539175, -8.1688523],
            [112.5394849, -8.1683866],
            [112.5401018, -8.1671122],
            [112.5403476, -8.1662031],
            [112.5407951, -8.1651009],
            [112.5397751, -8.1644596],
            [112.5397699, -8.1643907],
            [112.539719, -8.1637109],
            [112.5405734, -8.1630748],
            [112.5405042, -8.1626676],
            [112.5403915, -8.162005],
            [112.5401168, -8.1616123],
            [112.5401533, -8.1610816],
            [112.5415269, -8.1584379],
            [112.5421993, -8.1574007],
            [112.5427629, -8.1578946],
            [112.543715, -8.1564114],
            [112.5446715, -8.1564187],
            [112.5449099, -8.1550934],
            [112.5470587, -8.1544082],
            [112.5450588, -8.1556491],
            [112.5452663, -8.1564232],
            [112.5435569, -8.1570237],
            [112.543227, -8.1583013],
            [112.5417386, -8.1587718],
            [112.5413029, -8.1598765],
            [112.5412508, -8.1600059],
            [112.5406049, -8.161609],
            [112.5410565, -8.1621364],
            [112.54121, -8.1627777],
            [112.5402121, -8.1641718],
            [112.5412711, -8.1648214],
            [112.5414076, -8.1653011],
            [112.5405092, -8.1669409],
            [112.5406369, -8.1682671],
            [112.5392104, -8.1693011],
            [112.5386366, -8.1696805],
            [112.5384163, -8.1699933],
            [112.5382222, -8.1703538],
            [112.5381559, -8.1706723],
            [112.5379542, -8.1709207],
            [112.5378859, -8.1710497],
            [112.53725, -8.17225],
            [112.537, -8.17275],
            [112.537, -8.1735],
            [112.538, -8.17475],
            [112.53825, -8.175],
            [112.53625, -8.1785],
            [112.5355, -8.18175],
            [112.535, -8.1825],
            [112.53675, -8.18275],
            [112.53725, -8.18325],
            [112.5375, -8.1835],
            [112.539, -8.182],
            [112.541, -8.182],
            [112.5415, -8.18175],
            [112.542, -8.1805],
            [112.5425, -8.18],
            [112.5429244, -8.1800118],
            [112.5431481, -8.1797643],
            [112.5435575, -8.1796279],
            [112.5438797, -8.1794677],
            [112.5442394, -8.179269],
            [112.5440726, -8.1795428],
            [112.5437044, -8.1798212],
            [112.5435256, -8.1798344],
            [112.5435, -8.18],
            [112.5433162, -8.1803175],
            [112.5435407, -8.1806328],
            [112.5439069, -8.1808476],
            [112.5458694, -8.1819932],
            [112.5460368, -8.1821061],
            [112.5462814, -8.1822308],
            [112.5466318, -8.182142],
            [112.5469769, -8.1818976],
            [112.5476007, -8.1817706],
            [112.54836, -8.1823015],
            [112.5482464, -8.1824916],
            [112.5487954, -8.1826944],
            [112.5497485, -8.1827285],
            [112.5497398, -8.1831083]
          ]
        ]
      },
      "properties": { "Type": "Air" }
    },
    {
      "type": "Feature",
      "geometry": {
        "type": "Polygon",
        "coordinates": [
          [
            [112.4703117, -7.4452797],
            [112.4714184, -7.4471243],
            [112.4731313, -7.4487248],
            [112.4756322, -7.4499743],
            [112.4754413, -7.4508371],
            [112.4743366, -7.4503902],
            [112.4732557, -7.4496376],
            [112.4724215, -7.4490551],
            [112.4716812, -7.4482227],
            [112.4708819, -7.4473423],
            [112.4699807, -7.4470498],
            [112.4678832, -7.4455657],
            [112.4662578, -7.4452625],
            [112.4639023, -7.4458834],
            [112.4616659, -7.4466242],
            [112.4596791, -7.4470441],
            [112.4591559, -7.4471189],
            [112.4583731, -7.4471301],
            [112.4566072, -7.4475391],
            [112.454818, -7.4478467],
            [112.4519282, -7.4488479],
            [112.449317, -7.4498796],
            [112.4478074, -7.4503083],
            [112.4453685, -7.4523681],
            [112.4439183, -7.4538953],
            [112.4416654, -7.4557227],
            [112.4393257, -7.4570205],
            [112.4384594, -7.4574859],
            [112.4375313, -7.4580869],
            [112.4369493, -7.4584273],
            [112.4365818, -7.4586827],
            [112.4355251, -7.459672],
            [112.4342157, -7.4604359],
            [112.4322608, -7.4608262],
            [112.430754, -7.4605575],
            [112.4301048, -7.4603633],
            [112.4287906, -7.4599006],
            [112.4268508, -7.4588369],
            [112.4240827, -7.4578582],
            [112.4207997, -7.4573316],
            [112.4178506, -7.4578302],
            [112.4160635, -7.4576767],
            [112.4132907, -7.4579955],
            [112.4112173, -7.4582776],
            [112.4096968, -7.4583502],
            [112.4061007, -7.4589398],
            [112.4038315, -7.4584192],
            [112.4022185, -7.4584702],
            [112.4000474, -7.4584916],
            [112.3985711, -7.4581817],
            [112.3945999, -7.4581401],
            [112.3911669, -7.4586605],
            [112.388415, -7.4591025],
            [112.3869855, -7.4589705],
            [112.3815966, -7.4594805],
            [112.3801316, -7.4596122],
            [112.3784423, -7.4594646],
            [112.3769959, -7.4594958],
            [112.37509, -7.4592652],
            [112.3732355, -7.4580641],
            [112.3704007, -7.4572133],
            [112.366603, -7.4575923],
            [112.3636473, -7.4578447],
            [112.3615414, -7.457756],
            [112.3601925, -7.4580869],
            [112.3588559, -7.4581141],
            [112.3568591, -7.4578114],
            [112.3538628, -7.4561955],
            [112.3533106, -7.4549699],
            [112.3579196, -7.4567263],
            [112.3590766, -7.4568021],
            [112.3599071, -7.4567321],
            [112.3624723, -7.4565362],
            [112.3637068, -7.4564949],
            [112.3661814, -7.4562202],
            [112.3689894, -7.4558296],
            [112.371041, -7.4560776],
            [112.3734052, -7.4569807],
            [112.3749312, -7.4573746],
            [112.376357, -7.4575762],
            [112.3784381, -7.4576386],
            [112.3811509, -7.4578429],
            [112.3841982, -7.458326],
            [112.3861252, -7.4579068],
            [112.3882208, -7.4578973],
            [112.3898191, -7.4576923],
            [112.3913941, -7.4576085],
            [112.3934448, -7.4570603],
            [112.3957305, -7.4567242],
            [112.3986123, -7.4571113],
            [112.4007968, -7.4572931],
            [112.4024667, -7.4572576],
            [112.4043648, -7.4571766],
            [112.4096, -7.4573525],
            [112.4114408, -7.4569499],
            [112.4148397, -7.4566158],
            [112.4156853, -7.4566091],
            [112.4169085, -7.4564169],
            [112.4185854, -7.4562984],
            [112.4208534, -7.4560391],
            [112.4236697, -7.4566614],
            [112.4263841, -7.4577252],
            [112.4287269, -7.4587355],
            [112.4303001, -7.4594273],
            [112.4325719, -7.4595856],
            [112.4343127, -7.4585603],
            [112.4359416, -7.4573057],
            [112.439882, -7.4552821],
            [112.4420179, -7.4536359],
            [112.4446264, -7.4514972],
            [112.4467888, -7.4494634],
            [112.4476205, -7.4493131],
            [112.4504998, -7.4483769],
            [112.4534476, -7.4471455],
            [112.4546136, -7.4467443],
            [112.4561834, -7.4463104],
            [112.4566716, -7.4461136],
            [112.4585617, -7.4459799],
            [112.4603999, -7.4456562],
            [112.4615466, -7.4452503],
            [112.4627484, -7.4450057],
            [112.4650562, -7.4444381],
            [112.4661452, -7.4441561],
            [112.4672019, -7.4441615],
            [112.4691224, -7.4443689],
            [112.4699646, -7.4447306],
            [112.4703117, -7.4452797]
          ]
        ]
      },
      "properties": { "Type": "Air" }
    },
    {
      "type": "Feature",
      "geometry": {
        "type": "Polygon",
        "coordinates": [
          [
            [112.5422292, -7.4794718],
            [112.5489195, -7.4816351],
            [112.5542083, -7.4833453],
            [112.5606783, -7.4854855],
            [112.5609873, -7.4855877],
            [112.5638624, -7.4865387],
            [112.5736507, -7.4895205],
            [112.5797777, -7.4911318],
            [112.5824303, -7.4919282],
            [112.5859608, -7.4933172],
            [112.5888562, -7.4932431],
            [112.590967, -7.4934469],
            [112.5932086, -7.4947063],
            [112.5939932, -7.4952804],
            [112.5955249, -7.4968546],
            [112.5963095, -7.4977436],
            [112.5974116, -7.4993178],
            [112.5985324, -7.5005031],
            [112.5988223, -7.5014433],
            [112.5990354, -7.5019825],
            [112.5995121, -7.5031892],
            [112.599458, -7.5046154],
            [112.5994387, -7.5051243],
            [112.5993066, -7.5070157],
            [112.5994883, -7.5081767],
            [112.5997412, -7.5097924],
            [112.600743, -7.5112178],
            [112.6014584, -7.5122753],
            [112.602258, -7.5128593],
            [112.6026814, -7.5131685],
            [112.6034423, -7.5135554],
            [112.6071815, -7.515457],
            [112.6085938, -7.5161859],
            [112.6095445, -7.516665],
            [112.6098655, -7.5168268],
            [112.6110481, -7.5175149],
            [112.6113198, -7.5178532],
            [112.6118771, -7.518072],
            [112.6122923, -7.5185079],
            [112.6123824, -7.5186525],
            [112.6124188, -7.518797],
            [112.6124253, -7.5190202],
            [112.6118577, -7.5187359],
            [112.6110934, -7.5184427],
            [112.6102981, -7.518088],
            [112.6089452, -7.5174876],
            [112.607717, -7.5166422],
            [112.6068526, -7.5161077],
            [112.6043259, -7.5148071],
            [112.6036645, -7.5145822],
            [112.6019253, -7.5137009],
            [112.6008541, -7.5127814],
            [112.599146, -7.5100807],
            [112.5986462, -7.508587],
            [112.5985582, -7.5074813],
            [112.5987373, -7.504533],
            [112.5981588, -7.5020773],
            [112.5962511, -7.4995814],
            [112.5958595, -7.4990176],
            [112.5954115, -7.4982742],
            [112.5940119, -7.4967805],
            [112.5915648, -7.4948174],
            [112.5889683, -7.4938173],
            [112.5859608, -7.4945025],
            [112.5847466, -7.4942803],
            [112.5841115, -7.4937802],
            [112.5828225, -7.493095],
            [112.5782001, -7.4914104],
            [112.5550833, -7.4847506],
            [112.5538139, -7.4840418],
            [112.548379, -7.4821601],
            [112.5479106, -7.4822578],
            [112.5457786, -7.4816957],
            [112.5453842, -7.4812192],
            [112.5421799, -7.4801928],
            [112.5220052, -7.4732521],
            [112.5183942, -7.4714437],
            [112.5164514, -7.4702141],
            [112.5153917, -7.4698231],
            [112.5143149, -7.4689753],
            [112.5133783, -7.4680466],
            [112.5126265, -7.4674112],
            [112.5114295, -7.4669229],
            [112.5107039, -7.4666047],
            [112.5102356, -7.466287],
            [112.5095982, -7.465542],
            [112.5081754, -7.464917],
            [112.5075984, -7.4645447],
            [112.5071761, -7.4642493],
            [112.5064521, -7.4637575],
            [112.5058482, -7.4630976],
            [112.5044802, -7.4627066],
            [112.5035066, -7.4627188],
            [112.500709, -7.4626821],
            [112.4978652, -7.4623121],
            [112.4918232, -7.4612646],
            [112.4888901, -7.4605681],
            [112.4873249, -7.4599571],
            [112.4860685, -7.4589253],
            [112.4821857, -7.4564011],
            [112.4794867, -7.4543726],
            [112.4754413, -7.4508371],
            [112.4756322, -7.4499743],
            [112.4798564, -7.4525151],
            [112.4802878, -7.4529184],
            [112.4812367, -7.454226],
            [112.4841946, -7.4564133],
            [112.4857104, -7.4578186],
            [112.4884094, -7.4592239],
            [112.4899869, -7.4594317],
            [112.4935979, -7.4597249],
            [112.4946824, -7.4599082],
            [112.4957793, -7.4603359],
            [112.4968145, -7.4605437],
            [112.497591, -7.4607881],
            [112.4984044, -7.4612402],
            [112.4990699, -7.4614968],
            [112.4997477, -7.461509],
            [112.5016703, -7.4614968],
            [112.5028411, -7.4617168],
            [112.5037038, -7.4617046],
            [112.5059098, -7.4619856],
            [112.5074939, -7.4631383],
            [112.5106793, -7.465456],
            [112.5111969, -7.4659448],
            [112.5116405, -7.4663603],
            [112.5132057, -7.4669591],
            [112.5155227, -7.4688409],
            [112.5169523, -7.4699773],
            [112.5193308, -7.4710038],
            [112.5221901, -7.4726412],
            [112.5264173, -7.4740464],
            [112.5422292, -7.4794718]
          ]
        ]
      },
      "properties": { "Type": "Air" }
    },
    {
      "type": "Feature",
      "geometry": {
        "type": "Polygon",
        "coordinates": [
          [
            [111.6337204, -7.8050403],
            [111.6333247, -7.8050363],
            [111.6325681, -7.8050286],
            [111.6323834, -7.8050626],
            [111.6321583, -7.8051041],
            [111.6312379, -7.8046423],
            [111.6310501, -7.8044671],
            [111.6300787, -7.803561],
            [111.6296339, -7.8031462],
            [111.6293988, -7.802521],
            [111.6293364, -7.8023552],
            [111.6288023, -7.8009352],
            [111.6279472, -7.8001111],
            [111.6276972, -7.7998701],
            [111.6275263, -7.7980461],
            [111.6274451, -7.7971787],
            [111.6264473, -7.7954397],
            [111.6265192, -7.7944522],
            [111.6270598, -7.7935282],
            [111.6286011, -7.7924253],
            [111.6308999, -7.7914456],
            [111.6312003, -7.7911533],
            [111.6313747, -7.7908742],
            [111.6316391, -7.7903633],
            [111.6316992, -7.7902471],
            [111.632217, -7.7898346],
            [111.6325054, -7.7896049],
            [111.6329893, -7.789402],
            [111.6334649, -7.7893094],
            [111.6337814, -7.7892766],
            [111.6344163, -7.7892107],
            [111.6346804, -7.7894351],
            [111.6355455, -7.7909619],
            [111.6358808, -7.7916183],
            [111.6357762, -7.7917857],
            [111.635903, -7.7920016],
            [111.6367257, -7.7926202],
            [111.6371906, -7.7927209],
            [111.6376695, -7.7928186],
            [111.6377798, -7.7947913],
            [111.6378774, -7.795069],
            [111.6378709, -7.7953998],
            [111.6378844, -7.796686],
            [111.6380774, -7.7969198],
            [111.6380066, -7.7988523],
            [111.6371128, -7.8000115],
            [111.6365085, -7.8000896],
            [111.6363444, -7.8002713],
            [111.6360085, -7.8003849],
            [111.6356194, -7.8005164],
            [111.6343062, -7.8003686],
            [111.634222, -7.800675],
            [111.6340514, -7.8008087],
            [111.6340583, -7.8011074],
            [111.6344832, -7.8014065],
            [111.6348852, -7.8019325],
            [111.6350249, -7.8027235],
            [111.6350399, -7.8032339],
            [111.6350431, -7.8034354],
            [111.6344632, -7.8040258],
            [111.6342808, -7.8043858],
            [111.6341554, -7.804765],
            [111.6337204, -7.8050403]
          ]
        ]
      },
      "properties": { "Type": "Air" }
    },
    {
      "type": "Feature",
      "geometry": {
        "type": "Polygon",
        "coordinates": [
          [
            [112.7890844, -7.4602327],
            [112.7887613, -7.4596028],
            [112.7882127, -7.4589509],
            [112.7878949, -7.4585843],
            [112.78751, -7.4582168],
            [112.7870956, -7.4579008],
            [112.7865604, -7.4575864],
            [112.7861246, -7.4574327],
            [112.7849954, -7.4571774],
            [112.7842779, -7.4570812],
            [112.7834947, -7.4570572],
            [112.7823293, -7.4569194],
            [112.7821858, -7.4570227],
            [112.7817405, -7.456762],
            [112.7813543, -7.4562727],
            [112.7807749, -7.455294],
            [112.7802385, -7.4544216],
            [112.7797664, -7.4537195],
            [112.7789939, -7.4535068],
            [112.7780283, -7.4535068],
            [112.7773632, -7.4536982],
            [112.7763332, -7.4541025],
            [112.7751745, -7.4547833],
            [112.7742518, -7.4555067],
            [112.7731145, -7.4560599],
            [112.7729539, -7.4557944],
            [112.7729214, -7.455762],
            [112.7735651, -7.4554429],
            [112.7746809, -7.4547408],
            [112.7753461, -7.4541663],
            [112.776419, -7.4537408],
            [112.7777923, -7.4532089],
            [112.7788652, -7.4530812],
            [112.7798308, -7.4533578],
            [112.7803243, -7.4538472],
            [112.7813757, -7.4553152],
            [112.7815903, -7.4554855],
            [112.7817834, -7.4560174],
            [112.782116, -7.4562886],
            [112.7824205, -7.4563689],
            [112.782788, -7.4562731],
            [112.7832466, -7.4562997],
            [112.7835859, -7.4563764],
            [112.7842981, -7.4564354],
            [112.7856485, -7.4567008],
            [112.786063, -7.4567545],
            [112.7865887, -7.4569806],
            [112.7870674, -7.4572381],
            [112.7875167, -7.4574885],
            [112.7878801, -7.4577593],
            [112.7885131, -7.4583631],
            [112.7888042, -7.4586747],
            [112.7889503, -7.4590811],
            [112.7892226, -7.4594885],
            [112.7896103, -7.4600104],
            [112.7899843, -7.4607331],
            [112.7905422, -7.4614911],
            [112.7909499, -7.4620655],
            [112.7915078, -7.4625948],
            [112.7918753, -7.4631107],
            [112.7923071, -7.4633953],
            [112.7927121, -7.4636346],
            [112.7939674, -7.4646532],
            [112.7947667, -7.4651014],
            [112.7954829, -7.4656718],
            [112.7956552, -7.4657616],
            [112.7956572, -7.4657921],
            [112.7957933, -7.4658713],
            [112.7959201, -7.4660521],
            [112.7962714, -7.4662622],
            [112.7965973, -7.4665574],
            [112.7967033, -7.4667356],
            [112.796942, -7.4668526],
            [112.797284, -7.4671877],
            [112.7974141, -7.467338],
            [112.7978003, -7.4677289],
            [112.7980658, -7.4679882],
            [112.7984481, -7.4682475],
            [112.7989, -7.4686318],
            [112.7994083, -7.4690108],
            [112.7999662, -7.4695307],
            [112.8009251, -7.4704189],
            [112.8016546, -7.4711769],
            [112.8022715, -7.4719986],
            [112.8028241, -7.4729321],
            [112.8031071, -7.4736009],
            [112.8032908, -7.4741701],
            [112.8034584, -7.4747724],
            [112.8035845, -7.4751474],
            [112.8035201, -7.4756846],
            [112.8034222, -7.4762989],
            [112.803327, -7.4769372],
            [112.803158, -7.4777948],
            [112.803099, -7.4780648],
            [112.8029434, -7.4786259],
            [112.8029716, -7.4790368],
            [112.8030547, -7.4792894],
            [112.8033914, -7.4795726],
            [112.8037293, -7.4796963],
            [112.804534, -7.4797229],
            [112.805741, -7.4798107],
            [112.8065, -7.4797907],
            [112.8082019, -7.479675],
            [112.809763, -7.4794131],
            [112.8112811, -7.4790913],
            [112.8119785, -7.4789131],
            [112.8127348, -7.4786153],
            [112.8132203, -7.4782695],
            [112.8138506, -7.4775635],
            [112.8138641, -7.4776871],
            [112.8144622, -7.4785328],
            [112.8151166, -7.479445],
            [112.8148431, -7.4795806],
            [112.8133491, -7.4802003],
            [112.8125954, -7.4803199],
            [112.8117666, -7.4804689],
            [112.8110343, -7.4805726],
            [112.8090844, -7.4806231],
            [112.8081939, -7.4807242],
            [112.8074589, -7.4807494],
            [112.8068273, -7.4807016],
            [112.8057705, -7.4806723],
            [112.8053963, -7.4805859],
            [112.8049484, -7.4804915],
            [112.8045742, -7.4805141],
            [112.8036824, -7.480409],
            [112.8032438, -7.4803851],
            [112.8030279, -7.4802096],
            [112.8027597, -7.479941],
            [112.802635, -7.4796577],
            [112.8025156, -7.4791764],
            [112.8023681, -7.4789982],
            [112.802297, -7.4785302],
            [112.8022219, -7.4782735],
            [112.8022166, -7.4774531],
            [112.8022662, -7.4767657],
            [112.8024513, -7.4760742],
            [112.8026739, -7.4754639],
            [112.8027503, -7.4748269],
            [112.8026994, -7.4743496],
            [112.8025398, -7.4739148],
            [112.8023654, -7.4734826],
            [112.8020194, -7.4729294],
            [112.8015366, -7.4723337],
            [112.8010699, -7.4717167],
            [112.8002974, -7.4709003],
            [112.7997744, -7.4703977],
            [112.7992849, -7.4699429],
            [112.7988209, -7.46952],
            [112.7983247, -7.4691464],
            [112.7980685, -7.4688379],
            [112.7978244, -7.4686092],
            [112.7973551, -7.4681903],
            [112.7970104, -7.4679563],
            [112.7967797, -7.4676903],
            [112.7962862, -7.4673021],
            [112.7958879, -7.4669537],
            [112.7954802, -7.4665441],
            [112.7945226, -7.4657888],
            [112.7942625, -7.4654963],
            [112.7932245, -7.46485],
            [112.7925405, -7.4642862],
            [112.7922374, -7.4640761],
            [112.7921113, -7.4640522],
            [112.792114, -7.4639272],
            [112.7918968, -7.4637277],
            [112.7917466, -7.4637197],
            [112.7916205, -7.4636666],
            [112.7915454, -7.4635655],
            [112.7915722, -7.4634644],
            [112.7915052, -7.4633793],
            [112.7911726, -7.4632171],
            [112.7908748, -7.4626879],
            [112.7906388, -7.4623634],
            [112.7903008, -7.4619698],
            [112.7898556, -7.461414],
            [112.7895901, -7.4609619],
            [112.789354, -7.4605948],
            [112.7892145, -7.4605097],
            [112.7890844, -7.4602327]
          ]
        ]
      },
      "properties": { "Type": "Air" }
    },
    {
      "type": "Feature",
      "geometry": {
        "type": "Polygon",
        "coordinates": [
          [
            [112.7772559, -7.4651022],
            [112.7780498, -7.4646342],
            [112.7786935, -7.4642937],
            [112.7795948, -7.4641235],
            [112.7803243, -7.4641661],
            [112.7809466, -7.4643788],
            [112.7819766, -7.4647618],
            [112.7824057, -7.4647405],
            [112.7829851, -7.4644427],
            [112.7833284, -7.4638044],
            [112.7834571, -7.462847],
            [112.7834571, -7.4620172],
            [112.7831567, -7.4610385],
            [112.7824486, -7.4597832],
            [112.7819122, -7.4586556],
            [112.7816976, -7.457528],
            [112.7817405, -7.456762],
            [112.7821858, -7.4570227],
            [112.7821697, -7.4576343],
            [112.7822984, -7.4585705],
            [112.7825988, -7.4592513],
            [112.7832426, -7.4602088],
            [112.7835215, -7.460996],
            [112.7838219, -7.4621449],
            [112.7837361, -7.4633789],
            [112.783543, -7.464081],
            [112.7832855, -7.4644639],
            [112.7828349, -7.4647405],
            [112.7824915, -7.4649107],
            [112.7819551, -7.4649107],
            [112.7813543, -7.4648469],
            [112.7799595, -7.4644427],
            [112.7793373, -7.4644427],
            [112.7785862, -7.464698],
            [112.7778567, -7.4651448],
            [112.7772344, -7.4656341],
            [112.7767838, -7.4661447],
            [112.7754145, -7.4678122],
            [112.7751906, -7.4680361],
            [112.7749103, -7.4681265],
            [112.7744403, -7.4681418],
            [112.7740896, -7.4681006],
            [112.7740453, -7.4679204],
            [112.7743618, -7.4679616],
            [112.7747105, -7.4679456],
            [112.7749935, -7.4678778],
            [112.7752791, -7.4676672],
            [112.7767409, -7.4655703],
            [112.7772559, -7.4651022]
          ]
        ]
      },
      "properties": { "Type": "Air" }
    },
    {
      "type": "Feature",
      "geometry": {
        "type": "Polygon",
        "coordinates": [
          [
            [112.6112422, -7.1626444],
            [112.6116499, -7.1641986],
            [112.6114675, -7.1642518],
            [112.6104161, -7.1617928],
            [112.6102981, -7.1612392],
            [112.6101693, -7.160888],
            [112.6097831, -7.159866],
            [112.6096544, -7.1593657],
            [112.6092574, -7.1584609],
            [112.609075, -7.1576944],
            [112.608957, -7.1573537],
            [112.6089784, -7.1571834],
            [112.6087209, -7.1563318],
            [112.6085815, -7.1557676],
            [112.6086673, -7.1556824],
            [112.608796, -7.1558528],
            [112.6093861, -7.1559912],
            [112.6095793, -7.156747],
            [112.6097402, -7.1572686],
            [112.6096114, -7.1573005],
            [112.6095256, -7.1574815],
            [112.6095471, -7.1576412],
            [112.6096222, -7.1577263],
            [112.6097509, -7.1578541],
            [112.609944, -7.1578647],
            [112.6100835, -7.158067],
            [112.6100513, -7.1582799],
            [112.6100942, -7.158397],
            [112.6102659, -7.1584821],
            [112.6102015, -7.1586418],
            [112.6103303, -7.1587696],
            [112.6103732, -7.1590996],
            [112.6103625, -7.1592805],
            [112.6105127, -7.1594296],
            [112.6105341, -7.1597809],
            [112.6108023, -7.159898],
            [112.6108131, -7.1600683],
            [112.6107916, -7.1601854],
            [112.6108667, -7.1603238],
            [112.6108345, -7.160675],
            [112.6107702, -7.1609731],
            [112.6108023, -7.1611967],
            [112.6112422, -7.1626444]
          ]
        ]
      },
      "properties": { "Type": "Air" }
    },
    {
      "type": "Feature",
      "geometry": {
        "type": "Polygon",
        "coordinates": [
          [
            [112.6077339, -7.1552566],
            [112.6078626, -7.155576],
            [112.6077124, -7.1556824],
            [112.6076695, -7.1555121],
            [112.607573, -7.1552673],
            [112.6071975, -7.1544902],
            [112.6071009, -7.154256],
            [112.6071331, -7.1541389],
            [112.6072404, -7.1540644],
            [112.6073584, -7.1541069],
            [112.6075837, -7.1540856],
            [112.6077232, -7.154256],
            [112.6079377, -7.1548628],
            [112.6080558, -7.1555228],
            [112.6079807, -7.1554908],
            [112.6079056, -7.1552779],
            [112.6077339, -7.1552566]
          ]
        ]
      },
      "properties": { "Type": "Air" }
    },
    {
      "type": "Feature",
      "geometry": {
        "type": "Polygon",
        "coordinates": [
          [
            [112.6087746, -7.1553311],
            [112.608678, -7.1554695],
            [112.6084635, -7.1551502],
            [112.6078412, -7.1537663],
            [112.6076802, -7.1534043],
            [112.6075086, -7.1530956],
            [112.6074657, -7.1528508],
            [112.6076159, -7.152755],
            [112.6077446, -7.1529679],
            [112.6078734, -7.1529785],
            [112.6079056, -7.1528614],
            [112.6081416, -7.1530424],
            [112.6082274, -7.1531595],
            [112.608163, -7.1532766],
            [112.608206, -7.1535214],
            [112.6083347, -7.1535427],
            [112.6084742, -7.1539579],
            [112.608442, -7.1541815],
            [112.6085922, -7.1547031],
            [112.608678, -7.1548095],
            [112.6087746, -7.1553311]
          ]
        ]
      },
      "properties": { "Type": "Air" }
    },
    {
      "type": "Feature",
      "geometry": {
        "type": "Polygon",
        "coordinates": [
          [
            [110.8538588, -7.2403165],
            [110.8533246, -7.2407896],
            [110.8530137, -7.2411607],
            [110.8525452, -7.2415905],
            [110.8519381, -7.2419004],
            [110.8512277, -7.2419816],
            [110.8508725, -7.2420412],
            [110.8501848, -7.241954],
            [110.8499882, -7.2416982],
            [110.8505501, -7.2413052],
            [110.850855, -7.2412072],
            [110.8513204, -7.2410404],
            [110.8520071, -7.2410003],
            [110.8523941, -7.2406525],
            [110.852954, -7.2402926],
            [110.8533968, -7.2398577],
            [110.853594, -7.2393889],
            [110.8546259, -7.2388137],
            [110.8552703, -7.2383544],
            [110.8559183, -7.2376322],
            [110.8559789, -7.2371837],
            [110.8555573, -7.2369798],
            [110.8550897, -7.2369566],
            [110.8546641, -7.2368633],
            [110.8538723, -7.2366174],
            [110.853382, -7.2365716],
            [110.8525457, -7.2362879],
            [110.8521589, -7.2359937],
            [110.8520213, -7.2357379],
            [110.8518579, -7.2353321],
            [110.8523513, -7.2343754],
            [110.8526858, -7.2337419],
            [110.8527968, -7.2334923],
            [110.8526191, -7.2330655],
            [110.852256, -7.2330026],
            [110.8517339, -7.2329252],
            [110.8511448, -7.2328471],
            [110.8506643, -7.2326504],
            [110.849772, -7.2319467],
            [110.8492687, -7.2306984],
            [110.8491888, -7.2298918],
            [110.8490853, -7.2291564],
            [110.848816, -7.2293891],
            [110.8485693, -7.2294795],
            [110.8482152, -7.2293358],
            [110.8476718, -7.2292587],
            [110.8480704, -7.2281384],
            [110.8484244, -7.2278883],
            [110.8484543, -7.2276119],
            [110.8481399, -7.2267414],
            [110.8476976, -7.2264539],
            [110.8474047, -7.2261631],
            [110.846868, -7.2245964],
            [110.8463055, -7.2244824],
            [110.8458492, -7.2248511],
            [110.8453872, -7.2247716],
            [110.8449123, -7.2247907],
            [110.844662, -7.2244991],
            [110.8445087, -7.2239167],
            [110.8444655, -7.2233807],
            [110.844319, -7.223261],
            [110.8441208, -7.2226406],
            [110.8438878, -7.2221917],
            [110.8438691, -7.221657],
            [110.8436022, -7.2212106],
            [110.8435845, -7.2209184],
            [110.8435411, -7.2202044],
            [110.8430149, -7.2191225],
            [110.8428596, -7.2186164],
            [110.8427355, -7.2181134],
            [110.842783, -7.2178797],
            [110.8426824, -7.2171565],
            [110.8428295, -7.2168014],
            [110.8431043, -7.2162893],
            [110.843381, -7.2159599],
            [110.8445914, -7.215071],
            [110.8455644, -7.2147058],
            [110.8457221, -7.2144306],
            [110.8459863, -7.2146515],
            [110.8462505, -7.2146488],
            [110.8462585, -7.2147393],
            [110.8463153, -7.2147497],
            [110.8463213, -7.2150723],
            [110.8463177, -7.2154723],
            [110.8461982, -7.2154791],
            [110.846156, -7.215511],
            [110.8461358, -7.2155542],
            [110.8461318, -7.2155868],
            [110.8461573, -7.2155862],
            [110.8461647, -7.2157245],
            [110.8456671, -7.2158849],
            [110.8450006, -7.2160312],
            [110.8443046, -7.2164716],
            [110.8437928, -7.2172461],
            [110.843752, -7.2177608],
            [110.8438174, -7.2182796],
            [110.8440779, -7.2188239],
            [110.8444167, -7.2192647],
            [110.8460205, -7.2206991],
            [110.8464621, -7.2215057],
            [110.8472476, -7.2221034],
            [110.8479798, -7.2230568],
            [110.8483077, -7.2241009],
            [110.8487709, -7.2248807],
            [110.8493449, -7.2255535],
            [110.850081, -7.2254289],
            [110.8503449, -7.2256345],
            [110.8504602, -7.2259352],
            [110.8507355, -7.226024],
            [110.85123, -7.2262359],
            [110.8513212, -7.2267521],
            [110.8513044, -7.2271581],
            [110.8506802, -7.2273881],
            [110.850794, -7.2279065],
            [110.8508855, -7.2285648],
            [110.8512051, -7.2290275],
            [110.8511925, -7.2293651],
            [110.851509, -7.229562],
            [110.8517859, -7.2295906],
            [110.8520293, -7.2297749],
            [110.8520856, -7.2301634],
            [110.8518827, -7.2305021],
            [110.8515035, -7.2305931],
            [110.8515996, -7.231101],
            [110.8513965, -7.2313769],
            [110.8513352, -7.2315298],
            [110.8518186, -7.2316786],
            [110.8525135, -7.231833],
            [110.8531008, -7.2319314],
            [110.8534122, -7.2321192],
            [110.8536869, -7.2323267],
            [110.8538264, -7.2328321],
            [110.854081, -7.23318],
            [110.8549504, -7.2337096],
            [110.8551863, -7.2340589],
            [110.8554775, -7.2342551],
            [110.855535, -7.2339551],
            [110.8558005, -7.234027],
            [110.8557789, -7.2344522],
            [110.85594, -7.2345884],
            [110.8561549, -7.234603],
            [110.8563638, -7.234293],
            [110.8565444, -7.23405],
            [110.8565274, -7.2339046],
            [110.8567688, -7.233705],
            [110.8568174, -7.2340867],
            [110.8565603, -7.2345349],
            [110.8560578, -7.2348136],
            [110.8555682, -7.234852],
            [110.8548023, -7.234792],
            [110.8542642, -7.2345423],
            [110.8536355, -7.2342359],
            [110.8533463, -7.2342292],
            [110.8531595, -7.2344391],
            [110.8533675, -7.2348745],
            [110.8536359, -7.235348],
            [110.8540229, -7.2356964],
            [110.8543976, -7.2358801],
            [110.8556807, -7.236165],
            [110.8564681, -7.23663],
            [110.8567933, -7.2372054],
            [110.8567584, -7.237793],
            [110.8569673, -7.2378133],
            [110.8569485, -7.2381034],
            [110.8566025, -7.2383961],
            [110.8564952, -7.2385956],
            [110.8562699, -7.2386143],
            [110.8562887, -7.2384413],
            [110.8559376, -7.2383479],
            [110.8557093, -7.2385025],
            [110.8555859, -7.2388963],
            [110.855627, -7.2391776],
            [110.85513, -7.2392369],
            [110.8546705, -7.2395054],
            [110.8541912, -7.2398356],
            [110.8538588, -7.2403165]
          ]
        ]
      },
      "properties": { "Type": "Air" }
    },
    {
      "type": "Feature",
      "geometry": {
        "type": "Polygon",
        "coordinates": [
          [
            [110.9982029, -8.1452012],
            [110.9983506, -8.1451437],
            [110.9984772, -8.1449818],
            [110.9986196, -8.1449766],
            [110.9987252, -8.1449087],
            [110.998857, -8.1448669],
            [110.9989625, -8.1448669],
            [110.9991366, -8.1449192],
            [110.9992527, -8.1450341],
            [110.9993846, -8.1450341],
            [110.9995534, -8.1449609],
            [110.9995534, -8.1447782],
            [110.9997169, -8.143222],
            [110.9996536, -8.143081],
            [110.9995481, -8.1429295],
            [110.9994268, -8.1428617],
            [110.9993687, -8.1428042],
            [110.9993424, -8.1426371],
            [110.9993951, -8.142517],
            [110.9994109, -8.1424439],
            [110.9992316, -8.1421253],
            [110.9991788, -8.1420522],
            [110.9990522, -8.142],
            [110.998646, -8.141765],
            [110.9985405, -8.141765],
            [110.9982557, -8.1420783],
            [110.9984245, -8.1423551],
            [110.9985722, -8.1424021],
            [110.9987357, -8.1424282],
            [110.9988201, -8.1424857],
            [110.9988359, -8.1425901],
            [110.9987832, -8.1427207],
            [110.9986618, -8.1428251],
            [110.9984878, -8.142893],
            [110.9983295, -8.1429452],
            [110.9982715, -8.1430288],
            [110.9983031, -8.1431541],
            [110.9983453, -8.1433264],
            [110.9983137, -8.1433943],
            [110.9983084, -8.1435353],
            [110.9983031, -8.1436659],
            [110.998282, -8.1437494],
            [110.9981976, -8.1438016],
            [110.998073, -8.1440352],
            [110.9977498, -8.1441707],
            [110.9973668, -8.1440939],
            [110.9971782, -8.1443101],
            [110.9973864, -8.1447399],
            [110.9974926, -8.1450753],
            [110.9979381, -8.1453363],
            [110.9982029, -8.1452012]
          ]
        ]
      },
      "properties": { "Type": "Air" }
    },
    {
      "type": "Feature",
      "geometry": {
        "type": "Polygon",
        "coordinates": [
          [
            [112.5597038, -8.1943619],
            [112.560084, -8.1943261],
            [112.5601977, -8.1943136],
            [112.5604315, -8.1943761],
            [112.5605831, -8.1944574],
            [112.5607727, -8.19457],
            [112.5608232, -8.194645],
            [112.5609686, -8.1946763],
            [112.5610191, -8.1947576],
            [112.5611012, -8.1948025],
            [112.5611897, -8.1949265],
            [112.5612024, -8.1951078],
            [112.5614298, -8.1954706],
            [112.5615985, -8.1958563],
            [112.5616699, -8.1961147],
            [112.5618026, -8.196909],
            [112.5621375, -8.1978283],
            [112.5622702, -8.1981723],
            [112.5625861, -8.1985851],
            [112.5631232, -8.1991354],
            [112.5634075, -8.1994419],
            [112.5640584, -8.1998984],
            [112.5644248, -8.200111],
            [112.5648987, -8.2002486],
            [112.5654105, -8.2002737],
            [112.566788, -8.2003112],
            [112.5672176, -8.20043],
            [112.5676157, -8.20043],
            [112.5678242, -8.2004425],
            [112.5681591, -8.2005801],
            [112.5708951, -8.2020373],
            [112.571192, -8.2022249],
            [112.5713626, -8.2024125],
            [112.5718934, -8.202744],
            [112.5722472, -8.2029003],
            [112.5723041, -8.2029754],
            [112.5725758, -8.2030692],
            [112.5726516, -8.2029754],
            [112.5728285, -8.2029003],
            [112.5727843, -8.2030004],
            [112.5726706, -8.2030879],
            [112.5726327, -8.2031755],
            [112.5726958, -8.203263],
            [112.5728728, -8.2034507],
            [112.5728349, -8.2035194],
            [112.5732203, -8.2044325],
            [112.5738395, -8.2062837],
            [112.5741302, -8.2068778],
            [112.5744966, -8.2074782],
            [112.5752612, -8.2085976],
            [112.5755582, -8.2088978],
            [112.576607, -8.2098484],
            [112.5770999, -8.2103862],
            [112.5772452, -8.210505],
            [112.5773716, -8.2105488],
            [112.5775296, -8.2105238],
            [112.5779466, -8.2104112],
            [112.5792861, -8.2099172],
            [112.5795136, -8.2099297],
            [112.5797663, -8.2099734],
            [112.5799812, -8.2100923],
            [112.5802908, -8.2102236],
            [112.5803666, -8.2103111],
            [112.5811375, -8.2110116],
            [112.581281, -8.2111144],
            [112.5821706, -8.2118948],
            [112.5821807, -8.212075],
            [112.5823374, -8.2122951],
            [112.5829339, -8.2132857],
            [112.5830856, -8.2133557],
            [112.5831715, -8.2134858],
            [112.5833787, -8.2136009],
            [112.5837882, -8.213726],
            [112.58488, -8.2138961],
            [112.5859365, -8.2139061],
            [112.5863459, -8.2139461],
            [112.5867604, -8.2139211],
            [112.5869879, -8.2139761],
            [112.5871901, -8.2140962],
            [112.5875642, -8.2152419],
            [112.5885398, -8.2159423],
            [112.5888127, -8.2160874],
            [112.5891628, -8.216221],
            [112.5895962, -8.2164326],
            [112.589945, -8.2165777],
            [112.590314, -8.2165677],
            [112.5910571, -8.2168878],
            [112.5919273, -8.2172988],
            [112.5927122, -8.2177804],
            [112.5931075, -8.2180952],
            [112.5936432, -8.218341],
            [112.5958214, -8.2190877],
            [112.5961551, -8.2191577],
            [112.5963876, -8.2192778],
            [112.5965595, -8.2195879],
            [112.596707, -8.2200517],
            [112.5968546, -8.2201658],
            [112.5969477, -8.2204032],
            [112.5972139, -8.2212019],
            [112.5972543, -8.221439],
            [112.5972971, -8.2216146],
            [112.5975372, -8.2219186],
            [112.5979831, -8.221941],
            [112.5983834, -8.2219843],
            [112.5987662, -8.2218958],
            [112.5999413, -8.2220133],
            [112.6000705, -8.2219882],
            [112.6001646, -8.2220419],
            [112.6003942, -8.221908],
            [112.6005645, -8.2220171],
            [112.6005131, -8.2221356],
            [112.6007089, -8.2222046],
            [112.6008697, -8.2224182],
            [112.6010308, -8.2227594],
            [112.6012236, -8.2230523],
            [112.6013302, -8.2232754],
            [112.6013604, -8.2234911],
            [112.6013451, -8.22357],
            [112.6013742, -8.2237895],
            [112.6016346, -8.2242811],
            [112.6014852, -8.2244836],
            [112.6015317, -8.2248442],
            [112.6016155, -8.2250689],
            [112.6016048, -8.2254353],
            [112.601729, -8.2261494],
            [112.6017928, -8.2265889],
            [112.6018301, -8.2267732],
            [112.601859, -8.2268775],
            [112.6019705, -8.2269584],
            [112.6020351, -8.22704],
            [112.6024235, -8.2270842],
            [112.602878, -8.2271523],
            [112.6035962, -8.2271937],
            [112.6038127, -8.2272388],
            [112.6042734, -8.2274989],
            [112.6045552, -8.2277156],
            [112.6046371, -8.2279928],
            [112.6048395, -8.2280819],
            [112.6049447, -8.2282287],
            [112.605097, -8.2283739],
            [112.6051573, -8.2286585],
            [112.6052606, -8.2295101],
            [112.6052659, -8.2301265],
            [112.6053444, -8.2305557],
            [112.6054053, -8.2306711],
            [112.6055545, -8.2307478],
            [112.6060916, -8.2306843],
            [112.6063772, -8.230837],
            [112.6066813, -8.2309875],
            [112.6069054, -8.2311113],
            [112.607078, -8.2312662],
            [112.6072036, -8.2313406],
            [112.6074513, -8.2313429],
            [112.608053, -8.2312948],
            [112.6081921, -8.2313653],
            [112.6086647, -8.2313628],
            [112.6088453, -8.2313936],
            [112.6090113, -8.2313877],
            [112.60927, -8.231441],
            [112.6095926, -8.2316816],
            [112.6101549, -8.2321256],
            [112.610025, -8.2322136],
            [112.6099864, -8.2323068],
            [112.6097732, -8.2321086],
            [112.6094546, -8.2318575],
            [112.6091332, -8.2316786],
            [112.6089607, -8.2315941],
            [112.6087901, -8.2315378],
            [112.6086684, -8.2315621],
            [112.60855, -8.2315378],
            [112.6078637, -8.2316059],
            [112.6070665, -8.2315879],
            [112.6068163, -8.2313656],
            [112.6065284, -8.2312111],
            [112.6062055, -8.2311279],
            [112.6060323, -8.231036],
            [112.6057239, -8.2309757],
            [112.605416, -8.2309249],
            [112.6053548, -8.2308738],
            [112.6052121, -8.2307416],
            [112.6050892, -8.2306039],
            [112.6049916, -8.2302902],
            [112.6048731, -8.2301797],
            [112.6048344, -8.2300726],
            [112.6048665, -8.2299995],
            [112.6049326, -8.229898],
            [112.604947, -8.2297459],
            [112.604861, -8.2291039],
            [112.6047404, -8.2283044],
            [112.6041676, -8.2277793],
            [112.6036341, -8.2274792],
            [112.6033814, -8.2273854],
            [112.6030844, -8.2273729],
            [112.6024497, -8.227397],
            [112.6020735, -8.2273354],
            [112.6019768, -8.2272885],
            [112.6019025, -8.2272298],
            [112.6018393, -8.2271538],
            [112.6017644, -8.2270858],
            [112.6016895, -8.2270351],
            [112.6015967, -8.2269367],
            [112.6015674, -8.2266832],
            [112.6014662, -8.2263821],
            [112.6013515, -8.2259638],
            [112.6012171, -8.2247633],
            [112.601189, -8.2241743],
            [112.6010169, -8.2237706],
            [112.6007601, -8.2238049],
            [112.6007094, -8.2235715],
            [112.6006226, -8.2234114],
            [112.6005609, -8.2232141],
            [112.6005617, -8.2230747],
            [112.6004449, -8.2228047],
            [112.6002851, -8.2223559],
            [112.6000339, -8.2223625],
            [112.5995051, -8.2222694],
            [112.5991988, -8.2222704],
            [112.5987372, -8.2222825],
            [112.5981433, -8.2223138],
            [112.5978147, -8.222295],
            [112.5975688, -8.2222336],
            [112.597361, -8.2221021],
            [112.5972408, -8.2218621],
            [112.597088, -8.2217223],
            [112.5969715, -8.2214915],
            [112.5968438, -8.2210392],
            [112.5966614, -8.2205454],
            [112.5965112, -8.2200835],
            [112.5964227, -8.2199269],
            [112.5963388, -8.2195657],
            [112.5960139, -8.2194871],
            [112.5958876, -8.2193746],
            [112.5956727, -8.2193058],
            [112.5953767, -8.2193376],
            [112.595154, -8.2192152],
            [112.5948197, -8.2191932],
            [112.5945607, -8.2191182],
            [112.5942367, -8.2190402],
            [112.5941254, -8.2188173],
            [112.5940476, -8.2187562],
            [112.5939377, -8.2187522],
            [112.5938022, -8.2188237],
            [112.5930531, -8.2184442],
            [112.5927733, -8.2182833],
            [112.5927763, -8.2181894],
            [112.5925603, -8.2180109],
            [112.5924517, -8.217997],
            [112.5922161, -8.217869],
            [112.591344, -8.2174196],
            [112.5904335, -8.216995],
            [112.5901933, -8.2169139],
            [112.5899862, -8.2168296],
            [112.589331, -8.2165926],
            [112.5891743, -8.2165859],
            [112.5889965, -8.2164437],
            [112.588545, -8.2163129],
            [112.5884945, -8.2162429],
            [112.5883268, -8.2161672],
            [112.588006, -8.2159728],
            [112.5878732, -8.2159184],
            [112.5877969, -8.2159277],
            [112.5874582, -8.2156976],
            [112.5873571, -8.2155575],
            [112.5873167, -8.2150972],
            [112.5872207, -8.2150222],
            [112.5870892, -8.2146769],
            [112.5869932, -8.2145219],
            [112.5868992, -8.2144674],
            [112.5868062, -8.2143668],
            [112.5866848, -8.2143117],
            [112.5865736, -8.2142867],
            [112.5863563, -8.2142817],
            [112.5861844, -8.2143017],
            [112.5857598, -8.2143868],
            [112.5845517, -8.2143718],
            [112.5843323, -8.2143209],
            [112.5842514, -8.2142632],
            [112.5841317, -8.2142632],
            [112.5839602, -8.214116],
            [112.5838308, -8.2140743],
            [112.5836205, -8.2140487],
            [112.583407, -8.2139238],
            [112.583297, -8.2139238],
            [112.5830609, -8.2137573],
            [112.5828959, -8.2135332],
            [112.5827147, -8.21345],
            [112.5825724, -8.2132546],
            [112.5823459, -8.2130529],
            [112.5821906, -8.2127872],
            [112.5821809, -8.2126655],
            [112.5821583, -8.212515],
            [112.5819836, -8.2124446],
            [112.5819059, -8.2122588],
            [112.5815695, -8.2118298],
            [112.5813139, -8.2115928],
            [112.5811424, -8.211452],
            [112.580903, -8.2112983],
            [112.5805795, -8.2110485],
            [112.5800943, -8.2105842],
            [112.579706, -8.2103281],
            [112.5795346, -8.2102256],
            [112.5793211, -8.2101712],
            [112.5791431, -8.2101808],
            [112.5789814, -8.2102288],
            [112.5783376, -8.2106483],
            [112.5776518, -8.2109877],
            [112.5775126, -8.2110037],
            [112.5773897, -8.2109717],
            [112.5772247, -8.2108884],
            [112.5771503, -8.2107699],
            [112.5771535, -8.2106771],
            [112.5770662, -8.2106451],
            [112.5769497, -8.2105266],
            [112.576885, -8.210565],
            [112.576568, -8.2103313],
            [112.5763286, -8.2102256],
            [112.5759016, -8.2099086],
            [112.5757333, -8.2096621],
            [112.575591, -8.2095212],
            [112.5753904, -8.2094251],
            [112.5753516, -8.2096044],
            [112.5752966, -8.209598],
            [112.5752545, -8.2093419],
            [112.5752837, -8.2092426],
            [112.5751898, -8.2091658],
            [112.574779, -8.2086791],
            [112.5746819, -8.2086022],
            [112.5746107, -8.2084965],
            [112.5745558, -8.2082468],
            [112.5744587, -8.2081411],
            [112.5742258, -8.2078241],
            [112.5739476, -8.207331],
            [112.5738473, -8.2071389],
            [112.5738084, -8.2070172],
            [112.5736661, -8.2069084],
            [112.573679, -8.2068251],
            [112.5735173, -8.2064697],
            [112.5735043, -8.2062327],
            [112.5734364, -8.2062231],
            [112.5732164, -8.2056116],
            [112.5730385, -8.2051729],
            [112.5729867, -8.2051697],
            [112.5728476, -8.2046029],
            [112.572647, -8.2041322],
            [112.5723979, -8.2035719],
            [112.5721294, -8.2031876],
            [112.5719256, -8.2030948],
            [112.5715892, -8.2029091],
            [112.5710424, -8.2026529],
            [112.570706, -8.2024608],
            [112.5697193, -8.2019389],
            [112.568037, -8.2010871],
            [112.5677135, -8.2009815],
            [112.5673382, -8.2008182],
            [112.5669759, -8.2007253],
            [112.566303, -8.2007029],
            [112.5656592, -8.2008374],
            [112.5653195, -8.2008726],
            [112.5649216, -8.2007957],
            [112.5646951, -8.2006997],
            [112.5644072, -8.2006709],
            [112.5641969, -8.2006132],
            [112.5640061, -8.2005236],
            [112.5637893, -8.2003859],
            [112.5633914, -8.199976],
            [112.5630193, -8.1997551],
            [112.5626214, -8.1993868],
            [112.5624791, -8.1992203],
            [112.562382, -8.1991243],
            [112.5621265, -8.1989225],
            [112.5620585, -8.1988265],
            [112.5618676, -8.1985159],
            [112.5618062, -8.1983878],
            [112.5617285, -8.1979779],
            [112.5615862, -8.1973343],
            [112.5614438, -8.1969853],
            [112.5613403, -8.196822],
            [112.5612821, -8.1966683],
            [112.5611236, -8.1963769],
            [112.5611009, -8.1961656],
            [112.5610136, -8.1960311],
            [112.5609553, -8.1958966],
            [112.5609101, -8.1957461],
            [112.5608389, -8.195634],
            [112.5608162, -8.1955284],
            [112.5606836, -8.1955124],
            [112.5606189, -8.1953202],
            [112.5605089, -8.1953074],
            [112.5604765, -8.1952274],
            [112.5604668, -8.1950737],
            [112.5603795, -8.1950865],
            [112.5603245, -8.1951793],
            [112.5601983, -8.1951633],
            [112.5602145, -8.1950737],
            [112.560263, -8.1950481],
            [112.5601401, -8.1948559],
            [112.560089, -8.1946291],
            [112.5596482, -8.1947321],
            [112.5596847, -8.194522],
            [112.5597038, -8.1943619]
          ]
        ]
      },
      "properties": { "Type": "Air" }
    },
    {
      "type": "Feature",
      "geometry": {
        "type": "Polygon",
        "coordinates": [
          [
            [112.5499937, -8.1831168],
            [112.5499106, -8.1831168],
            [112.5497398, -8.1831083],
            [112.5497485, -8.1827285],
            [112.5499025, -8.1827257],
            [112.550007, -8.1827239],
            [112.5500793, -8.1827943],
            [112.5502251, -8.1828018],
            [112.5503417, -8.1827945],
            [112.550339, -8.1827095],
            [112.550406, -8.18266],
            [112.5504947, -8.182655],
            [112.5505948, -8.1826287],
            [112.5506551, -8.18255],
            [112.5507112, -8.1825497],
            [112.5507441, -8.182579],
            [112.5507948, -8.1826111],
            [112.5508829, -8.1825341],
            [112.5512617, -8.1825718],
            [112.5516859, -8.1826011],
            [112.551832, -8.1824967],
            [112.5518889, -8.182419],
            [112.5519564, -8.1823184],
            [112.5520093, -8.182229],
            [112.5520477, -8.1821313],
            [112.5521097, -8.182001],
            [112.5522682, -8.1817125],
            [112.5523469, -8.1815462],
            [112.5523838, -8.1814321],
            [112.5524357, -8.1813159],
            [112.5524696, -8.1811534],
            [112.5525243, -8.1811077],
            [112.5525822, -8.1810363],
            [112.5527034, -8.1808737],
            [112.5528144, -8.180706],
            [112.5529003, -8.1805851],
            [112.5529656, -8.1804632],
            [112.5530019, -8.1803927],
            [112.5530469, -8.1802677],
            [112.5531025, -8.1802094],
            [112.5531776, -8.1801929],
            [112.5532817, -8.1802085],
            [112.5534034, -8.1801376],
            [112.5535475, -8.18006],
            [112.5536763, -8.1799768],
            [112.5538239, -8.1799511],
            [112.5539867, -8.1799147],
            [112.5543605, -8.1798848],
            [112.5544154, -8.179972],
            [112.5545746, -8.1799847],
            [112.5547415, -8.1799731],
            [112.5549485, -8.180033],
            [112.5551011, -8.1800955],
            [112.5551787, -8.1801459],
            [112.5553231, -8.1802077],
            [112.555447, -8.1802609],
            [112.5558734, -8.1803095],
            [112.5559583, -8.1804976],
            [112.5562778, -8.1806497],
            [112.5567792, -8.1807428],
            [112.5571432, -8.1808178],
            [112.5573914, -8.180898],
            [112.5574619, -8.1808061],
            [112.557612, -8.1805059],
            [112.5576999, -8.1802064],
            [112.5577828, -8.1799254],
            [112.5579083, -8.1796673],
            [112.5580437, -8.1795896],
            [112.5583049, -8.17959],
            [112.5581977, -8.1798142],
            [112.5581181, -8.1800586],
            [112.5580931, -8.1802166],
            [112.558117, -8.1802316],
            [112.5581387, -8.1802153],
            [112.5581838, -8.180045],
            [112.5582416, -8.1798707],
            [112.5582937, -8.1797359],
            [112.5583602, -8.1796677],
            [112.5584237, -8.1796163],
            [112.5584769, -8.1795875],
            [112.5585535, -8.1795929],
            [112.5586159, -8.1796121],
            [112.5586771, -8.1796628],
            [112.5587377, -8.1797258],
            [112.5587837, -8.1798047],
            [112.5587859, -8.1799365],
            [112.5589145, -8.1800042],
            [112.558865, -8.1801162],
            [112.5588054, -8.1802116],
            [112.5587565, -8.1802893],
            [112.5586884, -8.180337],
            [112.5586314, -8.1804051],
            [112.5586336, -8.1805008],
            [112.5585657, -8.1806305],
            [112.5585423, -8.1808668],
            [112.558657, -8.1809819],
            [112.5587439, -8.1811588],
            [112.5587759, -8.181266],
            [112.5588093, -8.1813754],
            [112.5587244, -8.1814856],
            [112.5585585, -8.1815679],
            [112.5583845, -8.1817556],
            [112.5583022, -8.1818198],
            [112.5582806, -8.1819197],
            [112.5582713, -8.1820164],
            [112.5582024, -8.1820369],
            [112.5581134, -8.1820602],
            [112.5579949, -8.1821408],
            [112.5578873, -8.1821696],
            [112.5578073, -8.1821871],
            [112.5577375, -8.1821681],
            [112.5576708, -8.1821094],
            [112.55761, -8.1821102],
            [112.5574753, -8.1822289],
            [112.5573343, -8.1822349],
            [112.5572445, -8.182219],
            [112.5571362, -8.1821558],
            [112.5569505, -8.1821697],
            [112.5568178, -8.1821499],
            [112.5565882, -8.1820619],
            [112.5563657, -8.1819869],
            [112.5560554, -8.1818706],
            [112.555874, -8.1817506],
            [112.555753, -8.1816348],
            [112.5556186, -8.1816064],
            [112.5555118, -8.1815199],
            [112.5554106, -8.181542],
            [112.554616, -8.181098],
            [112.5543533, -8.1809913],
            [112.5542374, -8.1809489],
            [112.5541445, -8.1809595],
            [112.5540207, -8.1809991],
            [112.553946, -8.1810573],
            [112.5538759, -8.181106],
            [112.5538619, -8.1811999],
            [112.5538093, -8.1812738],
            [112.553763, -8.1813625],
            [112.5537395, -8.18149],
            [112.5536999, -8.1815719],
            [112.5536571, -8.1816844],
            [112.553637, -8.1818006],
            [112.5535925, -8.1819052],
            [112.5535665, -8.1820084],
            [112.5535354, -8.1820883],
            [112.5535108, -8.1821435],
            [112.553574, -8.1821769],
            [112.5535443, -8.1822369],
            [112.5534999, -8.1823322],
            [112.5534863, -8.1824014],
            [112.5535475, -8.1824483],
            [112.5535045, -8.1825469],
            [112.553478, -8.1826475],
            [112.5534413, -8.1827209],
            [112.553364, -8.1827405],
            [112.5533261, -8.1828164],
            [112.5534087, -8.1828734],
            [112.5534649, -8.1829059],
            [112.5535592, -8.1829473],
            [112.5536653, -8.1829928],
            [112.5537976, -8.1830771],
            [112.5538999, -8.1830806],
            [112.5540169, -8.1831362],
            [112.5541268, -8.1832102],
            [112.5542319, -8.1832598],
            [112.5543342, -8.183319],
            [112.5544618, -8.1834707],
            [112.5545784, -8.183581],
            [112.5547211, -8.1837135],
            [112.5548622, -8.1838509],
            [112.5550089, -8.1840082],
            [112.5552437, -8.1842826],
            [112.5553649, -8.1844124],
            [112.5554512, -8.1845044],
            [112.5554472, -8.1845758],
            [112.5555098, -8.1846007],
            [112.5555693, -8.1846403],
            [112.5556366, -8.1847017],
            [112.5557045, -8.1847678],
            [112.5557745, -8.1848839],
            [112.5558368, -8.1849824],
            [112.5559507, -8.1850885],
            [112.556013, -8.1851882],
            [112.5560555, -8.1852506],
            [112.5561528, -8.1853633],
            [112.5562857, -8.1854981],
            [112.556408, -8.1856408],
            [112.5565497, -8.1858057],
            [112.5567812, -8.1861442],
            [112.5570009, -8.1864404],
            [112.5571444, -8.1866758],
            [112.5573053, -8.1867228],
            [112.5574619, -8.1865228],
            [112.5575221, -8.186376],
            [112.5575728, -8.186308],
            [112.557645, -8.186297],
            [112.5577456, -8.1863443],
            [112.5578229, -8.186396],
            [112.5578927, -8.1864902],
            [112.558005, -8.1865381],
            [112.5580592, -8.1866056],
            [112.5581328, -8.1866691],
            [112.5581831, -8.186719],
            [112.5582099, -8.1867818],
            [112.5582149, -8.1868599],
            [112.5582616, -8.1869271],
            [112.55833, -8.186969],
            [112.5584724, -8.1870211],
            [112.5585984, -8.187052],
            [112.5588299, -8.1870867],
            [112.5590956, -8.1871629],
            [112.5593235, -8.1872924],
            [112.5594099, -8.187357],
            [112.5595351, -8.1873265],
            [112.5596878, -8.1872889],
            [112.5597887, -8.1872359],
            [112.5599219, -8.1871989],
            [112.5599598, -8.1872734],
            [112.5599192, -8.1873678],
            [112.5598316, -8.1874605],
            [112.5597375, -8.1875337],
            [112.5596641, -8.1876516],
            [112.5596298, -8.1877384],
            [112.5597348, -8.1878978],
            [112.5598597, -8.1880294],
            [112.559948, -8.1881305],
            [112.5600706, -8.1882126],
            [112.5603985, -8.1881432],
            [112.5604228, -8.1882047],
            [112.5603838, -8.1882833],
            [112.5602972, -8.1883542],
            [112.5601814, -8.1884153],
            [112.5599554, -8.1883743],
            [112.5597045, -8.1881733],
            [112.5595817, -8.1880501],
            [112.5594972, -8.1879563],
            [112.5594179, -8.187848],
            [112.5592758, -8.1877431],
            [112.5590258, -8.1875417],
            [112.5589903, -8.1874625],
            [112.5589466, -8.1874191],
            [112.5588904, -8.1874275],
            [112.5588707, -8.1874564],
            [112.5588004, -8.1874379],
            [112.5588325, -8.1873714],
            [112.5587762, -8.1873005],
            [112.5586922, -8.1872677],
            [112.5585116, -8.1871881],
            [112.5583, -8.1870958],
            [112.5581614, -8.1870163],
            [112.5580335, -8.1869619],
            [112.5580199, -8.1870243],
            [112.5579861, -8.1870577],
            [112.5578994, -8.1870519],
            [112.5577079, -8.1869818],
            [112.5576156, -8.1869739],
            [112.5575855, -8.1870647],
            [112.5575409, -8.1871436],
            [112.5574944, -8.1871798],
            [112.5574892, -8.1872357],
            [112.5575258, -8.1872911],
            [112.5575433, -8.1873794],
            [112.5575868, -8.1874359],
            [112.5576531, -8.1874935],
            [112.557693, -8.1875521],
            [112.5577329, -8.1876378],
            [112.5577119, -8.1876956],
            [112.5577606, -8.1877101],
            [112.5579031, -8.1878339],
            [112.5580513, -8.1879903],
            [112.5581989, -8.1880921],
            [112.5583243, -8.1881981],
            [112.5583815, -8.1883369],
            [112.5584717, -8.188537],
            [112.5584393, -8.1886451],
            [112.5584868, -8.1888285],
            [112.5584887, -8.1890909],
            [112.5584865, -8.1894531],
            [112.558507, -8.1896104],
            [112.5584895, -8.1898303],
            [112.5584543, -8.1899619],
            [112.5584019, -8.1900962],
            [112.5583863, -8.1902706],
            [112.5582428, -8.1907284],
            [112.5581119, -8.1910632],
            [112.5579268, -8.1914677],
            [112.5577701, -8.1918121],
            [112.5575712, -8.1922068],
            [112.5574632, -8.1924803],
            [112.5573975, -8.1928356],
            [112.5572986, -8.1931051],
            [112.5573381, -8.1933652],
            [112.5573598, -8.1935974],
            [112.5575257, -8.1937348],
            [112.5577807, -8.1939339],
            [112.5581569, -8.1940881],
            [112.5583298, -8.1941602],
            [112.5586583, -8.1942479],
            [112.558794, -8.1942118],
            [112.5591933, -8.1943518],
            [112.5597038, -8.1943619],
            [112.5596847, -8.194522],
            [112.5596482, -8.1947321],
            [112.5594865, -8.1947571],
            [112.559259, -8.1947971],
            [112.5590518, -8.1947521],
            [112.5585082, -8.1946778],
            [112.5577816, -8.1943964],
            [112.5575593, -8.1942014],
            [112.5571549, -8.1938762],
            [112.5571347, -8.1936761],
            [112.557074, -8.193551],
            [112.557069, -8.1933209],
            [112.5569679, -8.1932158],
            [112.5569679, -8.1926104],
            [112.5569173, -8.1925404],
            [112.5569072, -8.1923903],
            [112.5570032, -8.1922252],
            [112.557069, -8.19205],
            [112.557165, -8.1918249],
            [112.5571852, -8.1916148],
            [112.5571802, -8.1914196],
            [112.5573318, -8.1912045],
            [112.5573116, -8.1910894],
            [112.5573925, -8.190464],
            [112.5573217, -8.1903189],
            [112.5573167, -8.1900572],
            [112.5572391, -8.1899676],
            [112.5571194, -8.1899035],
            [112.5570385, -8.1899067],
            [112.5569608, -8.18999],
            [112.5568476, -8.1899612],
            [112.5567959, -8.1898395],
            [112.5567797, -8.1897242],
            [112.5566859, -8.189721],
            [112.5565694, -8.1893496],
            [112.5564723, -8.1892247],
            [112.5562302, -8.1887502],
            [112.5560485, -8.1886547],
            [112.5559773, -8.1885251],
            [112.5558827, -8.1884302],
            [112.5557732, -8.1884468],
            [112.5556829, -8.1884026],
            [112.5556608, -8.1882613],
            [112.5554991, -8.1880332],
            [112.5552686, -8.1878731],
            [112.5552305, -8.1878383],
            [112.5551542, -8.1878283],
            [112.5550623, -8.187785],
            [112.5547914, -8.1876609],
            [112.5546535, -8.1876356],
            [112.5545132, -8.1876678],
            [112.5544307, -8.1875707],
            [112.5544834, -8.1874805],
            [112.5544953, -8.1873231],
            [112.5545103, -8.1872001],
            [112.5545398, -8.1870764],
            [112.5545429, -8.1869443],
            [112.55461, -8.1868115],
            [112.5546757, -8.1867491],
            [112.5546881, -8.1865386],
            [112.5546288, -8.1858628],
            [112.5545875, -8.1855472],
            [112.5545606, -8.1853307],
            [112.5544648, -8.185243],
            [112.5543325, -8.1848655],
            [112.5541973, -8.1844291],
            [112.553991, -8.1840334],
            [112.553697, -8.1837332],
            [112.5533103, -8.1835059],
            [112.553135, -8.1836244],
            [112.5518284, -8.1844455],
            [112.551886, -8.1845814],
            [112.5517007, -8.1846803],
            [112.5515522, -8.1847937],
            [112.5514856, -8.1851336],
            [112.5513139, -8.1849756],
            [112.5502217, -8.1836892],
            [112.5500393, -8.1834317],
            [112.5499937, -8.1831168]
          ]
        ]
      },
      "properties": { "Type": "Air" }
    },
    {
      "type": "Feature",
      "geometry": {
        "type": "Polygon",
        "coordinates": [
          [
            [112.7046356, -8.4436327],
            [112.7045758, -8.443683],
            [112.7045519, -8.4437836],
            [112.7044263, -8.4438486],
            [112.7042679, -8.4438782],
            [112.7041333, -8.4438693],
            [112.7041243, -8.4440261],
            [112.7040765, -8.4441296],
            [112.7040855, -8.4442598],
            [112.7039569, -8.4443544],
            [112.7039509, -8.4444875],
            [112.7039718, -8.4445673],
            [112.7040675, -8.4445762],
            [112.7041124, -8.4446472],
            [112.7041811, -8.4445999],
            [112.7042021, -8.4444875],
            [112.7042828, -8.4444816],
            [112.7043067, -8.4445378],
            [112.7044293, -8.4445585],
            [112.7044712, -8.4444638],
            [112.7045609, -8.444523],
            [112.7046147, -8.4444934],
            [112.7047552, -8.4444993],
            [112.7048808, -8.4444224],
            [112.7049526, -8.4442893],
            [112.7050692, -8.4441917],
            [112.7050542, -8.4440468],
            [112.7049795, -8.4439729],
            [112.7049167, -8.4438131],
            [112.7048061, -8.4437215],
            [112.7047522, -8.4436505],
            [112.7046356, -8.4436327]
          ]
        ]
      },
      "properties": { "Type": "Air" }
    },
    {
      "type": "Feature",
      "geometry": {
        "type": "Polygon",
        "coordinates": [
          [
            [112.6683413, -8.4410788],
            [112.6676729, -8.4408408],
            [112.6677071, -8.440211],
            [112.66773, -8.4401272],
            [112.6676649, -8.4400349],
            [112.6675002, -8.4398933],
            [112.6674449, -8.4398626],
            [112.6673058, -8.4396333],
            [112.6672131, -8.4393925],
            [112.6671561, -8.4392941],
            [112.6671387, -8.4389845],
            [112.6671619, -8.4383367],
            [112.6671966, -8.4381417],
            [112.6672894, -8.4378551],
            [112.6673067, -8.4375971],
            [112.6672836, -8.4373964],
            [112.6669659, -8.4371613],
            [112.6671166, -8.4369262],
            [112.6669659, -8.4367198],
            [112.6670296, -8.4366109],
            [112.6668847, -8.4364274],
            [112.6668732, -8.4361981],
            [112.6667109, -8.4359516],
            [112.6665779, -8.4356737],
            [112.6666693, -8.4356708],
            [112.6667206, -8.4357628],
            [112.6668441, -8.4359394],
            [112.6670693, -8.436089],
            [112.6671505, -8.4361917],
            [112.6672353, -8.436275],
            [112.6673028, -8.4365162],
            [112.6672699, -8.4365705],
            [112.6672532, -8.436605],
            [112.6672465, -8.4366515],
            [112.6672619, -8.4367052],
            [112.6673209, -8.4367563],
            [112.6673752, -8.4367954],
            [112.6675321, -8.436873],
            [112.6678365, -8.4369752],
            [112.6681289, -8.4370362],
            [112.6682483, -8.4370468],
            [112.668381, -8.4370773],
            [112.668428, -8.4371118],
            [112.6684695, -8.4371901],
            [112.6685031, -8.4372856],
            [112.668542, -8.4375403],
            [112.6685755, -8.4377844],
            [112.6686151, -8.4380351],
            [112.668662, -8.4382776],
            [112.6687201, -8.4384015],
            [112.6687923, -8.4386476],
            [112.6687999, -8.4387228],
            [112.6686707, -8.4388468],
            [112.6686023, -8.438967],
            [112.6685909, -8.439168],
            [112.668627, -8.439711],
            [112.6686451, -8.4398986],
            [112.6686139, -8.4406475],
            [112.668561, -8.4407018],
            [112.6684736, -8.440909],
            [112.6684227, -8.4410357],
            [112.6684052, -8.4411406],
            [112.6683413, -8.4410788]
          ]
        ]
      },
      "properties": { "Type": "Air" }
    },
    {
      "type": "Feature",
      "geometry": {
        "type": "Polygon",
        "coordinates": [
          [
            [112.5583049, -8.17959],
            [112.5580437, -8.1795896],
            [112.5579083, -8.1796673],
            [112.5579516, -8.1794764],
            [112.5579367, -8.1793802],
            [112.5579459, -8.1792626],
            [112.5580103, -8.1791439],
            [112.5580766, -8.1790674],
            [112.5581862, -8.1790282],
            [112.5582878, -8.1789565],
            [112.5583541, -8.1788569],
            [112.5584791, -8.1788376],
            [112.5585784, -8.1788472],
            [112.5586811, -8.1787875],
            [112.5586791, -8.1786893],
            [112.5586996, -8.1786104],
            [112.5587874, -8.1785326],
            [112.5588519, -8.1784826],
            [112.5589232, -8.1784404],
            [112.559142, -8.178431],
            [112.5599079, -8.1786571],
            [112.5601581, -8.1787861],
            [112.5603246, -8.1789128],
            [112.5604601, -8.179012],
            [112.5605919, -8.1791081],
            [112.5608921, -8.1790564],
            [112.5611324, -8.1789171],
            [112.5612407, -8.1787905],
            [112.5612718, -8.1786046],
            [112.561288, -8.1784381],
            [112.5612752, -8.1781972],
            [112.5612245, -8.1778495],
            [112.561162, -8.1776684],
            [112.5610196, -8.1774255],
            [112.5610043, -8.1773113],
            [112.5609919, -8.1771902],
            [112.5609455, -8.1769817],
            [112.5608986, -8.1768524],
            [112.5609337, -8.1767437],
            [112.560978, -8.1765907],
            [112.560985, -8.1764291],
            [112.5609857, -8.1762054],
            [112.5609916, -8.1760839],
            [112.5610859, -8.1759611],
            [112.5612495, -8.1757686],
            [112.5614805, -8.1755702],
            [112.5617515, -8.1752861],
            [112.5620105, -8.1751526],
            [112.5622807, -8.1750247],
            [112.5625239, -8.1749486],
            [112.5627083, -8.1748499],
            [112.56285, -8.174539],
            [112.5630492, -8.1744356],
            [112.5633104, -8.1743032],
            [112.5634924, -8.1740245],
            [112.5636045, -8.1738155],
            [112.5636525, -8.1735947],
            [112.5637035, -8.1734382],
            [112.5636924, -8.1732177],
            [112.5635635, -8.1731178],
            [112.5634948, -8.172937],
            [112.5635278, -8.1726589],
            [112.5635263, -8.1723301],
            [112.5638307, -8.1722153],
            [112.5640789, -8.1720183],
            [112.5643222, -8.1717282],
            [112.5644858, -8.1713701],
            [112.5648278, -8.171164],
            [112.5650205, -8.170995],
            [112.5651746, -8.1707646],
            [112.5652132, -8.1704839],
            [112.5650954, -8.1698691],
            [112.5656627, -8.1693485],
            [112.5658715, -8.169037],
            [112.5660372, -8.1686926],
            [112.5664995, -8.168416],
            [112.5669126, -8.1683034],
            [112.5672754, -8.1681745],
            [112.5676228, -8.1680446],
            [112.5680241, -8.1678089],
            [112.5685593, -8.1678383],
            [112.5687971, -8.1681032],
            [112.5689373, -8.1685016],
            [112.5688966, -8.1687619],
            [112.5686893, -8.1689096],
            [112.5680789, -8.1689976],
            [112.5674611, -8.168949],
            [112.5672565, -8.1690274],
            [112.5670684, -8.1692224],
            [112.5668532, -8.1693263],
            [112.5666731, -8.1694478],
            [112.56656, -8.1695219],
            [112.5664905, -8.1697009],
            [112.5663756, -8.1698955],
            [112.5661808, -8.1699397],
            [112.5660963, -8.1700305],
            [112.5661121, -8.1702102],
            [112.5662707, -8.1703167],
            [112.5663442, -8.1704724],
            [112.5665956, -8.1706516],
            [112.5666766, -8.1708405],
            [112.5665583, -8.1710154],
            [112.5663827, -8.1711005],
            [112.5661456, -8.1711865],
            [112.5659332, -8.1713522],
            [112.5657993, -8.1714675],
            [112.5656945, -8.1716337],
            [112.5655978, -8.1718483],
            [112.5654532, -8.1720043],
            [112.5652772, -8.1720384],
            [112.5646566, -8.1723296],
            [112.5644817, -8.1726373],
            [112.5643276, -8.1730244],
            [112.5639737, -8.1731917],
            [112.5638763, -8.1733375],
            [112.5638073, -8.1735556],
            [112.5637648, -8.1738314],
            [112.5635845, -8.1741395],
            [112.5634841, -8.1743769],
            [112.5630697, -8.174574],
            [112.5629287, -8.1746516],
            [112.5628883, -8.1747922],
            [112.5628362, -8.1749116],
            [112.5626345, -8.1750135],
            [112.5624426, -8.1750719],
            [112.5622345, -8.175206],
            [112.5621045, -8.1753065],
            [112.5621374, -8.175349],
            [112.5622, -8.1753757],
            [112.5625718, -8.1752964],
            [112.5627949, -8.1752583],
            [112.5629836, -8.1751791],
            [112.5637717, -8.1749436],
            [112.5640893, -8.1749233],
            [112.5643654, -8.1749183],
            [112.5645903, -8.1748164],
            [112.5647644, -8.1746681],
            [112.5651034, -8.1745886],
            [112.5651443, -8.1745616],
            [112.5652593, -8.1745592],
            [112.5653674, -8.1745667],
            [112.5657147, -8.1746642],
            [112.5659499, -8.174749],
            [112.5661561, -8.1748564],
            [112.5664935, -8.1750824],
            [112.5666167, -8.1751672],
            [112.5666998, -8.1752245],
            [112.566965, -8.1753745],
            [112.5678079, -8.175893],
            [112.5683022, -8.1761302],
            [112.5688039, -8.1763175],
            [112.5692267, -8.1763383],
            [112.5697555, -8.1761281],
            [112.5699971, -8.175967],
            [112.5701558, -8.1758684],
            [112.5702975, -8.1755794],
            [112.5704049, -8.1753222],
            [112.570471, -8.1751562],
            [112.5705768, -8.1750423],
            [112.5706811, -8.1750246],
            [112.570686, -8.1749369],
            [112.5706765, -8.1748702],
            [112.5707149, -8.174835],
            [112.5706738, -8.1747791],
            [112.5706299, -8.1747381],
            [112.5706503, -8.1746777],
            [112.5706686, -8.17461],
            [112.5707302, -8.1745781],
            [112.5707533, -8.1745196],
            [112.5707388, -8.1744375],
            [112.5708225, -8.1742086],
            [112.5708621, -8.1739486],
            [112.5710048, -8.1738642],
            [112.5711307, -8.1737709],
            [112.5721121, -8.173447],
            [112.5728037, -8.1732387],
            [112.5729824, -8.1731774],
            [112.5731201, -8.1731301],
            [112.5734416, -8.1730436],
            [112.5737468, -8.1728912],
            [112.574335, -8.1725457],
            [112.5746646, -8.1724212],
            [112.574949, -8.1723137],
            [112.575158, -8.1722622],
            [112.5753583, -8.1722203],
            [112.5755146, -8.1722092],
            [112.575715, -8.1720855],
            [112.5758793, -8.1720107],
            [112.5760217, -8.1719467],
            [112.5763572, -8.171946],
            [112.5768664, -8.1719889],
            [112.5770597, -8.1720085],
            [112.5771453, -8.1719793],
            [112.5771747, -8.171871],
            [112.5772037, -8.1712956],
            [112.577163, -8.1711728],
            [112.5770949, -8.1709677],
            [112.5770205, -8.1707508],
            [112.5769599, -8.1704329],
            [112.5769934, -8.1702497],
            [112.5770926, -8.170014],
            [112.5771746, -8.1698766],
            [112.577388, -8.1698262],
            [112.5776577, -8.1698606],
            [112.5778592, -8.169911],
            [112.5781562, -8.1699981],
            [112.5784632, -8.1701271],
            [112.5787922, -8.1702458],
            [112.5789716, -8.1703335],
            [112.5792374, -8.1703827],
            [112.579442, -8.1702957],
            [112.5795764, -8.1701635],
            [112.5798353, -8.1697679],
            [112.5800206, -8.1695326],
            [112.5802167, -8.169303],
            [112.5804119, -8.1690894],
            [112.5804286, -8.1688315],
            [112.5804116, -8.1686014],
            [112.5802419, -8.1684016],
            [112.580006, -8.1680852],
            [112.579869, -8.1677386],
            [112.5799514, -8.167497],
            [112.5800767, -8.1672667],
            [112.5801562, -8.1670667],
            [112.5802873, -8.1671701],
            [112.5805443, -8.167223],
            [112.5804018, -8.1675066],
            [112.5803624, -8.1676783],
            [112.580333, -8.1678278],
            [112.5803566, -8.1679678],
            [112.5804619, -8.1681322],
            [112.5805769, -8.1683338],
            [112.580712, -8.1686555],
            [112.580802, -8.1687912],
            [112.5807795, -8.1689274],
            [112.5806688, -8.1691682],
            [112.5805597, -8.1692806],
            [112.5805059, -8.1694166],
            [112.580439, -8.1696026],
            [112.580233, -8.1700728],
            [112.5799891, -8.1704254],
            [112.5797009, -8.1706692],
            [112.5794231, -8.170737],
            [112.5791678, -8.1707514],
            [112.5789565, -8.1707138],
            [112.5785551, -8.1706029],
            [112.5782931, -8.1705287],
            [112.5781391, -8.1704426],
            [112.577937, -8.1704116],
            [112.5777755, -8.1703751],
            [112.577597, -8.1703511],
            [112.5773283, -8.1703613],
            [112.5772287, -8.170395],
            [112.5772474, -8.170612],
            [112.5775931, -8.1714455],
            [112.5777031, -8.171646],
            [112.5777836, -8.1717814],
            [112.5777311, -8.1719079],
            [112.5775788, -8.1718868],
            [112.5775056, -8.1721065],
            [112.5773496, -8.1721739],
            [112.5771374, -8.1722505],
            [112.5768657, -8.1722801],
            [112.5764638, -8.1723508],
            [112.5763286, -8.1724221],
            [112.5761035, -8.172538],
            [112.5758098, -8.1726594],
            [112.5755015, -8.1727383],
            [112.5750153, -8.172844],
            [112.5744495, -8.1730428],
            [112.5737834, -8.1733686],
            [112.5731262, -8.1736045],
            [112.5728144, -8.1736355],
            [112.5722437, -8.1737433],
            [112.5719246, -8.1737902],
            [112.5718522, -8.1738647],
            [112.571794, -8.1739405],
            [112.5717058, -8.173963],
            [112.5713829, -8.1741437],
            [112.5712693, -8.1741657],
            [112.5711453, -8.1742239],
            [112.5710356, -8.1743009],
            [112.5709893, -8.1744163],
            [112.5709843, -8.1747661],
            [112.5709571, -8.1749329],
            [112.5709407, -8.1750366],
            [112.5710312, -8.1751021],
            [112.5708694, -8.1751963],
            [112.5707855, -8.1754844],
            [112.5707548, -8.1756395],
            [112.5707724, -8.1757491],
            [112.5706712, -8.1758614],
            [112.5705128, -8.1759292],
            [112.5704429, -8.1760012],
            [112.5703917, -8.1761175],
            [112.57027, -8.1761648],
            [112.5701425, -8.1761833],
            [112.5700384, -8.1762695],
            [112.5699615, -8.1763662],
            [112.5698232, -8.1764611],
            [112.5697033, -8.1765866],
            [112.5695474, -8.1766439],
            [112.5693963, -8.1766979],
            [112.5692112, -8.1766741],
            [112.5690489, -8.1766312],
            [112.5688729, -8.1765939],
            [112.568544, -8.1764733],
            [112.5682952, -8.176447],
            [112.5679458, -8.1763708],
            [112.5677033, -8.1761972],
            [112.5675849, -8.176091],
            [112.5674389, -8.1760501],
            [112.5672027, -8.1759612],
            [112.5668534, -8.1757369],
            [112.56684, -8.1756567],
            [112.5667535, -8.1755842],
            [112.5666954, -8.1755503],
            [112.566636, -8.1756177],
            [112.5665377, -8.17558],
            [112.5664308, -8.175533],
            [112.5663566, -8.175485],
            [112.5662835, -8.1753982],
            [112.566152, -8.1753934],
            [112.5659409, -8.1753079],
            [112.5657158, -8.1751992],
            [112.5650961, -8.174974],
            [112.5648657, -8.1750149],
            [112.5646905, -8.1750655],
            [112.5645025, -8.1752232],
            [112.5641254, -8.1753741],
            [112.5638624, -8.1754705],
            [112.5637892, -8.1755299],
            [112.5637223, -8.1756243],
            [112.5634515, -8.175725],
            [112.5632557, -8.1757863],
            [112.563009, -8.1758541],
            [112.5629043, -8.1759386],
            [112.5627358, -8.1759844],
            [112.5625246, -8.1760447],
            [112.5623008, -8.176093],
            [112.562125, -8.1761192],
            [112.5620139, -8.1761535],
            [112.5618646, -8.1762362],
            [112.5617282, -8.1763444],
            [112.5615226, -8.1764563],
            [112.5613859, -8.1765346],
            [112.5613041, -8.1766365],
            [112.5612693, -8.1767357],
            [112.5612752, -8.1768274],
            [112.5613066, -8.1769227],
            [112.5613957, -8.1771139],
            [112.5614866, -8.1773481],
            [112.561556, -8.1775255],
            [112.5616483, -8.1777327],
            [112.561762, -8.1780135],
            [112.5618238, -8.1783014],
            [112.5617936, -8.1784529],
            [112.5617485, -8.1785763],
            [112.5616036, -8.1787453],
            [112.5615652, -8.1788693],
            [112.5615095, -8.1789682],
            [112.5614259, -8.1790646],
            [112.5613167, -8.1792323],
            [112.5611453, -8.1793881],
            [112.5609809, -8.1795394],
            [112.5609404, -8.1795784],
            [112.5609085, -8.179609],
            [112.5608303, -8.1796754],
            [112.5607347, -8.1797011],
            [112.5606137, -8.1796816],
            [112.5605008, -8.1795997],
            [112.5603448, -8.1795021],
            [112.5602631, -8.1793885],
            [112.560153, -8.1792621],
            [112.5600432, -8.1792075],
            [112.5598355, -8.1791119],
            [112.5596185, -8.1791417],
            [112.5594275, -8.1791582],
            [112.5591803, -8.1791882],
            [112.5590388, -8.1791774],
            [112.5589065, -8.1791483],
            [112.5587457, -8.1791772],
            [112.5586567, -8.1792141],
            [112.5585601, -8.1792709],
            [112.5584404, -8.179363],
            [112.5583636, -8.179472],
            [112.5583049, -8.17959]
          ]
        ]
      },
      "properties": { "Type": "Air" }
    },
    {
      "type": "Feature",
      "geometry": {
        "type": "Polygon",
        "coordinates": [
          [
            [110.8557858, -7.5702247],
            [110.8559995, -7.5703229],
            [110.8562825, -7.5705135],
            [110.8564211, -7.570681],
            [110.8564904, -7.5707445],
            [110.8566464, -7.5706694],
            [110.8567561, -7.5707099],
            [110.8567966, -7.5708369],
            [110.8572009, -7.5709236],
            [110.8574897, -7.5709236],
            [110.8581366, -7.5708369],
            [110.8588182, -7.5707561],
            [110.8594131, -7.5706348],
            [110.8598463, -7.5704904],
            [110.8601813, -7.5703113],
            [110.8605452, -7.5699417],
            [110.8607069, -7.5697915],
            [110.8608571, -7.5694276],
            [110.8608687, -7.569029],
            [110.8609206, -7.568694],
            [110.8611344, -7.5681684],
            [110.8614578, -7.5676832],
            [110.8616542, -7.5672905],
            [110.8617062, -7.5669035],
            [110.8617536, -7.5666777],
            [110.8619383, -7.5664627],
            [110.862133, -7.5658367],
            [110.8621874, -7.5653228],
            [110.8622843, -7.5651652],
            [110.8622374, -7.5650921],
            [110.8622575, -7.5649206],
            [110.8624504, -7.5644303],
            [110.862468, -7.5640014],
            [110.8624315, -7.5632449],
            [110.8624465, -7.5621209],
            [110.8624139, -7.5614166],
            [110.8623818, -7.5612614],
            [110.8624274, -7.5611258],
            [110.862556, -7.5608521],
            [110.8627208, -7.5605314],
            [110.8628123, -7.5603547],
            [110.8629773, -7.5601407],
            [110.8631667, -7.5598565],
            [110.8633286, -7.559678],
            [110.8635482, -7.5594614],
            [110.8635736, -7.5594099],
            [110.8633887, -7.5593067],
            [110.8633744, -7.5591314],
            [110.8632534, -7.559275],
            [110.8630339, -7.5593826],
            [110.8627748, -7.5595052],
            [110.8627386, -7.5596368],
            [110.8626844, -7.5596904],
            [110.86252, -7.5599452],
            [110.8623212, -7.5601501],
            [110.8622001, -7.5604032],
            [110.8621162, -7.560692],
            [110.8618648, -7.5611783],
            [110.8618522, -7.5613146],
            [110.8618147, -7.5614384],
            [110.8618393, -7.5616529],
            [110.8617949, -7.5618438],
            [110.8618529, -7.5621225],
            [110.8618481, -7.5623383],
            [110.8619835, -7.5635381],
            [110.8619768, -7.5637647],
            [110.8619379, -7.5640259],
            [110.8619384, -7.5644967],
            [110.8618796, -7.5646495],
            [110.8618147, -7.564707],
            [110.8618078, -7.5647924],
            [110.8616781, -7.5649445],
            [110.8616053, -7.5651727],
            [110.8614488, -7.5656398],
            [110.8613929, -7.5659032],
            [110.8612295, -7.5663176],
            [110.8609821, -7.5667512],
            [110.860938, -7.5673482],
            [110.8608282, -7.5677237],
            [110.8606723, -7.568076],
            [110.8604817, -7.5686652],
            [110.8603719, -7.5691215],
            [110.8602968, -7.5694276],
            [110.8599849, -7.5697568],
            [110.8594535, -7.5700572],
            [110.8589048, -7.570242],
            [110.8583157, -7.5703691],
            [110.8578998, -7.5704095],
            [110.8573684, -7.5704326],
            [110.8567966, -7.5704037],
            [110.8564211, -7.5701496],
            [110.8559244, -7.5698377],
            [110.8557858, -7.5702247]
          ]
        ]
      },
      "properties": { "Type": "Air" }
    },
    {
      "type": "Feature",
      "geometry": {
        "type": "Polygon",
        "coordinates": [
          [
            [110.8067293, -7.6292078],
            [110.8071095, -7.6292244],
            [110.8072128, -7.6294434],
            [110.807312, -7.6300798],
            [110.807155, -7.6304724],
            [110.8072913, -7.6305923],
            [110.8071674, -7.6311791],
            [110.8069194, -7.6315758],
            [110.8066632, -7.6319106],
            [110.806407, -7.6320759],
            [110.8060474, -7.6321626],
            [110.805754, -7.632175],
            [110.8052912, -7.6321213],
            [110.805068, -7.6321544],
            [110.8047002, -7.6321048],
            [110.804506, -7.6319725],
            [110.8045969, -7.6317577],
            [110.8047746, -7.6316667],
            [110.8049812, -7.6316791],
            [110.8053366, -7.6317701],
            [110.805411, -7.6318114],
            [110.8054027, -7.6319188],
            [110.8056011, -7.6319973],
            [110.8059772, -7.6319725],
            [110.8062086, -7.6318155],
            [110.80644, -7.631489],
            [110.8066549, -7.631084],
            [110.8066632, -7.6307824],
            [110.8068492, -7.6300261],
            [110.806812, -7.629588],
            [110.8067293, -7.6292078]
          ]
        ]
      },
      "properties": { "Type": "Air" }
    },
    {
      "type": "Feature",
      "geometry": {
        "type": "Polygon",
        "coordinates": [
          [
            [110.8140516, -7.6212271],
            [110.8139417, -7.6207613],
            [110.8147151, -7.6205225],
            [110.8151283, -7.6204037],
            [110.8155313, -7.6203624],
            [110.815929, -7.6204708],
            [110.8163578, -7.6207685],
            [110.8165397, -7.6211219],
            [110.8167217, -7.6217495],
            [110.8169036, -7.6224131],
            [110.8168963, -7.6229685],
            [110.8167071, -7.6235311],
            [110.816336, -7.6241875],
            [110.8160667, -7.624613],
            [110.8157028, -7.6250098],
            [110.8152371, -7.6254281],
            [110.8147058, -7.6257743],
            [110.8138616, -7.6260917],
            [110.8136943, -7.6256229],
            [110.8144413, -7.6253628],
            [110.8149314, -7.6250963],
            [110.815288, -7.6247789],
            [110.8156883, -7.6241586],
            [110.8160521, -7.6235816],
            [110.8163141, -7.6229829],
            [110.8163068, -7.6225068],
            [110.8162777, -7.6221895],
            [110.8162122, -7.6217927],
            [110.8160812, -7.6216701],
            [110.815812, -7.6215836],
            [110.8156883, -7.6213816],
            [110.8155209, -7.6210137],
            [110.8152368, -7.6210081],
            [110.8148391, -7.6210959],
            [110.8140516, -7.6212271]
          ]
        ]
      },
      "properties": { "Type": "Air" }
    },
    {
      "type": "Feature",
      "geometry": {
        "type": "Polygon",
        "coordinates": [
          [
            [110.8838669, -7.6905713],
            [110.8840899, -7.6907341],
            [110.8843178, -7.6908327],
            [110.8847261, -7.6908778],
            [110.8855545, -7.6913361],
            [110.8853132, -7.6914627],
            [110.8853133, -7.6916057],
            [110.8854007, -7.6918286],
            [110.885448, -7.6919185],
            [110.8855263, -7.6920391],
            [110.885535, -7.6924406],
            [110.8855072, -7.6925248],
            [110.8854882, -7.6926355],
            [110.8855156, -7.6927127],
            [110.8855777, -7.6927445],
            [110.8857528, -7.6928008],
            [110.8858192, -7.6929999],
            [110.8855562, -7.6929675],
            [110.8854602, -7.6929524],
            [110.8850822, -7.6929395],
            [110.8848233, -7.6928808],
            [110.8845306, -7.6926886],
            [110.8843188, -7.6925348],
            [110.8841474, -7.6924182],
            [110.8839526, -7.692378],
            [110.8837301, -7.6924013],
            [110.8835586, -7.692475],
            [110.8832592, -7.6926082],
            [110.8828103, -7.6928215],
            [110.8824061, -7.6926333],
            [110.8817356, -7.6922987],
            [110.8813413, -7.6921055],
            [110.8809296, -7.6919079],
            [110.8808658, -7.6917511],
            [110.88064, -7.6916414],
            [110.8805329, -7.6918431],
            [110.8807668, -7.691953],
            [110.8808846, -7.6919454],
            [110.8827705, -7.6928661],
            [110.8827183, -7.6932028],
            [110.8828662, -7.6933052],
            [110.8829774, -7.6934398],
            [110.8830827, -7.6935688],
            [110.8837197, -7.6938609],
            [110.8841238, -7.6938862],
            [110.8843207, -7.6939585],
            [110.8844962, -7.6941101],
            [110.8847891, -7.6944063],
            [110.8848071, -7.6944866],
            [110.883711, -7.6941059],
            [110.8818385, -7.6932773],
            [110.8818061, -7.693339],
            [110.8817682, -7.6934111],
            [110.8845531, -7.6946752],
            [110.8847811, -7.6948168],
            [110.8851317, -7.6949778],
            [110.8854998, -7.6951268],
            [110.8856766, -7.6953059],
            [110.8857723, -7.6954819],
            [110.8857764, -7.6959919],
            [110.8856948, -7.6959007],
            [110.885705, -7.6957108],
            [110.885539, -7.6956051],
            [110.8854451, -7.6954657],
            [110.8853072, -7.6952337],
            [110.885191, -7.6951899],
            [110.8851401, -7.6951102],
            [110.8849364, -7.695092],
            [110.8847435, -7.6949712],
            [110.8842578, -7.6947485],
            [110.8840841, -7.6946804],
            [110.883546, -7.694686],
            [110.883088, -7.694569],
            [110.8829408, -7.6945852],
            [110.8827396, -7.6945431],
            [110.8825203, -7.6944576],
            [110.8822584, -7.6944469],
            [110.8820357, -7.6944437],
            [110.8819441, -7.6944567],
            [110.8817485, -7.6945939],
            [110.881607, -7.6945426],
            [110.881437, -7.6944944],
            [110.881051, -7.6945589],
            [110.8805539, -7.6943803],
            [110.8802824, -7.694215],
            [110.8800287, -7.6940618],
            [110.8798337, -7.6940163],
            [110.8796225, -7.6939946],
            [110.8794709, -7.6940144],
            [110.8793037, -7.6940441],
            [110.8791665, -7.6941963],
            [110.8792025, -7.694274],
            [110.8792417, -7.6943933],
            [110.8793879, -7.6945813],
            [110.8794619, -7.6947308],
            [110.8793727, -7.6949522],
            [110.8791626, -7.6950351],
            [110.8788776, -7.695263],
            [110.8786611, -7.6955847],
            [110.878567, -7.6958723],
            [110.8786725, -7.6962315],
            [110.8787287, -7.6965301],
            [110.8785756, -7.6967094],
            [110.8783428, -7.696865],
            [110.8771137, -7.6969112],
            [110.8761696, -7.6968552],
            [110.8760396, -7.6968292],
            [110.8759482, -7.6968109],
            [110.8757562, -7.6967485],
            [110.875676, -7.6967007],
            [110.8754642, -7.6964112],
            [110.8752524, -7.6960267],
            [110.8746611, -7.6947112],
            [110.8740504, -7.6929353],
            [110.874036, -7.692843],
            [110.8753495, -7.6904803],
            [110.8761758, -7.6889635],
            [110.8782427, -7.6861761],
            [110.878405, -7.6859842],
            [110.8785622, -7.6858126],
            [110.8788098, -7.6856644],
            [110.8801806, -7.6851598],
            [110.8802444, -7.6854559],
            [110.8802198, -7.6856358],
            [110.8800605, -7.6856928],
            [110.8801235, -7.6860183],
            [110.8802985, -7.6864327],
            [110.8802915, -7.6865874],
            [110.8803722, -7.6866877],
            [110.8805181, -7.6868081],
            [110.8807344, -7.6869103],
            [110.8808345, -7.6868009],
            [110.8812911, -7.6870557],
            [110.8814683, -7.6872099],
            [110.8814779, -7.6875143],
            [110.8814173, -7.6876263],
            [110.881433, -7.687742],
            [110.8815248, -7.6878029],
            [110.8816894, -7.6877989],
            [110.881879, -7.6877986],
            [110.8820658, -7.6877068],
            [110.882266, -7.6876291],
            [110.8824083, -7.6876261],
            [110.8825116, -7.6874929],
            [110.8828951, -7.6872984],
            [110.8833112, -7.6869266],
            [110.8836815, -7.6866529],
            [110.8840486, -7.6863917],
            [110.8841343, -7.6862435],
            [110.8842863, -7.6863064],
            [110.8844206, -7.6863054],
            [110.8845168, -7.6861823],
            [110.8847032, -7.6860522],
            [110.8846908, -7.6859259],
            [110.8846905, -7.6858519],
            [110.8847704, -7.6857753],
            [110.8848904, -7.6857489],
            [110.885136, -7.6858259],
            [110.8851933, -7.6859581],
            [110.8852142, -7.6860759],
            [110.8852214, -7.6861747],
            [110.8851828, -7.6862702],
            [110.8851386, -7.6864978],
            [110.8851162, -7.6866569],
            [110.8850642, -7.6867876],
            [110.8849911, -7.686874],
            [110.8849642, -7.6869993],
            [110.8849362, -7.6871232],
            [110.8849623, -7.6872429],
            [110.8850553, -7.6873135],
            [110.885243, -7.6873481],
            [110.8854459, -7.6873053],
            [110.8857427, -7.6873238],
            [110.8863326, -7.6873918],
            [110.886768, -7.6874401],
            [110.8871403, -7.6874152],
            [110.8872728, -7.687353],
            [110.8874118, -7.6872389],
            [110.8877251, -7.6871747],
            [110.8879108, -7.6871678],
            [110.888142, -7.6872185],
            [110.8883412, -7.6873159],
            [110.8885027, -7.6874945],
            [110.8885835, -7.6875693],
            [110.888602, -7.6876933],
            [110.8886113, -7.6878707],
            [110.8885941, -7.6880856],
            [110.8885418, -7.688294],
            [110.888432, -7.6884234],
            [110.8883516, -7.6885134],
            [110.8880822, -7.6885151],
            [110.8879984, -7.6885304],
            [110.8877782, -7.6886246],
            [110.8874853, -7.6885781],
            [110.887235, -7.6886125],
            [110.8864949, -7.6885792],
            [110.8861309, -7.6885845],
            [110.8860344, -7.6886323],
            [110.8859619, -7.6887387],
            [110.8859539, -7.6888902],
            [110.8859995, -7.6889992],
            [110.8860987, -7.6890922],
            [110.886367, -7.6892623],
            [110.8864957, -7.689366],
            [110.8865804, -7.6897067],
            [110.8867644, -7.6897699],
            [110.8866687, -7.6899715],
            [110.8864457, -7.6898558],
            [110.886339, -7.6903169],
            [110.8861983, -7.6902554],
            [110.8861753, -7.6903761],
            [110.8859667, -7.6902479],
            [110.8857514, -7.6903123],
            [110.8855579, -7.6901783],
            [110.8855892, -7.6901187],
            [110.8854484, -7.6900096],
            [110.8853598, -7.6900416],
            [110.8851936, -7.6899747],
            [110.8850565, -7.6899438],
            [110.8848742, -7.6897989],
            [110.8845488, -7.6896729],
            [110.8842982, -7.6897659],
            [110.8841495, -7.6896929],
            [110.8840123, -7.6896191],
            [110.8837996, -7.6898904],
            [110.8837417, -7.6900702],
            [110.8837878, -7.6903845],
            [110.8838669, -7.6905713]
          ]
        ]
      },
      "properties": { "Type": "Air" }
    },
    {
      "type": "Feature",
      "geometry": {
        "type": "Polygon",
        "coordinates": [
          [
            [112.7010387, -7.0929869],
            [112.7010386, -7.0928508],
            [112.7009775, -7.0928073],
            [112.700987, -7.0923111],
            [112.7009069, -7.092243],
            [112.7009203, -7.0921104],
            [112.7010099, -7.0919419],
            [112.7010825, -7.0917885],
            [112.701376, -7.0915758],
            [112.7014785, -7.0914741],
            [112.7017859, -7.0912846],
            [112.7022192, -7.0910858],
            [112.7025174, -7.0908777],
            [112.7027131, -7.0906558],
            [112.7027597, -7.0904709],
            [112.7027364, -7.0901241],
            [112.7026339, -7.0895231],
            [112.7025593, -7.0893335],
            [112.7021074, -7.0890007],
            [112.7015623, -7.0886724],
            [112.7012781, -7.0884505],
            [112.7012781, -7.088358],
            [112.7013527, -7.0883534],
            [112.7015157, -7.0884644],
            [112.7017254, -7.0885984],
            [112.7020189, -7.0886724],
            [112.7020888, -7.0885892],
            [112.7022425, -7.088677],
            [112.7024102, -7.0888296],
            [112.7025453, -7.0890007],
            [112.7028575, -7.0896063],
            [112.7028295, -7.0897635],
            [112.7028062, -7.0900316],
            [112.7028854, -7.0902212],
            [112.7028808, -7.09042],
            [112.7028948, -7.0905541],
            [112.7028109, -7.0907066],
            [112.7026758, -7.0909655],
            [112.702578, -7.0910395],
            [112.702536, -7.091206],
            [112.7020422, -7.0915897],
            [112.7016788, -7.0919226],
            [112.7015204, -7.0920936],
            [112.7015157, -7.0921907],
            [112.7014132, -7.0922693],
            [112.7013294, -7.0923895],
            [112.7012455, -7.0925375],
            [112.7012735, -7.092764],
            [112.701185, -7.0927825],
            [112.7012032, -7.0929803],
            [112.7011314, -7.0929832],
            [112.7010387, -7.0929869]
          ]
        ]
      },
      "properties": { "Type": "Air" }
    },
    {
      "type": "Feature",
      "geometry": {
        "type": "Polygon",
        "coordinates": [
          [
            [113.1855485, -7.7859114],
            [113.185688, -7.7859884],
            [113.1857738, -7.7860655],
            [113.1858113, -7.7860868],
            [113.1858408, -7.7860442],
            [113.1859521, -7.7861127],
            [113.1859883, -7.7861293],
            [113.1862673, -7.7862701],
            [113.1865945, -7.7864429],
            [113.1878284, -7.7871125],
            [113.1880145, -7.7872004],
            [113.187992, -7.7872348],
            [113.1877559, -7.7871338],
            [113.1870827, -7.7867857],
            [113.1868048, -7.7866184],
            [113.1862764, -7.78635],
            [113.1860323, -7.7862517],
            [113.1859474, -7.7862046],
            [113.1859129, -7.7861848],
            [113.1858569, -7.7861532],
            [113.1857668, -7.7861055],
            [113.1856692, -7.7860097],
            [113.1855361, -7.7859354],
            [113.1855485, -7.7859114]
          ]
        ]
      },
      "properties": { "Type": "Air" }
    },
    {
      "type": "Feature",
      "geometry": {
        "type": "Polygon",
        "coordinates": [
          [
            [112.6117355, -8.0284885],
            [112.611389, -8.0283703],
            [112.6115169, -8.0280133],
            [112.6118758, -8.0281346],
            [112.6117355, -8.0284885]
          ]
        ]
      },
      "properties": { "Type": "Air" }
    },
    {
      "type": "Feature",
      "geometry": {
        "type": "Polygon",
        "coordinates": [
          [
            [112.6113868, -8.0284036],
            [112.611267, -8.0287375],
            [112.611603, -8.0288504],
            [112.6117319, -8.0285179],
            [112.6113868, -8.0284036]
          ]
        ]
      },
      "properties": { "Type": "Air" }
    },
    {
      "type": "Feature",
      "geometry": {
        "type": "Polygon",
        "coordinates": [
          [
            [111.7470343, -7.5512291],
            [111.7478509, -7.5517557],
            [111.7490029, -7.5525348],
            [111.7501478, -7.5532948],
            [111.7502495, -7.5529359],
            [111.7504026, -7.5514684],
            [111.7505045, -7.5513248],
            [111.7510195, -7.5512381],
            [111.7514111, -7.5512929],
            [111.7517706, -7.5513993],
            [111.7522694, -7.5516864],
            [111.7526557, -7.5520534],
            [111.753015, -7.5525],
            [111.7533316, -7.5536061],
            [111.7548122, -7.5532871],
            [111.7546007, -7.552455],
            [111.7545041, -7.5524364],
            [111.7544585, -7.5522529],
            [111.7543593, -7.5521705],
            [111.7541689, -7.552104],
            [111.7542601, -7.5518621],
            [111.7545171, -7.5518752],
            [111.7544849, -7.551261],
            [111.7541872, -7.5509951],
            [111.7534447, -7.551075],
            [111.7530687, -7.5508728],
            [111.7526073, -7.5501124],
            [111.7527575, -7.5497454],
            [111.7529561, -7.549329],
            [111.753176, -7.5493306],
            [111.7535032, -7.5495098],
            [111.7536373, -7.5494353],
            [111.7538305, -7.5491125],
            [111.7539002, -7.5488786],
            [111.7538412, -7.5485649],
            [111.7537876, -7.5483186],
            [111.7537446, -7.5480899],
            [111.7537178, -7.547824],
            [111.753632, -7.547246],
            [111.7536105, -7.5466769],
            [111.7536374, -7.5462675],
            [111.7537018, -7.5459361],
            [111.7536964, -7.5453634],
            [111.7535891, -7.5447253],
            [111.7533852, -7.5444965],
            [111.7534044, -7.544284],
            [111.7529507, -7.5439329],
            [111.7530048, -7.5442282],
            [111.7527254, -7.5454006],
            [111.752586, -7.5456559],
            [111.7523338, -7.5458367],
            [111.7521192, -7.5460495],
            [111.7519476, -7.5461755],
            [111.7517491, -7.54631],
            [111.7515023, -7.5464589],
            [111.7511375, -7.5464855],
            [111.7510558, -7.5463992],
            [111.7507276, -7.5464097],
            [111.7505623, -7.5464418],
            [111.7504241, -7.5465653],
            [111.7501666, -7.546794],
            [111.7497683, -7.5471223],
            [111.7491057, -7.5476808],
            [111.7478575, -7.5486873],
            [111.7475787, -7.5489027],
            [111.7470256, -7.5491097],
            [111.746909, -7.549212],
            [111.7467311, -7.5494425],
            [111.7466055, -7.5497092],
            [111.7465258, -7.5499811],
            [111.7464925, -7.5502453],
            [111.746567, -7.5506356],
            [111.7467854, -7.550952],
            [111.7470343, -7.5512291]
          ]
        ]
      },
      "properties": { "Type": "Air" }
    },
    {
      "type": "Feature",
      "geometry": {
        "type": "Polygon",
        "coordinates": [
          [
            [111.5431704, -7.3869177],
            [111.5433417, -7.3868487],
            [111.5436853, -7.3867103],
            [111.5440132, -7.3866508],
            [111.5441842, -7.3866198],
            [111.5447901, -7.3866363],
            [111.5449943, -7.3866783],
            [111.5450103, -7.3864868],
            [111.5452303, -7.3864123],
            [111.5453641, -7.3864395],
            [111.5452678, -7.3865347],
            [111.5452893, -7.3866305],
            [111.5455843, -7.3866517],
            [111.5458043, -7.3867262],
            [111.5459706, -7.3868858],
            [111.5460883, -7.3869449],
            [111.5461903, -7.386881],
            [111.5461208, -7.386806],
            [111.5460618, -7.3867209],
            [111.5462975, -7.3867001],
            [111.5464853, -7.3866363],
            [111.5466787, -7.3863857],
            [111.5468233, -7.3862905],
            [111.5470917, -7.3863485],
            [111.5473865, -7.3862799],
            [111.5478428, -7.3860985],
            [111.5482716, -7.3860458],
            [111.5483628, -7.3860352],
            [111.5484755, -7.3855936],
            [111.54817, -7.3855558],
            [111.5481268, -7.3854074],
            [111.5488084, -7.3854973],
            [111.5488295, -7.3853436],
            [111.5491997, -7.385301],
            [111.5492211, -7.3852318],
            [111.5488352, -7.3849653],
            [111.5487974, -7.3849073],
            [111.5486689, -7.3848962],
            [111.5485294, -7.3848749],
            [111.5483307, -7.3847743],
            [111.5483092, -7.3845349],
            [111.5484275, -7.3843376],
            [111.5486689, -7.3842791],
            [111.5489156, -7.3842099],
            [111.5491782, -7.3841679],
            [111.5492858, -7.3843482],
            [111.5494089, -7.3842104],
            [111.5493123, -7.3839231],
            [111.5493714, -7.3838221],
            [111.5495162, -7.3838753],
            [111.5495916, -7.3838056],
            [111.5496235, -7.383721],
            [111.5497844, -7.3837955],
            [111.5498866, -7.3837896],
            [111.5498169, -7.3836087],
            [111.5498059, -7.3834337],
            [111.54994, -7.383322],
            [111.5501334, -7.3833161],
            [111.550294, -7.3834284],
            [111.5504389, -7.3834976],
            [111.5505196, -7.3834757],
            [111.5504872, -7.3831784],
            [111.5505837, -7.3829815],
            [111.5507715, -7.3828219],
            [111.5509219, -7.382566],
            [111.5510078, -7.382199],
            [111.5512489, -7.3822261],
            [111.5512811, -7.382141],
            [111.5511419, -7.3820181],
            [111.5510614, -7.3818053],
            [111.5510558, -7.3816249],
            [111.5511258, -7.3815446],
            [111.5511041, -7.3814547],
            [111.551056, -7.3812946],
            [111.5510507, -7.3810445],
            [111.5511255, -7.380811],
            [111.551442, -7.3804173],
            [111.5521823, -7.3798693],
            [111.5523033, -7.3798608],
            [111.5524559, -7.3796485],
            [111.5524591, -7.3795901],
            [111.5524428, -7.3794804],
            [111.5526034, -7.3793905],
            [111.5525525, -7.3792363],
            [111.5524978, -7.3791302],
            [111.552472, -7.379058],
            [111.5523489, -7.3790549],
            [111.5522577, -7.3791347],
            [111.5520699, -7.3791719],
            [111.552027, -7.3793687],
            [111.5518232, -7.3794166],
            [111.5518285, -7.3795283],
            [111.5513833, -7.3796773],
            [111.5512063, -7.3794751],
            [111.5510933, -7.3795023],
            [111.5511794, -7.3798369],
            [111.5511526, -7.380039],
            [111.5510185, -7.3801774],
            [111.5510507, -7.380321],
            [111.5511043, -7.3804806],
            [111.5510346, -7.3807147],
            [111.5508898, -7.380853],
            [111.550396, -7.3808376],
            [111.5504335, -7.3811823],
            [111.5504364, -7.3812094],
            [111.5504633, -7.3815606],
            [111.550297, -7.3818425],
            [111.5499992, -7.3822069],
            [111.5497388, -7.3824149],
            [111.5496613, -7.3826458],
            [111.5495675, -7.3827814],
            [111.549436, -7.3827416],
            [111.549318, -7.3826033],
            [111.5491302, -7.3825927],
            [111.5491222, -7.3828267],
            [111.5491087, -7.382997],
            [111.5490149, -7.383106],
            [111.5489184, -7.3832549],
            [111.5488942, -7.3833614],
            [111.5487681, -7.3835343],
            [111.5484704, -7.3837311],
            [111.5479608, -7.383779],
            [111.5475263, -7.3837098],
            [111.5472846, -7.3833433],
            [111.5470971, -7.3830714],
            [111.5468396, -7.3828586],
            [111.5467535, -7.3824974],
            [111.546716, -7.3821569],
            [111.5466355, -7.381843],
            [111.5467216, -7.3815446],
            [111.5467642, -7.3813749],
            [111.5466089, -7.3810924],
            [111.5465806, -7.3810573],
            [111.5463351, -7.3807525],
            [111.5462764, -7.3804434],
            [111.5464963, -7.3802412],
            [111.5464373, -7.3800178],
            [111.5462814, -7.3798268],
            [111.5464209, -7.3796831],
            [111.5466891, -7.3794969],
            [111.5467642, -7.3793107],
            [111.5470271, -7.3791831],
            [111.5473221, -7.3790979],
            [111.5474082, -7.3789538],
            [111.547301, -7.3788633],
            [111.5469737, -7.3788633],
            [111.5465821, -7.3788421],
            [111.5464158, -7.3786984],
            [111.5464317, -7.3781403],
            [111.5464266, -7.3779111],
            [111.5462117, -7.3777201],
            [111.545933, -7.3776291],
            [111.5457238, -7.3775387],
            [111.5457826, -7.3773955],
            [111.5458418, -7.3771077],
            [111.5456273, -7.3766183],
            [111.5454985, -7.37648],
            [111.5453322, -7.3764534],
            [111.5452088, -7.3765917],
            [111.5451871, -7.3768316],
            [111.5452732, -7.3770918],
            [111.5453322, -7.3773578],
            [111.5453161, -7.3775865],
            [111.5450103, -7.3777461],
            [111.5445168, -7.3777568],
            [111.5441142, -7.3775392],
            [111.5436639, -7.3773365],
            [111.5434654, -7.3773525],
            [111.5432937, -7.377528],
            [111.5432669, -7.3777355],
            [111.5438141, -7.3779217],
            [111.5438141, -7.3783313],
            [111.544254, -7.3783899],
            [111.5447311, -7.3783212],
            [111.5451388, -7.3784117],
            [111.545064, -7.3788899],
            [111.5451281, -7.3790075],
            [111.5449996, -7.379124],
            [111.5449728, -7.3792889],
            [111.5450264, -7.379539],
            [111.5451337, -7.3797624],
            [111.5454234, -7.3799007],
            [111.5455787, -7.3800821],
            [111.5455951, -7.3802838],
            [111.5455039, -7.3806881],
            [111.5455736, -7.3809062],
            [111.545638, -7.3810818],
            [111.5456809, -7.3813105],
            [111.5458955, -7.381401],
            [111.5460615, -7.3814494],
            [111.5460671, -7.3815818],
            [111.5459542, -7.3816941],
            [111.5459277, -7.3818],
            [111.5459867, -7.3819383],
            [111.5458418, -7.3820287],
            [111.5455414, -7.3818744],
            [111.5453483, -7.3819117],
            [111.5453159, -7.3820239],
            [111.5453, -7.3823107],
            [111.545123, -7.3824596],
            [111.5449403, -7.38254],
            [111.5448977, -7.3826831],
            [111.545005, -7.3828373],
            [111.5451176, -7.3829916],
            [111.5450047, -7.3830666],
            [111.5450318, -7.383231],
            [111.5451337, -7.3833906],
            [111.5452139, -7.3835295],
            [111.5451498, -7.3837098],
            [111.5449943, -7.3839971],
            [111.5449243, -7.3841838],
            [111.5447153, -7.3839652],
            [111.5445705, -7.3837205],
            [111.5444364, -7.3836141],
            [111.5443022, -7.3835609],
            [111.5440823, -7.3835662],
            [111.543846, -7.3835029],
            [111.5438677, -7.3834013],
            [111.5440606, -7.3832528],
            [111.5440984, -7.383114],
            [111.5440552, -7.3830028],
            [111.5438892, -7.382965],
            [111.5437229, -7.3828746],
            [111.5437226, -7.382657],
            [111.5437336, -7.3824064],
            [111.5436582, -7.382242],
            [111.5435137, -7.382199],
            [111.5433796, -7.3822522],
            [111.5432347, -7.3823],
            [111.5431006, -7.3821351],
            [111.5430309, -7.3819542],
            [111.5429558, -7.3818691],
            [111.5428378, -7.3819489],
            [111.5426607, -7.3819649],
            [111.5425266, -7.3819064],
            [111.5424032, -7.3819383],
            [111.5422903, -7.3821516],
            [111.5422048, -7.3822522],
            [111.5419902, -7.3822256],
            [111.541899, -7.3820553],
            [111.54184, -7.3819649],
            [111.5415557, -7.381901],
            [111.5411909, -7.381768],
            [111.5410568, -7.3816297],
            [111.5407778, -7.3815978],
            [111.5406166, -7.3816728],
            [111.5405901, -7.3818106],
            [111.5407725, -7.3819489],
            [111.5408851, -7.3821777],
            [111.5409173, -7.3823745],
            [111.5410192, -7.3825607],
            [111.5410997, -7.3826618],
            [111.5410192, -7.3828054],
            [111.5409548, -7.3830289],
            [111.5411426, -7.3830661],
            [111.5412123, -7.3831725],
            [111.5414537, -7.3833055],
            [111.5419097, -7.3834225],
            [111.5420704, -7.383572],
            [111.5418722, -7.3837045],
            [111.5417166, -7.3838215],
            [111.5414913, -7.3838269],
            [111.5409066, -7.3837364],
            [111.5407883, -7.3838008],
            [111.5407832, -7.3839279],
            [111.5407295, -7.3841301],
            [111.5403969, -7.3842631],
            [111.5399785, -7.3842205],
            [111.5397264, -7.384178],
            [111.5396191, -7.3841939],
            [111.5393935, -7.3843753],
            [111.5392436, -7.384577],
            [111.5392543, -7.3847206],
            [111.5393563, -7.3848483],
            [111.5399192, -7.3849978],
            [111.5404396, -7.3849978],
            [111.5406971, -7.3847903],
            [111.5414642, -7.3845722],
            [111.5416415, -7.3846248],
            [111.5418236, -7.3845296],
            [111.5421401, -7.3844445],
            [111.5426605, -7.3844126],
            [111.5424193, -7.384577],
            [111.5423228, -7.3847206],
            [111.5424193, -7.3849068],
            [111.54258, -7.3850563],
            [111.5426232, -7.3851728],
            [111.5427627, -7.3851994],
            [111.542875, -7.385301],
            [111.5430148, -7.3855399],
            [111.5432776, -7.3856037],
            [111.5436422, -7.3856415],
            [111.5434761, -7.3859229],
            [111.5432294, -7.3860399],
            [111.5429716, -7.3861575],
            [111.5429504, -7.3863645],
            [111.542945, -7.3865932],
            [111.5430523, -7.3867794],
            [111.5431704, -7.3869177]
          ]
        ]
      },
      "properties": { "Type": "Air" }
    },
    {
      "type": "Feature",
      "geometry": {
        "type": "Polygon",
        "coordinates": [
          [
            [111.5713979, -7.3883435],
            [111.5712906, -7.3883967],
            [111.5711348, -7.3883121],
            [111.5710975, -7.3882317],
            [111.5710063, -7.3882051],
            [111.5709098, -7.3883062],
            [111.5707113, -7.3883488],
            [111.5705021, -7.3882477],
            [111.5702821, -7.3883009],
            [111.5697564, -7.3883062],
            [111.569751, -7.3885669],
            [111.5701319, -7.3887531],
            [111.5703248, -7.388727],
            [111.5705018, -7.3887111],
            [111.5706091, -7.3888547],
            [111.5706254, -7.3889659],
            [111.5709095, -7.3889771],
            [111.5710919, -7.3889611],
            [111.5709953, -7.3890249],
            [111.5709956, -7.3891095],
            [111.5711884, -7.389142],
            [111.5713765, -7.3892372],
            [111.5714942, -7.3890037],
            [111.5717252, -7.389051],
            [111.5717627, -7.3893436],
            [111.5713172, -7.389658],
            [111.5713657, -7.3897958],
            [111.5719773, -7.3896787],
            [111.5723206, -7.3897905],
            [111.5724654, -7.3899075],
            [111.5722938, -7.3900618],
            [111.5720363, -7.3900618],
            [111.5719397, -7.3901629],
            [111.5714191, -7.390323],
            [111.5712477, -7.3903597],
            [111.571178, -7.3904714],
            [111.5707971, -7.3905565],
            [111.5705128, -7.390498],
            [111.5703197, -7.390615],
            [111.5701373, -7.3906736],
            [111.5701373, -7.3908385],
            [111.5707378, -7.3909294],
            [111.5712474, -7.3908177],
            [111.5717359, -7.3907746],
            [111.5723957, -7.3907853],
            [111.5727602, -7.3910944],
            [111.573361, -7.3911582],
            [111.573254, -7.3913119],
            [111.5731575, -7.3915726],
            [111.5731682, -7.3917641],
            [111.5737797, -7.3915726],
            [111.5743484, -7.3914609],
            [111.5746541, -7.391562],
            [111.5749063, -7.3917588],
            [111.5748794, -7.391961],
            [111.5747292, -7.3921631],
            [111.5746109, -7.3924669],
            [111.5744717, -7.3926472],
            [111.5743054, -7.3926632],
            [111.5742947, -7.3927909],
            [111.5745144, -7.3928925],
            [111.574461, -7.393009],
            [111.5740426, -7.3930036],
            [111.5737529, -7.3932803],
            [111.5734471, -7.3934612],
            [111.5733988, -7.3936686],
            [111.5735488, -7.3936904],
            [111.5735598, -7.3937857],
            [111.5732969, -7.3939133],
            [111.5732537, -7.3940203],
            [111.5733557, -7.3940681],
            [111.573372, -7.3943868],
            [111.5732165, -7.3944028],
            [111.5732594, -7.3945836],
            [111.5731089, -7.394898],
            [111.5728249, -7.3948124],
            [111.5727712, -7.3948869],
            [111.5727873, -7.3949826],
            [111.5730714, -7.3952491],
            [111.572857, -7.3954933],
            [111.5729965, -7.3956476],
            [111.5730126, -7.3958604],
            [111.5731038, -7.3959508],
            [111.5730606, -7.3961429],
            [111.5727334, -7.3963131],
            [111.5723528, -7.3963445],
            [111.5721058, -7.3962014],
            [111.5720575, -7.3959035],
            [111.5718968, -7.395738],
            [111.5719344, -7.3955093],
            [111.5717466, -7.3952486],
            [111.5715803, -7.3954454],
            [111.5713547, -7.3953555],
            [111.5714194, -7.395089],
            [111.5713547, -7.3950523],
            [111.5712424, -7.3951688],
            [111.571049, -7.3949034],
            [111.5705128, -7.394956],
            [111.5705933, -7.3951954],
            [111.5707381, -7.3952858],
            [111.5707056, -7.3955258],
            [111.5711082, -7.3958391],
            [111.5709792, -7.3960418],
            [111.570545, -7.3959349],
            [111.5703036, -7.3959827],
            [111.5701799, -7.3957705],
            [111.5696867, -7.395371],
            [111.5695955, -7.3954774],
            [111.5693916, -7.3955146],
            [111.5693326, -7.3953124],
            [111.5690751, -7.3952858],
            [111.5690698, -7.395371],
            [111.5687425, -7.3952592],
            [111.5687101, -7.395563],
            [111.5690268, -7.3958763],
            [111.5694185, -7.3959827],
            [111.5692629, -7.3960998],
            [111.5693541, -7.396286],
            [111.5696006, -7.3962014],
            [111.5698744, -7.3964349],
            [111.5696974, -7.3966637],
            [111.5702979, -7.3967653],
            [111.5708934, -7.3968876],
            [111.5715479, -7.3971164],
            [111.571623, -7.3972281],
            [111.5717785, -7.3973505],
            [111.5717573, -7.3974882],
            [111.5715428, -7.3975521],
            [111.5714784, -7.3977276],
            [111.5713443, -7.3979032],
            [111.5710224, -7.3980202],
            [111.5710278, -7.3983394],
            [111.5712477, -7.3983873],
            [111.5717517, -7.3983825],
            [111.5715749, -7.3986054],
            [111.5712692, -7.398749],
            [111.5713282, -7.3989512],
            [111.571473, -7.3989937],
            [111.5714516, -7.3991214],
            [111.5717034, -7.3991964],
            [111.5719719, -7.3989193],
            [111.572315, -7.3988613],
            [111.5725993, -7.3990209],
            [111.5728624, -7.3993874],
            [111.5728085, -7.3995369],
            [111.5724815, -7.3995629],
            [111.5719073, -7.3998614],
            [111.5717842, -7.4000577],
            [111.5717949, -7.4003503],
            [111.571532, -7.400595],
            [111.57106, -7.400712],
            [111.570722, -7.4008397],
            [111.5705074, -7.4008344],
            [111.5698583, -7.4006801],
            [111.5695043, -7.4006269],
            [111.5694936, -7.4009142],
            [111.5697883, -7.4010956],
            [111.5697564, -7.4012174],
            [111.5701266, -7.4012812],
            [111.570427, -7.4013876],
            [111.5706201, -7.4016057],
            [111.5715159, -7.4018079],
            [111.5716071, -7.4023398],
            [111.5715318, -7.4025266],
            [111.5711565, -7.4025207],
            [111.5708773, -7.4024521],
            [111.5709259, -7.4026909],
            [111.5714355, -7.4031059],
            [111.5716927, -7.4033724],
            [111.5719019, -7.4037022],
            [111.5719183, -7.4040953],
            [111.5717571, -7.4043778],
            [111.5712689, -7.4044948],
            [111.5707381, -7.404223],
            [111.5704857, -7.4040427],
            [111.5703465, -7.4040741],
            [111.5702872, -7.4041757],
            [111.5702982, -7.4044198],
            [111.5700783, -7.4045103],
            [111.5700515, -7.4046592],
            [111.5700515, -7.4047656],
            [111.5698637, -7.4047603],
            [111.5697457, -7.4046805],
            [111.5694077, -7.404755],
            [111.5695472, -7.4049358],
            [111.5694775, -7.4050316],
            [111.5692468, -7.4050582],
            [111.5691502, -7.4048986],
            [111.569048, -7.4046757],
            [111.5689464, -7.4045635],
            [111.5687425, -7.4045316],
            [111.5685977, -7.4045741],
            [111.5684099, -7.4047177],
            [111.5680934, -7.405005],
            [111.5679432, -7.4051806],
            [111.5677662, -7.4050316],
            [111.5674175, -7.4050263],
            [111.5669506, -7.4049204],
            [111.5665482, -7.4047608],
            [111.5663768, -7.404489],
            [111.5663497, -7.404165],
            [111.5665697, -7.4038192],
            [111.56709, -7.4033245],
            [111.5674658, -7.4029835],
            [111.5677555, -7.4027761],
            [111.5678306, -7.4026271],
            [111.567793, -7.4025047],
            [111.5676375, -7.4024622],
            [111.5673746, -7.4024622],
            [111.5672566, -7.402425],
            [111.5672673, -7.40226],
            [111.5673958, -7.4020744],
            [111.5671386, -7.401877],
            [111.5668543, -7.4020685],
            [111.5667577, -7.4022813],
            [111.566747, -7.4025473],
            [111.5666609, -7.4025904],
            [111.566527, -7.4024675],
            [111.5663822, -7.4024196],
            [111.5663017, -7.4025526],
            [111.5661944, -7.4027282],
            [111.5659048, -7.4026697],
            [111.5657706, -7.4026643],
            [111.5656953, -7.4028245],
            [111.5656526, -7.4029782],
            [111.5656419, -7.4031591],
            [111.5655668, -7.4032921],
            [111.5652718, -7.4033027],
            [111.5647997, -7.4031697],
            [111.5646173, -7.4032229],
            [111.5645958, -7.4033293],
            [111.5647621, -7.4036219],
            [111.5646439, -7.4039948],
            [111.5645312, -7.4041863],
            [111.5643166, -7.404298],
            [111.5642254, -7.4044736],
            [111.5642686, -7.4047124],
            [111.5638716, -7.404739],
            [111.5638877, -7.4043773],
            [111.563641, -7.404223],
            [111.5632225, -7.4039783],
            [111.5631794, -7.4036756],
            [111.5633081, -7.4034735],
            [111.563362, -7.4033133],
            [111.5633137, -7.4030899],
            [111.5633459, -7.4028452],
            [111.5636624, -7.4027867],
            [111.5636356, -7.402425],
            [111.5634637, -7.4023297],
            [111.5633298, -7.402393],
            [111.5629865, -7.4023452],
            [111.562879, -7.4022021],
            [111.5628521, -7.4018829],
            [111.5629165, -7.4017446],
            [111.562847, -7.401643],
            [111.5627344, -7.401478],
            [111.5626378, -7.4012227],
            [111.5624874, -7.4008349],
            [111.5626107, -7.4006327],
            [111.5625517, -7.4005051],
            [111.5622781, -7.4003189],
            [111.5621869, -7.4000742],
            [111.561919, -7.3999087],
            [111.5618436, -7.3997443],
            [111.5619083, -7.399547],
            [111.5620531, -7.3993395],
            [111.5621923, -7.3990687],
            [111.5625681, -7.3989193],
            [111.5626646, -7.3988075],
            [111.5626537, -7.3987549],
            [111.5625576, -7.3987171],
            [111.5627985, -7.3985687],
            [111.5630023, -7.3983984],
            [111.5633888, -7.3979138],
            [111.5637429, -7.3981106],
            [111.5642254, -7.3981059],
            [111.5643383, -7.3976744],
            [111.5639521, -7.3972914],
            [111.5637322, -7.397318],
            [111.5633081, -7.3970898],
            [111.5633352, -7.3968605],
            [111.5633296, -7.3965312],
            [111.5632386, -7.396403],
            [111.5634047, -7.396345],
            [111.5637804, -7.3963179],
            [111.5639036, -7.3962599],
            [111.5638982, -7.3961056],
            [111.5637483, -7.3959295],
            [111.5632816, -7.3956742],
            [111.5631421, -7.3955465],
            [111.5632923, -7.3954667],
            [111.5633832, -7.3953662],
            [111.5633406, -7.3952486],
            [111.563185, -7.3950997],
            [111.5632974, -7.3949991],
            [111.56341, -7.3946959],
            [111.5632279, -7.3944028],
            [111.5631364, -7.3942437],
            [111.5629704, -7.3942591],
            [111.5628739, -7.3946102],
            [111.5628309, -7.3947645],
            [111.5629007, -7.3949347],
            [111.5629168, -7.3950571],
            [111.5626537, -7.3952917],
            [111.5624125, -7.3953603],
            [111.562375, -7.3954774],
            [111.5624769, -7.3955465],
            [111.5625144, -7.3957008],
            [111.5623532, -7.3960311],
            [111.5620907, -7.3960785],
            [111.5620048, -7.3962487],
            [111.561801, -7.3962328],
            [111.561404, -7.3958497],
            [111.5612482, -7.3961109],
            [111.561227, -7.396403],
            [111.5611784, -7.3966376],
            [111.5614896, -7.3967227],
            [111.5615596, -7.3969031],
            [111.561463, -7.3970414],
            [111.5611787, -7.3971212],
            [111.5613286, -7.3973664],
            [111.5614416, -7.3974031],
            [111.5613343, -7.3975308],
            [111.5614359, -7.3977016],
            [111.5618332, -7.3977649],
            [111.5619938, -7.397909],
            [111.5619348, -7.398058],
            [111.5618544, -7.3981963],
            [111.5615325, -7.3983293],
            [111.5613933, -7.3982915],
            [111.561345, -7.3985788],
            [111.5615271, -7.3988772],
            [111.5616293, -7.3991799],
            [111.561168, -7.3992438],
            [111.5608622, -7.3992012],
            [111.5606905, -7.3990629],
            [111.5603633, -7.3989512],
            [111.5604277, -7.399265],
            [111.5606366, -7.3995103],
            [111.5609209, -7.399739],
            [111.5609695, -7.4001215],
            [111.5608888, -7.4003508],
            [111.5609749, -7.4006109],
            [111.5612589, -7.4008562],
            [111.5611572, -7.4012493],
            [111.5609802, -7.4017653],
            [111.5608193, -7.4020153],
            [111.5604289, -7.4022401],
            [111.560339, -7.40228],
            [111.5602157, -7.4022894],
            [111.5599018, -7.402296],
            [111.5595545, -7.40228],
            [111.5593868, -7.4022614],
            [111.5592769, -7.4022495],
            [111.5591642, -7.4022215],
            [111.5590905, -7.4021896],
            [111.5590127, -7.4021018],
            [111.5589844, -7.4019042],
            [111.5590273, -7.4017605],
            [111.5587701, -7.4017281],
            [111.5583782, -7.4015903],
            [111.5583085, -7.4015318],
            [111.5580995, -7.4015366],
            [111.5579493, -7.4014142],
            [111.5577508, -7.4012865],
            [111.5576379, -7.4011434],
            [111.5575685, -7.400962],
            [111.5575255, -7.4009142],
            [111.5572627, -7.4008982],
            [111.5570639, -7.4007232],
            [111.5568496, -7.4005045],
            [111.556785, -7.4007391],
            [111.5569784, -7.400962],
            [111.5570213, -7.4011961],
            [111.5572785, -7.4012658],
            [111.5574343, -7.4014461],
            [111.5575255, -7.4018025],
            [111.5577184, -7.4020052],
            [111.5577723, -7.4023186],
            [111.5580459, -7.4025207],
            [111.5582229, -7.4028824],
            [111.5583031, -7.4030213],
            [111.5584962, -7.4030532],
            [111.5591024, -7.4032181],
            [111.5597625, -7.4034091],
            [111.5597786, -7.4036272],
            [111.5601112, -7.4037602],
            [111.5602989, -7.4035953],
            [111.5606635, -7.4037395],
            [111.5609963, -7.4039251],
            [111.5610017, -7.4044039],
            [111.5605776, -7.4047023],
            [111.5605508, -7.404814],
            [111.5607066, -7.4049199],
            [111.5609102, -7.4051226],
            [111.5613072, -7.4053886],
            [111.561227, -7.4056434],
            [111.5608622, -7.4057764],
            [111.5607281, -7.4059147],
            [111.5603043, -7.4058774],
            [111.5600039, -7.4055104],
            [111.559505, -7.4057019],
            [111.5586145, -7.4057604],
            [111.5579761, -7.4058349],
            [111.5574397, -7.4057391],
            [111.5572731, -7.4055907],
            [111.5571715, -7.4057764],
            [111.557418, -7.4060535],
            [111.5573217, -7.4061807],
            [111.5563507, -7.4061594],
            [111.5556748, -7.4062126],
            [111.554779, -7.4061381],
            [111.5544088, -7.4061753],
            [111.5542208, -7.4062503],
            [111.5542318, -7.4064679],
            [111.554548, -7.4065695],
            [111.5549077, -7.4066701],
            [111.5551384, -7.4067871],
            [111.5553637, -7.4068456],
            [111.5553419, -7.4070696],
            [111.5553905, -7.4072765],
            [111.5556745, -7.4072824],
            [111.555916, -7.4072345],
            [111.5560768, -7.4068834],
            [111.5564256, -7.406777],
            [111.5565117, -7.4068776],
            [111.5565063, -7.4073403],
            [111.5569033, -7.4075957],
            [111.5573751, -7.407793],
            [111.5580941, -7.4078457],
            [111.5583141, -7.4073722],
            [111.5584265, -7.4074738],
            [111.5583624, -7.4076755],
            [111.5588881, -7.4077712],
            [111.5591188, -7.4077978],
            [111.5597732, -7.4079947],
            [111.5604009, -7.4082447],
            [111.5607171, -7.4084367],
            [111.5609907, -7.4086814],
            [111.5611626, -7.4091224],
            [111.5614252, -7.4094953],
            [111.5618275, -7.410155],
            [111.5619721, -7.4105264],
            [111.5619532, -7.4107014],
            [111.5621033, -7.4109433],
            [111.5624446, -7.4113728],
            [111.5641128, -7.410788],
            [111.5641447, -7.4106932],
            [111.5644993, -7.4096384],
            [111.565411, -7.4092453],
            [111.5656041, -7.4094528],
            [111.5656687, -7.409782],
            [111.5659423, -7.4097874],
            [111.5662266, -7.4096384],
            [111.5662103, -7.4094208],
            [111.5664841, -7.4092182],
            [111.566586, -7.4092288],
            [111.5665378, -7.4093618],
            [111.566634, -7.40949],
            [111.5667413, -7.4095379],
            [111.5668489, -7.4094682],
            [111.5669294, -7.4093724],
            [111.5669559, -7.4094208],
            [111.5669827, -7.40949],
            [111.5671544, -7.4095272],
            [111.5672778, -7.4093464],
            [111.5673692, -7.4093831],
            [111.5673422, -7.409474],
            [111.5674494, -7.4094953],
            [111.5675409, -7.4094097],
            [111.5675943, -7.4093091],
            [111.5677716, -7.4093778],
            [111.5679161, -7.4092081],
            [111.5682329, -7.4092341],
            [111.5685387, -7.4093246],
            [111.5686511, -7.4094262],
            [111.5688549, -7.4093038],
            [111.569386, -7.4091974],
            [111.5696867, -7.4093512],
            [111.5699334, -7.409282],
            [111.5698905, -7.409149],
            [111.5701209, -7.4090644],
            [111.5704323, -7.4091384],
            [111.5705393, -7.4091708],
            [111.5708183, -7.409091],
            [111.5710329, -7.4090166],
            [111.5711188, -7.4088166],
            [111.5713012, -7.4088006],
            [111.5714112, -7.4088033],
            [111.5714782, -7.408774],
            [111.5715238, -7.4086676],
            [111.5715533, -7.40854],
            [111.571607, -7.4084522],
            [111.5716284, -7.4083644],
            [111.5716338, -7.4082128],
            [111.5716606, -7.4081649],
            [111.5717331, -7.4081543],
            [111.5718242, -7.4081862],
            [111.5718779, -7.4082633],
            [111.5719449, -7.4083963],
            [111.5720254, -7.4084309],
            [111.5721408, -7.4084043],
            [111.5723017, -7.4083671],
            [111.5724143, -7.4083086],
            [111.5724492, -7.4082128],
            [111.5725136, -7.4081117],
            [111.5726531, -7.408024],
            [111.5728006, -7.4079575],
            [111.5732484, -7.4081867],
            [111.5733881, -7.408133],
            [111.5734576, -7.4081867],
            [111.5735598, -7.4081702],
            [111.5734418, -7.4078351],
            [111.5736507, -7.4077824],
            [111.5737797, -7.4078404],
            [111.5740852, -7.4078728],
            [111.5741764, -7.4077664],
            [111.5742411, -7.4078138],
            [111.5742786, -7.4079574],
            [111.5743162, -7.4079734],
            [111.5743749, -7.4078782],
            [111.574509, -7.4078835],
            [111.5745844, -7.4080106],
            [111.5747075, -7.4078516],
            [111.5748419, -7.4078989],
            [111.5748845, -7.4079792],
            [111.5750082, -7.4079947],
            [111.5750618, -7.4081276],
            [111.5751581, -7.4080271],
            [111.5750833, -7.4078563],
            [111.5751584, -7.4077287],
            [111.5753405, -7.4078569],
            [111.5755336, -7.4078037],
            [111.5755658, -7.407692],
            [111.575727, -7.4076648],
            [111.5758289, -7.4075584],
            [111.5759255, -7.407585],
            [111.5760647, -7.4074792],
            [111.5764619, -7.4073989],
            [111.5765424, -7.4073297],
            [111.576784, -7.4073584],
            [111.5768106, -7.4073616],
            [111.5769447, -7.4073084],
            [111.5771593, -7.4073244],
            [111.5772234, -7.4071121],
            [111.5773417, -7.407069],
            [111.5773685, -7.4071701],
            [111.5774219, -7.4072238],
            [111.5777759, -7.4070962],
            [111.5781732, -7.406936],
            [111.5784843, -7.4068828],
            [111.5789081, -7.4068722],
            [111.5790527, -7.4066334],
            [111.578715, -7.4065105],
            [111.5789561, -7.4062557],
            [111.5794231, -7.4061115],
            [111.5796484, -7.4062338],
            [111.579863, -7.4064945],
            [111.5802088, -7.4064334],
            [111.5803778, -7.4064015],
            [111.5804851, -7.4060916],
            [111.5806273, -7.4057126],
            [111.5806521, -7.4056966],
            [111.5806923, -7.4057086],
            [111.5807104, -7.4057339],
            [111.5805404, -7.4063237],
            [111.5805481, -7.406344],
            [111.5805709, -7.4063543],
            [111.5812363, -7.4061807],
            [111.5816303, -7.4060508],
            [111.5819066, -7.4059405],
            [111.5821911, -7.4058508],
            [111.5824001, -7.4055907],
            [111.5824701, -7.4052869],
            [111.5825184, -7.405154],
            [111.5823142, -7.4048406],
            [111.5825345, -7.404755],
            [111.5827058, -7.4047821],
            [111.5827917, -7.4048619],
            [111.5831243, -7.4048566],
            [111.5830545, -7.4046917],
            [111.582958, -7.4044682],
            [111.5830384, -7.4043778],
            [111.5832101, -7.4043565],
            [111.5832372, -7.4046167],
            [111.5834193, -7.404713],
            [111.58372, -7.4047177],
            [111.5838592, -7.4047023],
            [111.5839718, -7.4045906],
            [111.5840523, -7.404431],
            [111.5839826, -7.4041118],
            [111.5841116, -7.4041007],
            [111.5842618, -7.4044518],
            [111.5844707, -7.4045321],
            [111.5845995, -7.404548],
            [111.5846909, -7.4047922],
            [111.5848572, -7.4047603],
            [111.5848412, -7.4044464],
            [111.5848948, -7.4041379],
            [111.5850018, -7.4042448],
            [111.5852596, -7.4043241],
            [111.5853454, -7.4043773],
            [111.5853881, -7.4042289],
            [111.5853454, -7.4041113],
            [111.5851684, -7.4040741],
            [111.5851681, -7.403899],
            [111.5854953, -7.4037767],
            [111.5856619, -7.4038081],
            [111.5856941, -7.4036857],
            [111.5859299, -7.4037554],
            [111.5860428, -7.4039145],
            [111.5861984, -7.4038506],
            [111.5859513, -7.4034149],
            [111.5861125, -7.403308],
            [111.5862413, -7.4033133],
            [111.5862681, -7.4031325],
            [111.5865846, -7.4031644],
            [111.5867667, -7.4033192],
            [111.5870674, -7.4036485],
            [111.5871103, -7.4036006],
            [111.5869813, -7.4032713],
            [111.5868311, -7.4030532],
            [111.5868528, -7.4028931],
            [111.5868796, -7.402792],
            [111.5870674, -7.4027814],
            [111.5871103, -7.4029676],
            [111.5872656, -7.4028883],
            [111.5872873, -7.4028133],
            [111.587566, -7.4027872],
            [111.5877752, -7.4029841],
            [111.5878289, -7.4029362],
            [111.5877379, -7.4028346],
            [111.5878289, -7.4028191],
            [111.5879201, -7.402883],
            [111.5881564, -7.4027867],
            [111.5885265, -7.4029303],
            [111.5886335, -7.4028191],
            [111.588832, -7.4027872],
            [111.5889396, -7.4028824],
            [111.5890254, -7.402792],
            [111.5893255, -7.4028511],
            [111.5896206, -7.4027713],
            [111.5897335, -7.4029782],
            [111.5898137, -7.4030904],
            [111.5897496, -7.4032016],
            [111.5898781, -7.40325],
            [111.5899907, -7.4029947],
            [111.5901573, -7.4030101],
            [111.5903947, -7.4030572],
            [111.5904309, -7.4032282],
            [111.5904899, -7.4032282],
            [111.5906184, -7.4029096],
            [111.5907739, -7.4029468],
            [111.590801, -7.4027867],
            [111.591139, -7.4029037],
            [111.5912463, -7.4031059],
            [111.591364, -7.4031011],
            [111.5912624, -7.4029463],
            [111.5912621, -7.4027925],
            [111.591423, -7.4026436],
            [111.5917613, -7.4027016],
            [111.5919007, -7.4026111],
            [111.5918524, -7.4025367],
            [111.5917288, -7.4025904],
            [111.591595, -7.4024516],
            [111.5913536, -7.4024462],
            [111.5913536, -7.4023186],
            [111.5917824, -7.4022606],
            [111.5920295, -7.4022228],
            [111.592067, -7.4023558],
            [111.5921901, -7.4022872],
            [111.5923189, -7.4020637],
            [111.5923886, -7.401968],
            [111.5925335, -7.4019201],
            [111.5926568, -7.4017818],
            [111.5923299, -7.4018717],
            [111.592185, -7.4020473],
            [111.5919919, -7.4020366],
            [111.5918256, -7.4021164],
            [111.5917342, -7.4020478],
            [111.5916647, -7.4019781],
            [111.5913106, -7.4019887],
            [111.5911655, -7.4020425],
            [111.5911712, -7.402127],
            [111.5908386, -7.4021377],
            [111.5905435, -7.4020632],
            [111.590388, -7.4021749],
            [111.5902539, -7.4023664],
            [111.5900822, -7.402425],
            [111.5899374, -7.4023771],
            [111.5898408, -7.40226],
            [111.5898083, -7.4021701],
            [111.589696, -7.4022122],
            [111.5896048, -7.4021802],
            [111.5895082, -7.4020632],
            [111.5893687, -7.4021483],
            [111.58924, -7.4021696],
            [111.5890898, -7.4021962],
            [111.5889932, -7.4021483],
            [111.5889503, -7.4020526],
            [111.5889986, -7.4019568],
            [111.5888859, -7.4019196],
            [111.5888918, -7.4017283],
            [111.5889929, -7.4014201],
            [111.5890147, -7.4012121],
            [111.5889127, -7.4010259],
            [111.5889017, -7.4008668],
            [111.5890039, -7.4008344],
            [111.5892936, -7.4008982],
            [111.5894167, -7.4007657],
            [111.5894331, -7.4005152],
            [111.5894492, -7.4002013],
            [111.5895294, -7.3999731],
            [111.5897657, -7.3998821],
            [111.58998, -7.3998135],
            [111.5900551, -7.3996752],
            [111.5900819, -7.3994996],
            [111.5900336, -7.3992602],
            [111.5900819, -7.3991326],
            [111.5902536, -7.3990209],
            [111.5902324, -7.3989352],
            [111.589991, -7.3990629],
            [111.5898569, -7.3991533],
            [111.5898462, -7.3992172],
            [111.5899266, -7.3993448],
            [111.5899642, -7.3994831],
            [111.5898459, -7.3995848],
            [111.5895297, -7.3996481],
            [111.5893955, -7.3998342],
            [111.5893741, -7.3999726],
            [111.5892078, -7.4001853],
            [111.5892346, -7.4004088],
            [111.5892182, -7.4005636],
            [111.5889715, -7.400654],
            [111.5886821, -7.4006003],
            [111.5886123, -7.4006482],
            [111.5885694, -7.4007439],
            [111.5886174, -7.4008934],
            [111.5886979, -7.401053],
            [111.5886982, -7.4012972],
            [111.588489, -7.4014993],
            [111.5881778, -7.4017813],
            [111.5882422, -7.4019196],
            [111.5881939, -7.4020579],
            [111.5879847, -7.4020313],
            [111.5876736, -7.4020739],
            [111.5877806, -7.4016382],
            [111.5877272, -7.4015844],
            [111.5874214, -7.4019994],
            [111.5872069, -7.4020207],
            [111.5871586, -7.4018983],
            [111.5872602, -7.4017712],
            [111.5871693, -7.4017281],
            [111.5870725, -7.4019733],
            [111.5867723, -7.4020845],
            [111.5865846, -7.4019781],
            [111.5865468, -7.4021276],
            [111.5866704, -7.4023239],
            [111.5864022, -7.402393],
            [111.5862198, -7.4021324],
            [111.5861232, -7.4021749],
            [111.5861501, -7.4023558],
            [111.5860693, -7.4023138],
            [111.5859516, -7.402276],
            [111.5858711, -7.4023132],
            [111.5859462, -7.4023824],
            [111.5860211, -7.4025425],
            [111.5860052, -7.4026431],
            [111.5858765, -7.4026431],
            [111.5858014, -7.4026058],
            [111.5857907, -7.4027122],
            [111.5856726, -7.4027122],
            [111.5855224, -7.402542],
            [111.5854688, -7.4024569],
            [111.5853991, -7.4025313],
            [111.5855546, -7.4027282],
            [111.5855439, -7.4028878],
            [111.5854259, -7.403042],
            [111.5853076, -7.4029787],
            [111.5852167, -7.4029729],
            [111.5851255, -7.4030527],
            [111.5850665, -7.4029888],
            [111.5850074, -7.4028984],
            [111.5849055, -7.4030261],
            [111.5847821, -7.4030261],
            [111.5846746, -7.4029787],
            [111.5845998, -7.4029995],
            [111.5846158, -7.4031272],
            [111.5846319, -7.4032442],
            [111.584519, -7.4033139],
            [111.5843798, -7.4033453],
            [111.5842025, -7.4033139],
            [111.5841009, -7.4032123],
            [111.5840258, -7.4030793],
            [111.5838216, -7.4032075],
            [111.5837468, -7.4033878],
            [111.5834196, -7.4033399],
            [111.5832262, -7.4031915],
            [111.5830602, -7.4031644],
            [111.5830012, -7.403058],
            [111.5833281, -7.4026808],
            [111.583028, -7.4026324],
            [111.5830438, -7.4024095],
            [111.5829741, -7.4022872],
            [111.5830226, -7.4018451],
            [111.5830492, -7.4016062],
            [111.5831353, -7.4011908],
            [111.5831994, -7.4009998],
            [111.5833552, -7.4008556],
            [111.5833979, -7.4006806],
            [111.5835588, -7.4006061],
            [111.5836234, -7.4004567],
            [111.5837683, -7.4004407],
            [111.5836985, -7.4002705],
            [111.5838753, -7.4001806],
            [111.5838109, -7.3999891],
            [111.5835161, -7.4001641],
            [111.5833177, -7.4004247],
            [111.5831943, -7.4005152],
            [111.5831135, -7.4006274],
            [111.5831299, -7.4006907],
            [111.5828775, -7.4007764],
            [111.5829475, -7.4010525],
            [111.5828724, -7.4011535],
            [111.5826471, -7.4011323],
            [111.5825291, -7.4010471],
            [111.5824647, -7.4011961],
            [111.5825664, -7.4013456],
            [111.58262, -7.4013935],
            [111.5824484, -7.4015318],
            [111.582395, -7.4017121],
            [111.5824325, -7.4019036],
            [111.5824433, -7.4020685],
            [111.582218, -7.4021058],
            [111.582116, -7.4020792],
            [111.5820677, -7.4021377],
            [111.5820463, -7.4022015],
            [111.5823303, -7.4023031],
            [111.5824162, -7.4024095],
            [111.5824754, -7.4026537],
            [111.5823413, -7.4027761],
            [111.5821429, -7.4030048],
            [111.5820731, -7.4031059],
            [111.5820785, -7.4032708],
            [111.5818746, -7.4033027],
            [111.5817781, -7.403191],
            [111.5816493, -7.4031963],
            [111.5816493, -7.4032974],
            [111.5817377, -7.4035129],
            [111.5816814, -7.4036193],
            [111.5816411, -7.4036964],
            [111.5815929, -7.4038241],
            [111.5815687, -7.4039092],
            [111.5814829, -7.4040209],
            [111.5814051, -7.4041459],
            [111.581271, -7.4042443],
            [111.5811583, -7.4042736],
            [111.5809277, -7.4042816],
            [111.5808204, -7.404239],
            [111.5807506, -7.4042044],
            [111.5806755, -7.4041619],
            [111.5805817, -7.4041247],
            [111.5803726, -7.4040102],
            [111.5802814, -7.4037974],
            [111.5801795, -7.4039411],
            [111.5800185, -7.403957],
            [111.5799754, -7.4041278],
            [111.5799056, -7.4041916],
            [111.5797825, -7.4040741],
            [111.5797181, -7.4040315],
            [111.5796377, -7.4042017],
            [111.5796591, -7.404356],
            [111.5795465, -7.4043613],
            [111.5794553, -7.4041432],
            [111.5793587, -7.4040315],
            [111.579289, -7.4041007],
            [111.5792729, -7.4042922],
            [111.579289, -7.404489],
            [111.5792407, -7.4045262],
            [111.5791549, -7.404505],
            [111.5790369, -7.4041911],
            [111.5788974, -7.4039677],
            [111.5788274, -7.4039895],
            [111.5788813, -7.4043028],
            [111.5787633, -7.4043134],
            [111.5788545, -7.4045209],
            [111.5786935, -7.4046592],
            [111.5785538, -7.4045906],
            [111.5785004, -7.4046592],
            [111.5783824, -7.4047443],
            [111.5781839, -7.4047656],
            [111.5780334, -7.4047236],
            [111.5779801, -7.4047603],
            [111.5778993, -7.404814],
            [111.577846, -7.4048029],
            [111.5777762, -7.4048401],
            [111.5776582, -7.4048561],
            [111.5774436, -7.4047603],
            [111.5773792, -7.4046699],
            [111.577272, -7.4046805],
            [111.5771808, -7.4046699],
            [111.5772344, -7.4043986],
            [111.5771054, -7.4043033],
            [111.576993, -7.4042549],
            [111.5769981, -7.4039948],
            [111.5768911, -7.4040049],
            [111.5767248, -7.404223],
            [111.576698, -7.4043241],
            [111.5767141, -7.4044198],
            [111.576585, -7.4045161],
            [111.5764083, -7.4045316],
            [111.5763117, -7.4046433],
            [111.5762259, -7.4046965],
            [111.5761347, -7.404622],
            [111.5759899, -7.4045901],
            [111.5757431, -7.4046007],
            [111.5750511, -7.4046167],
            [111.5747453, -7.4040368],
            [111.5745251, -7.4035852],
            [111.5745683, -7.403058],
            [111.5748365, -7.4029835],
            [111.5752657, -7.4028027],
            [111.5757482, -7.4026702],
            [111.5764939, -7.4024414],
            [111.5763868, -7.4021909],
            [111.5761401, -7.4021217],
            [111.5759201, -7.4019994],
            [111.5756358, -7.4019675],
            [111.5752388, -7.4018823],
            [111.5749435, -7.4017392],
            [111.5748311, -7.4017068],
            [111.574697, -7.4017228],
            [111.5744342, -7.4016749],
            [111.5741928, -7.4015046],
            [111.5740852, -7.4010477],
            [111.574107, -7.4007333],
            [111.5744715, -7.4004997],
            [111.5748472, -7.4004567],
            [111.5748899, -7.4005157],
            [111.5750243, -7.4004726],
            [111.5752281, -7.4005258],
            [111.5755017, -7.4004939],
            [111.5761291, -7.4005636],
            [111.5762793, -7.4005263],
            [111.5766014, -7.4006216],
            [111.5767248, -7.4005896],
            [111.5768801, -7.4002338],
            [111.5768106, -7.4002013],
            [111.5766229, -7.400196],
            [111.5765102, -7.4001002],
            [111.5763976, -7.4000843],
            [111.5763439, -7.4000311],
            [111.5761723, -7.4000417],
            [111.576065, -7.3999194],
            [111.5760542, -7.3997545],
            [111.5759738, -7.39968],
            [111.5758665, -7.3996959],
            [111.5757646, -7.3997704],
            [111.5755285, -7.3998183],
            [111.5752067, -7.3997651],
            [111.5750508, -7.3995741],
            [111.5749438, -7.3993821],
            [111.5748631, -7.39934],
            [111.5747668, -7.3993767],
            [111.5746809, -7.3994885],
            [111.5746166, -7.3995044],
            [111.5745522, -7.399414],
            [111.5745737, -7.3992544],
            [111.5746646, -7.3991858],
            [111.5747129, -7.3991273],
            [111.5746914, -7.3989943],
            [111.5748041, -7.3988559],
            [111.5750186, -7.3987123],
            [111.5751903, -7.3987336],
            [111.5752064, -7.3986272],
            [111.5751637, -7.3985362],
            [111.5750779, -7.3984884],
            [111.5749814, -7.3983607],
            [111.5750028, -7.3982436],
            [111.5751262, -7.3982277],
            [111.5751959, -7.3982649],
            [111.575362, -7.3982123],
            [111.5753193, -7.3980947],
            [111.5753137, -7.3979995],
            [111.5755875, -7.3980255],
            [111.5756573, -7.3981053],
            [111.5757697, -7.3980899],
            [111.5757914, -7.3980149],
            [111.5757589, -7.397909],
            [111.5758769, -7.3978984],
            [111.5760003, -7.3979675],
            [111.5761505, -7.3979409],
            [111.5761666, -7.3978558],
            [111.5760862, -7.3978026],
            [111.5760274, -7.3977223],
            [111.576113, -7.3976484],
            [111.5761022, -7.3975845],
            [111.5760381, -7.3974723],
            [111.5760808, -7.397409],
            [111.5761562, -7.3973712],
            [111.5762366, -7.3972701],
            [111.5762366, -7.3971478],
            [111.5763758, -7.3970313],
            [111.5765317, -7.3970786],
            [111.5766282, -7.3972488],
            [111.5767194, -7.3972914],
            [111.5767084, -7.3973398],
            [111.5767299, -7.397409],
            [111.5768264, -7.3974143],
            [111.5769123, -7.3974834],
            [111.5771376, -7.3975686],
            [111.5771593, -7.3974457],
            [111.5772666, -7.3973127],
            [111.5770732, -7.3970738],
            [111.5770142, -7.3969302],
            [111.5770893, -7.3968504],
            [111.5770735, -7.3967488],
            [111.5771915, -7.3967169],
            [111.5773739, -7.3967647],
            [111.5774863, -7.3968451],
            [111.5776206, -7.3969137],
            [111.5778403, -7.3968983],
            [111.5778725, -7.3968078],
            [111.5777008, -7.3967653],
            [111.5774865, -7.3966211],
            [111.5773417, -7.3964934],
            [111.5773683, -7.3963876],
            [111.5774165, -7.3963025],
            [111.5773524, -7.396254],
            [111.577272, -7.3961689],
            [111.5771861, -7.3962381],
            [111.5771429, -7.396345],
            [111.5770467, -7.3963392],
            [111.5769445, -7.3962812],
            [111.5769337, -7.3961429],
            [111.5769498, -7.396079],
            [111.5767623, -7.3960306],
            [111.576639, -7.3960466],
            [111.5766121, -7.3960998],
            [111.5764834, -7.3961051],
            [111.57636, -7.3960093],
            [111.5761347, -7.3958497],
            [111.5760006, -7.3957114],
            [111.5760113, -7.3955465],
            [111.5762739, -7.3953449],
            [111.5765531, -7.3951901],
            [111.5769659, -7.3951587],
            [111.5771215, -7.3951481],
            [111.5771912, -7.3950842],
            [111.577331, -7.395105],
            [111.5774061, -7.3951794],
            [111.5774812, -7.3951475],
            [111.5774865, -7.3950465],
            [111.5775885, -7.3950465],
            [111.5778138, -7.3950837],
            [111.5778567, -7.3952699],
            [111.5779852, -7.3953928],
            [111.5780978, -7.395313],
            [111.5781836, -7.3953928],
            [111.5783127, -7.3955518],
            [111.578425, -7.395696],
            [111.5786289, -7.3958237],
            [111.578822, -7.395845],
            [111.5788169, -7.3956582],
            [111.5786077, -7.3955199],
            [111.5785004, -7.3953922],
            [111.5784468, -7.3952805],
            [111.578259, -7.3951529],
            [111.5782751, -7.3950305],
            [111.5784036, -7.3950097],
            [111.5783448, -7.3949401],
            [111.5779371, -7.3947113],
            [111.5777545, -7.3945842],
            [111.5776848, -7.3946001],
            [111.5776743, -7.3946634],
            [111.5770788, -7.394557],
            [111.5769716, -7.3944506],
            [111.5769927, -7.3943661],
            [111.5772073, -7.3942384],
            [111.5772824, -7.3941745],
            [111.5772237, -7.3940783],
            [111.5770359, -7.3940836],
            [111.5768425, -7.3941426],
            [111.5764512, -7.3941155],
            [111.5761883, -7.3940676],
            [111.5760757, -7.3940995],
            [111.5758718, -7.3943708],
            [111.5757055, -7.3942325],
            [111.5757053, -7.3941001],
            [111.5761398, -7.3936692],
            [111.5762956, -7.3936154],
            [111.5764402, -7.3935415],
            [111.5765692, -7.3936048],
            [111.576698, -7.3935941],
            [111.5767945, -7.3937059],
            [111.5769876, -7.3936952],
            [111.5770735, -7.3934771],
            [111.5773039, -7.3933925],
            [111.5772073, -7.3932117],
            [111.5770735, -7.3932111],
            [111.5771322, -7.3930467],
            [111.5769072, -7.3929717],
            [111.5768428, -7.3929238],
            [111.5766494, -7.3928127],
            [111.5765746, -7.3927377],
            [111.5767299, -7.3926584],
            [111.5765317, -7.392594],
            [111.5765153, -7.3924828],
            [111.576569, -7.3923552],
            [111.5764241, -7.3922966],
            [111.5760006, -7.392211],
            [111.5758287, -7.3921158],
            [111.5758611, -7.3918067],
            [111.5764351, -7.391945],
            [111.5765263, -7.3916471],
            [111.5765636, -7.3915412],
            [111.5767945, -7.391546],
            [111.5768267, -7.3917748],
            [111.5770625, -7.3919987],
            [111.5772502, -7.392153],
            [111.5775828, -7.3921636],
            [111.577744, -7.3923333],
            [111.5778135, -7.3923977],
            [111.5778725, -7.3922594],
            [111.5780013, -7.3922754],
            [111.5781085, -7.3922966],
            [111.5781515, -7.3921051],
            [111.5784736, -7.392195],
            [111.578645, -7.3923924],
            [111.5787308, -7.392419],
            [111.578774, -7.3923067],
            [111.5790476, -7.3923333],
            [111.5792783, -7.3923333],
            [111.5795355, -7.392286],
            [111.5794177, -7.3925036],
            [111.5795355, -7.3925041],
            [111.5795998, -7.3924296],
            [111.5796803, -7.3924669],
            [111.5796752, -7.3925461],
            [111.5797983, -7.3923818],
            [111.5799003, -7.3922062],
            [111.5799703, -7.3922482],
            [111.5800615, -7.3926366],
            [111.5801902, -7.3926472],
            [111.5802704, -7.3922222],
            [111.5804852, -7.3921312],
            [111.5805496, -7.3923812],
            [111.5807374, -7.3923546],
            [111.5807535, -7.3924983],
            [111.5806194, -7.3926738],
            [111.5805925, -7.3928121],
            [111.5807425, -7.3928446],
            [111.5807159, -7.392993],
            [111.5808283, -7.393068],
            [111.58107, -7.3925781],
            [111.5811394, -7.3925094],
            [111.5812094, -7.3926313],
            [111.5812685, -7.3928387],
            [111.5811022, -7.3933175],
            [111.5810914, -7.3934558],
            [111.5812145, -7.3933659],
            [111.5813701, -7.3933978],
            [111.5813486, -7.3931585],
            [111.5814345, -7.3929084],
            [111.5814777, -7.3926845],
            [111.5818424, -7.3928121],
            [111.5818317, -7.3929824],
            [111.5817724, -7.3931053],
            [111.5818478, -7.3931207],
            [111.5820085, -7.3929776],
            [111.582218, -7.3930249],
            [111.5822287, -7.3931686],
            [111.5820034, -7.393392],
            [111.5820248, -7.3935303],
            [111.5821104, -7.3936904],
            [111.5823628, -7.3936633],
            [111.5823735, -7.3939985],
            [111.5825181, -7.3941905],
            [111.5826149, -7.394323],
            [111.5827598, -7.3943176],
            [111.5828241, -7.3944506],
            [111.5829848, -7.3944565],
            [111.5830709, -7.3945943],
            [111.5831243, -7.3943607],
            [111.5829904, -7.3942272],
            [111.5827276, -7.3941368],
            [111.5826525, -7.3939187],
            [111.5828507, -7.3939351],
            [111.5827759, -7.3937325],
            [111.5826149, -7.3937218],
            [111.5824969, -7.3935356],
            [111.5824754, -7.3932643],
            [111.5825181, -7.3930733],
            [111.5826898, -7.3929776],
            [111.5829261, -7.3931526],
            [111.5830387, -7.3932484],
            [111.5830816, -7.3930834],
            [111.58291, -7.3929026],
            [111.5826847, -7.3928228],
            [111.5825505, -7.3928015],
            [111.5826042, -7.3927111],
            [111.5828614, -7.3925999],
            [111.5832262, -7.392568],
            [111.5833606, -7.3926685],
            [111.5834303, -7.3927057],
            [111.5835322, -7.3926366],
            [111.5836607, -7.3927329],
            [111.583768, -7.3927063],
            [111.5839721, -7.3928228],
            [111.5841019, -7.3928073],
            [111.5840579, -7.3927111],
            [111.5838324, -7.3926265],
            [111.5836932, -7.3925781],
            [111.5836285, -7.3924828],
            [111.5837519, -7.3923871],
            [111.5837948, -7.3923339],
            [111.5833874, -7.3924238],
            [111.5832962, -7.3923121],
            [111.5831889, -7.3924291],
            [111.5830709, -7.3923812],
            [111.583028, -7.3922589],
            [111.5828724, -7.3923174],
            [111.5827705, -7.392344],
            [111.5827222, -7.392227],
            [111.5826417, -7.3922429],
            [111.582572, -7.3923972],
            [111.5823628, -7.392477],
            [111.5821911, -7.3924876],
            [111.5819605, -7.3923919],
            [111.5818746, -7.3922429],
            [111.5819336, -7.3920195],
            [111.5818585, -7.3919876],
            [111.5816651, -7.3920945],
            [111.5815689, -7.3920886],
            [111.581483, -7.3918492],
            [111.5814991, -7.3917056],
            [111.5814079, -7.3916258],
            [111.5813543, -7.3914715],
            [111.581531, -7.3913125],
            [111.5814989, -7.3912061],
            [111.5813969, -7.3911582],
            [111.5811558, -7.3911843],
            [111.5811555, -7.3911156],
            [111.5815098, -7.3908438],
            [111.5816759, -7.3908922],
            [111.5818207, -7.3907964],
            [111.5817191, -7.3906842],
            [111.5817673, -7.3905725],
            [111.5818958, -7.3904932],
            [111.5818317, -7.390381],
            [111.5819709, -7.390323],
            [111.5820356, -7.3901948],
            [111.5819175, -7.3900724],
            [111.5819763, -7.3900038],
            [111.5823306, -7.3903171],
            [111.5824698, -7.3902485],
            [111.582513, -7.3901522],
            [111.5822448, -7.3898756],
            [111.582046, -7.3897272],
            [111.5817298, -7.3897107],
            [111.5816922, -7.3895085],
            [111.5820248, -7.389466],
            [111.5822448, -7.3892638],
            [111.5823625, -7.3891579],
            [111.5826149, -7.3891308],
            [111.5827273, -7.3893707],
            [111.582631, -7.38945],
            [111.5827383, -7.3895191],
            [111.5827651, -7.3896202],
            [111.5827112, -7.3897484],
            [111.5827866, -7.3898224],
            [111.5829472, -7.38994],
            [111.5830548, -7.3900937],
            [111.5831511, -7.3900357],
            [111.583017, -7.3897165],
            [111.5831296, -7.3896367],
            [111.5832855, -7.3898596],
            [111.5833767, -7.3897692],
            [111.5832586, -7.3895245],
            [111.5830065, -7.3893064],
            [111.582899, -7.3891367],
            [111.5830709, -7.3890616],
            [111.5834032, -7.3893016],
            [111.5836661, -7.3895037],
            [111.5837683, -7.389716],
            [111.5840365, -7.389833],
            [111.5843584, -7.3899926],
            [111.5847446, -7.3900086],
            [111.5849967, -7.389849],
            [111.5848519, -7.3895404],
            [111.5847929, -7.3892478],
            [111.5850286, -7.3892803],
            [111.585104, -7.3895511],
            [111.5855439, -7.3896255],
            [111.5854256, -7.3897325],
            [111.5853991, -7.389849],
            [111.5856134, -7.3900729],
            [111.5859355, -7.3905459],
            [111.5865039, -7.3902698],
            [111.5862627, -7.3901788],
            [111.5862543, -7.3901618],
            [111.5860642, -7.3897798],
            [111.5860211, -7.3895622],
            [111.5864341, -7.3894931],
            [111.5868206, -7.389317],
            [111.5873678, -7.3892053],
            [111.5878235, -7.3892377],
            [111.5881078, -7.3892271],
            [111.5880516, -7.3894234],
            [111.5879872, -7.3896416],
            [111.5880113, -7.3898016],
            [111.588183, -7.3899076],
            [111.5884164, -7.3899714],
            [111.5885264, -7.3899687],
            [111.5886337, -7.3899421],
            [111.5887195, -7.3899368],
            [111.5887785, -7.3899262],
            [111.5889341, -7.3899342],
            [111.589091, -7.3899342],
            [111.5894866, -7.389865],
            [111.5897441, -7.3897985],
            [111.590125, -7.3897267],
            [111.5903208, -7.389716],
            [111.5904656, -7.3897453],
            [111.5905353, -7.3896495],
            [111.5905488, -7.3895165],
            [111.5906078, -7.3893756],
            [111.5906051, -7.3891841],
            [111.5904094, -7.388785],
            [111.5905486, -7.3884717],
            [111.5907688, -7.3878966],
            [111.5909456, -7.3878546],
            [111.5909029, -7.3876253],
            [111.5905435, -7.3875987],
            [111.5904094, -7.3874284],
            [111.5903772, -7.3872263],
            [111.5904413, -7.3870885],
            [111.5903075, -7.387056],
            [111.5900983, -7.3872742],
            [111.5901678, -7.387413],
            [111.5902107, -7.3875194],
            [111.5899427, -7.3876306],
            [111.5897925, -7.3876678],
            [111.5898193, -7.3878274],
            [111.5897818, -7.3880987],
            [111.5897603, -7.3886041],
            [111.5897225, -7.3889292],
            [111.5893902, -7.3891202],
            [111.5890308, -7.3891095],
            [111.5886338, -7.3890563],
            [111.5886872, -7.3886047],
            [111.5886392, -7.3884499],
            [111.5885319, -7.3883807],
            [111.5881403, -7.3883115],
            [111.5880437, -7.3881466],
            [111.5880652, -7.3879604],
            [111.5883546, -7.387812],
            [111.5882851, -7.3876146],
            [111.5879632, -7.3876306],
            [111.5877755, -7.3876146],
            [111.5875555, -7.3876732],
            [111.5875234, -7.387753],
            [111.5876679, -7.3879131],
            [111.5877058, -7.3880881],
            [111.5875767, -7.3881791],
            [111.5874, -7.3882158],
            [111.587282, -7.3883435],
            [111.5871479, -7.388253],
            [111.5868796, -7.3882903],
            [111.5867938, -7.3880136],
            [111.5870298, -7.3880243],
            [111.5871318, -7.3877902],
            [111.5869655, -7.3876093],
            [111.5868153, -7.3874604],
            [111.5864827, -7.3876093],
            [111.5864019, -7.3878599],
            [111.5864183, -7.3880083],
            [111.5863217, -7.3880987],
            [111.5863271, -7.3882583],
            [111.5862895, -7.3883488],
            [111.5861447, -7.3883488],
            [111.5860157, -7.3882536],
            [111.5859033, -7.3883222],
            [111.5856992, -7.3881578],
            [111.5854956, -7.3881679],
            [111.5854581, -7.3883807],
            [111.5852059, -7.3884126],
            [111.5850933, -7.3882743],
            [111.5846802, -7.3882743],
            [111.5844817, -7.3881892],
            [111.584353, -7.3880881],
            [111.5838326, -7.3880881],
            [111.5835805, -7.3882743],
            [111.5832694, -7.3883275],
            [111.5828939, -7.3882051],
            [111.5829261, -7.3878487],
            [111.5831299, -7.3876359],
            [111.5833391, -7.3875987],
            [111.5836393, -7.3876524],
            [111.5838914, -7.38753],
            [111.5839989, -7.3873699],
            [111.5839343, -7.3872215],
            [111.5836875, -7.3870779],
            [111.5839399, -7.3870294],
            [111.5844603, -7.3871412],
            [111.5845729, -7.3870773],
            [111.5845515, -7.3868964],
            [111.5847658, -7.3868278],
            [111.5849806, -7.3867315],
            [111.5848945, -7.3865512],
            [111.5847282, -7.3864341],
            [111.584975, -7.3862214],
            [111.585313, -7.3860139],
            [111.5854953, -7.3857372],
            [111.5858709, -7.3855564],
            [111.5861498, -7.3854712],
            [111.5862037, -7.3851143],
            [111.5859891, -7.3850451],
            [111.5860235, -7.3848329],
            [111.5860642, -7.3845823],
            [111.5866811, -7.384561],
            [111.5869655, -7.3844174],
            [111.5870564, -7.3842583],
            [111.5867616, -7.3840131],
            [111.5864988, -7.3839226],
            [111.5859999, -7.383763],
            [111.5857828, -7.383294],
            [111.5856565, -7.3829863],
            [111.585726, -7.3824761],
            [111.5858709, -7.3822367],
            [111.5861605, -7.3819335],
            [111.586311, -7.3817574],
            [111.5861823, -7.3814488],
            [111.5862359, -7.3810764],
            [111.5864985, -7.3806993],
            [111.5867023, -7.3803588],
            [111.5869869, -7.3799912],
            [111.5873034, -7.3797039],
            [111.5875982, -7.3795076],
            [111.5874483, -7.3794698],
            [111.5870188, -7.3797204],
            [111.5864073, -7.379997],
            [111.5863164, -7.380188],
            [111.5857799, -7.380337],
            [111.585383, -7.3804912],
            [111.5852113, -7.3807094],
            [111.5851791, -7.3808743],
            [111.5852435, -7.3810232],
            [111.5853827, -7.3810929],
            [111.5852861, -7.3815824],
            [111.5851201, -7.3820021],
            [111.5847392, -7.3821192],
            [111.5844335, -7.3820181],
            [111.5840579, -7.3816457],
            [111.5838595, -7.3815606],
            [111.5839075, -7.3813057],
            [111.583838, -7.3810871],
            [111.5836449, -7.3809594],
            [111.5835105, -7.3807525],
            [111.583543, -7.3804859],
            [111.5835481, -7.3801779],
            [111.5833338, -7.3801401],
            [111.5833552, -7.3804859],
            [111.583264, -7.3808956],
            [111.5829046, -7.3810711],
            [111.5828402, -7.3813158],
            [111.5830333, -7.3813158],
            [111.5833496, -7.3816143],
            [111.5836234, -7.3815659],
            [111.5837039, -7.3818478],
            [111.5836342, -7.3819489],
            [111.5838646, -7.3824868],
            [111.5840204, -7.3825341],
            [111.5842347, -7.3829602],
            [111.5845137, -7.3830241],
            [111.5848462, -7.3830081],
            [111.5847661, -7.3831299],
            [111.5848623, -7.3832794],
            [111.5849914, -7.3834704],
            [111.5850182, -7.3838854],
            [111.5847929, -7.3841567],
            [111.5844978, -7.3847153],
            [111.584106, -7.3848488],
            [111.5837039, -7.3850345],
            [111.5835963, -7.3852265],
            [111.5838112, -7.3853643],
            [111.5837575, -7.3855878],
            [111.5837468, -7.385891],
            [111.5833284, -7.386157],
            [111.5834569, -7.3859288],
            [111.5835108, -7.3857048],
            [111.5830816, -7.3855026],
            [111.5828402, -7.3852952],
            [111.5825881, -7.385242],
            [111.5825935, -7.3854973],
            [111.5825881, -7.3857261],
            [111.5824862, -7.3857101],
            [111.5824808, -7.3858537],
            [111.5821858, -7.3859761],
            [111.5821211, -7.3864448],
            [111.5818103, -7.3866145],
            [111.5815954, -7.3865086],
            [111.5816169, -7.3862267],
            [111.5814562, -7.3859974],
            [111.5812094, -7.385875],
            [111.581113, -7.3857335],
            [111.5810861, -7.3856941],
            [111.5805764, -7.3856356],
            [111.5804262, -7.385625],
            [111.5802707, -7.3855186],
            [111.5802492, -7.3854122],
            [111.5797879, -7.3854388],
            [111.5800615, -7.3859495],
            [111.5800883, -7.3862474],
            [111.5802975, -7.38629],
            [111.5803938, -7.3862267],
            [111.5805064, -7.386365],
            [111.5803511, -7.3864709],
            [111.580426, -7.386631],
            [111.5808819, -7.3865725],
            [111.5809519, -7.3870933],
            [111.5810965, -7.3874609],
            [111.5813808, -7.3875779],
            [111.5813918, -7.387753],
            [111.580941, -7.3879078],
            [111.5810107, -7.3881418],
            [111.58085, -7.3882849],
            [111.5807803, -7.3883328],
            [111.580791, -7.388402],
            [111.5808554, -7.3886041],
            [111.5809412, -7.3887424],
            [111.5811341, -7.3888813],
            [111.5809519, -7.3890936],
            [111.5806997, -7.389349],
            [111.5806434, -7.3895644],
            [111.5806058, -7.3896495],
            [111.5804771, -7.389716],
            [111.5801176, -7.3897426],
            [111.5799433, -7.389732],
            [111.5798897, -7.3896735],
            [111.579895, -7.3895485],
            [111.5799057, -7.389458],
            [111.5799889, -7.3891947],
            [111.5799996, -7.3890644],
            [111.5799835, -7.3889659],
            [111.5799165, -7.3888782],
            [111.5798226, -7.3888489],
            [111.5797314, -7.3888728],
            [111.5796617, -7.388926],
            [111.5795892, -7.3890404],
            [111.57949, -7.3892825],
            [111.5793532, -7.3895751],
            [111.5789832, -7.3897851],
            [111.5788866, -7.3899288],
            [111.5789832, -7.3901416],
            [111.579085, -7.39024],
            [111.5791172, -7.3903305],
            [111.5790796, -7.3904395],
            [111.5789857, -7.3905007],
            [111.5788141, -7.3905619],
            [111.578562, -7.3906417],
            [111.578393, -7.3907348],
            [111.5782964, -7.3908784],
            [111.5781864, -7.390929],
            [111.5780523, -7.390905],
            [111.5779826, -7.3908279],
            [111.5779477, -7.3906603],
            [111.5777734, -7.3904316],
            [111.5776634, -7.39024],
            [111.5776017, -7.3899714],
            [111.5776178, -7.3898278],
            [111.5779583, -7.3897165],
            [111.5779798, -7.3895888],
            [111.5777813, -7.3894824],
            [111.5775292, -7.3895622],
            [111.5770359, -7.3894074],
            [111.5765156, -7.3893649],
            [111.5765156, -7.3892585],
            [111.5770252, -7.3891148],
            [111.5768321, -7.3888861],
            [111.5765478, -7.3888861],
            [111.5765743, -7.3887164],
            [111.576698, -7.3886307],
            [111.5769498, -7.3882695],
            [111.5769074, -7.3881251],
            [111.5763654, -7.3883009],
            [111.576301, -7.3879498],
            [111.5765209, -7.387721],
            [111.5764297, -7.3875295],
            [111.5759255, -7.3875348],
            [111.5760164, -7.3873811],
            [111.57629, -7.3872481],
            [111.576124, -7.3870028],
            [111.5758504, -7.3870401],
            [111.5757592, -7.3868273],
            [111.57533, -7.3870028],
            [111.5750243, -7.3874391],
            [111.5749974, -7.3876466],
            [111.5752818, -7.3877051],
            [111.575153, -7.3878647],
            [111.5749009, -7.3880243],
            [111.575153, -7.3884977],
            [111.5753086, -7.389051],
            [111.5752278, -7.3896048],
            [111.5752603, -7.3898383],
            [111.5756626, -7.389982],
            [111.5756626, -7.390381],
            [111.5747507, -7.390381],
            [111.574638, -7.3901948],
            [111.5747826, -7.3899665],
            [111.5748416, -7.3898176],
            [111.5747239, -7.3897266],
            [111.5744771, -7.3897851],
            [111.5745844, -7.3895298],
            [111.5745951, -7.3891468],
            [111.5743484, -7.3889818],
            [111.5740801, -7.3888967],
            [111.574273, -7.388743],
            [111.5744607, -7.3885887],
            [111.5745146, -7.3884286],
            [111.574461, -7.388269],
            [111.5739514, -7.3883381],
            [111.5730877, -7.3883488],
            [111.5730928, -7.3882589],
            [111.5736668, -7.3881365],
            [111.5736671, -7.3878381],
            [111.573254, -7.3877264],
            [111.5732162, -7.3875992],
            [111.5735595, -7.3874715],
            [111.5736936, -7.3871257],
            [111.5734108, -7.3866106],
            [111.5734658, -7.386286],
            [111.5734953, -7.386056],
            [111.573514, -7.3859203],
            [111.5735194, -7.3857142],
            [111.5735435, -7.3855373],
            [111.5735516, -7.3853324],
            [111.5736642, -7.3851941],
            [111.5737326, -7.3851064],
            [111.5737554, -7.384992],
            [111.5736671, -7.3848696],
            [111.5734364, -7.3846887],
            [111.5735917, -7.3844817],
            [111.5737851, -7.3842844],
            [111.5738387, -7.3840822],
            [111.5738546, -7.3838806],
            [111.5733932, -7.3837476],
            [111.5732379, -7.3835928],
            [111.5732752, -7.3833539],
            [111.5735866, -7.383098],
            [111.5741818, -7.38279],
            [111.5745519, -7.3827581],
            [111.5749706, -7.382598],
            [111.5750347, -7.3823697],
            [111.5749167, -7.3821622],
            [111.5748416, -7.3819973],
            [111.5748687, -7.3819649],
            [111.5750028, -7.3820234],
            [111.575212, -7.3821085],
            [111.5753673, -7.3820186],
            [111.5754102, -7.3818643],
            [111.5752547, -7.3815983],
            [111.5752442, -7.3813052],
            [111.5754424, -7.3812153],
            [111.5755443, -7.3811249],
            [111.575668, -7.3808796],
            [111.5759309, -7.3807466],
            [111.576478, -7.3802997],
            [111.5763815, -7.3802306],
            [111.5753622, -7.3807253],
            [111.5750618, -7.3806881],
            [111.5748631, -7.3805982],
            [111.5747292, -7.3806455],
            [111.5745254, -7.3808051],
            [111.5742947, -7.3808477],
            [111.5741552, -7.3807147],
            [111.5740265, -7.3805976],
            [111.5736563, -7.3804434],
            [111.5734257, -7.3804434],
            [111.5731682, -7.3804434],
            [111.573077, -7.3803636],
            [111.5731518, -7.3802471],
            [111.5731735, -7.3801454],
            [111.5730287, -7.3799752],
            [111.5728678, -7.3797252],
            [111.5728088, -7.3794964],
            [111.5729161, -7.3792889],
            [111.5730606, -7.3789915],
            [111.5731733, -7.3787734],
            [111.5732269, -7.3784542],
            [111.5732326, -7.3782409],
            [111.572959, -7.378342],
            [111.5727873, -7.3782143],
            [111.5729855, -7.3780446],
            [111.5730928, -7.3778318],
            [111.5731089, -7.3775498],
            [111.5731518, -7.3773317],
            [111.5732057, -7.3770599],
            [111.5727766, -7.3770865],
            [111.5725295, -7.3767252],
            [111.5723206, -7.3764321],
            [111.5722562, -7.3762725],
            [111.5724493, -7.376198],
            [111.572562, -7.3759533],
            [111.572562, -7.3754692],
            [111.5722831, -7.3754585],
            [111.5723311, -7.3749643],
            [111.5722133, -7.3749744],
            [111.5721272, -7.3754644],
            [111.5721597, -7.3759214],
            [111.5722348, -7.3761395],
            [111.5720575, -7.3762305],
            [111.5720738, -7.3764108],
            [111.5721972, -7.3766342],
            [111.5724011, -7.3768524],
            [111.5724869, -7.3770918],
            [111.5726049, -7.3773791],
            [111.5725942, -7.3776717],
            [111.5725295, -7.377885],
            [111.572267, -7.3781611],
            [111.5724008, -7.378417],
            [111.5725725, -7.378401],
            [111.5727712, -7.3787197],
            [111.5725244, -7.3787782],
            [111.5722774, -7.3786404],
            [111.5717064, -7.378451],
            [111.5718616, -7.3783585],
            [111.5718912, -7.3781829],
            [111.5716608, -7.3781877],
            [111.5714355, -7.3783473],
            [111.5712853, -7.3780653],
            [111.5710707, -7.3780015],
            [111.5706147, -7.3780015],
            [111.570427, -7.3777355],
            [111.5702499, -7.3773737],
            [111.5700675, -7.3771822],
            [111.5696598, -7.3770705],
            [111.5696813, -7.3771929],
            [111.5699817, -7.377395],
            [111.5700619, -7.3776243],
            [111.5701263, -7.3778371],
            [111.570019, -7.3781882],
            [111.5704484, -7.3782835],
            [111.5709527, -7.3781824],
            [111.5710063, -7.3782196],
            [111.5708722, -7.3783845],
            [111.570899, -7.3785122],
            [111.5710114, -7.3785393],
            [111.5709151, -7.3786452],
            [111.5709792, -7.3787628],
            [111.5711723, -7.3787255],
            [111.5713711, -7.3787995],
            [111.5714459, -7.3789383],
            [111.5715177, -7.3788934],
            [111.5715975, -7.378937],
            [111.5718485, -7.3790442],
            [111.5719183, -7.3792464],
            [111.5715642, -7.3794751],
            [111.5716498, -7.3796778],
            [111.5720521, -7.3794597],
            [111.572106, -7.3798156],
            [111.5722831, -7.380172],
            [111.5723099, -7.3804753],
            [111.5722026, -7.380704],
            [111.5718697, -7.3809812],
            [111.5718861, -7.3815286],
            [111.5715052, -7.3816191],
            [111.5713923, -7.3820399],
            [111.5711136, -7.3821192],
            [111.5709419, -7.3819968],
            [111.5706627, -7.382125],
            [111.5706898, -7.3823852],
            [111.5709524, -7.3823857],
            [111.5712314, -7.3825878],
            [111.5713923, -7.3825878],
            [111.5715854, -7.3825346],
            [111.5718697, -7.3826464],
            [111.5718271, -7.3833959],
            [111.5716283, -7.3837848],
            [111.571473, -7.3839918],
            [111.5714945, -7.3842791],
            [111.5714033, -7.3843163],
            [111.5714194, -7.3845131],
            [111.5712689, -7.3846094],
            [111.5712584, -7.3851409],
            [111.5709902, -7.3851888],
            [111.57106, -7.3853803],
            [111.5714352, -7.3853702],
            [111.5715749, -7.3854707],
            [111.5722938, -7.3855505],
            [111.5723421, -7.3856941],
            [111.5725084, -7.3856941],
            [111.5726368, -7.3855351],
            [111.5727979, -7.385641],
            [111.5729414, -7.3859363],
            [111.5729628, -7.3860014],
            [111.5729655, -7.3860879],
            [111.5728998, -7.3862262],
            [111.5727496, -7.3862794],
            [111.5720202, -7.3864123],
            [111.5720685, -7.3869337],
            [111.5723796, -7.3868911],
            [111.5724493, -7.3872369],
            [111.5721489, -7.3874018],
            [111.5718485, -7.3874072],
            [111.5718968, -7.387221],
            [111.5718003, -7.3871678],
            [111.571591, -7.3871784],
            [111.5715908, -7.3869608],
            [111.5714784, -7.3867847],
            [111.5712635, -7.3866682],
            [111.5709795, -7.3866996],
            [111.5707807, -7.3868704],
            [111.5709256, -7.3870672],
            [111.5711509, -7.3870725],
            [111.5712477, -7.3873806],
            [111.5711512, -7.3874604],
            [111.5712424, -7.3876253],
            [111.5713923, -7.3875886],
            [111.5715428, -7.3880349],
            [111.5713979, -7.3883435]
          ]
        ]
      },
      "properties": { "Type": "Air" }
    },
    {
      "type": "Feature",
      "geometry": {
        "type": "Polygon",
        "coordinates": [
          [
            [111.8130326, -8.0063666],
            [111.8129065, -8.0065286],
            [111.8127126, -8.0066258],
            [111.8124559, -8.0067517],
            [111.8121287, -8.0068367],
            [111.8119892, -8.006688],
            [111.8113455, -8.0065871],
            [111.8109432, -8.0064967],
            [111.8106481, -8.0064755],
            [111.8104864, -8.0065833],
            [111.8104174, -8.006773],
            [111.8102235, -8.0069446],
            [111.8100626, -8.0069392],
            [111.8099883, -8.0068208],
            [111.809999, -8.0067092],
            [111.8100634, -8.0066349],
            [111.80994, -8.0065924],
            [111.8097791, -8.0065658],
            [111.8095377, -8.0066933],
            [111.809189, -8.0067942],
            [111.8088832, -8.0069483],
            [111.8088689, -8.0069572],
            [111.8087384, -8.0070386],
            [111.8087308, -8.0070218],
            [111.8086901, -8.0069323],
            [111.8086794, -8.0068475],
            [111.8086686, -8.0067624],
            [111.808694, -8.0066534],
            [111.8087008, -8.0066242],
            [111.8089261, -8.0063586],
            [111.8089253, -8.0062752],
            [111.8087698, -8.0063602],
            [111.8085015, -8.0066152],
            [111.8084058, -8.0067358],
            [111.80837, -8.0067349],
            [111.8082548, -8.0067321],
            [111.8081912, -8.0068048],
            [111.8081107, -8.0069323],
            [111.8079383, -8.0073217],
            [111.8078479, -8.0073414],
            [111.8076977, -8.007352],
            [111.807585, -8.0072776],
            [111.8073973, -8.0073679],
            [111.807037, -8.0073323],
            [111.8065972, -8.0073483],
            [111.8063182, -8.0074598],
            [111.8060554, -8.0076936],
            [111.8058952, -8.0077026],
            [111.8056646, -8.0076176],
            [111.8055412, -8.0075114],
            [111.8054393, -8.0075379],
            [111.8053365, -8.0076989],
            [111.8052032, -8.0077451],
            [111.8051388, -8.0076813],
            [111.8050316, -8.007692],
            [111.8049878, -8.0077308],
            [111.8049878, -8.0078051],
            [111.8049074, -8.0078901],
            [111.8048537, -8.0080176],
            [111.804876, -8.0083188],
            [111.8048323, -8.008501],
            [111.8044246, -8.0089207],
            [111.8041357, -8.0091262],
            [111.8039479, -8.0090944],
            [111.8036046, -8.0089669],
            [111.8033203, -8.0087172],
            [111.8031326, -8.0082551],
            [111.803003, -8.007906],
            [111.8028804, -8.0079576],
            [111.8027831, -8.0081876],
            [111.8027356, -8.0086322],
            [111.8028682, -8.0092143],
            [111.8028247, -8.0096902],
            [111.8023534, -8.0098056],
            [111.802256, -8.0100801],
            [111.8017332, -8.0104924],
            [111.8014535, -8.0107039],
            [111.8011658, -8.0110643],
            [111.8010628, -8.0112557],
            [111.8009436, -8.0112671],
            [111.8008741, -8.0108633],
            [111.8005997, -8.0106896],
            [111.8003637, -8.0110508],
            [111.8001116, -8.0113164],
            [111.7994365, -8.0114636],
            [111.7991575, -8.0113786],
            [111.7990073, -8.011097],
            [111.7989429, -8.0109005],
            [111.7990288, -8.0105977],
            [111.7992648, -8.0102843],
            [111.7993414, -8.0100961],
            [111.7992517, -8.0098815],
            [111.7989681, -8.0098269],
            [111.7982617, -8.0098434],
            [111.7980149, -8.0097424],
            [111.7978379, -8.0095831],
            [111.7977628, -8.0093759],
            [111.7978111, -8.0091422],
            [111.7976984, -8.0090306],
            [111.7975375, -8.0088766],
            [111.7975267, -8.008611],
            [111.7976233, -8.0085207],
            [111.7973926, -8.0083932],
            [111.7972371, -8.0081913],
            [111.7971351, -8.0078407],
            [111.7969957, -8.0076973],
            [111.7969412, -8.007497],
            [111.7967435, -8.0076973],
            [111.796706, -8.0075645],
            [111.7966631, -8.0074157],
            [111.7965397, -8.0072723],
            [111.7966462, -8.0070455],
            [111.7963841, -8.007028],
            [111.7963573, -8.0068845],
            [111.7961803, -8.0068367],
            [111.7959542, -8.0068064],
            [111.7959442, -8.0069217],
            [111.7960614, -8.0070296],
            [111.7960132, -8.0072208],
            [111.796073, -8.0074104],
            [111.7959273, -8.007497],
            [111.7957449, -8.007582],
            [111.7956707, -8.0077929],
            [111.7955902, -8.0083772],
            [111.7954392, -8.0087985],
            [111.7953158, -8.0089897],
            [111.7949357, -8.0091369],
            [111.7950315, -8.0092341],
            [111.7950269, -8.0093653],
            [111.7948606, -8.0096362],
            [111.7946782, -8.0100187],
            [111.7945334, -8.010178],
            [111.7944736, -8.0103974],
            [111.7944368, -8.0106296],
            [111.7946407, -8.0108899],
            [111.7949564, -8.011327],
            [111.7949725, -8.0117201],
            [111.7948767, -8.0121435],
            [111.7947533, -8.0126375],
            [111.7946506, -8.0130853],
            [111.794748, -8.0135087],
            [111.7949035, -8.0137902],
            [111.7948445, -8.0140611],
            [111.7946675, -8.0142205],
            [111.7943564, -8.0142789],
            [111.7941088, -8.0143443],
            [111.7938996, -8.0142593],
            [111.7936644, -8.0143108],
            [111.7933264, -8.0142683],
            [111.7929938, -8.0141993],
            [111.7928629, -8.0142057],
            [111.792742, -8.0142677],
            [111.7927974, -8.0144885],
            [111.7928619, -8.0146605],
            [111.7928547, -8.0149265],
            [111.7927941, -8.0151952],
            [111.7928404, -8.0153785],
            [111.7927393, -8.0156127],
            [111.79281, -8.0157137],
            [111.7928106, -8.0159541],
            [111.792808, -8.016304],
            [111.7925351, -8.016658],
            [111.7922223, -8.0169332],
            [111.79191, -8.0168472],
            [111.7916951, -8.0171235],
            [111.7915946, -8.0174478],
            [111.791622, -8.0178779],
            [111.7913746, -8.0181225],
            [111.7912935, -8.018558],
            [111.7911698, -8.0186275],
            [111.7910303, -8.0185819],
            [111.791156, -8.0178212],
            [111.7908908, -8.0176939],
            [111.790673, -8.0174817],
            [111.790664, -8.017226],
            [111.7907886, -8.0170881],
            [111.7907518, -8.016768],
            [111.7905175, -8.0166717],
            [111.7904964, -8.0164488],
            [111.7904937, -8.0162031],
            [111.7902204, -8.015846],
            [111.7900541, -8.0156813],
            [111.7899031, -8.0158582],
            [111.7895499, -8.0160425],
            [111.7893567, -8.016],
            [111.7892441, -8.0158247],
            [111.7891314, -8.0156176],
            [111.7889544, -8.0155379],
            [111.7887774, -8.0154529],
            [111.7887076, -8.0153148],
            [111.7887076, -8.0151448],
            [111.7885843, -8.0150598],
            [111.7884547, -8.0150508],
            [111.7883099, -8.015157],
            [111.7882409, -8.0152935],
            [111.7882517, -8.015421],
            [111.7882401, -8.0155873],
            [111.7881275, -8.0158263],
            [111.7881328, -8.0159804],
            [111.7881865, -8.0161504],
            [111.7882187, -8.0164478],
            [111.7881865, -8.0168303],
            [111.7881122, -8.0172112],
            [111.7879934, -8.0174093],
            [111.7877957, -8.0174555],
            [111.7873653, -8.0173494],
            [111.7873386, -8.0171209],
            [111.787441, -8.0168178],
            [111.7873917, -8.0166763],
            [111.7872369, -8.0166109],
            [111.7871772, -8.016368],
            [111.7872375, -8.0161909],
            [111.7871836, -8.0160053],
            [111.7871943, -8.0157924],
            [111.7872531, -8.0156649],
            [111.7873388, -8.015596],
            [111.7873767, -8.0154578],
            [111.7873129, -8.0153785],
            [111.787168, -8.0151607],
            [111.7871251, -8.0149907],
            [111.7871359, -8.0147039],
            [111.7869374, -8.0146402],
            [111.7866374, -8.0147411],
            [111.7864253, -8.0147291],
            [111.7863803, -8.0148734],
            [111.7861063, -8.0149441],
            [111.786086, -8.0150333],
            [111.7861128, -8.0151149],
            [111.7859915, -8.0152613],
            [111.7858516, -8.0154745],
            [111.7856623, -8.0154794],
            [111.7854581, -8.0153855],
            [111.7853656, -8.0151893],
            [111.785383, -8.0148752],
            [111.7855051, -8.0147676],
            [111.7854246, -8.0147251],
            [111.7851939, -8.0146508],
            [111.7851135, -8.0144914],
            [111.7850867, -8.0142311],
            [111.7850268, -8.0141477],
            [111.7848935, -8.0142311],
            [111.7847702, -8.0142364],
            [111.784738, -8.014093],
            [111.7847809, -8.0138593],
            [111.7847272, -8.0136149],
            [111.7848077, -8.0134556],
            [111.7847586, -8.0132606],
            [111.7844958, -8.01342],
            [111.784575, -8.0138267],
            [111.7843695, -8.0139638],
            [111.7843287, -8.0141043],
            [111.783997, -8.0143796],
            [111.7839102, -8.0145676],
            [111.7836226, -8.0145457],
            [111.7836061, -8.0142364],
            [111.7836275, -8.0139974],
            [111.7835953, -8.0137637],
            [111.7835363, -8.0135831],
            [111.7834344, -8.01336],
            [111.7833692, -8.0132978],
            [111.7832896, -8.0133387],
            [111.7831976, -8.013505],
            [111.7830205, -8.0140627],
            [111.7829294, -8.0144611],
            [111.7827639, -8.0145392],
            [111.7825922, -8.014502],
            [111.7825225, -8.0142896],
            [111.7825386, -8.0139655],
            [111.7823186, -8.0138168],
            [111.7820657, -8.0136962],
            [111.7819745, -8.0137175],
            [111.7820067, -8.0142274],
            [111.7816549, -8.0144179],
            [111.7816519, -8.0146854],
            [111.7811279, -8.014843],
            [111.780838, -8.0150173],
            [111.7806428, -8.0151037],
            [111.7800919, -8.0151628],
            [111.7796798, -8.0149203],
            [111.7796188, -8.0147006],
            [111.7794272, -8.0144808],
            [111.7794111, -8.0142205],
            [111.7793789, -8.013854],
            [111.779277, -8.0135777],
            [111.7790624, -8.0132803],
            [111.7787566, -8.0129456],
            [111.7785045, -8.0128341],
            [111.7782148, -8.0128766],
            [111.7779842, -8.0128075],
            [111.7778822, -8.0125525],
            [111.7778439, -8.0122513],
            [111.7778109, -8.012214],
            [111.7777473, -8.0122513],
            [111.7777428, -8.0124941],
            [111.7777589, -8.0126853],
            [111.7778661, -8.0130519],
            [111.7779887, -8.0134094],
            [111.7779673, -8.0135422],
            [111.7780585, -8.0138131],
            [111.7780432, -8.0139655],
            [111.7779029, -8.0140202],
            [111.7778501, -8.0142736],
            [111.777805, -8.0144582],
            [111.7777956, -8.0147852],
            [111.7776669, -8.015088],
            [111.7774692, -8.0152351],
            [111.7771634, -8.0153891],
            [111.7769381, -8.0154157],
            [111.776804, -8.015352],
            [111.7766377, -8.015352],
            [111.7761756, -8.015582],
            [111.7759932, -8.0157732],
            [111.775774, -8.0160107],
            [111.7756077, -8.0161063],
            [111.7755004, -8.0159204],
            [111.7754468, -8.0157451],
            [111.7752904, -8.0157201],
            [111.7751839, -8.015915],
            [111.7749417, -8.0160441],
            [111.7745241, -8.0160744],
            [111.7743846, -8.0163347],
            [111.774213, -8.0162338],
            [111.7741003, -8.0160478],
            [111.7741325, -8.0158194],
            [111.774036, -8.0156972],
            [111.7738858, -8.0158194],
            [111.7735532, -8.016085],
            [111.7731125, -8.0161291],
            [111.7729738, -8.0161913],
            [111.773065, -8.0164728],
            [111.7733439, -8.0164887],
            [111.7737355, -8.0164994],
            [111.7741379, -8.0166056],
            [111.7744973, -8.0167278],
            [111.7746958, -8.0167065],
            [111.7748996, -8.0167278],
            [111.7750176, -8.0168712],
            [111.7750651, -8.0171171],
            [111.7749694, -8.0175564],
            [111.7748943, -8.017822],
            [111.7748353, -8.0180186],
            [111.7750123, -8.0178911],
            [111.7751571, -8.0177583],
            [111.7752, -8.0175246],
            [111.7752644, -8.0173493],
            [111.7753502, -8.0171687],
            [111.7755648, -8.0171155],
            [111.7758706, -8.0172643],
            [111.776112, -8.0172643],
            [111.7763373, -8.0171421],
            [111.7764338, -8.0172005],
            [111.7766484, -8.0172218],
            [111.7768094, -8.0170359],
            [111.7770454, -8.0169668],
            [111.7770669, -8.0167543],
            [111.77726, -8.0166215],
            [111.7777374, -8.0166056],
            [111.777893, -8.0168075],
            [111.7781022, -8.0169668],
            [111.7784991, -8.0170731],
            [111.7786762, -8.0172696],
            [111.7785037, -8.0175634],
            [111.7785045, -8.0177636],
            [111.7787298, -8.0176043],
            [111.7789766, -8.017413],
            [111.779395, -8.0174661],
            [111.7797812, -8.017668],
            [111.7800173, -8.0175299],
            [111.7801782, -8.0174236],
            [111.780425, -8.0174183],
            [111.780838, -8.0174874],
            [111.7811277, -8.0175405],
            [111.781514, -8.0177264],
            [111.7816159, -8.0178858],
            [111.7817822, -8.0179814],
            [111.781986, -8.0178008],
            [111.7821309, -8.0176255],
            [111.7823186, -8.0174768],
            [111.7825335, -8.017413],
            [111.7827309, -8.0176165],
            [111.7828661, -8.0180398],
            [111.7827094, -8.0186045],
            [111.7830205, -8.0189551],
            [111.7832459, -8.0195182],
            [111.7831064, -8.0198369],
            [111.7829519, -8.0200584],
            [111.782394, -8.0201434],
            [111.7820507, -8.0201327],
            [111.7819648, -8.0202284],
            [111.7818618, -8.0204956],
            [111.7819863, -8.0207277],
            [111.7819541, -8.0208764],
            [111.7816966, -8.0209933],
            [111.7814541, -8.0212286],
            [111.7813962, -8.0216095],
            [111.7814971, -8.0221529],
            [111.781364, -8.0224912],
            [111.781128, -8.0226187],
            [111.7808598, -8.0225975],
            [111.7803984, -8.0228206],
            [111.7806559, -8.0228312],
            [111.7810207, -8.0228843],
            [111.7814112, -8.0231409],
            [111.7815363, -8.0235506],
            [111.7815507, -8.0235977],
            [111.7816537, -8.0240317],
            [111.7819219, -8.0237024],
            [111.7818307, -8.0232176],
            [111.7818082, -8.0230984],
            [111.7819691, -8.0225991],
            [111.7821408, -8.0221423],
            [111.7823189, -8.0218751],
            [111.7825764, -8.0218432],
            [111.782909, -8.0218751],
            [111.7830742, -8.0216748],
            [111.7831557, -8.0213757],
            [111.7834211, -8.0211165],
            [111.7838924, -8.0212307],
            [111.7843048, -8.021238],
            [111.7845183, -8.0215102],
            [111.7846656, -8.0215272],
            [111.784722, -8.0214628],
            [111.7848595, -8.0212599],
            [111.7850632, -8.0210387],
            [111.7852277, -8.0209779],
            [111.7857898, -8.0208856],
            [111.7859667, -8.0205683],
            [111.7861534, -8.02023],
            [111.786325, -8.0202087],
            [111.7863679, -8.0204318],
            [111.7862537, -8.0208005],
            [111.7860843, -8.021131],
            [111.7861898, -8.0214859],
            [111.7862684, -8.0217168],
            [111.7863813, -8.0218286],
            [111.7865752, -8.0217217],
            [111.7867544, -8.0214616],
            [111.7870465, -8.0212963],
            [111.7873116, -8.0211991],
            [111.7875963, -8.0211967],
            [111.7878172, -8.0213133],
            [111.7878687, -8.0214835],
            [111.7877166, -8.0218918],
            [111.7877043, -8.0221519],
            [111.7879485, -8.0224058],
            [111.7878577, -8.0226355],
            [111.7870192, -8.022904],
            [111.7872158, -8.0234376],
            [111.7874466, -8.0234424],
            [111.787611, -8.0237681],
            [111.7873926, -8.0242542],
            [111.7874318, -8.0246771],
            [111.7880309, -8.0248619],
            [111.7884708, -8.0249469],
            [111.7889107, -8.0251275],
            [111.7896145, -8.0255509],
            [111.7901445, -8.0262324],
            [111.7903762, -8.026847],
            [111.7903162, -8.0271779],
            [111.7904835, -8.02775],
            [111.7907882, -8.0286334],
            [111.7912995, -8.0295023],
            [111.7917802, -8.0298521],
            [111.7918542, -8.0293132],
            [111.7920328, -8.0291221],
            [111.7926078, -8.0295773],
            [111.7924684, -8.0285999],
            [111.7922913, -8.0278084],
            [111.7921787, -8.0274844],
            [111.792007, -8.0266876],
            [111.7923332, -8.026328],
            [111.7928546, -8.0257952],
            [111.7931336, -8.026029],
            [111.7938138, -8.0268486],
            [111.7940884, -8.0269851],
            [111.7941839, -8.0267641],
            [111.7942539, -8.0261974],
            [111.7944763, -8.0258024],
            [111.7940596, -8.0254814],
            [111.7939378, -8.0244754],
            [111.794075, -8.0244625],
            [111.7951464, -8.0249766],
            [111.79526, -8.024832],
            [111.7954315, -8.0244209],
            [111.7954648, -8.0242214],
            [111.7956457, -8.0241035],
            [111.7956959, -8.0237417],
            [111.7957785, -8.0237495],
            [111.7961272, -8.023554],
            [111.7963584, -8.0236035],
            [111.7964818, -8.023798],
            [111.7965844, -8.0240712],
            [111.7965638, -8.0243083],
            [111.7964029, -8.0246691],
            [111.796419, -8.0249029],
            [111.7965048, -8.0250835],
            [111.7964914, -8.0252295],
            [111.7965746, -8.0254022],
            [111.7965772, -8.0255695],
            [111.7966497, -8.0257342],
            [111.7967543, -8.0259705],
            [111.7968669, -8.0259759],
            [111.7970413, -8.0259227],
            [111.7972183, -8.0259015],
            [111.7973417, -8.0256492],
            [111.7974677, -8.0254261],
            [111.7976018, -8.0250941],
            [111.7976957, -8.0250011],
            [111.7978298, -8.0250064],
            [111.7982724, -8.025187],
            [111.7983252, -8.0251302],
            [111.7983234, -8.0250197],
            [111.7983609, -8.0249666],
            [111.7984441, -8.0249453],
            [111.7985192, -8.0249746],
            [111.7985513, -8.0250808],
            [111.7986881, -8.0252641],
            [111.7988357, -8.0254181],
            [111.7990529, -8.0255828],
            [111.7992648, -8.0257368],
            [111.7992997, -8.0258218],
            [111.7993909, -8.0257209],
            [111.7994499, -8.0255748],
            [111.7995518, -8.0254154],
            [111.799643, -8.0253889],
            [111.7996476, -8.0252099],
            [111.7996886, -8.0249772],
            [111.7997691, -8.0248205],
            [111.799956, -8.0247929],
            [111.7998844, -8.0246213],
            [111.7998308, -8.0243743],
            [111.7998514, -8.0241847],
            [111.7998764, -8.0240875],
            [111.7999997, -8.0239441],
            [111.8001902, -8.0237369],
            [111.8003726, -8.0236519],
            [111.8004584, -8.0236917],
            [111.800555, -8.0236758],
            [111.8006435, -8.0235855],
            [111.8008124, -8.0235483],
            [111.8009197, -8.0234447],
            [111.8010056, -8.0232269],
            [111.801137, -8.0229189],
            [111.8012657, -8.0227675],
            [111.8013596, -8.0228286],
            [111.8014535, -8.0227754],
            [111.8016037, -8.0226958],
            [111.8016332, -8.0225523],
            [111.8015179, -8.0221805],
            [111.8015232, -8.0221061],
            [111.8016539, -8.0220466],
            [111.8017056, -8.0217927],
            [111.8021393, -8.0217159],
            [111.8022152, -8.0217024],
            [111.8030698, -8.0216087],
            [111.8032318, -8.0215909],
            [111.8031969, -8.0212244],
            [111.803282, -8.0211489],
            [111.8031996, -8.0210623],
            [111.8033203, -8.0209534],
            [111.8035242, -8.0211208],
            [111.8034517, -8.0211951],
            [111.8035161, -8.0213014],
            [111.8036341, -8.0213306],
            [111.8037146, -8.0212775],
            [111.8037875, -8.0212107],
            [111.8041116, -8.0208977],
            [111.8049135, -8.0200743],
            [111.8057128, -8.0192403],
            [111.8065631, -8.0183825],
            [111.8067079, -8.0182311],
            [111.8067374, -8.0181461],
            [111.8066347, -8.0180892],
            [111.8065229, -8.0180212],
            [111.8064826, -8.0178141],
            [111.80648, -8.017498],
            [111.8065068, -8.017421],
            [111.8067152, -8.0174438],
            [111.806742, -8.0172951],
            [111.8067125, -8.0170268],
            [111.8066871, -8.0168941],
            [111.8066543, -8.0167225],
            [111.8066937, -8.0162911],
            [111.8067214, -8.0156707],
            [111.8067589, -8.0155724],
            [111.8070861, -8.0153706],
            [111.8072363, -8.0152324],
            [111.8072516, -8.0151411],
            [111.8072632, -8.0150545],
            [111.8073758, -8.0150306],
            [111.8073812, -8.0150014],
            [111.806952, -8.0149137],
            [111.8067286, -8.0148117],
            [111.8066221, -8.0146216],
            [111.8065891, -8.0144479],
            [111.8066114, -8.0142869],
            [111.8066697, -8.0141963],
            [111.8068501, -8.0140479],
            [111.807062, -8.013676],
            [111.8072819, -8.0134237],
            [111.8073973, -8.0131979],
            [111.8075716, -8.0129509],
            [111.8072739, -8.0131369],
            [111.8069037, -8.0132404],
            [111.8065282, -8.013429],
            [111.8061098, -8.0136335],
            [111.8059569, -8.013777],
            [111.8057155, -8.0140054],
            [111.8056612, -8.014218],
            [111.805666, -8.014402],
            [111.8056637, -8.0147619],
            [111.8055346, -8.0148289],
            [111.8054287, -8.0149306],
            [111.805248, -8.0149657],
            [111.8053045, -8.0147727],
            [111.8052229, -8.0146847],
            [111.8053079, -8.0144431],
            [111.8053803, -8.0142281],
            [111.8052397, -8.0139202],
            [111.8051465, -8.0136229],
            [111.8051018, -8.0134149],
            [111.8050736, -8.0127273],
            [111.8050812, -8.0120855],
            [111.8051158, -8.011815],
            [111.8051076, -8.0115905],
            [111.8051076, -8.0112856],
            [111.805252, -8.0109742],
            [111.8053338, -8.0107555],
            [111.8055026, -8.0105847],
            [111.8057316, -8.0105632],
            [111.8058443, -8.0103507],
            [111.8059167, -8.0102312],
            [111.8060213, -8.0101701],
            [111.8061313, -8.0100877],
            [111.8061814, -8.009999],
            [111.8061975, -8.009922],
            [111.8061903, -8.0098354],
            [111.8061036, -8.0097414],
            [111.8060723, -8.0096495],
            [111.8061205, -8.0095379],
            [111.8062627, -8.0094529],
            [111.806337, -8.0093377],
            [111.8063378, -8.0091448],
            [111.8063539, -8.009012],
            [111.8064424, -8.0089403],
            [111.8064719, -8.0088792],
            [111.8064746, -8.0087836],
            [111.8065167, -8.0087135],
            [111.8066114, -8.0086349],
            [111.8067053, -8.0086588],
            [111.806783, -8.0086428],
            [111.8068528, -8.0085313],
            [111.8069869, -8.0085605],
            [111.8073892, -8.0087305],
            [111.807459, -8.0088075],
            [111.8074751, -8.0089244],
            [111.8074965, -8.0090386],
            [111.8075735, -8.0089605],
            [111.8076092, -8.0088128],
            [111.8076762, -8.0087517],
            [111.8077299, -8.0087544],
            [111.8078827, -8.0089483],
            [111.8079364, -8.0089084],
            [111.8079579, -8.0088261],
            [111.8080383, -8.008757],
            [111.8081188, -8.0087464],
            [111.8082502, -8.0087783],
            [111.8083682, -8.008773],
            [111.8084406, -8.0087358],
            [111.8085184, -8.0086482],
            [111.8085801, -8.0086588],
            [111.8086418, -8.0087172],
            [111.8087303, -8.0087092],
            [111.8088618, -8.008688],
            [111.8090763, -8.0085738],
            [111.8092373, -8.0084144],
            [111.8093035, -8.0083257],
            [111.8092855, -8.0081674],
            [111.8094357, -8.0080824],
            [111.8094867, -8.0081143],
            [111.8095216, -8.0081063],
            [111.8095618, -8.0080027],
            [111.8096637, -8.0079177],
            [111.8097496, -8.0078673],
            [111.8098729, -8.0078593],
            [111.8099776, -8.0078327],
            [111.8100205, -8.007777],
            [111.8101948, -8.0077106],
            [111.8103128, -8.0076893],
            [111.8103952, -8.0077148],
            [111.8104013, -8.0076495],
            [111.8105247, -8.0075937],
            [111.8106553, -8.0075475],
            [111.8106588, -8.0074689],
            [111.8107098, -8.0074237],
            [111.8107956, -8.0074556],
            [111.8108029, -8.0074359],
            [111.8107849, -8.0073971],
            [111.8107803, -8.0071178],
            [111.8108631, -8.0068842],
            [111.8109224, -8.0068874],
            [111.810972, -8.0069756],
            [111.8111899, -8.007105],
            [111.8114018, -8.007113],
            [111.8117049, -8.0071103],
            [111.8122011, -8.00719],
            [111.8123513, -8.0071448],
            [111.8124237, -8.0071023],
            [111.8124908, -8.0071023],
            [111.8125847, -8.0070492],
            [111.8127, -8.0069536],
            [111.8127644, -8.0069111],
            [111.8128234, -8.0069137],
            [111.8128717, -8.0067889],
            [111.8129173, -8.0066853],
            [111.8130272, -8.006672],
            [111.8130943, -8.0065658],
            [111.8131801, -8.0065206],
            [111.8131788, -8.0063727],
            [111.8130326, -8.0063666]
          ]
        ]
      },
      "properties": { "Type": "Air" }
    },
    {
      "type": "Feature",
      "geometry": {
        "type": "Polygon",
        "coordinates": [
          [
            [113.2704002, -7.9829449],
            [113.2707597, -7.9827696],
            [113.2710619, -7.9826302],
            [113.2714965, -7.9825717],
            [113.272369, -7.9826102],
            [113.2728303, -7.9827059],
            [113.2730503, -7.9827909],
            [113.2733292, -7.9828493],
            [113.2736082, -7.9830352],
            [113.2738657, -7.9832637],
            [113.2741392, -7.9834655],
            [113.274404, -7.9835811],
            [113.2745488, -7.9837192],
            [113.2746722, -7.9838679],
            [113.2747151, -7.9841017],
            [113.2746668, -7.9842929],
            [113.2746381, -7.9845015],
            [113.2745917, -7.9847604],
            [113.274445, -7.9851549],
            [113.2744396, -7.9853401],
            [113.2743967, -7.985463],
            [113.2743645, -7.9856436],
            [113.274286, -7.9859079],
            [113.2741553, -7.9859624],
            [113.274091, -7.9860261],
            [113.2740767, -7.9861523],
            [113.2739139, -7.9862439],
            [113.2737745, -7.9863449],
            [113.2737656, -7.9864551],
            [113.2738032, -7.9865348],
            [113.2739086, -7.9865999],
            [113.2739587, -7.986726],
            [113.2739998, -7.986823],
            [113.2739515, -7.9868814],
            [113.2739587, -7.9869757],
            [113.274048, -7.9871152],
            [113.2740856, -7.9872108],
            [113.2740534, -7.9873276],
            [113.2740767, -7.9874591],
            [113.2741875, -7.9875508],
            [113.2742573, -7.9876783],
            [113.2742538, -7.9877885],
            [113.2740963, -7.9879226],
            [113.2735939, -7.9882294],
            [113.2730985, -7.9883529],
            [113.2724924, -7.9884964],
            [113.2722046, -7.9884897],
            [113.2718755, -7.9884114],
            [113.2716448, -7.9884645],
            [113.2714141, -7.9884379],
            [113.2712551, -7.9883516],
            [113.2707401, -7.9882613],
            [113.2704217, -7.9881351],
            [113.2692326, -7.9873874],
            [113.2690403, -7.9872453],
            [113.2688553, -7.9870089],
            [113.2687373, -7.986738],
            [113.2686353, -7.9863502],
            [113.2686032, -7.9860049],
            [113.2688982, -7.9850327],
            [113.2690556, -7.9845851],
            [113.2693614, -7.9842451],
            [113.2696009, -7.983508],
            [113.2698764, -7.9832942],
            [113.2702404, -7.9830968],
            [113.2704002, -7.9829449]
          ]
        ]
      },
      "properties": { "Type": "Air" }
    },
    {
      "type": "Feature",
      "geometry": {
        "type": "Polygon",
        "coordinates": [
          [
            [113.270647, -7.9488589],
            [113.2707811, -7.9488855],
            [113.2708991, -7.9488589],
            [113.2710458, -7.948916],
            [113.2712443, -7.9490223],
            [113.2714838, -7.9490714],
            [113.2717306, -7.9491883],
            [113.2720383, -7.9493092],
            [113.2723368, -7.9494168],
            [113.2724924, -7.9495283],
            [113.2725567, -7.9495708],
            [113.2726587, -7.9495708],
            [113.2728196, -7.9496133],
            [113.2731361, -7.949778],
            [113.2733257, -7.9498883],
            [113.2733399, -7.9500065],
            [113.273315, -7.9501539],
            [113.2733346, -7.9502509],
            [113.2733633, -7.9504355],
            [113.2734652, -7.9505471],
            [113.2735725, -7.9507649],
            [113.2735545, -7.9509469],
            [113.2734472, -7.9510584],
            [113.2733668, -7.9512497],
            [113.2732989, -7.9514396],
            [113.273179, -7.951611],
            [113.2728679, -7.9518341],
            [113.2726444, -7.9519337],
            [113.2724924, -7.9520573],
            [113.272428, -7.9521954],
            [113.2723582, -7.9522857],
            [113.2722582, -7.9523269],
            [113.2721383, -7.9523388],
            [113.2720919, -7.9523534],
            [113.2720793, -7.9524292],
            [113.2720865, -7.9525235],
            [113.2720257, -7.9526364],
            [113.271972, -7.9526735],
            [113.2718755, -7.952562],
            [113.2717057, -7.9525022],
            [113.2715858, -7.9525248],
            [113.271416, -7.9524756],
            [113.2712746, -7.9524876],
            [113.2711639, -7.9525553],
            [113.2710512, -7.952635],
            [113.2709439, -7.9526403],
            [113.2707186, -7.9523163],
            [113.2704271, -7.9520998],
            [113.2701607, -7.9520081],
            [113.2698764, -7.9519975],
            [113.2696975, -7.9519191],
            [113.2695741, -7.9517544],
            [113.2694615, -7.9515472],
            [113.2693703, -7.951441],
            [113.2693434, -7.9512975],
            [113.2693488, -7.951186],
            [113.2692523, -7.9510478],
            [113.2691557, -7.9509416],
            [113.2690825, -7.9507543],
            [113.2690699, -7.9505643],
            [113.269102, -7.950405],
            [113.2690645, -7.9502456],
            [113.269179, -7.9500052],
            [113.2693649, -7.949693],
            [113.2695207, -7.9494967],
            [113.2696921, -7.9493743],
            [113.2697941, -7.9493477],
            [113.2698209, -7.9492946],
            [113.2698102, -7.9491724],
            [113.2698048, -7.9491246],
            [113.2698764, -7.9490701],
            [113.2699764, -7.9489386],
            [113.2700462, -7.9488058],
            [113.2700462, -7.9486995],
            [113.2701213, -7.9485986],
            [113.2702144, -7.9484751],
            [113.2703198, -7.9484551],
            [113.2703359, -7.9485348],
            [113.2704217, -7.9486198],
            [113.2704772, -7.9486663],
            [113.2705397, -7.9486783],
            [113.2706041, -7.948758],
            [113.270647, -7.9488589]
          ]
        ]
      },
      "properties": { "Type": "Air" }
    },
    {
      "type": "Feature",
      "geometry": {
        "type": "Polygon",
        "coordinates": [
          [
            [113.3972041, -7.9484018],
            [113.3974425, -7.9488091],
            [113.3977244, -7.9493316],
            [113.3977859, -7.9496963],
            [113.3977673, -7.9498576],
            [113.3977859, -7.9499885],
            [113.3978854, -7.9501763],
            [113.3979605, -7.950442],
            [113.3980034, -7.9506226],
            [113.3978878, -7.9509714],
            [113.3977268, -7.9513008],
            [113.3976332, -7.9516746],
            [113.3973704, -7.9521155],
            [113.3969895, -7.9525671],
            [113.3965842, -7.9528893],
            [113.3962063, -7.9530878],
            [113.3958439, -7.9531284],
            [113.3954148, -7.9530859],
            [113.3945511, -7.9528096],
            [113.393666, -7.9520871],
            [113.3934997, -7.9517789],
            [113.39339, -7.9513133],
            [113.393449, -7.9505057],
            [113.3935616, -7.949746],
            [113.3937226, -7.9492678],
            [113.3940737, -7.9488516],
            [113.3945004, -7.9484656],
            [113.3951871, -7.9481787],
            [113.395447, -7.9480363],
            [113.3956323, -7.947828],
            [113.395745, -7.9477324],
            [113.3960239, -7.9477218],
            [113.3964745, -7.9477962],
            [113.3967427, -7.9479343],
            [113.3970485, -7.9481999],
            [113.3972041, -7.9484018]
          ]
        ]
      },
      "properties": { "Type": "Air" }
    },
    {
      "type": "Feature",
      "geometry": {
        "type": "Polygon",
        "coordinates": [
          [
            [113.4084586, -7.9970702],
            [113.4088341, -7.9973943],
            [113.4094357, -7.997883],
            [113.4097253, -7.9979786],
            [113.4103047, -7.9979149],
            [113.4108243, -7.9977449],
            [113.4111462, -7.997458],
            [113.411567, -7.9969037],
            [113.4118221, -7.9964859],
            [113.4118436, -7.9963106],
            [113.4119992, -7.9961087],
            [113.4122161, -7.9957775],
            [113.4122298, -7.9955775],
            [113.4120635, -7.9951419],
            [113.4116904, -7.9941148],
            [113.4114842, -7.993697],
            [113.4111218, -7.9934614],
            [113.4098158, -7.9935588],
            [113.4092418, -7.993782],
            [113.4087024, -7.9941679],
            [113.4083192, -7.9945947],
            [113.4080694, -7.9951135],
            [113.4079437, -7.9956253],
            [113.4079085, -7.9959634],
            [113.4080499, -7.9962599],
            [113.4082172, -7.9966665],
            [113.4084586, -7.9970702]
          ]
        ]
      },
      "properties": { "Type": "Air" }
    },
    {
      "type": "Feature",
      "geometry": {
        "type": "Polygon",
        "coordinates": [
          [
            [112.7550669, -7.3363611],
            [112.7552171, -7.3364076],
            [112.7564482, -7.3366737],
            [112.7572408, -7.3368532],
            [112.7579422, -7.3370275],
            [112.7585551, -7.3371725],
            [112.759282, -7.3373441],
            [112.7598969, -7.3375017],
            [112.7601389, -7.3375562],
            [112.7605507, -7.3376493],
            [112.761177, -7.337785],
            [112.7618059, -7.337922],
            [112.7622324, -7.3379752],
            [112.7627367, -7.3380271],
            [112.7635225, -7.3381055],
            [112.7643245, -7.33818],
            [112.7646155, -7.3381987],
            [112.7648831, -7.3382246],
            [112.7650977, -7.3382406],
            [112.765217, -7.3382924],
            [112.7656784, -7.3384534],
            [112.765736, -7.3384547],
            [112.7661357, -7.338347],
            [112.7664884, -7.3382352],
            [112.7667298, -7.3381913],
            [112.7668398, -7.3381794],
            [112.7669216, -7.3382033],
            [112.7671603, -7.3382751],
            [112.7676699, -7.3384547],
            [112.7681121, -7.3386385],
            [112.7680843, -7.3387341],
            [112.7675586, -7.3385319],
            [112.7671107, -7.3383536],
            [112.7669806, -7.3383057],
            [112.7668948, -7.3382845],
            [112.7668089, -7.3382818],
            [112.7667486, -7.3382884],
            [112.7666882, -7.3382951],
            [112.766538, -7.3383297],
            [112.7657857, -7.3385611],
            [112.7656113, -7.3385598],
            [112.7654879, -7.3385159],
            [112.7652868, -7.3384015],
            [112.7651983, -7.3383496],
            [112.7651312, -7.3383297],
            [112.7650333, -7.3383297],
            [112.7649086, -7.338335],
            [112.7646766, -7.3384188],
            [112.7645934, -7.3384906],
            [112.7645264, -7.3385345],
            [112.7642244, -7.3385345],
            [112.7640623, -7.3385345],
            [112.7638934, -7.3385345],
            [112.7635246, -7.3386143],
            [112.7632148, -7.3386383],
            [112.7630409, -7.3385972],
            [112.7627247, -7.3385166],
            [112.7622503, -7.3383918],
            [112.7617516, -7.3382592],
            [112.7614244, -7.3381514],
            [112.7606761, -7.3379838],
            [112.759689, -7.3377471],
            [112.7586778, -7.3375289],
            [112.7576747, -7.3373081],
            [112.7569505, -7.3371405],
            [112.7561632, -7.3370288],
            [112.7558347, -7.3370035],
            [112.7552164, -7.3368306],
            [112.7548637, -7.3370501],
            [112.7548194, -7.3371818],
            [112.7547041, -7.3370381],
            [112.7547497, -7.3368918],
            [112.7548248, -7.3368173],
            [112.7550863, -7.3366471],
            [112.7552043, -7.3366085],
            [112.7552701, -7.3366484],
            [112.7554793, -7.3367176],
            [112.7558293, -7.3367761],
            [112.7565307, -7.3368772],
            [112.7570578, -7.336957],
            [112.7575526, -7.3370807],
            [112.7582822, -7.3372509],
            [112.7592411, -7.3374611],
            [112.7604078, -7.3377378],
            [112.7611133, -7.337908],
            [112.7615826, -7.3380291],
            [112.761997, -7.3382033],
            [112.762457, -7.3383616],
            [112.7629506, -7.3384188],
            [112.7633153, -7.3384587],
            [112.7634776, -7.3384653],
            [112.7636667, -7.3384188],
            [112.7637968, -7.3384002],
            [112.7642367, -7.3383855],
            [112.764576, -7.3383789],
            [112.7646021, -7.3382838],
            [112.7642253, -7.3382412],
            [112.7634917, -7.3381654],
            [112.7630532, -7.3381162],
            [112.7626629, -7.3380789],
            [112.761924, -7.3380005],
            [112.7617831, -7.3379805],
            [112.7611019, -7.3378196],
            [112.7603508, -7.337648],
            [112.7595985, -7.3374831],
            [112.7589212, -7.3373301],
            [112.7582775, -7.3371691],
            [112.757387, -7.3369736],
            [112.7565327, -7.3367781],
            [112.7557736, -7.3366025],
            [112.7551601, -7.3364648],
            [112.7550281, -7.3364307],
            [112.7550669, -7.3363611]
          ]
        ]
      },
      "properties": { "Type": "Air" }
    },
    {
      "type": "Feature",
      "geometry": {
        "type": "Polygon",
        "coordinates": [
          [
            [112.7578549, -7.330641],
            [112.7577181, -7.3321432],
            [112.7571377, -7.332096],
            [112.756219, -7.3320246],
            [112.7556919, -7.3319836],
            [112.7556528, -7.3319232],
            [112.7557832, -7.3305082],
            [112.7565357, -7.3305427],
            [112.7565696, -7.3306954],
            [112.7573654, -7.3307424],
            [112.7574123, -7.3306651],
            [112.757595, -7.3306624],
            [112.7577465, -7.3306566],
            [112.7577994, -7.3305615],
            [112.7578734, -7.3303904],
            [112.7580107, -7.3301675],
            [112.7580968, -7.3301736],
            [112.7578549, -7.330641]
          ]
        ]
      },
      "properties": { "Type": "Air" }
    },
    {
      "type": "Feature",
      "geometry": {
        "type": "Polygon",
        "coordinates": [
          [
            [112.7591156, -7.3325881],
            [112.7590989, -7.3333094],
            [112.7589819, -7.3334089],
            [112.7563105, -7.333226],
            [112.7562497, -7.3331225],
            [112.7562323, -7.3329758],
            [112.7563105, -7.3323244],
            [112.7570058, -7.3323763],
            [112.7569565, -7.3324983],
            [112.757098, -7.332602],
            [112.7572816, -7.3324698],
            [112.757291, -7.3324162],
            [112.7590391, -7.3325894],
            [112.7591156, -7.3325881]
          ]
        ]
      },
      "properties": { "Type": "Air" }
    },
    {
      "type": "Feature",
      "geometry": {
        "type": "Polygon",
        "coordinates": [
          [
            [112.7564205, -7.333582],
            [112.7558928, -7.3344628],
            [112.7554789, -7.335347],
            [112.7553928, -7.3354202],
            [112.7553436, -7.3353531],
            [112.7549825, -7.335344],
            [112.75533, -7.3346058],
            [112.7555728, -7.3347308],
            [112.7556137, -7.3347256],
            [112.7556582, -7.334625],
            [112.7556448, -7.3346002],
            [112.7553865, -7.3344711],
            [112.7558545, -7.3335139],
            [112.7563069, -7.3334966],
            [112.7564635, -7.3334664],
            [112.7565244, -7.3335053],
            [112.7564205, -7.333582]
          ]
        ]
      },
      "properties": { "Type": "Air" }
    },
    {
      "type": "Feature",
      "geometry": {
        "type": "Polygon",
        "coordinates": [
          [
            [112.7611471, -7.3239653],
            [112.7607002, -7.3249067],
            [112.7606124, -7.3249866],
            [112.7605649, -7.3249863],
            [112.7605614, -7.3249232],
            [112.7602041, -7.3248737],
            [112.7601516, -7.3248459],
            [112.7601464, -7.3248147],
            [112.7606127, -7.323849],
            [112.7606007, -7.3238041],
            [112.7606032, -7.3237102],
            [112.7609098, -7.3237218],
            [112.7613142, -7.323737],
            [112.7613155, -7.3237603],
            [112.7612623, -7.3238438],
            [112.7612263, -7.3239669],
            [112.7611471, -7.3239653]
          ]
        ]
      },
      "properties": { "Type": "Air" }
    },
    {
      "type": "Feature",
      "geometry": {
        "type": "Polygon",
        "coordinates": [
          [
            [112.7605243, -7.3251467],
            [112.7600914, -7.3260536],
            [112.7596818, -7.3269221],
            [112.7596141, -7.3269465],
            [112.7596049, -7.3268642],
            [112.7592235, -7.3268215],
            [112.7591497, -7.3267483],
            [112.7594634, -7.3262541],
            [112.7595065, -7.3261046],
            [112.7594942, -7.3260406],
            [112.7597679, -7.3260894],
            [112.7599832, -7.3260833],
            [112.7600109, -7.3260558],
            [112.7599832, -7.3259948],
            [112.7595864, -7.325949],
            [112.7595806, -7.325926],
            [112.7596128, -7.3258513],
            [112.7599796, -7.3252035],
            [112.7602166, -7.3252229],
            [112.7602514, -7.3252143],
            [112.7602927, -7.3252272],
            [112.760271, -7.3251905],
            [112.7602906, -7.3251312],
            [112.7605243, -7.3251467]
          ]
        ]
      },
      "properties": { "Type": "Air" }
    },
    {
      "type": "Feature",
      "geometry": {
        "type": "Polygon",
        "coordinates": [
          [
            [112.7595351, -7.3272462],
            [112.7588218, -7.3286439],
            [112.7585912, -7.3290839],
            [112.7580968, -7.3301736],
            [112.7580107, -7.3301675],
            [112.7579492, -7.3298197],
            [112.7577339, -7.3296733],
            [112.7581276, -7.3288375],
            [112.7585307, -7.3288704],
            [112.7585895, -7.3288423],
            [112.7586351, -7.3288186],
            [112.7586482, -7.3287949],
            [112.758596, -7.3287604],
            [112.7584764, -7.328741],
            [112.7582741, -7.3287388],
            [112.7581784, -7.3287561],
            [112.7581697, -7.3287215],
            [112.758185, -7.3286935],
            [112.7582458, -7.3286892],
            [112.7587963, -7.3274662],
            [112.7590516, -7.3275844],
            [112.7591439, -7.3275295],
            [112.759273, -7.3272275],
            [112.7594483, -7.3272397],
            [112.7594668, -7.3271818],
            [112.7595468, -7.3271879],
            [112.7595351, -7.3272462]
          ]
        ]
      },
      "properties": { "Type": "Air" }
    },
    {
      "type": "Feature",
      "geometry": {
        "type": "Polygon",
        "coordinates": [
          [
            [112.7561404, -7.3330888],
            [112.7560881, -7.3331986],
            [112.7555898, -7.3331528],
            [112.7556698, -7.3330034],
            [112.7555837, -7.3329301],
            [112.7555714, -7.3328264],
            [112.7556544, -7.3320455],
            [112.7562092, -7.3320845],
            [112.7562016, -7.3323134],
            [112.7561404, -7.3330888]
          ]
        ]
      },
      "properties": { "Type": "Air" }
    }
  ]
}
