{
"type": "FeatureCollection",
"name": "jawatimur",
"crs": { "type": "name", "properties": { "name": "urn:ogc:def:crs:OGC:1.3:CRS84" } },
"features": [
{ "type": "Feature", "properties": { "Type": "Sawah" }, "geometry": { "type": "Polygon", "coordinates": [ [ [ 112.546101, -7.068597 ], [ 112.546038, -7.068659 ], [ 112.546195, -7.068675 ], [ 112.546265, -7.068713 ], [ 112.546234, -7.068845 ], [ 112.54621, -7.06897 ], [ 112.546148, -7.069141 ], [ 112.546524, -7.069195 ], [ 112.546899, -7.069234 ], [ 112.547228, -7.069296 ], [ 112.547628, -7.069343 ], [ 112.547831, -7.069343 ], [ 112.547956, -7.069304 ], [ 112.54798, -7.069226 ], [ 112.548019, -7.069063 ], [ 112.548058, -7.06897 ], [ 112.548058, -7.068908 ], [ 112.548097, -7.068768 ], [ 112.547729, -7.068706 ], [ 112.54726, -7.068675 ], [ 112.546876, -7.068636 ], [ 112.54657, -7.068612 ], [ 112.546296, -7.068597 ], [ 112.546242, -7.068597 ], [ 112.546101, -7.068597 ] ] ] } },
{ "type": "Feature", "properties": { "Type": "Sawah" }, "geometry": { "type": "Polygon", "coordinates": [ [ [ 112.586051, -7.071681 ], [ 112.586001, -7.071761 ], [ 112.585948, -7.071868 ], [ 112.586084, -7.071936 ], [ 112.58623, -7.072002 ], [ 112.586392, -7.072063 ], [ 112.586423, -7.071997 ], [ 112.586489, -7.071871 ], [ 112.586353, -7.071809 ], [ 112.586174, -7.071731 ], [ 112.586051, -7.071681 ] ] ] } },
{ "type": "Feature", "properties": { "Type": "Sawah" }, "geometry": { "type": "Polygon", "coordinates": [ [ [ 112.581794, -7.071605 ], [ 112.581712, -7.071663 ], [ 112.581615, -7.071743 ], [ 112.581504, -7.071833 ], [ 112.581641, -7.071833 ], [ 112.58175, -7.07184 ], [ 112.581851, -7.071842 ], [ 112.581967, -7.071828 ], [ 112.582032, -7.071796 ], [ 112.582043, -7.071766 ], [ 112.581898, -7.071676 ], [ 112.581794, -7.071605 ] ] ] } },
{ "type": "Feature", "properties": { "Type": "Sawah" }, "geometry": { "type": "Polygon", "coordinates": [ [ [ 112.582069, -7.071723 ], [ 112.582095, -7.071735 ], [ 112.582128, -7.071706 ], [ 112.582194, -7.071642 ], [ 112.58226, -7.071575 ], [ 112.582213, -7.071533 ], [ 112.582166, -7.07148 ], [ 112.582117, -7.071436 ], [ 112.582065, -7.071395 ], [ 112.582022, -7.071357 ], [ 112.581999, -7.07135 ], [ 112.581957, -7.071395 ], [ 112.581919, -7.07145 ], [ 112.581865, -7.071505 ], [ 112.58183, -7.07155 ], [ 112.581893, -7.071606 ], [ 112.581975, -7.071656 ], [ 112.582069, -7.071723 ] ] ] } },
{ "type": "Feature", "properties": { "Type": "Sawah" }, "geometry": { "type": "Polygon", "coordinates": [ [ [ 112.581781, -7.07152 ], [ 112.581822, -7.071458 ], [ 112.581866, -7.071396 ], [ 112.581909, -7.071353 ], [ 112.581947, -7.071308 ], [ 112.581897, -7.071248 ], [ 112.581814, -7.071193 ], [ 112.581708, -7.071105 ], [ 112.581688, -7.071103 ], [ 112.581628, -7.071183 ], [ 112.581578, -7.07124 ], [ 112.581545, -7.071283 ], [ 112.581528, -7.07131 ], [ 112.581536, -7.071341 ], [ 112.581572, -7.07137 ], [ 112.58164, -7.071419 ], [ 112.581713, -7.071468 ], [ 112.581781, -7.07152 ] ] ] } },
{ "type": "Feature", "properties": { "Type": "Sawah" }, "geometry": { "type": "Polygon", "coordinates": [ [ [ 112.581263, -7.071772 ], [ 112.581322, -7.071799 ], [ 112.581395, -7.071814 ], [ 112.581423, -7.071819 ], [ 112.581474, -7.071775 ], [ 112.581527, -7.071731 ], [ 112.581579, -7.071694 ], [ 112.581644, -7.071644 ], [ 112.581695, -7.071616 ], [ 112.581749, -7.071576 ], [ 112.581739, -7.071558 ], [ 112.581727, -7.071551 ], [ 112.581694, -7.071525 ], [ 112.581642, -7.071495 ], [ 112.581586, -7.071453 ], [ 112.581555, -7.071429 ], [ 112.581552, -7.071414 ], [ 112.581527, -7.071429 ], [ 112.5815, -7.071421 ], [ 112.581463, -7.071411 ], [ 112.58145, -7.071425 ], [ 112.581489, -7.071438 ], [ 112.581524, -7.07145 ], [ 112.581537, -7.071468 ], [ 112.581522, -7.071477 ], [ 112.581486, -7.071476 ], [ 112.581457, -7.071466 ], [ 112.58144, -7.071459 ], [ 112.58142, -7.071492 ], [ 112.581398, -7.07154 ], [ 112.581378, -7.071588 ], [ 112.581342, -7.071643 ], [ 112.581323, -7.071674 ], [ 112.581296, -7.071721 ], [ 112.581263, -7.071772 ] ] ] } },
{ "type": "Feature", "properties": { "Type": "Sawah" }, "geometry": { "type": "Polygon", "coordinates": [ [ [ 112.584073, -7.072359 ], [ 112.584055, -7.072479 ], [ 112.58405, -7.072568 ], [ 112.584192, -7.072554 ], [ 112.584389, -7.072545 ], [ 112.584559, -7.072537 ], [ 112.584591, -7.072532 ], [ 112.5846, -7.072443 ], [ 112.584593, -7.072354 ], [ 112.584571, -7.072341 ], [ 112.584443, -7.072341 ], [ 112.584295, -7.07235 ], [ 112.584281, -7.072341 ], [ 112.584073, -7.072359 ] ] ] } },
{ "type": "Feature", "properties": { "Type": "Sawah" }, "geometry": { "type": "Polygon", "coordinates": [ [ [ 112.585911, -7.072006 ], [ 112.585996, -7.07201 ], [ 112.586112, -7.072018 ], [ 112.586282, -7.072043 ], [ 112.586139, -7.071977 ], [ 112.586053, -7.071932 ], [ 112.585958, -7.071897 ], [ 112.585935, -7.07196 ], [ 112.585911, -7.072006 ] ] ] } },
{ "type": "Feature", "properties": { "Type": "Sawah" }, "geometry": { "type": "Polygon", "coordinates": [ [ [ 112.585845, -7.072002 ], [ 112.585692, -7.071936 ], [ 112.585584, -7.071884 ], [ 112.585533, -7.071857 ], [ 112.585495, -7.0719 ], [ 112.585449, -7.071977 ], [ 112.585431, -7.072012 ], [ 112.585533, -7.072009 ], [ 112.585653, -7.072009 ], [ 112.585784, -7.072009 ], [ 112.585845, -7.072002 ] ] ] } },
{ "type": "Feature", "properties": { "Type": "Sawah" }, "geometry": { "type": "Polygon", "coordinates": [ [ [ 112.585404, -7.072012 ], [ 112.585424, -7.071966 ], [ 112.585462, -7.071893 ], [ 112.585509, -7.071814 ], [ 112.585532, -7.07182 ], [ 112.585599, -7.071851 ], [ 112.585681, -7.071893 ], [ 112.585755, -7.071927 ], [ 112.585864, -7.07198 ], [ 112.585901, -7.071891 ], [ 112.58591, -7.071862 ], [ 112.58581, -7.071818 ], [ 112.585713, -7.071773 ], [ 112.585623, -7.071729 ], [ 112.585543, -7.07169 ], [ 112.585514, -7.071678 ], [ 112.58547, -7.071762 ], [ 112.585408, -7.071876 ], [ 112.585372, -7.071952 ], [ 112.585336, -7.072029 ], [ 112.585404, -7.072012 ] ] ] } },
{ "type": "Feature", "properties": { "Type": "Sawah" }, "geometry": { "type": "Polygon", "coordinates": [ [ [ 112.586003, -7.071669 ], [ 112.585912, -7.071623 ], [ 112.585814, -7.071578 ], [ 112.585716, -7.071525 ], [ 112.585631, -7.071477 ], [ 112.585604, -7.07149 ], [ 112.585579, -7.071529 ], [ 112.585544, -7.071584 ], [ 112.58552, -7.071658 ], [ 112.585542, -7.071672 ], [ 112.585607, -7.071697 ], [ 112.585697, -7.071737 ], [ 112.585788, -7.071774 ], [ 112.585922, -7.071835 ], [ 112.585939, -7.071809 ], [ 112.585969, -7.071743 ], [ 112.586003, -7.071669 ] ] ] } },
{ "type": "Feature", "properties": { "Type": "Sawah" }, "geometry": { "type": "Polygon", "coordinates": [ [ [ 112.579528, -7.073567 ], [ 112.579708, -7.07364 ], [ 112.579815, -7.073445 ], [ 112.579912, -7.073243 ], [ 112.580053, -7.073019 ], [ 112.580157, -7.072783 ], [ 112.580292, -7.07253 ], [ 112.580455, -7.072229 ], [ 112.580492, -7.072163 ], [ 112.580377, -7.07209 ], [ 112.580323, -7.072087 ], [ 112.58024, -7.072124 ], [ 112.580156, -7.07225 ], [ 112.58008, -7.072406 ], [ 112.579984, -7.072581 ], [ 112.579881, -7.072752 ], [ 112.579788, -7.072942 ], [ 112.579845, -7.072983 ], [ 112.579788, -7.073146 ], [ 112.579691, -7.073312 ], [ 112.579609, -7.073482 ], [ 112.579528, -7.073567 ] ] ] } },
{ "type": "Feature", "properties": { "Type": "Sawah" }, "geometry": { "type": "Polygon", "coordinates": [ [ [ 112.580054, -7.072091 ], [ 112.580001, -7.072182 ], [ 112.579959, -7.07226 ], [ 112.57991, -7.072356 ], [ 112.57987, -7.072427 ], [ 112.57991, -7.072442 ], [ 112.579985, -7.072471 ], [ 112.580014, -7.07242 ], [ 112.580042, -7.072356 ], [ 112.580078, -7.07228 ], [ 112.580115, -7.072199 ], [ 112.580149, -7.072141 ], [ 112.580141, -7.072119 ], [ 112.580054, -7.072091 ] ] ] } },
{ "type": "Feature", "properties": { "Type": "Sawah" }, "geometry": { "type": "Polygon", "coordinates": [ [ [ 112.580401, -7.071902 ], [ 112.580456, -7.071952 ], [ 112.580524, -7.072005 ], [ 112.5806, -7.07206 ], [ 112.580679, -7.072102 ], [ 112.58075, -7.072138 ], [ 112.580825, -7.072172 ], [ 112.580872, -7.072188 ], [ 112.58091, -7.072105 ], [ 112.580866, -7.072075 ], [ 112.580765, -7.072003 ], [ 112.580667, -7.071933 ], [ 112.580568, -7.071864 ], [ 112.580473, -7.07179 ], [ 112.580431, -7.071857 ], [ 112.580401, -7.071902 ] ] ] } },
{ "type": "Feature", "properties": { "Type": "Sawah" }, "geometry": { "type": "Polygon", "coordinates": [ [ [ 112.580232, -7.071611 ], [ 112.58017, -7.071701 ], [ 112.580112, -7.071781 ], [ 112.580074, -7.07183 ], [ 112.580057, -7.071861 ], [ 112.580069, -7.071878 ], [ 112.580098, -7.071906 ], [ 112.580133, -7.07194 ], [ 112.580166, -7.071969 ], [ 112.580196, -7.071978 ], [ 112.580221, -7.071962 ], [ 112.580263, -7.071937 ], [ 112.58031, -7.071922 ], [ 112.580349, -7.071909 ], [ 112.580376, -7.071907 ], [ 112.580377, -7.071886 ], [ 112.580382, -7.071862 ], [ 112.580393, -7.071841 ], [ 112.580408, -7.071819 ], [ 112.580421, -7.071796 ], [ 112.580444, -7.071785 ], [ 112.580447, -7.071779 ], [ 112.580417, -7.071736 ], [ 112.580353, -7.071697 ], [ 112.580295, -7.071647 ], [ 112.580232, -7.071611 ] ] ] } },
{ "type": "Feature", "properties": { "Type": "Sawah" }, "geometry": { "type": "Polygon", "coordinates": [ [ [ 112.580628, -7.071044 ], [ 112.580718, -7.071113 ], [ 112.580818, -7.071186 ], [ 112.580913, -7.071253 ], [ 112.580978, -7.071297 ], [ 112.581053, -7.071365 ], [ 112.581078, -7.071361 ], [ 112.581104, -7.071318 ], [ 112.581136, -7.071269 ], [ 112.581174, -7.07122 ], [ 112.58122, -7.071168 ], [ 112.581265, -7.071188 ], [ 112.581323, -7.071227 ], [ 112.581355, -7.071256 ], [ 112.581375, -7.071297 ], [ 112.581394, -7.071295 ], [ 112.581427, -7.071246 ], [ 112.581349, -7.071188 ], [ 112.581247, -7.071109 ], [ 112.581143, -7.071019 ], [ 112.581038, -7.070933 ], [ 112.580945, -7.07087 ], [ 112.580911, -7.070865 ], [ 112.580849, -7.070838 ], [ 112.580797, -7.070796 ], [ 112.580757, -7.070835 ], [ 112.580728, -7.070885 ], [ 112.580699, -7.070933 ], [ 112.580659, -7.070985 ], [ 112.580628, -7.071044 ] ] ] } },
{ "type": "Feature", "properties": { "Type": "Sawah" }, "geometry": { "type": "Polygon", "coordinates": [ [ [ 112.581353, -7.071096 ], [ 112.581404, -7.071145 ], [ 112.581463, -7.071184 ], [ 112.581475, -7.071174 ], [ 112.5815, -7.071142 ], [ 112.581507, -7.071124 ], [ 112.581486, -7.071109 ], [ 112.58146, -7.071101 ], [ 112.581446, -7.071079 ], [ 112.581438, -7.071065 ], [ 112.581422, -7.07105 ], [ 112.581406, -7.071043 ], [ 112.581394, -7.071041 ], [ 112.58137, -7.071072 ], [ 112.581353, -7.071096 ] ] ] } },
{ "type": "Feature", "properties": { "Type": "Sawah" }, "geometry": { "type": "Polygon", "coordinates": [ [ [ 112.580853, -7.07075 ], [ 112.58089, -7.070777 ], [ 112.580938, -7.070794 ], [ 112.580977, -7.070794 ], [ 112.581027, -7.070827 ], [ 112.581095, -7.070881 ], [ 112.581163, -7.070931 ], [ 112.581202, -7.070981 ], [ 112.581235, -7.07101 ], [ 112.581262, -7.071031 ], [ 112.581299, -7.07105 ], [ 112.581322, -7.07105 ], [ 112.581369, -7.070989 ], [ 112.581406, -7.070985 ], [ 112.581446, -7.071024 ], [ 112.581483, -7.071058 ], [ 112.58152, -7.071089 ], [ 112.581539, -7.071089 ], [ 112.581539, -7.071052 ], [ 112.58159, -7.071008 ], [ 112.581602, -7.070989 ], [ 112.581636, -7.070943 ], [ 112.581646, -7.07091 ], [ 112.581629, -7.070875 ], [ 112.58158, -7.070831 ], [ 112.581528, -7.070794 ], [ 112.581505, -7.070752 ], [ 112.581483, -7.070739 ], [ 112.581388, -7.070717 ], [ 112.581318, -7.070689 ], [ 112.581287, -7.070658 ], [ 112.581233, -7.070629 ], [ 112.581206, -7.070604 ], [ 112.581159, -7.070585 ], [ 112.581124, -7.070585 ], [ 112.581078, -7.070585 ], [ 112.581031, -7.070577 ], [ 112.580996, -7.070561 ], [ 112.580961, -7.070598 ], [ 112.58093, -7.070633 ], [ 112.580909, -7.070667 ], [ 112.580861, -7.070727 ], [ 112.580849, -7.070741 ], [ 112.580853, -7.07075 ] ] ] } },
{ "type": "Feature", "properties": { "Type": "Sawah" }, "geometry": { "type": "Polygon", "coordinates": [ [ [ 112.581796, -7.070844 ], [ 112.581823, -7.070796 ], [ 112.581845, -7.070742 ], [ 112.581881, -7.070698 ], [ 112.581921, -7.07063 ], [ 112.58197, -7.070552 ], [ 112.582008, -7.070491 ], [ 112.582044, -7.070435 ], [ 112.582078, -7.070374 ], [ 112.582087, -7.070345 ], [ 112.582093, -7.0703 ], [ 112.582129, -7.070302 ], [ 112.582129, -7.070279 ], [ 112.582104, -7.070267 ], [ 112.582064, -7.070246 ], [ 112.582035, -7.070226 ], [ 112.582006, -7.070207 ], [ 112.581993, -7.070188 ], [ 112.581974, -7.070179 ], [ 112.581927, -7.070241 ], [ 112.581898, -7.070291 ], [ 112.581868, -7.070329 ], [ 112.581819, -7.070394 ], [ 112.58178, -7.07045 ], [ 112.581745, -7.070498 ], [ 112.581719, -7.070534 ], [ 112.581685, -7.070572 ], [ 112.581649, -7.070629 ], [ 112.581634, -7.070659 ], [ 112.581632, -7.070682 ], [ 112.581652, -7.070708 ], [ 112.581716, -7.070767 ], [ 112.581763, -7.070807 ], [ 112.581796, -7.070844 ] ] ] } },
{ "type": "Feature", "properties": { "Type": "Sawah" }, "geometry": { "type": "Polygon", "coordinates": [ [ [ 112.580459, -7.070998 ], [ 112.580505, -7.071037 ], [ 112.580567, -7.071015 ], [ 112.580613, -7.070957 ], [ 112.580673, -7.070868 ], [ 112.580717, -7.070804 ], [ 112.580766, -7.070742 ], [ 112.580816, -7.070703 ], [ 112.580849, -7.070658 ], [ 112.580889, -7.070594 ], [ 112.580926, -7.070544 ], [ 112.580949, -7.070507 ], [ 112.580906, -7.070466 ], [ 112.580862, -7.070431 ], [ 112.58082, -7.0704 ], [ 112.580806, -7.07039 ], [ 112.580775, -7.070402 ], [ 112.580808, -7.070466 ], [ 112.580804, -7.07053 ], [ 112.58075, -7.070532 ], [ 112.580723, -7.070522 ], [ 112.580708, -7.07054 ], [ 112.580708, -7.070569 ], [ 112.580712, -7.070619 ], [ 112.580702, -7.070668 ], [ 112.580671, -7.070689 ], [ 112.580658, -7.070722 ], [ 112.580615, -7.070732 ], [ 112.580588, -7.070747 ], [ 112.580538, -7.070804 ], [ 112.580509, -7.070858 ], [ 112.58048, -7.070897 ], [ 112.580455, -7.070924 ], [ 112.580471, -7.070977 ], [ 112.580459, -7.070998 ] ] ] } },
{ "type": "Feature", "properties": { "Type": "Sawah" }, "geometry": { "type": "Polygon", "coordinates": [ [ [ 112.585556, -7.071519 ], [ 112.585384, -7.071434 ], [ 112.585279, -7.071384 ], [ 112.585217, -7.071353 ], [ 112.585162, -7.07133 ], [ 112.585126, -7.071306 ], [ 112.585105, -7.071377 ], [ 112.585083, -7.071434 ], [ 112.585062, -7.071477 ], [ 112.585136, -7.071531 ], [ 112.585217, -7.071567 ], [ 112.585315, -7.071614 ], [ 112.58541, -7.071661 ], [ 112.585472, -7.071695 ], [ 112.585527, -7.071609 ], [ 112.585556, -7.071519 ] ] ] } },
{ "type": "Feature", "properties": { "Type": "Sawah" }, "geometry": { "type": "Polygon", "coordinates": [ [ [ 112.58504, -7.071505 ], [ 112.585029, -7.071542 ], [ 112.585003, -7.071592 ], [ 112.584969, -7.071649 ], [ 112.584958, -7.071694 ], [ 112.585006, -7.071719 ], [ 112.585062, -7.071746 ], [ 112.585141, -7.071787 ], [ 112.585198, -7.071814 ], [ 112.585264, -7.071851 ], [ 112.585349, -7.071889 ], [ 112.585369, -7.071882 ], [ 112.585408, -7.071824 ], [ 112.585441, -7.07177 ], [ 112.585462, -7.071714 ], [ 112.585396, -7.071683 ], [ 112.585294, -7.071635 ], [ 112.585186, -7.071589 ], [ 112.585106, -7.071539 ], [ 112.58504, -7.071505 ] ] ] } },
{ "type": "Feature", "properties": { "Type": "Sawah" }, "geometry": { "type": "Polygon", "coordinates": [ [ [ 112.584712, -7.071098 ], [ 112.5846, -7.071284 ], [ 112.584602, -7.071281 ], [ 112.585027, -7.071478 ], [ 112.585097, -7.071286 ], [ 112.584712, -7.071098 ] ] ] } },
{ "type": "Feature", "properties": { "Type": "Sawah" }, "geometry": { "type": "Polygon", "coordinates": [ [ [ 112.584602, -7.071321 ], [ 112.584526, -7.071458 ], [ 112.584924, -7.071677 ], [ 112.585008, -7.071503 ], [ 112.584602, -7.071321 ] ] ] } },
{ "type": "Feature", "properties": { "Type": "Sawah" }, "geometry": { "type": "Polygon", "coordinates": [ [ [ 112.584507, -7.071503 ], [ 112.584397, -7.071668 ], [ 112.584642, -7.071787 ], [ 112.584822, -7.071869 ], [ 112.584909, -7.071699 ], [ 112.584781, -7.071642 ], [ 112.584664, -7.071579 ], [ 112.584507, -7.071503 ] ] ] } },
{ "type": "Feature", "properties": { "Type": "Sawah" }, "geometry": { "type": "Polygon", "coordinates": [ [ [ 112.584799, -7.071996 ], [ 112.584892, -7.071997 ], [ 112.585056, -7.072025 ], [ 112.585296, -7.072043 ], [ 112.58537, -7.071909 ], [ 112.58494, -7.071709 ], [ 112.584799, -7.071996 ] ] ] } },
{ "type": "Feature", "properties": { "Type": "Sawah" }, "geometry": { "type": "Polygon", "coordinates": [ [ [ 112.584381, -7.071692 ], [ 112.584298, -7.071836 ], [ 112.584301, -7.071833 ], [ 112.584315, -7.071846 ], [ 112.584367, -7.071868 ], [ 112.584446, -7.071893 ], [ 112.584537, -7.071927 ], [ 112.584592, -7.071954 ], [ 112.584647, -7.071975 ], [ 112.584711, -7.071992 ], [ 112.584772, -7.071994 ], [ 112.584812, -7.071892 ], [ 112.584756, -7.071865 ], [ 112.584605, -7.071795 ], [ 112.584492, -7.071742 ], [ 112.584381, -7.071692 ] ] ] } },
{ "type": "Feature", "properties": { "Type": "Sawah" }, "geometry": { "type": "Polygon", "coordinates": [ [ [ 112.586735, -7.071881 ], [ 112.586716, -7.071928 ], [ 112.586902, -7.072019 ], [ 112.587071, -7.072096 ], [ 112.5871, -7.072102 ], [ 112.587135, -7.072052 ], [ 112.586957, -7.071979 ], [ 112.58682, -7.071915 ], [ 112.586735, -7.071881 ] ] ] } },
{ "type": "Feature", "properties": { "Type": "Sawah" }, "geometry": { "type": "Polygon", "coordinates": [ [ [ 112.586775, -7.071808 ], [ 112.586745, -7.07187 ], [ 112.587145, -7.072044 ], [ 112.587175, -7.071991 ], [ 112.586775, -7.071808 ] ] ] } },
{ "type": "Feature", "properties": { "Type": "Sawah" }, "geometry": { "type": "Polygon", "coordinates": [ [ [ 112.580113, -7.068099 ], [ 112.580074, -7.068086 ], [ 112.579804, -7.068353 ], [ 112.579907, -7.068437 ], [ 112.580206, -7.068174 ], [ 112.580113, -7.068099 ] ] ] } },
{ "type": "Feature", "properties": { "Type": "Sawah" }, "geometry": { "type": "Polygon", "coordinates": [ [ [ 112.586241, -7.071715 ], [ 112.586317, -7.071756 ], [ 112.586447, -7.07181 ], [ 112.586553, -7.071857 ], [ 112.586634, -7.071899 ], [ 112.586663, -7.071846 ], [ 112.586591, -7.071811 ], [ 112.586506, -7.071773 ], [ 112.586423, -7.071736 ], [ 112.586361, -7.071703 ], [ 112.586273, -7.071657 ], [ 112.586241, -7.071715 ] ] ] } },
{ "type": "Feature", "properties": { "Type": "Sawah" }, "geometry": { "type": "Polygon", "coordinates": [ [ [ 112.586277, -7.07165 ], [ 112.586357, -7.071693 ], [ 112.58645, -7.071733 ], [ 112.586559, -7.071783 ], [ 112.58664, -7.071818 ], [ 112.586664, -7.071834 ], [ 112.586685, -7.071797 ], [ 112.586688, -7.071771 ], [ 112.586649, -7.071753 ], [ 112.586581, -7.071724 ], [ 112.586503, -7.071689 ], [ 112.586441, -7.071661 ], [ 112.586388, -7.071636 ], [ 112.586305, -7.071599 ], [ 112.586277, -7.07165 ] ] ] } },
{ "type": "Feature", "properties": { "Type": "Sawah" }, "geometry": { "type": "Polygon", "coordinates": [ [ [ 112.578763, -7.067403 ], [ 112.578867, -7.067367 ], [ 112.578971, -7.067319 ], [ 112.579058, -7.067283 ], [ 112.579072, -7.067261 ], [ 112.579017, -7.067161 ], [ 112.578937, -7.067033 ], [ 112.578874, -7.066928 ], [ 112.578835, -7.066868 ], [ 112.578666, -7.066966 ], [ 112.578574, -7.06705 ], [ 112.578514, -7.067108 ], [ 112.578763, -7.067403 ] ] ] } },
{ "type": "Feature", "properties": { "Type": "Sawah" }, "geometry": { "type": "Polygon", "coordinates": [ [ [ 112.578567, -7.064842 ], [ 112.578531, -7.064971 ], [ 112.578478, -7.065139 ], [ 112.578441, -7.065259 ], [ 112.578427, -7.065329 ], [ 112.578393, -7.065442 ], [ 112.578424, -7.065461 ], [ 112.578468, -7.065492 ], [ 112.578483, -7.065528 ], [ 112.578461, -7.065581 ], [ 112.578432, -7.065624 ], [ 112.578437, -7.065655 ], [ 112.578541, -7.065696 ], [ 112.578603, -7.065727 ], [ 112.578613, -7.065703 ], [ 112.578645, -7.065607 ], [ 112.578652, -7.065557 ], [ 112.578659, -7.065518 ], [ 112.578676, -7.06548 ], [ 112.578703, -7.065454 ], [ 112.578758, -7.065454 ], [ 112.578775, -7.06543 ], [ 112.578823, -7.065389 ], [ 112.578823, -7.065353 ], [ 112.578782, -7.065329 ], [ 112.578741, -7.065254 ], [ 112.578695, -7.065185 ], [ 112.578628, -7.065168 ], [ 112.578577, -7.065132 ], [ 112.578591, -7.065086 ], [ 112.57862, -7.065034 ], [ 112.57862, -7.064974 ], [ 112.578594, -7.064858 ], [ 112.578567, -7.064842 ] ] ] } },
{ "type": "Feature", "properties": { "Type": "Sawah" }, "geometry": { "type": "Polygon", "coordinates": [ [ [ 112.577958, -7.0651 ], [ 112.578005, -7.065136 ], [ 112.577996, -7.065153 ], [ 112.578014, -7.065167 ], [ 112.578027, -7.065147 ], [ 112.578089, -7.065178 ], [ 112.578132, -7.065149 ], [ 112.57815, -7.065143 ], [ 112.578164, -7.065153 ], [ 112.57821, -7.065112 ], [ 112.578265, -7.065068 ], [ 112.578302, -7.065035 ], [ 112.578352, -7.065005 ], [ 112.578391, -7.064977 ], [ 112.578366, -7.064958 ], [ 112.578342, -7.064947 ], [ 112.578324, -7.064964 ], [ 112.578286, -7.064957 ], [ 112.578254, -7.064939 ], [ 112.578236, -7.064928 ], [ 112.578207, -7.064938 ], [ 112.578179, -7.064947 ], [ 112.578145, -7.064949 ], [ 112.5781, -7.064931 ], [ 112.578064, -7.064918 ], [ 112.57804, -7.064911 ], [ 112.578037, -7.064935 ], [ 112.578032, -7.064954 ], [ 112.578012, -7.06496 ], [ 112.578007, -7.064964 ], [ 112.577958, -7.0651 ] ] ] } },
{ "type": "Feature", "properties": { "Type": "Sawah" }, "geometry": { "type": "Polygon", "coordinates": [ [ [ 112.578089, -7.06524 ], [ 112.578068, -7.065282 ], [ 112.578086, -7.06535 ], [ 112.578145, -7.065399 ], [ 112.578231, -7.065411 ], [ 112.578297, -7.065429 ], [ 112.578328, -7.065419 ], [ 112.578347, -7.065379 ], [ 112.578372, -7.065293 ], [ 112.578401, -7.065204 ], [ 112.578417, -7.065135 ], [ 112.578435, -7.065076 ], [ 112.578456, -7.065034 ], [ 112.578478, -7.064993 ], [ 112.578483, -7.064974 ], [ 112.57847, -7.064967 ], [ 112.57845, -7.064971 ], [ 112.578437, -7.064974 ], [ 112.578428, -7.064992 ], [ 112.57841, -7.065011 ], [ 112.578394, -7.065012 ], [ 112.57832, -7.065068 ], [ 112.578235, -7.065137 ], [ 112.578157, -7.065196 ], [ 112.578139, -7.065222 ], [ 112.578089, -7.06524 ] ] ] } },
{ "type": "Feature", "properties": { "Type": "Sawah" }, "geometry": { "type": "Polygon", "coordinates": [ [ [ 112.578047, -7.065317 ], [ 112.577997, -7.065431 ], [ 112.578, -7.065453 ], [ 112.578023, -7.065469 ], [ 112.57805, -7.065487 ], [ 112.578068, -7.065493 ], [ 112.578135, -7.065437 ], [ 112.578133, -7.065429 ], [ 112.5781, -7.065405 ], [ 112.578085, -7.065398 ], [ 112.578047, -7.065317 ] ] ] } },
{ "type": "Feature", "properties": { "Type": "Sawah" }, "geometry": { "type": "Polygon", "coordinates": [ [ [ 112.577895, -7.065435 ], [ 112.577843, -7.065589 ], [ 112.577838, -7.065616 ], [ 112.577844, -7.065623 ], [ 112.577861, -7.065636 ], [ 112.57789, -7.065651 ], [ 112.577914, -7.065672 ], [ 112.577943, -7.065689 ], [ 112.577961, -7.06569 ], [ 112.57799, -7.065687 ], [ 112.578017, -7.065675 ], [ 112.578032, -7.06568 ], [ 112.578034, -7.065675 ], [ 112.578029, -7.065636 ], [ 112.578036, -7.065583 ], [ 112.578033, -7.065521 ], [ 112.577987, -7.06549 ], [ 112.577957, -7.065463 ], [ 112.577924, -7.065443 ], [ 112.577895, -7.065435 ] ] ] } },
{ "type": "Feature", "properties": { "Type": "Sawah" }, "geometry": { "type": "Polygon", "coordinates": [ [ [ 112.578185, -7.065454 ], [ 112.578169, -7.065469 ], [ 112.578139, -7.065489 ], [ 112.578111, -7.065509 ], [ 112.578087, -7.065531 ], [ 112.578075, -7.065554 ], [ 112.578072, -7.065604 ], [ 112.578081, -7.06565 ], [ 112.578093, -7.06569 ], [ 112.578106, -7.065706 ], [ 112.578147, -7.065732 ], [ 112.57818, -7.065761 ], [ 112.578201, -7.065789 ], [ 112.57822, -7.065815 ], [ 112.578223, -7.065832 ], [ 112.578216, -7.065876 ], [ 112.578215, -7.065896 ], [ 112.578237, -7.065921 ], [ 112.578255, -7.065925 ], [ 112.578306, -7.065944 ], [ 112.578315, -7.065944 ], [ 112.578353, -7.065868 ], [ 112.57838, -7.065802 ], [ 112.578395, -7.065768 ], [ 112.578413, -7.065717 ], [ 112.578403, -7.065709 ], [ 112.578371, -7.06569 ], [ 112.578367, -7.065674 ], [ 112.578365, -7.065646 ], [ 112.578382, -7.065597 ], [ 112.578398, -7.065565 ], [ 112.578409, -7.065551 ], [ 112.578416, -7.06554 ], [ 112.578406, -7.065531 ], [ 112.578395, -7.065532 ], [ 112.578378, -7.065525 ], [ 112.578365, -7.065513 ], [ 112.578327, -7.065496 ], [ 112.578284, -7.065482 ], [ 112.578234, -7.065467 ], [ 112.578185, -7.065454 ] ] ] } },
{ "type": "Feature", "properties": { "Type": "Sawah" }, "geometry": { "type": "Polygon", "coordinates": [ [ [ 112.577838, -7.065815 ], [ 112.577814, -7.065877 ], [ 112.577843, -7.065896 ], [ 112.577843, -7.065931 ], [ 112.57781, -7.06599 ], [ 112.577789, -7.066031 ], [ 112.577789, -7.066078 ], [ 112.577826, -7.066086 ], [ 112.577874, -7.066033 ], [ 112.577925, -7.066039 ], [ 112.578038, -7.06608 ], [ 112.578057, -7.066115 ], [ 112.578026, -7.066201 ], [ 112.577933, -7.066325 ], [ 112.577923, -7.066413 ], [ 112.577917, -7.066464 ], [ 112.578115, -7.066518 ], [ 112.578181, -7.06654 ], [ 112.578201, -7.066559 ], [ 112.578234, -7.066595 ], [ 112.578639, -7.06623 ], [ 112.578652, -7.066212 ], [ 112.578616, -7.066185 ], [ 112.578564, -7.066166 ], [ 112.578508, -7.066153 ], [ 112.578476, -7.066116 ], [ 112.578478, -7.066093 ], [ 112.578504, -7.066028 ], [ 112.578529, -7.06597 ], [ 112.578585, -7.065799 ], [ 112.578465, -7.065746 ], [ 112.578361, -7.065998 ], [ 112.578342, -7.066024 ], [ 112.578277, -7.066006 ], [ 112.578213, -7.065971 ], [ 112.578175, -7.065959 ], [ 112.578157, -7.0659 ], [ 112.578157, -7.06583 ], [ 112.578142, -7.065814 ], [ 112.578115, -7.065754 ], [ 112.578086, -7.065723 ], [ 112.578058, -7.065738 ], [ 112.578033, -7.065747 ], [ 112.578027, -7.065726 ], [ 112.578013, -7.065722 ], [ 112.578012, -7.065728 ], [ 112.577997, -7.06574 ], [ 112.577958, -7.065739 ], [ 112.577901, -7.065741 ], [ 112.57789, -7.065753 ], [ 112.577883, -7.065778 ], [ 112.577854, -7.065788 ], [ 112.577838, -7.065815 ] ] ] } },
{ "type": "Feature", "properties": { "Type": "Sawah" }, "geometry": { "type": "Polygon", "coordinates": [ [ [ 112.562541, -7.067381 ], [ 112.562062, -7.068552 ], [ 112.562337, -7.068657 ], [ 112.562266, -7.068824 ], [ 112.562203, -7.068978 ], [ 112.562893, -7.069163 ], [ 112.563397, -7.067905 ], [ 112.563453, -7.067724 ], [ 112.563449, -7.06765 ], [ 112.56308, -7.067525 ], [ 112.562738, -7.067409 ], [ 112.562541, -7.067381 ] ] ] } },
{ "type": "Feature", "properties": { "Type": "Sawah" }, "geometry": { "type": "Polygon", "coordinates": [ [ [ 112.562007, -7.06724 ], [ 112.561485, -7.068526 ], [ 112.56176, -7.068631 ], [ 112.561676, -7.06883 ], [ 112.561834, -7.068854 ], [ 112.562425, -7.067334 ], [ 112.562007, -7.06724 ] ] ] } },
{ "type": "Feature", "properties": { "Type": "Sawah" }, "geometry": { "type": "Polygon", "coordinates": [ [ [ 112.561429, -7.067053 ], [ 112.560897, -7.068549 ], [ 112.561049, -7.068615 ], [ 112.561126, -7.068367 ], [ 112.561422, -7.068486 ], [ 112.561918, -7.06721 ], [ 112.561429, -7.067053 ] ] ] } },
{ "type": "Feature", "properties": { "Type": "Sawah" }, "geometry": { "type": "Polygon", "coordinates": [ [ [ 112.558474, -7.066138 ], [ 112.559328, -7.066459 ], [ 112.559408, -7.06622 ], [ 112.558552, -7.065883 ], [ 112.558474, -7.066138 ] ] ] } },
{ "type": "Feature", "properties": { "Type": "Sawah" }, "geometry": { "type": "Polygon", "coordinates": [ [ [ 112.558291, -7.066525 ], [ 112.55918, -7.066882 ], [ 112.559189, -7.066821 ], [ 112.559128, -7.066694 ], [ 112.558361, -7.066372 ], [ 112.558291, -7.066525 ] ] ] } },
{ "type": "Feature", "properties": { "Type": "Sawah" }, "geometry": { "type": "Polygon", "coordinates": [ [ [ 112.558405, -7.066338 ], [ 112.559236, -7.066671 ], [ 112.559299, -7.066564 ], [ 112.559273, -7.066518 ], [ 112.559201, -7.066507 ], [ 112.55845, -7.066189 ], [ 112.558405, -7.066338 ] ] ] } },
{ "type": "Feature", "properties": { "Type": "Sawah" }, "geometry": { "type": "Polygon", "coordinates": [ [ [ 112.56035, -7.065336 ], [ 112.55994, -7.066472 ], [ 112.560337, -7.066578 ], [ 112.560698, -7.065459 ], [ 112.56035, -7.065336 ] ] ] } },
{ "type": "Feature", "properties": { "Type": "Sawah" }, "geometry": { "type": "Polygon", "coordinates": [ [ [ 112.559867, -7.065005 ], [ 112.560322, -7.06519 ], [ 112.560521, -7.064567 ], [ 112.560104, -7.0644 ], [ 112.559867, -7.065005 ] ] ] } },
{ "type": "Feature", "properties": { "Type": "Sawah" }, "geometry": { "type": "Polygon", "coordinates": [ [ [ 112.558984, -7.064636 ], [ 112.558891, -7.064889 ], [ 112.559763, -7.065193 ], [ 112.559791, -7.065067 ], [ 112.559791, -7.064964 ], [ 112.559288, -7.064779 ], [ 112.559239, -7.064711 ], [ 112.558984, -7.064636 ] ] ] } },
{ "type": "Feature", "properties": { "Type": "Sawah" }, "geometry": { "type": "Polygon", "coordinates": [ [ [ 112.564906, -7.055394 ], [ 112.565083, -7.055953 ], [ 112.565451, -7.055887 ], [ 112.565337, -7.055377 ], [ 112.564906, -7.055394 ] ] ] } },
{ "type": "Feature", "properties": { "Type": "Pemukiman" }, "geometry": { "type": "Polygon", "coordinates": [ [ [ 112.560796, -7.061427 ], [ 112.560664, -7.061643 ], [ 112.560765, -7.061709 ], [ 112.560809, -7.061741 ], [ 112.560756, -7.061836 ], [ 112.560866, -7.061891 ], [ 112.561093, -7.061541 ], [ 112.560796, -7.061427 ] ] ] } },
{ "type": "Feature", "properties": { "Type": "Pemukiman" }, "geometry": { "type": "Polygon", "coordinates": [ [ [ 112.560568, -7.061247 ], [ 112.562087, -7.061765 ], [ 112.562778, -7.059994 ], [ 112.561498, -7.059682 ], [ 112.560568, -7.061247 ] ] ] } },
{ "type": "Feature", "properties": { "Type": "Pemukiman" }, "geometry": { "type": "Polygon", "coordinates": [ [ [ 112.560255, -7.059329 ], [ 112.560242, -7.059497 ], [ 112.561289, -7.059575 ], [ 112.561398, -7.059073 ], [ 112.560457, -7.058856 ], [ 112.560255, -7.059329 ] ] ] } },
{ "type": "Feature", "properties": { "Type": "Pemukiman" }, "geometry": { "type": "Polygon", "coordinates": [ [ [ 112.559694, -7.058553 ], [ 112.55936, -7.059219 ], [ 112.559369, -7.059219 ], [ 112.560102, -7.059498 ], [ 112.560378, -7.058869 ], [ 112.559694, -7.058553 ] ] ] } },
{ "type": "Feature", "properties": { "Type": "Pemukiman" }, "geometry": { "type": "Polygon", "coordinates": [ [ [ 112.559347, -7.057756 ], [ 112.55973, -7.057996 ], [ 112.559827, -7.057875 ], [ 112.559427, -7.057655 ], [ 112.559347, -7.057756 ] ] ] } },
{ "type": "Feature", "properties": { "Type": "Pemukiman" }, "geometry": { "type": "Polygon", "coordinates": [ [ [ 112.559594, -7.057582 ], [ 112.559754, -7.057781 ], [ 112.559797, -7.057774 ], [ 112.559875, -7.057676 ], [ 112.559867, -7.057567 ], [ 112.559766, -7.057445 ], [ 112.559684, -7.057473 ], [ 112.559594, -7.057582 ] ] ] } },
{ "type": "Feature", "properties": { "Type": "Pemukiman" }, "geometry": { "type": "Polygon", "coordinates": [ [ [ 112.559966, -7.057712 ], [ 112.559922, -7.057816 ], [ 112.559942, -7.057901 ], [ 112.560003, -7.057934 ], [ 112.560063, -7.057865 ], [ 112.560058, -7.057786 ], [ 112.559966, -7.057712 ] ] ] } },
{ "type": "Feature", "properties": { "Type": "Pemukiman" }, "geometry": { "type": "Polygon", "coordinates": [ [ [ 112.561619, -7.059582 ], [ 112.561812, -7.059672 ], [ 112.561985, -7.059314 ], [ 112.561779, -7.059228 ], [ 112.561619, -7.059582 ] ] ] } },
{ "type": "Feature", "properties": { "Type": "Pemukiman" }, "geometry": { "type": "Polygon", "coordinates": [ [ [ 112.561912, -7.059538 ], [ 112.561826, -7.059691 ], [ 112.562482, -7.059892 ], [ 112.562529, -7.059698 ], [ 112.561912, -7.059538 ] ] ] } },
{ "type": "Feature", "properties": { "Type": "Pemukiman" }, "geometry": { "type": "Polygon", "coordinates": [ [ [ 112.562645, -7.059631 ], [ 112.562541, -7.05989 ], [ 112.562682, -7.059945 ], [ 112.562763, -7.059661 ], [ 112.562645, -7.059631 ] ] ] } },
{ "type": "Feature", "properties": { "Type": "Pemukiman" }, "geometry": { "type": "Polygon", "coordinates": [ [ [ 112.562948, -7.059753 ], [ 112.562844, -7.059939 ], [ 112.563462, -7.060211 ], [ 112.563539, -7.060023 ], [ 112.563361, -7.059879 ], [ 112.562948, -7.059753 ] ] ] } },
{ "type": "Feature", "properties": { "Type": "Pemukiman" }, "geometry": { "type": "Polygon", "coordinates": [ [ [ 112.565483, -7.061329 ], [ 112.566474, -7.062019 ], [ 112.567172, -7.061081 ], [ 112.56642, -7.060575 ], [ 112.566251, -7.060731 ], [ 112.565483, -7.061329 ] ] ] } },
{ "type": "Feature", "properties": { "Type": "Pemukiman" }, "geometry": { "type": "Polygon", "coordinates": [ [ [ 112.569888, -7.063692 ], [ 112.569732, -7.064153 ], [ 112.569732, -7.064156 ], [ 112.570316, -7.06435 ], [ 112.57049, -7.063906 ], [ 112.569888, -7.063692 ] ] ] } },
{ "type": "Feature", "properties": { "Type": "Pemukiman" }, "geometry": { "type": "Polygon", "coordinates": [ [ [ 112.576163, -7.054159 ], [ 112.57617, -7.055788 ], [ 112.581367, -7.055571 ], [ 112.581307, -7.054106 ], [ 112.576163, -7.054159 ] ] ] } },
{ "type": "Feature", "properties": { "Type": "Pemukiman" }, "geometry": { "type": "Polygon", "coordinates": [ [ [ 112.571783, -7.052467 ], [ 112.571783, -7.053394 ], [ 112.576046, -7.05447 ], [ 112.576038, -7.052871 ], [ 112.571783, -7.052467 ] ] ] } },
{ "type": "Feature", "properties": { "Type": "Pemukiman" }, "geometry": { "type": "Polygon", "coordinates": [ [ [ 112.575711, -7.047835 ], [ 112.575955, -7.050209 ], [ 112.577157, -7.050154 ], [ 112.577502, -7.04895 ], [ 112.576857, -7.047846 ], [ 112.575711, -7.047835 ] ] ] } },
{ "type": "Feature", "properties": { "Type": "Pemukiman" }, "geometry": { "type": "Polygon", "coordinates": [ [ [ 112.577891, -7.049182 ], [ 112.577691, -7.050849 ], [ 112.579248, -7.051048 ], [ 112.579171, -7.049281 ], [ 112.577891, -7.049182 ] ] ] } },
{ "type": "Feature", "properties": { "Type": "Pemukiman" }, "geometry": { "type": "Polygon", "coordinates": [ [ [ 112.579475, -7.051481 ], [ 112.577733, -7.051154 ], [ 112.577577, -7.052799 ], [ 112.579346, -7.052777 ], [ 112.579475, -7.051481 ] ] ] } },
{ "type": "Feature", "properties": { "Type": "Pemukiman" }, "geometry": { "type": "Polygon", "coordinates": [ [ [ 112.583857, -7.055014 ], [ 112.584129, -7.05645 ], [ 112.58721, -7.055995 ], [ 112.586752, -7.054786 ], [ 112.583857, -7.055014 ] ] ] } },
{ "type": "Feature", "properties": { "Type": "Pemukiman" }, "geometry": { "type": "Polygon", "coordinates": [ [ [ 112.582739, -7.055511 ], [ 112.582983, -7.057304 ], [ 112.584029, -7.056792 ], [ 112.583742, -7.055426 ], [ 112.582739, -7.055511 ] ] ] } },
{ "type": "Feature", "properties": { "Type": "Pemukiman" }, "geometry": { "type": "Polygon", "coordinates": [ [ [ 112.586299, -7.053719 ], [ 112.585243, -7.054281 ], [ 112.585243, -7.054832 ], [ 112.586353, -7.054724 ], [ 112.586702, -7.054324 ], [ 112.586299, -7.053719 ] ] ] } },
{ "type": "Feature", "properties": { "Type": "Pemukiman" }, "geometry": { "type": "Polygon", "coordinates": [ [ [ 112.581936, -7.053367 ], [ 112.581761, -7.054264 ], [ 112.583123, -7.054339 ], [ 112.583221, -7.053356 ], [ 112.581936, -7.053367 ] ] ] } },
{ "type": "Feature", "properties": { "Type": "Pemukiman" }, "geometry": { "type": "Polygon", "coordinates": [ [ [ 112.581564, -7.054332 ], [ 112.583198, -7.055262 ], [ 112.58334, -7.054646 ], [ 112.582642, -7.054483 ], [ 112.581564, -7.054332 ] ] ] } },
{ "type": "Feature", "properties": { "Type": "Pemukiman" }, "geometry": { "type": "Polygon", "coordinates": [ [ [ 112.570717, -7.049449 ], [ 112.571918, -7.050477 ], [ 112.572219, -7.049083 ], [ 112.571494, -7.049108 ], [ 112.570782, -7.049234 ], [ 112.570717, -7.049449 ] ] ] } },
{ "type": "Feature", "properties": { "Type": "Pemukiman" }, "geometry": { "type": "Polygon", "coordinates": [ [ [ 112.572431, -7.049664 ], [ 112.572166, -7.05064 ], [ 112.573891, -7.05073 ], [ 112.573949, -7.049889 ], [ 112.572431, -7.049664 ] ] ] } },
{ "type": "Feature", "properties": { "Type": "Pemukiman" }, "geometry": { "type": "Polygon", "coordinates": [ [ [ 112.573079, -7.050751 ], [ 112.572972, -7.051911 ], [ 112.573626, -7.052062 ], [ 112.573804, -7.051782 ], [ 112.573807, -7.050938 ], [ 112.57383, -7.050777 ], [ 112.573079, -7.050751 ] ] ] } },
{ "type": "Feature", "properties": { "Type": "Pemukiman" }, "geometry": { "type": "Polygon", "coordinates": [ [ [ 112.573011, -7.052097 ], [ 112.572953, -7.052412 ], [ 112.575128, -7.052678 ], [ 112.575189, -7.052296 ], [ 112.574403, -7.052229 ], [ 112.573011, -7.052097 ] ] ] } },
{ "type": "Feature", "properties": { "Type": "Pemukiman" }, "geometry": { "type": "Polygon", "coordinates": [ [ [ 112.558974, -7.050849 ], [ 112.560712, -7.051595 ], [ 112.560959, -7.051154 ], [ 112.5608, -7.050827 ], [ 112.559188, -7.050174 ], [ 112.558974, -7.050849 ] ] ] } },
{ "type": "Feature", "properties": { "Type": "Pemukiman" }, "geometry": { "type": "Polygon", "coordinates": [ [ [ 112.558814, -7.049955 ], [ 112.560509, -7.050603 ], [ 112.560563, -7.050364 ], [ 112.559061, -7.049732 ], [ 112.558814, -7.049955 ] ] ] } },
{ "type": "Feature", "properties": { "Type": "Pemukiman" }, "geometry": { "type": "Polygon", "coordinates": [ [ [ 112.560624, -7.050184 ], [ 112.560766, -7.050266 ], [ 112.561156, -7.049776 ], [ 112.560871, -7.049547 ], [ 112.560624, -7.050184 ] ] ] } },
{ "type": "Feature", "properties": { "Type": "Pemukiman" }, "geometry": { "type": "Polygon", "coordinates": [ [ [ 112.561309, -7.049046 ], [ 112.560991, -7.049536 ], [ 112.561326, -7.049596 ], [ 112.561287, -7.050162 ], [ 112.562329, -7.050636 ], [ 112.562669, -7.049563 ], [ 112.561309, -7.049046 ] ] ] } },
{ "type": "Feature", "properties": { "Type": "Pemukiman" }, "geometry": { "type": "Polygon", "coordinates": [ [ [ 112.561377, -7.048542 ], [ 112.561196, -7.048896 ], [ 112.56255, -7.049473 ], [ 112.562742, -7.049043 ], [ 112.561377, -7.048542 ] ] ] } },
{ "type": "Feature", "properties": { "Type": "Pemukiman" }, "geometry": { "type": "Polygon", "coordinates": [ [ [ 112.562421, -7.050602 ], [ 112.563234, -7.050849 ], [ 112.563598, -7.049412 ], [ 112.562889, -7.049172 ], [ 112.562421, -7.050602 ] ] ] } },
{ "type": "Feature", "properties": { "Type": "Pemukiman" }, "geometry": { "type": "Polygon", "coordinates": [ [ [ 112.551106, -7.045737 ], [ 112.551824, -7.045809 ], [ 112.552167, -7.045895 ], [ 112.552272, -7.045787 ], [ 112.552025, -7.045628 ], [ 112.552981, -7.045986 ], [ 112.55277, -7.046576 ], [ 112.553191, -7.046771 ], [ 112.55342, -7.045582 ], [ 112.551408, -7.044915 ], [ 112.551106, -7.045737 ] ] ] } },
{ "type": "Feature", "properties": { "Type": "Pemukiman" }, "geometry": { "type": "Polygon", "coordinates": [ [ [ 112.551601, -7.044486 ], [ 112.551469, -7.044867 ], [ 112.553417, -7.045539 ], [ 112.55354, -7.045117 ], [ 112.551601, -7.044486 ] ] ] } },
{ "type": "Feature", "properties": { "Type": "Pemukiman" }, "geometry": { "type": "Polygon", "coordinates": [ [ [ 112.553584, -7.045148 ], [ 112.553465, -7.04557 ], [ 112.554947, -7.046064 ], [ 112.555097, -7.045615 ], [ 112.553584, -7.045148 ] ] ] } },
{ "type": "Feature", "properties": { "Type": "Pemukiman" }, "geometry": { "type": "Polygon", "coordinates": [ [ [ 112.553452, -7.045644 ], [ 112.553375, -7.046044 ], [ 112.554788, -7.046538 ], [ 112.554911, -7.046112 ], [ 112.553452, -7.045644 ] ] ] } },
{ "type": "Feature", "properties": { "Type": "Pemukiman" }, "geometry": { "type": "Polygon", "coordinates": [ [ [ 112.55337, -7.046157 ], [ 112.55327, -7.046515 ], [ 112.553462, -7.046593 ], [ 112.553603, -7.046466 ], [ 112.553983, -7.046488 ], [ 112.554047, -7.046343 ], [ 112.55337, -7.046157 ] ] ] } },
{ "type": "Feature", "properties": { "Type": "Pemukiman" }, "geometry": { "type": "Polygon", "coordinates": [ [ [ 112.555643, -7.045839 ], [ 112.555483, -7.046252 ], [ 112.556822, -7.046706 ], [ 112.556978, -7.046239 ], [ 112.555643, -7.045839 ] ] ] } },
{ "type": "Feature", "properties": { "Type": "Pemukiman" }, "geometry": { "type": "Polygon", "coordinates": [ [ [ 112.55547, -7.046324 ], [ 112.555255, -7.046673 ], [ 112.556389, -7.047132 ], [ 112.556467, -7.046995 ], [ 112.556691, -7.047059 ], [ 112.556777, -7.046741 ], [ 112.55547, -7.046324 ] ] ] } },
{ "type": "Feature", "properties": { "Type": "Pemukiman" }, "geometry": { "type": "Polygon", "coordinates": [ [ [ 112.557026, -7.046279 ], [ 112.556912, -7.046519 ], [ 112.557662, -7.046742 ], [ 112.557776, -7.046524 ], [ 112.557026, -7.046279 ] ] ] } },
{ "type": "Feature", "properties": { "Type": "Pemukiman" }, "geometry": { "type": "Polygon", "coordinates": [ [ [ 112.55588, -7.045699 ], [ 112.557746, -7.046358 ], [ 112.557933, -7.045808 ], [ 112.557, -7.045627 ], [ 112.556753, -7.045645 ], [ 112.55599, -7.045436 ], [ 112.55588, -7.045699 ] ] ] } },
{ "type": "Feature", "properties": { "Type": "Pemukiman" }, "geometry": { "type": "Polygon", "coordinates": [ [ [ 112.553964, -7.045045 ], [ 112.55572, -7.045639 ], [ 112.555734, -7.045639 ], [ 112.555771, -7.044859 ], [ 112.554344, -7.044423 ], [ 112.553964, -7.045045 ] ] ] } },
{ "type": "Feature", "properties": { "Type": "Pemukiman" }, "geometry": { "type": "Polygon", "coordinates": [ [ [ 112.54689, -7.048722 ], [ 112.548978, -7.04997 ], [ 112.55029, -7.050771 ], [ 112.551294, -7.051463 ], [ 112.551872, -7.050645 ], [ 112.549417, -7.049158 ], [ 112.547173, -7.048119 ], [ 112.54689, -7.048722 ] ] ] } },
{ "type": "Feature", "properties": { "Type": "Pemukiman" }, "geometry": { "type": "Polygon", "coordinates": [ [ [ 112.562489, -7.052725 ], [ 112.563487, -7.052985 ], [ 112.563867, -7.051798 ], [ 112.562648, -7.051594 ], [ 112.562489, -7.052725 ] ] ] } },
{ "type": "Feature", "properties": { "Type": "Pemukiman" }, "geometry": { "type": "Polygon", "coordinates": [ [ [ 112.564088, -7.052054 ], [ 112.563905, -7.051984 ], [ 112.563684, -7.052793 ], [ 112.56514, -7.053068 ], [ 112.56537, -7.05229 ], [ 112.564088, -7.052054 ] ] ] } },
{ "type": "Feature", "properties": { "Type": "Pemukiman" }, "geometry": { "type": "Polygon", "coordinates": [ [ [ 112.564841, -7.050647 ], [ 112.564437, -7.051834 ], [ 112.565466, -7.051983 ], [ 112.56549, -7.052556 ], [ 112.566543, -7.052989 ], [ 112.566867, -7.051347 ], [ 112.564841, -7.050647 ] ] ] } },
{ "type": "Feature", "properties": { "Type": "Pemukiman" }, "geometry": { "type": "Polygon", "coordinates": [ [ [ 112.569646, -7.052077 ], [ 112.569575, -7.052855 ], [ 112.571356, -7.053075 ], [ 112.571245, -7.052344 ], [ 112.569646, -7.052077 ] ] ] } },
{ "type": "Feature", "properties": { "Type": "Pemukiman" }, "geometry": { "type": "Polygon", "coordinates": [ [ [ 112.572704, -7.053869 ], [ 112.572252, -7.055668 ], [ 112.575055, -7.056383 ], [ 112.575221, -7.054553 ], [ 112.572704, -7.053869 ] ] ] } },
{ "type": "Feature", "properties": { "Type": "Pemukiman" }, "geometry": { "type": "Polygon", "coordinates": [ [ [ 112.568509, -7.053891 ], [ 112.568443, -7.054216 ], [ 112.568599, -7.054249 ], [ 112.568839, -7.054283 ], [ 112.568902, -7.054279 ], [ 112.568908, -7.053967 ], [ 112.568748, -7.053875 ], [ 112.568509, -7.053891 ] ] ] } },
{ "type": "Feature", "properties": { "Type": "Hutan mangrove" }, "geometry": { "type": "Polygon", "coordinates": [ [ [ 113.513253, -7.242751 ], [ 113.512728, -7.244432 ], [ 113.5145, -7.245223 ], [ 113.514596, -7.244797 ], [ 113.514591, -7.244472 ], [ 113.514723, -7.244073 ], [ 113.514657, -7.243609 ], [ 113.514505, -7.243301 ], [ 113.514321, -7.243054 ], [ 113.513945, -7.242862 ], [ 113.513741, -7.242711 ], [ 113.513533, -7.24264 ], [ 113.513431, -7.24263 ], [ 113.513253, -7.242751 ] ] ] } },
{ "type": "Feature", "properties": { "Type": "Hutan mangrove" }, "geometry": { "type": "Polygon", "coordinates": [ [ [ 113.524805, -7.245227 ], [ 113.528126, -7.242171 ], [ 113.526966, -7.242353 ], [ 113.525243, -7.242521 ], [ 113.525228, -7.242825 ], [ 113.524805, -7.245227 ] ] ] } },
{ "type": "Feature", "properties": { "Type": "Hutan mangrove" }, "geometry": { "type": "Polygon", "coordinates": [ [ [ 113.513266, -7.241678 ], [ 113.514236, -7.242437 ], [ 113.514451, -7.242407 ], [ 113.5146, -7.241985 ], [ 113.51437, -7.241743 ], [ 113.513863, -7.241641 ], [ 113.513266, -7.241678 ] ] ] } },
{ "type": "Feature", "properties": { "Type": "Hutan mangrove" }, "geometry": { "type": "Polygon", "coordinates": [ [ [ 113.514487, -7.241585 ], [ 113.515144, -7.241778 ], [ 113.515777, -7.241231 ], [ 113.515167, -7.240908 ], [ 113.514487, -7.241585 ] ] ] } },
{ "type": "Feature", "properties": { "Type": "Hutan mangrove" }, "geometry": { "type": "Polygon", "coordinates": [ [ [ 112.834303, -7.318331 ], [ 112.835784, -7.319718 ], [ 112.83599, -7.320071 ], [ 112.836509, -7.320719 ], [ 112.836715, -7.321023 ], [ 112.83722, -7.321185 ], [ 112.837582, -7.321418 ], [ 112.837888, -7.321721 ], [ 112.838144, -7.321707 ], [ 112.838379, -7.321425 ], [ 112.838493, -7.321425 ], [ 112.838784, -7.321566 ], [ 112.839104, -7.321432 ], [ 112.839751, -7.320868 ], [ 112.840027, -7.318965 ], [ 112.83923, -7.318472 ], [ 112.839124, -7.318831 ], [ 112.837353, -7.318902 ], [ 112.83655, -7.318486 ], [ 112.836969, -7.317957 ], [ 112.836606, -7.317766 ], [ 112.836251, -7.318634 ], [ 112.835327, -7.318288 ], [ 112.835376, -7.318041 ], [ 112.83453, -7.317851 ], [ 112.834303, -7.318331 ] ] ] } },
{ "type": "Feature", "properties": { "Type": "Hutan mangrove" }, "geometry": { "type": "Polygon", "coordinates": [ [ [ 112.834792, -7.332788 ], [ 112.834834, -7.33293 ], [ 112.834834, -7.333071 ], [ 112.834919, -7.333339 ], [ 112.83512, -7.333842 ], [ 112.835352, -7.334031 ], [ 112.835728, -7.334204 ], [ 112.836236, -7.334477 ], [ 112.836543, -7.334587 ], [ 112.836696, -7.334593 ], [ 112.837199, -7.332688 ], [ 112.837659, -7.332814 ], [ 112.838512, -7.330607 ], [ 112.83874, -7.330523 ], [ 112.839073, -7.330712 ], [ 112.839819, -7.331005 ], [ 112.84011, -7.331063 ], [ 112.840718, -7.331289 ], [ 112.841046, -7.331394 ], [ 112.840872, -7.331042 ], [ 112.840872, -7.330984 ], [ 112.841035, -7.330958 ], [ 112.841035, -7.330869 ], [ 112.84066, -7.33056 ], [ 112.840469, -7.330481 ], [ 112.840205, -7.330481 ], [ 112.83984, -7.330413 ], [ 112.839607, -7.330397 ], [ 112.83939, -7.330397 ], [ 112.839322, -7.330397 ], [ 112.83929, -7.330308 ], [ 112.839115, -7.330224 ], [ 112.838957, -7.330224 ], [ 112.838824, -7.330171 ], [ 112.834792, -7.332788 ] ] ] } },
{ "type": "Feature", "properties": { "Type": "Hutan mangrove" }, "geometry": { "type": "Polygon", "coordinates": [ [ [ 112.839559, -7.318591 ], [ 112.840466, -7.318639 ], [ 112.841319, -7.318885 ], [ 112.841327, -7.318705 ], [ 112.841087, -7.318598 ], [ 112.840955, -7.318433 ], [ 112.840863, -7.318211 ], [ 112.841153, -7.318031 ], [ 112.84151, -7.317628 ], [ 112.842305, -7.317036 ], [ 112.842289, -7.316502 ], [ 112.841883, -7.316099 ], [ 112.841568, -7.315984 ], [ 112.841286, -7.317406 ], [ 112.841129, -7.317455 ], [ 112.84059, -7.317299 ], [ 112.8403, -7.317299 ], [ 112.840159, -7.317628 ], [ 112.840134, -7.317743 ], [ 112.839559, -7.318591 ] ] ] } },
{ "type": "Feature", "properties": { "Type": "Hutan mangrove" }, "geometry": { "type": "Polygon", "coordinates": [ [ [ 112.835207, -7.334209 ], [ 112.835307, -7.334115 ], [ 112.835112, -7.333943 ], [ 112.834965, -7.333698 ], [ 112.834923, -7.3335 ], [ 112.834791, -7.333255 ], [ 112.834681, -7.33314 ], [ 112.834549, -7.333041 ], [ 112.834391, -7.333197 ], [ 112.834418, -7.333396 ], [ 112.834607, -7.333536 ], [ 112.834786, -7.333792 ], [ 112.834775, -7.333959 ], [ 112.835207, -7.334209 ] ] ] } },
{ "type": "Feature", "properties": { "Type": "Hutan mangrove" }, "geometry": { "type": "Polygon", "coordinates": [ [ [ 112.835334, -7.334116 ], [ 112.835318, -7.33421 ], [ 112.835413, -7.334315 ], [ 112.836102, -7.334586 ], [ 112.836397, -7.334779 ], [ 112.836491, -7.334638 ], [ 112.835334, -7.334116 ] ] ] } },
{ "type": "Feature", "properties": { "Type": "Hutan mangrove" }, "geometry": { "type": "Polygon", "coordinates": [ [ [ 112.836793, -7.345986 ], [ 112.838021, -7.346189 ], [ 112.838456, -7.345554 ], [ 112.839352, -7.34426 ], [ 112.839659, -7.342584 ], [ 112.839045, -7.341924 ], [ 112.839531, -7.341366 ], [ 112.83902, -7.340147 ], [ 112.837996, -7.340147 ], [ 112.837561, -7.340401 ], [ 112.836793, -7.345986 ] ] ] } },
{ "type": "Feature", "properties": { "Type": "Hutan mangrove" }, "geometry": { "type": "Polygon", "coordinates": [ [ [ 112.834373, -7.344151 ], [ 112.836422, -7.34438 ], [ 112.836373, -7.344195 ], [ 112.83616, -7.344006 ], [ 112.836243, -7.343832 ], [ 112.836325, -7.343721 ], [ 112.836373, -7.343447 ], [ 112.834325, -7.342626 ], [ 112.833996, -7.343788 ], [ 112.83406, -7.34401 ], [ 112.834373, -7.344151 ] ] ] } },
{ "type": "Feature", "properties": { "Type": "Hutan mangrove" }, "geometry": { "type": "Polygon", "coordinates": [ [ [ 112.834463, -7.344184 ], [ 112.836425, -7.345316 ], [ 112.836425, -7.345316 ], [ 112.836545, -7.345276 ], [ 112.836444, -7.344991 ], [ 112.836414, -7.344399 ], [ 112.834463, -7.344184 ] ] ] } },
{ "type": "Feature", "properties": { "Type": "Hutan mangrove" }, "geometry": { "type": "Polygon", "coordinates": [ [ [ 112.834642, -7.344491 ], [ 112.834504, -7.345231 ], [ 112.835989, -7.345797 ], [ 112.836153, -7.345224 ], [ 112.834642, -7.344491 ] ] ] } },
{ "type": "Feature", "properties": { "Type": "Hutan mangrove" }, "geometry": { "type": "Polygon", "coordinates": [ [ [ 112.834494, -7.345312 ], [ 112.8343, -7.346377 ], [ 112.835699, -7.346562 ], [ 112.835968, -7.345904 ], [ 112.834494, -7.345312 ] ] ] } },
{ "type": "Feature", "properties": { "Type": "Hutan mangrove" }, "geometry": { "type": "Polygon", "coordinates": [ [ [ 112.83693, -7.341831 ], [ 112.836556, -7.345074 ], [ 112.836827, -7.345046 ], [ 112.837266, -7.341943 ], [ 112.83693, -7.341831 ] ] ] } },
{ "type": "Feature", "properties": { "Type": "Hutan mangrove" }, "geometry": { "type": "Polygon", "coordinates": [ [ [ 112.83607, -7.345622 ], [ 112.836006, -7.346461 ], [ 112.836828, -7.346417 ], [ 112.83675, -7.346062 ], [ 112.836728, -7.345688 ], [ 112.836647, -7.3456 ], [ 112.836403, -7.345594 ], [ 112.836339, -7.345666 ], [ 112.83607, -7.345622 ] ] ] } },
{ "type": "Feature", "properties": { "Type": "Hutan mangrove" }, "geometry": { "type": "Polygon", "coordinates": [ [ [ 112.836872, -7.346164 ], [ 112.837059, -7.347424 ], [ 112.838175, -7.346971 ], [ 112.837841, -7.346317 ], [ 112.836872, -7.346164 ] ] ] } },
{ "type": "Feature", "properties": { "Type": "Hutan mangrove" }, "geometry": { "type": "Polygon", "coordinates": [ [ [ 112.834225, -7.346471 ], [ 112.833753, -7.348167 ], [ 112.836872, -7.347973 ], [ 112.836709, -7.346713 ], [ 112.834225, -7.346471 ] ] ] } },
{ "type": "Feature", "properties": { "Type": "Hutan mangrove" }, "geometry": { "type": "Polygon", "coordinates": [ [ [ 112.837054, -7.347558 ], [ 112.837738, -7.348559 ], [ 112.83821, -7.347873 ], [ 112.838536, -7.347372 ], [ 112.838178, -7.347129 ], [ 112.837054, -7.347558 ] ] ] } },
{ "type": "Feature", "properties": { "Type": "Hutan mangrove" }, "geometry": { "type": "Polygon", "coordinates": [ [ [ 112.836648, -7.348135 ], [ 112.836517, -7.349137 ], [ 112.836737, -7.349266 ], [ 112.83712, -7.349573 ], [ 112.837438, -7.349654 ], [ 112.838008, -7.34921 ], [ 112.837959, -7.348749 ], [ 112.837666, -7.348685 ], [ 112.837389, -7.348305 ], [ 112.837136, -7.348063 ], [ 112.836648, -7.348135 ] ] ] } },
{ "type": "Feature", "properties": { "Type": "Hutan mangrove" }, "geometry": { "type": "Polygon", "coordinates": [ [ [ 112.833642, -7.348411 ], [ 112.833477, -7.349128 ], [ 112.836361, -7.349246 ], [ 112.836535, -7.348111 ], [ 112.835208, -7.348157 ], [ 112.834228, -7.348211 ], [ 112.833715, -7.348248 ], [ 112.833642, -7.348411 ] ] ] } },
{ "type": "Feature", "properties": { "Type": "Hutan mangrove" }, "geometry": { "type": "Polygon", "coordinates": [ [ [ 112.833409, -7.349235 ], [ 112.833162, -7.350198 ], [ 112.837685, -7.350361 ], [ 112.838024, -7.350352 ], [ 112.837575, -7.349807 ], [ 112.837154, -7.349826 ], [ 112.83655, -7.349272 ], [ 112.83633, -7.349353 ], [ 112.833409, -7.349235 ] ] ] } },
{ "type": "Feature", "properties": { "Type": "Hutan mangrove" }, "geometry": { "type": "Polygon", "coordinates": [ [ [ 112.833139, -7.350274 ], [ 112.83311, -7.350512 ], [ 112.834083, -7.350591 ], [ 112.834156, -7.350843 ], [ 112.834737, -7.351038 ], [ 112.836095, -7.35116 ], [ 112.836327, -7.350418 ], [ 112.833139, -7.350274 ] ] ] } },
{ "type": "Feature", "properties": { "Type": "Hutan mangrove" }, "geometry": { "type": "Polygon", "coordinates": [ [ [ 112.836435, -7.35044 ], [ 112.83605, -7.351557 ], [ 112.837212, -7.352003 ], [ 112.837859, -7.352306 ], [ 112.838047, -7.351946 ], [ 112.838389, -7.3508 ], [ 112.837938, -7.35062 ], [ 112.837437, -7.350411 ], [ 112.836435, -7.35044 ] ] ] } },
{ "type": "Feature", "properties": { "Type": "Hutan mangrove" }, "geometry": { "type": "Polygon", "coordinates": [ [ [ 112.834081, -7.350919 ], [ 112.833885, -7.351689 ], [ 112.835758, -7.351884 ], [ 112.835976, -7.35125 ], [ 112.834996, -7.351156 ], [ 112.83432, -7.351041 ], [ 112.834081, -7.350919 ] ] ] } },
{ "type": "Feature", "properties": { "Type": "Hutan mangrove" }, "geometry": { "type": "Polygon", "coordinates": [ [ [ 112.835998, -7.351653 ], [ 112.835766, -7.352258 ], [ 112.836899, -7.352467 ], [ 112.836892, -7.351985 ], [ 112.835998, -7.351653 ] ] ] } },
{ "type": "Feature", "properties": { "Type": "Hutan mangrove" }, "geometry": { "type": "Polygon", "coordinates": [ [ [ 112.837786, -7.352599 ], [ 112.83732, -7.352719 ], [ 112.837252, -7.35333 ], [ 112.837382, -7.353697 ], [ 112.838027, -7.353855 ], [ 112.838157, -7.35374 ], [ 112.838181, -7.353497 ], [ 112.837979, -7.353287 ], [ 112.838094, -7.353172 ], [ 112.838133, -7.353067 ], [ 112.838046, -7.3529 ], [ 112.837926, -7.352886 ], [ 112.837887, -7.352852 ], [ 112.837733, -7.352829 ], [ 112.837897, -7.352743 ], [ 112.837926, -7.352704 ], [ 112.837786, -7.352599 ] ] ] } },
{ "type": "Feature", "properties": { "Type": "Hutan mangrove" }, "geometry": { "type": "Polygon", "coordinates": [ [ [ 112.835731, -7.352344 ], [ 112.835188, -7.353825 ], [ 112.836762, -7.354254 ], [ 112.83683, -7.354175 ], [ 112.836972, -7.354164 ], [ 112.837035, -7.354164 ], [ 112.83712, -7.354226 ], [ 112.837299, -7.354279 ], [ 112.837449, -7.354054 ], [ 112.83739, -7.353924 ], [ 112.837216, -7.353817 ], [ 112.837205, -7.353589 ], [ 112.837029, -7.353527 ], [ 112.836952, -7.353488 ], [ 112.836972, -7.353417 ], [ 112.836844, -7.353367 ], [ 112.836683, -7.353178 ], [ 112.836813, -7.353141 ], [ 112.836907, -7.353141 ], [ 112.837029, -7.353234 ], [ 112.837123, -7.353324 ], [ 112.837185, -7.353293 ], [ 112.837131, -7.353048 ], [ 112.837168, -7.352986 ], [ 112.837253, -7.35277 ], [ 112.83704, -7.352708 ], [ 112.836961, -7.352747 ], [ 112.836643, -7.35282 ], [ 112.836396, -7.352722 ], [ 112.836186, -7.352643 ], [ 112.836103, -7.352536 ], [ 112.836208, -7.352398 ], [ 112.835731, -7.352344 ] ] ] } },
{ "type": "Feature", "properties": { "Type": "Hutan mangrove" }, "geometry": { "type": "Polygon", "coordinates": [ [ [ 112.833277, -7.35622 ], [ 112.832783, -7.356148 ], [ 112.832591, -7.355826 ], [ 112.832314, -7.355491 ], [ 112.832121, -7.35524 ], [ 112.831904, -7.354786 ], [ 112.831796, -7.35426 ], [ 112.832331, -7.351931 ], [ 112.832636, -7.351775 ], [ 112.832752, -7.351546 ], [ 112.833665, -7.351619 ], [ 112.833739, -7.351827 ], [ 112.835577, -7.352015 ], [ 112.834253, -7.356793 ], [ 112.833964, -7.356674 ], [ 112.833663, -7.356507 ], [ 112.83347, -7.356184 ], [ 112.833542, -7.355658 ], [ 112.833687, -7.355168 ], [ 112.833794833891872, -7.35445310123534 ], [ 112.833277, -7.35622 ] ], [ [ 112.833988, -7.353794 ], [ 112.833795, -7.354452 ], [ 112.833794833891872, -7.35445310123534 ], [ 112.833988, -7.353794 ] ] ] } },
{ "type": "Feature", "properties": { "Type": "Hutan mangrove" }, "geometry": { "type": "Polygon", "coordinates": [ [ [ 112.835143, -7.3539 ], [ 112.834911, -7.354801 ], [ 112.836514, -7.355018 ], [ 112.836765, -7.354326 ], [ 112.836147, -7.354156 ], [ 112.835143, -7.3539 ] ] ] } },
{ "type": "Feature", "properties": { "Type": "Hutan mangrove" }, "geometry": { "type": "Polygon", "coordinates": [ [ [ 112.834357, -7.356978 ], [ 112.834742, -7.357117 ], [ 112.835773, -7.3574 ], [ 112.835922, -7.357005 ], [ 112.834439, -7.356602 ], [ 112.834357, -7.356978 ] ] ] } },
{ "type": "Feature", "properties": { "Type": "Hutan mangrove" }, "geometry": { "type": "Polygon", "coordinates": [ [ [ 112.834484, -7.356534 ], [ 112.835953, -7.356974 ], [ 112.836076, -7.356714 ], [ 112.83599, -7.356561 ], [ 112.836062, -7.356328 ], [ 112.835646, -7.356108 ], [ 112.835289, -7.35601 ], [ 112.834954, -7.355898 ], [ 112.834597, -7.355812 ], [ 112.834484, -7.356534 ] ] ] } },
{ "type": "Feature", "properties": { "Type": "Hutan mangrove" }, "geometry": { "type": "Polygon", "coordinates": [ [ [ 112.834671, -7.35576 ], [ 112.835965, -7.356119 ], [ 112.836028, -7.355984 ], [ 112.835711, -7.355841 ], [ 112.835779, -7.355644 ], [ 112.835748, -7.35546 ], [ 112.835445, -7.35524 ], [ 112.83549, -7.355007 ], [ 112.834879, -7.354841 ], [ 112.834671, -7.35576 ] ] ] } },
{ "type": "Feature", "properties": { "Type": "Hutan mangrove" }, "geometry": { "type": "Polygon", "coordinates": [ [ [ 112.835947, -7.357581 ], [ 112.836012, -7.3576 ], [ 112.836172, -7.357549 ], [ 112.836272, -7.35744 ], [ 112.836521, -7.357521 ], [ 112.836726, -7.357556 ], [ 112.836968, -7.357616 ], [ 112.837028, -7.357542 ], [ 112.837012, -7.357486 ], [ 112.836856, -7.357473 ], [ 112.836714, -7.357417 ], [ 112.836535, -7.35736 ], [ 112.836426, -7.357346 ], [ 112.836282, -7.357316 ], [ 112.836254, -7.357258 ], [ 112.836179, -7.357189 ], [ 112.836154, -7.357094 ], [ 112.836077, -7.357062 ], [ 112.836058, -7.357069 ], [ 112.835947, -7.357581 ] ] ] } },
{ "type": "Feature", "properties": { "Type": "Hutan mangrove" }, "geometry": { "type": "Polygon", "coordinates": [ [ [ 112.831591, -7.354642 ], [ 112.831336, -7.35603 ], [ 112.831382, -7.356147 ], [ 112.83199, -7.356218 ], [ 112.832422, -7.356179 ], [ 112.83269, -7.356179 ], [ 112.831591, -7.354642 ] ] ] } },
{ "type": "Feature", "properties": { "Type": "Hutan mangrove" }, "geometry": { "type": "Polygon", "coordinates": [ [ [ 112.831339, -7.356214 ], [ 112.831221, -7.357459 ], [ 112.831398, -7.357576 ], [ 112.83181, -7.357576 ], [ 112.832143, -7.35729 ], [ 112.832437, -7.356972 ], [ 112.832647, -7.35694 ], [ 112.833039, -7.35694 ], [ 112.833922, -7.357044 ], [ 112.833987, -7.356953 ], [ 112.832705, -7.356201 ], [ 112.831339, -7.356214 ] ] ] } },
{ "type": "Feature", "properties": { "Type": "Hutan mangrove" }, "geometry": { "type": "Polygon", "coordinates": [ [ [ 112.832327, -7.357553 ], [ 112.834045, -7.357773 ], [ 112.834129, -7.357531 ], [ 112.834244, -7.357066 ], [ 112.834164, -7.356948 ], [ 112.833996, -7.357057 ], [ 112.833744, -7.357136 ], [ 112.833522, -7.357088 ], [ 112.833221, -7.357005 ], [ 112.832571, -7.356996 ], [ 112.832411, -7.357044 ], [ 112.832327, -7.357553 ] ] ] } },
{ "type": "Feature", "properties": { "Type": "Hutan mangrove" }, "geometry": { "type": "Polygon", "coordinates": [ [ [ 112.834284, -7.357171 ], [ 112.834146, -7.358304 ], [ 112.835226, -7.358594 ], [ 112.835448, -7.358348 ], [ 112.835558, -7.357979 ], [ 112.835629, -7.357755 ], [ 112.835735, -7.35761 ], [ 112.835784, -7.357488 ], [ 112.835664, -7.35743 ], [ 112.834284, -7.357171 ] ] ] } },
{ "type": "Feature", "properties": { "Type": "Hutan mangrove" }, "geometry": { "type": "Polygon", "coordinates": [ [ [ 112.833743, -7.377132 ], [ 112.835858, -7.37751 ], [ 112.836009, -7.377053 ], [ 112.833838, -7.376649 ], [ 112.833743, -7.377132 ] ] ] } },
{ "type": "Feature", "properties": { "Type": "Hutan mangrove" }, "geometry": { "type": "Polygon", "coordinates": [ [ [ 112.830827, -7.384188 ], [ 112.830392, -7.385481 ], [ 112.830292, -7.388831 ], [ 112.83571, -7.389047 ], [ 112.836078, -7.388185 ], [ 112.836295, -7.386592 ], [ 112.83581, -7.385597 ], [ 112.835275, -7.384702 ], [ 112.834138, -7.384055 ], [ 112.83285, -7.383922 ], [ 112.830827, -7.384188 ] ] ] } },
{ "type": "Feature", "properties": { "Type": "Hutan mangrove" }, "geometry": { "type": "Polygon", "coordinates": [ [ [ 112.695128, -7.139734 ], [ 112.696207, -7.140261 ], [ 112.696437, -7.139636 ], [ 112.695424, -7.139202 ], [ 112.695128, -7.139734 ] ] ] } },
{ "type": "Feature", "properties": { "Type": "Hutan mangrove" }, "geometry": { "type": "Polygon", "coordinates": [ [ [ 112.696689, -7.140651 ], [ 112.696569, -7.141047 ], [ 112.697653, -7.141574 ], [ 112.697708, -7.141493 ], [ 112.69768, -7.141036 ], [ 112.696689, -7.140651 ] ] ] } },
{ "type": "Feature", "properties": { "Type": "Hutan mangrove" }, "geometry": { "type": "Polygon", "coordinates": [ [ [ 112.693828, -7.1422 ], [ 112.693564, -7.142868 ], [ 112.695759, -7.143792 ], [ 112.696024, -7.143048 ], [ 112.693828, -7.1422 ] ] ] } },
{ "type": "Feature", "properties": { "Type": "Hutan mangrove" }, "geometry": { "type": "Polygon", "coordinates": [ [ [ 112.693506, -7.142984 ], [ 112.693128, -7.14387 ], [ 112.695134, -7.144772 ], [ 112.69524, -7.144561 ], [ 112.695444, -7.144096 ], [ 112.695603, -7.143818 ], [ 112.693506, -7.142984 ] ] ] } },
{ "type": "Feature", "properties": { "Type": "Hutan mangrove" }, "geometry": { "type": "Polygon", "coordinates": [ [ [ 112.693034, -7.143988 ], [ 112.693291, -7.144769 ], [ 112.694253, -7.145566 ], [ 112.694601, -7.144679 ], [ 112.693034, -7.143988 ] ] ] } },
{ "type": "Feature", "properties": { "Type": "Hutan mangrove" }, "geometry": { "type": "Polygon", "coordinates": [ [ [ 112.69286, -7.145168 ], [ 112.692565, -7.146061 ], [ 112.693844, -7.146565 ], [ 112.694086, -7.145791 ], [ 112.69286, -7.145168 ] ] ] } },
{ "type": "Feature", "properties": { "Type": "Hutan mangrove" }, "geometry": { "type": "Polygon", "coordinates": [ [ [ 112.691956, -7.147229 ], [ 112.691849, -7.148552 ], [ 112.691682, -7.149194 ], [ 112.692783, -7.149773 ], [ 112.693899, -7.147852 ], [ 112.691956, -7.147229 ] ] ] } },
{ "type": "Feature", "properties": { "Type": "Hutan mangrove" }, "geometry": { "type": "Polygon", "coordinates": [ [ [ 112.693718, -7.148515 ], [ 112.692972, -7.149666 ], [ 112.693009, -7.149681 ], [ 112.692972, -7.149681 ], [ 112.694804, -7.150568 ], [ 112.695528, -7.149497 ], [ 112.693718, -7.148515 ] ] ] } },
{ "type": "Feature", "properties": { "Type": "Hutan mangrove" }, "geometry": { "type": "Polygon", "coordinates": [ [ [ 112.695108, -7.140773 ], [ 112.694495, -7.141829 ], [ 112.694319, -7.142165 ], [ 112.694294, -7.142202 ], [ 112.695258, -7.142699 ], [ 112.695421, -7.142413 ], [ 112.695834, -7.142438 ], [ 112.696135, -7.141556 ], [ 112.695959, -7.140898 ], [ 112.695108, -7.140773 ] ] ] } },
{ "type": "Feature", "properties": { "Type": "Hutan mangrove" }, "geometry": { "type": "Polygon", "coordinates": [ [ [ 112.691619, -7.151579 ], [ 112.692049, -7.151698 ], [ 112.692319, -7.151214 ], [ 112.692473, -7.150816 ], [ 112.6926, -7.150457 ], [ 112.692818, -7.150548 ], [ 112.693369, -7.150816 ], [ 112.693478, -7.150565 ], [ 112.69369, -7.150161 ], [ 112.693265, -7.149973 ], [ 112.692829, -7.149831 ], [ 112.692164, -7.149558 ], [ 112.69198, -7.149546 ], [ 112.691934, -7.149728 ], [ 112.691888, -7.150042 ], [ 112.691946, -7.15023 ], [ 112.691848, -7.150446 ], [ 112.691756, -7.150634 ], [ 112.691733, -7.15089 ], [ 112.691601, -7.150958 ], [ 112.691527, -7.151266 ], [ 112.691619, -7.151579 ] ] ] } },
{ "type": "Feature", "properties": { "Type": "Hutan non mangrove" }, "geometry": { "type": "Polygon", "coordinates": [ [ [ 112.457707, -7.893925 ], [ 112.459224, -7.901634 ], [ 112.464804, -7.900809 ], [ 112.464021, -7.892906 ], [ 112.457707, -7.893925 ] ] ] } },
{ "type": "Feature", "properties": { "Type": "Hutan non mangrove" }, "geometry": { "type": "Polygon", "coordinates": [ [ [ 112.464293, -7.893045 ], [ 112.466153, -7.900366 ], [ 112.472908, -7.899203 ], [ 112.473544, -7.891979 ], [ 112.464293, -7.893045 ] ] ] } },
{ "type": "Feature", "properties": { "Type": "Hutan non mangrove" }, "geometry": { "type": "Polygon", "coordinates": [ [ [ 112.416218, -7.892692 ], [ 112.422824, -7.915308 ], [ 112.456285, -7.904071 ], [ 112.450828, -7.873345 ], [ 112.416218, -7.892692 ] ] ] } },
{ "type": "Feature", "properties": { "Type": "Hutan non mangrove" }, "geometry": { "type": "Polygon", "coordinates": [ [ [ 112.460154, -7.903184 ], [ 112.457856, -7.927934 ], [ 112.471212, -7.92765 ], [ 112.472361, -7.902615 ], [ 112.460154, -7.903184 ] ] ] } },
{ "type": "Feature", "properties": { "Type": "Hutan non mangrove" }, "geometry": { "type": "Polygon", "coordinates": [ [ [ 112.475494, -7.892753 ], [ 112.473729, -7.90468 ], [ 112.483249, -7.906116 ], [ 112.483438, -7.893502 ], [ 112.475494, -7.892753 ] ] ] } },
{ "type": "Feature", "properties": { "Type": "Hutan non mangrove" }, "geometry": { "type": "Polygon", "coordinates": [ [ [ 112.48577, -7.893315 ], [ 112.485896, -7.905429 ], [ 112.496172, -7.905866 ], [ 112.498442, -7.893752 ], [ 112.48577, -7.893315 ] ] ] } },
{ "type": "Feature", "properties": { "Type": "Hutan non mangrove" }, "geometry": { "type": "Polygon", "coordinates": [ [ [ 112.47376, -7.906566 ], [ 112.472878, -7.926922 ], [ 112.48328, -7.92611 ], [ 112.483154, -7.907565 ], [ 112.483154, -7.907565 ], [ 112.47376, -7.906566 ] ] ] } },
{ "type": "Feature", "properties": { "Type": "Hutan non mangrove" }, "geometry": { "type": "Polygon", "coordinates": [ [ [ 112.486243, -7.908002 ], [ 112.485486, -7.924174 ], [ 112.498347, -7.9238 ], [ 112.498284, -7.908127 ], [ 112.498284, -7.908127 ], [ 112.486243, -7.908002 ] ] ] } },
{ "type": "Feature", "properties": { "Type": "Hutan non mangrove" }, "geometry": { "type": "Polygon", "coordinates": [ [ [ 112.45727, -7.930716 ], [ 112.458113, -7.947979 ], [ 112.473294, -7.947283 ], [ 112.47231, -7.929741 ], [ 112.45727, -7.930716 ] ] ] } },
{ "type": "Feature", "properties": { "Type": "Hutan non mangrove" }, "geometry": { "type": "Polygon", "coordinates": [ [ [ 112.473335, -7.929489 ], [ 112.475653, -7.946712 ], [ 112.487697, -7.945245 ], [ 112.48525, -7.928404 ], [ 112.473335, -7.929489 ] ] ] } },
{ "type": "Feature", "properties": { "Type": "Hutan non mangrove" }, "geometry": { "type": "Polygon", "coordinates": [ [ [ 112.486554, -7.928348 ], [ 112.489839, -7.94487 ], [ 112.50272, -7.942509 ], [ 112.500273, -7.926881 ], [ 112.486554, -7.928348 ] ] ] } },
{ "type": "Feature", "properties": { "Type": "Hutan non mangrove" }, "geometry": { "type": "Polygon", "coordinates": [ [ [ 112.499535, -7.907978 ], [ 112.500437, -7.924053 ], [ 112.507973, -7.923543 ], [ 112.505847, -7.908041 ], [ 112.499535, -7.907978 ] ] ] } },
{ "type": "Feature", "properties": { "Type": "Hutan non mangrove" }, "geometry": { "type": "Polygon", "coordinates": [ [ [ 112.501312, -7.927291 ], [ 112.503953, -7.942026 ], [ 112.512583, -7.939858 ], [ 112.509105, -7.926589 ], [ 112.501312, -7.927291 ] ] ] } },
{ "type": "Feature", "properties": { "Type": "Hutan non mangrove" }, "geometry": { "type": "Polygon", "coordinates": [ [ [ 112.409859, -7.910204 ], [ 112.408571, -7.922452 ], [ 112.421517, -7.920156 ], [ 112.42171, -7.91569 ], [ 112.420422, -7.911033 ], [ 112.409859, -7.910204 ] ] ] } },
{ "type": "Feature", "properties": { "Type": "Hutan non mangrove" }, "geometry": { "type": "Polygon", "coordinates": [ [ [ 112.432545, -7.912765 ], [ 112.423069, -7.916014 ], [ 112.424461, -7.923693 ], [ 112.432744, -7.923201 ], [ 112.432612, -7.91818 ], [ 112.434202, -7.918508 ], [ 112.43629, -7.916112 ], [ 112.436356, -7.913848 ], [ 112.432545, -7.912765 ] ] ] } },
{ "type": "Feature", "properties": { "Type": "Hutan non mangrove" }, "geometry": { "type": "Polygon", "coordinates": [ [ [ 112.407771, -7.923982 ], [ 112.407105, -7.935856 ], [ 112.423376, -7.93105 ], [ 112.420902, -7.921909 ], [ 112.407771, -7.923982 ] ] ] } },
{ "type": "Feature", "properties": { "Type": "Hutan non mangrove" }, "geometry": { "type": "Polygon", "coordinates": [ [ [ 112.424453, -7.924696 ], [ 112.425691, -7.935305 ], [ 112.434908, -7.931924 ], [ 112.432988, -7.924316 ], [ 112.424453, -7.924696 ] ] ] } },
{ "type": "Feature", "properties": { "Type": "Hutan non mangrove" }, "geometry": { "type": "Polygon", "coordinates": [ [ [ 112.435378, -7.932262 ], [ 112.425776, -7.936953 ], [ 112.428251, -7.946293 ], [ 112.438877, -7.944138 ], [ 112.435378, -7.932262 ] ] ] } },
{ "type": "Feature", "properties": { "Type": "Hutan non mangrove" }, "geometry": { "type": "Polygon", "coordinates": [ [ [ 112.435895, -7.932218 ], [ 112.439266, -7.942953 ], [ 112.443704, -7.942488 ], [ 112.446136, -7.940248 ], [ 112.446477, -7.931457 ], [ 112.440162, -7.931922 ], [ 112.435895, -7.932218 ] ] ] } },
{ "type": "Feature", "properties": { "Type": "Hutan non mangrove" }, "geometry": { "type": "Polygon", "coordinates": [ [ [ 112.483673, -7.866653 ], [ 112.480732, -7.865548 ], [ 112.4784, -7.871207 ], [ 112.483697, -7.872496 ], [ 112.483673, -7.866653 ] ] ] } },
{ "type": "Feature", "properties": { "Type": "Hutan non mangrove" }, "geometry": { "type": "Polygon", "coordinates": [ [ [ 112.488347, -7.858245 ], [ 112.492155, -7.862045 ], [ 112.496771, -7.860616 ], [ 112.493771, -7.854844 ], [ 112.488347, -7.858245 ] ] ] } },
{ "type": "Feature", "properties": { "Type": "Hutan non mangrove" }, "geometry": { "type": "Polygon", "coordinates": [ [ [ 112.497885, -7.849391 ], [ 112.497068, -7.850808 ], [ 112.497068, -7.852865 ], [ 112.497391, -7.853691 ], [ 112.499128, -7.853624 ], [ 112.499519, -7.853236 ], [ 112.50037, -7.852325 ], [ 112.500251, -7.851398 ], [ 112.499826, -7.851314 ], [ 112.499128, -7.851314 ], [ 112.498957, -7.851263 ], [ 112.497885, -7.849391 ] ] ] } },
{ "type": "Feature", "properties": { "Type": "Hutan non mangrove" }, "geometry": { "type": "Polygon", "coordinates": [ [ [ 112.500524, -7.852427 ], [ 112.49923, -7.85418 ], [ 112.500949, -7.856255 ], [ 112.502839, -7.856052 ], [ 112.503724, -7.854922 ], [ 112.504643, -7.853674 ], [ 112.505205, -7.851651 ], [ 112.503162, -7.850083 ], [ 112.501153, -7.849897 ], [ 112.500524, -7.852427 ] ] ] } },
{ "type": "Feature", "properties": { "Type": "Hutan non mangrove" }, "geometry": { "type": "Polygon", "coordinates": [ [ [ 112.505584, -7.851808 ], [ 112.503769, -7.855617 ], [ 112.504914, -7.857093 ], [ 112.507009, -7.856751 ], [ 112.50796, -7.856494 ], [ 112.509191, -7.856965 ], [ 112.509947, -7.857607 ], [ 112.511114, -7.858142 ], [ 112.511978, -7.85643 ], [ 112.511395, -7.854076 ], [ 112.511027, -7.85245 ], [ 112.51254, -7.852214 ], [ 112.505584, -7.851808 ] ] ] } },
{ "type": "Feature", "properties": { "Type": "Hutan non mangrove" }, "geometry": { "type": "Polygon", "coordinates": [ [ [ 112.480896, -7.801462 ], [ 112.482518, -7.812125 ], [ 112.493767, -7.811857 ], [ 112.490847, -7.79948 ], [ 112.480896, -7.801462 ] ] ] } },
{ "type": "Feature", "properties": { "Type": "Hutan non mangrove" }, "geometry": { "type": "Polygon", "coordinates": [ [ [ 112.465067, -7.766918 ], [ 112.470234, -7.791424 ], [ 112.481659, -7.787624 ], [ 112.487331, -7.792137 ], [ 112.49628, -7.796649 ], [ 112.513058, -7.78517 ], [ 112.495127, -7.757928 ], [ 112.465067, -7.766918 ] ] ] } },
{ "type": "Feature", "properties": { "Type": "Hutan non mangrove" }, "geometry": { "type": "Polygon", "coordinates": [ [ [ 112.497808, -7.753114 ], [ 112.507797, -7.766585 ], [ 112.515361, -7.777539 ], [ 112.519, -7.778093 ], [ 112.52112, -7.774419 ], [ 112.522327, -7.760077 ], [ 112.510636, -7.744389 ], [ 112.497808, -7.753114 ] ] ] } },
{ "type": "Feature", "properties": { "Type": "Hutan non mangrove" }, "geometry": { "type": "Polygon", "coordinates": [ [ [ 112.453658, -7.738044 ], [ 112.452812, -7.761725 ], [ 112.481682, -7.759734 ], [ 112.477135, -7.738987 ], [ 112.453658, -7.738044 ] ] ] } },
{ "type": "Feature", "properties": { "Type": "Hutan non mangrove" }, "geometry": { "type": "Polygon", "coordinates": [ [ [ 112.479185, -7.738592 ], [ 112.484261, -7.757662 ], [ 112.497057, -7.756091 ], [ 112.493355, -7.735867 ], [ 112.479185, -7.738592 ] ] ] } },
{ "type": "Feature", "properties": { "Type": "Hutan non mangrove" }, "geometry": { "type": "Polygon", "coordinates": [ [ [ 112.389826, -7.830538 ], [ 112.391394, -7.858302 ], [ 112.411399, -7.854832 ], [ 112.410569, -7.831908 ], [ 112.389826, -7.830538 ] ] ] } },
{ "type": "Feature", "properties": { "Type": "Hutan non mangrove" }, "geometry": { "type": "Polygon", "coordinates": [ [ [ 112.412525, -7.831972 ], [ 112.412328, -7.851792 ], [ 112.430629, -7.846073 ], [ 112.426398, -7.836944 ], [ 112.425414, -7.835676 ], [ 112.423774, -7.833434 ], [ 112.422922, -7.83259 ], [ 112.422692, -7.830673 ], [ 112.412525, -7.831972 ] ] ] } },
{ "type": "Feature", "properties": { "Type": "Hutan non mangrove" }, "geometry": { "type": "Polygon", "coordinates": [ [ [ 112.412921, -7.853052 ], [ 112.415366, -7.862742 ], [ 112.43343, -7.856576 ], [ 112.430706, -7.847051 ], [ 112.412921, -7.853052 ] ] ] } },
{ "type": "Feature", "properties": { "Type": "Hutan non mangrove" }, "geometry": { "type": "Polygon", "coordinates": [ [ [ 112.391523, -7.859053 ], [ 112.391245, -7.871331 ], [ 112.413977, -7.86599 ], [ 112.411643, -7.855915 ], [ 112.391523, -7.859053 ] ] ] } },
{ "type": "Feature", "properties": { "Type": "Hutan non mangrove" }, "geometry": { "type": "Polygon", "coordinates": [ [ [ 112.428472, -7.947855 ], [ 112.428917, -7.96013 ], [ 112.44409, -7.958368 ], [ 112.439199, -7.945047 ], [ 112.428472, -7.947855 ] ] ] } },
{ "type": "Feature", "properties": { "Type": "Hutan non mangrove" }, "geometry": { "type": "Polygon", "coordinates": [ [ [ 112.440141, -7.944932 ], [ 112.4455, -7.960139 ], [ 112.450062, -7.959645 ], [ 112.451533, -7.959226 ], [ 112.453676, -7.959201 ], [ 112.453876, -7.95656 ], [ 112.453851, -7.95419 ], [ 112.454324, -7.950388 ], [ 112.454299, -7.94945 ], [ 112.453552, -7.94866 ], [ 112.447819, -7.946636 ], [ 112.446049, -7.946191 ], [ 112.445102, -7.945747 ], [ 112.442759, -7.9455 ], [ 112.440141, -7.944932 ] ] ] } },
{ "type": "Feature", "properties": { "Type": "Hutan non mangrove" }, "geometry": { "type": "Polygon", "coordinates": [ [ [ 112.433924, -7.960156 ], [ 112.437641, -7.969302 ], [ 112.446791, -7.967037 ], [ 112.443732, -7.958967 ], [ 112.433924, -7.960156 ] ] ] } },
{ "type": "Feature", "properties": { "Type": "Hutan non mangrove" }, "geometry": { "type": "Polygon", "coordinates": [ [ [ 112.445447, -7.962053 ], [ 112.448564, -7.969019 ], [ 112.453539, -7.966754 ], [ 112.451452, -7.961487 ], [ 112.450479, -7.960128 ], [ 112.44722, -7.960298 ], [ 112.446934, -7.960694 ], [ 112.445447, -7.962053 ] ] ] } },
{ "type": "Feature", "properties": { "Type": "Hutan non mangrove" }, "geometry": { "type": "Polygon", "coordinates": [ [ [ 112.453866, -7.967139 ], [ 112.442816, -7.972259 ], [ 112.443622, -7.98123 ], [ 112.445377, -7.987007 ], [ 112.451922, -7.991845 ], [ 112.460696, -7.996212 ], [ 112.479098, -7.995226 ], [ 112.489579, -7.969957 ], [ 112.453866, -7.967139 ] ] ] } },
{ "type": "Feature", "properties": { "Type": "Hutan non mangrove" }, "geometry": { "type": "Polygon", "coordinates": [ [ [ 112.492872, -7.970579 ], [ 112.481955, -7.993643 ], [ 112.490568, -7.997728 ], [ 112.507429, -7.969858 ], [ 112.492872, -7.970579 ] ] ] } },
{ "type": "Feature", "properties": { "Type": "Hutan non mangrove" }, "geometry": { "type": "Polygon", "coordinates": [ [ [ 112.262652, -7.899467 ], [ 112.277906, -7.919972 ], [ 112.29316, -7.924289 ], [ 112.30392, -7.922131 ], [ 112.320263, -7.908506 ], [ 112.333202, -7.891103 ], [ 112.321762, -7.875993 ], [ 112.321762, -7.875993 ], [ 112.262652, -7.899467 ] ] ] } },
{ "type": "Feature", "properties": { "Type": "Hutan non mangrove" }, "geometry": { "type": "Polygon", "coordinates": [ [ [ 112.33293, -7.893666 ], [ 112.327891, -7.910934 ], [ 112.317267, -7.920782 ], [ 112.347231, -7.936969 ], [ 112.349432, -7.913115 ], [ 112.33293, -7.893666 ] ] ] } },
{ "type": "Feature", "properties": { "Type": "Hutan non mangrove" }, "geometry": { "type": "Polygon", "coordinates": [ [ [ 112.322022, -7.927513 ], [ 112.2978, -7.956834 ], [ 112.317053, -7.958781 ], [ 112.343448, -7.955706 ], [ 112.348417, -7.938996 ], [ 112.322022, -7.927513 ] ] ] } },
{ "type": "Feature", "properties": { "Type": "Hutan non mangrove" }, "geometry": { "type": "Polygon", "coordinates": [ [ [ 112.252016, -7.923191 ], [ 112.258285, -7.926216 ], [ 112.272511, -7.931151 ], [ 112.282718, -7.93529 ], [ 112.289067, -7.927967 ], [ 112.28537, -7.924544 ], [ 112.257642, -7.914753 ], [ 112.252016, -7.923191 ] ] ] } },
{ "type": "Feature", "properties": { "Type": "Hutan non mangrove" }, "geometry": { "type": "Polygon", "coordinates": [ [ [ 112.27544, -7.946027 ], [ 112.297449, -7.948225 ], [ 112.297637, -7.935706 ], [ 112.289849, -7.929036 ], [ 112.285636, -7.935855 ], [ 112.282363, -7.935818 ], [ 112.273522, -7.933023 ], [ 112.27544, -7.946027 ] ] ] } },
{ "type": "Feature", "properties": { "Type": "Hutan non mangrove" }, "geometry": { "type": "Polygon", "coordinates": [ [ [ 111.927842, -8.180633 ], [ 111.93061, -8.190667 ], [ 111.937448, -8.192843 ], [ 111.945579, -8.192891 ], [ 111.954291, -8.19073 ], [ 111.927842, -8.180633 ] ] ] } },
{ "type": "Feature", "properties": { "Type": "Hutan non mangrove" }, "geometry": { "type": "Polygon", "coordinates": [ [ [ 111.75077, -7.880987 ], [ 111.819494, -7.898451 ], [ 111.814277, -7.845344 ], [ 111.767861, -7.835898 ], [ 111.75077, -7.880987 ] ] ] } },
{ "type": "Feature", "properties": { "Type": "Hutan non mangrove" }, "geometry": { "type": "Polygon", "coordinates": [ [ [ 111.755807, -7.765671 ], [ 111.698237, -7.752836 ], [ 111.698237, -7.786348 ], [ 111.721805, -7.817362 ], [ 111.762104, -7.827343 ], [ 111.833527, -7.841602 ], [ 111.840183, -7.787061 ], [ 111.755807, -7.765671 ] ] ] } },
{ "type": "Feature", "properties": { "Type": "Hutan non mangrove" }, "geometry": { "type": "Polygon", "coordinates": [ [ [ 111.688753, -7.747392 ], [ 111.634618, -7.755798 ], [ 111.66714, -7.810436 ], [ 111.701075, -7.805032 ], [ 111.688753, -7.747392 ] ] ] } },
{ "type": "Feature", "properties": { "Type": "Hutan non mangrove" }, "geometry": { "type": "Polygon", "coordinates": [ [ [ 111.708347, -7.810035 ], [ 111.691783, -7.840253 ], [ 111.742954, -7.859061 ], [ 111.753644, -7.846766 ], [ 111.757268, -7.832766 ], [ 111.731449, -7.828458 ], [ 111.713784, -7.81329 ], [ 111.708347, -7.810035 ] ] ] } },
{ "type": "Feature", "properties": { "Type": "Hutan non mangrove" }, "geometry": { "type": "Polygon", "coordinates": [ [ [ 111.205124, -7.637028 ], [ 111.226751, -7.650816 ], [ 111.24382, -7.637375 ], [ 111.243235, -7.623123 ], [ 111.209216, -7.617677 ], [ 111.205124, -7.637028 ] ] ] } },
{ "type": "Feature", "properties": { "Type": "Air" }, "geometry": { "type": "Polygon", "coordinates": [ [ [ 111.214523, -7.677182 ], [ 111.214472, -7.67731 ], [ 111.214509, -7.67752 ], [ 111.214541, -7.677609 ], [ 111.214583, -7.677816 ], [ 111.214684, -7.677949 ], [ 111.214774, -7.677996 ], [ 111.214767, -7.678037 ], [ 111.214873, -7.678122 ], [ 111.214891, -7.678222 ], [ 111.214951, -7.678231 ], [ 111.214926, -7.6783 ], [ 111.214937, -7.67835 ], [ 111.214921, -7.678393 ], [ 111.214983, -7.678466 ], [ 111.215034, -7.678541 ], [ 111.215158, -7.678649 ], [ 111.215204, -7.67871 ], [ 111.215289, -7.678788 ], [ 111.215303, -7.678833 ], [ 111.215416, -7.678881 ], [ 111.215388, -7.678927 ], [ 111.215448, -7.678984 ], [ 111.215526, -7.67902 ], [ 111.215823, -7.679084 ], [ 111.215961, -7.679102 ], [ 111.216023, -7.678979 ], [ 111.216081, -7.67895 ], [ 111.216311, -7.679013 ], [ 111.216387, -7.679077 ], [ 111.216405, -7.679157 ], [ 111.216472, -7.679235 ], [ 111.216594, -7.679308 ], [ 111.216596, -7.679435 ], [ 111.216681, -7.679428 ], [ 111.216877, -7.679488 ], [ 111.217185, -7.679465 ], [ 111.217316, -7.679428 ], [ 111.217576, -7.679433 ], [ 111.21773, -7.679497 ], [ 111.218048, -7.679543 ], [ 111.218213, -7.679635 ], [ 111.218418, -7.679477 ], [ 111.218662, -7.679392 ], [ 111.219125, -7.679504 ], [ 111.219257, -7.679602 ], [ 111.219653, -7.679641 ], [ 111.220433, -7.679432 ], [ 111.220935, -7.679268 ], [ 111.220988, -7.678914 ], [ 111.221199, -7.678253 ], [ 111.221127, -7.677932 ], [ 111.221054, -7.67748 ], [ 111.220981, -7.676943 ], [ 111.220995, -7.676426 ], [ 111.220446, -7.675994 ], [ 111.21999, -7.675653 ], [ 111.218979, -7.675136 ], [ 111.218755, -7.675136 ], [ 111.218583, -7.675241 ], [ 111.218094, -7.675706 ], [ 111.217539, -7.675994 ], [ 111.216607, -7.67621 ], [ 111.215781, -7.676511 ], [ 111.215993, -7.676924 ], [ 111.216264, -7.677539 ], [ 111.216515, -7.678017 ], [ 111.216931, -7.678613 ], [ 111.216739, -7.67879 ], [ 111.216396, -7.678862 ], [ 111.216072, -7.678705 ], [ 111.215913, -7.67822 ], [ 111.216125, -7.678063 ], [ 111.216429, -7.678011 ], [ 111.215656, -7.676557 ], [ 111.214523, -7.677182 ] ] ] } },
{ "type": "Feature", "properties": { "Type": "Air" }, "geometry": { "type": "Polygon", "coordinates": [ [ [ 111.562432, -7.411267 ], [ 111.563883, -7.410744 ], [ 111.564, -7.410468 ], [ 111.563861, -7.410242 ], [ 111.563866, -7.409917 ], [ 111.564016, -7.409657 ], [ 111.563777, -7.409597 ], [ 111.563549, -7.409492 ], [ 111.562793, -7.409453 ], [ 111.562287, -7.409525 ], [ 111.561725, -7.409674 ], [ 111.561553, -7.409735 ], [ 111.561659, -7.409961 ], [ 111.561775, -7.41017 ], [ 111.561948, -7.410275 ], [ 111.561981, -7.410396 ], [ 111.562003, -7.410495 ], [ 111.562126, -7.410595 ], [ 111.562343, -7.410584 ], [ 111.562348, -7.410744 ], [ 111.562104, -7.410788 ], [ 111.562432, -7.411267 ] ] ] } },
{ "type": "Feature", "properties": { "Type": "Air" }, "geometry": { "type": "Polygon", "coordinates": [ [ [ 112.419328, -6.979246 ], [ 112.420775, -6.980387 ], [ 112.419869, -6.984711 ], [ 112.421452, -6.984939 ], [ 112.422561, -6.985181 ], [ 112.423738, -6.985557 ], [ 112.424631, -6.985785 ], [ 112.426918, -6.986349 ], [ 112.427324, -6.981515 ], [ 112.427729, -6.9813 ], [ 112.427946, -6.980844 ], [ 112.428528, -6.980038 ], [ 112.428609, -6.979125 ], [ 112.428365, -6.978453 ], [ 112.427953, -6.978706 ], [ 112.427408, -6.979007 ], [ 112.4271, -6.978926 ], [ 112.426673, -6.97935 ], [ 112.426165, -6.979409 ], [ 112.425489, -6.979007 ], [ 112.424978, -6.978754 ], [ 112.424902, -6.979227 ], [ 112.424297, -6.979302 ], [ 112.423673, -6.979361 ], [ 112.422997, -6.979291 ], [ 112.419328, -6.979246 ] ] ] } },
{ "type": "Feature", "properties": { "Type": "Air" }, "geometry": { "type": "Polygon", "coordinates": [ [ [ 112.555675, -7.022293 ], [ 112.556284, -7.022455 ], [ 112.556633, -7.022539 ], [ 112.558177, -7.022911 ], [ 112.559115, -7.020269 ], [ 112.558568, -7.020137 ], [ 112.558512, -7.020137 ], [ 112.55891, -7.018901 ], [ 112.558825, -7.018801 ], [ 112.558652, -7.018695 ], [ 112.558548, -7.018669 ], [ 112.558381, -7.018668 ], [ 112.558296, -7.018664 ], [ 112.558159, -7.018655 ], [ 112.558009, -7.018619 ], [ 112.557814, -7.018609 ], [ 112.557582, -7.0186 ], [ 112.557406, -7.018625 ], [ 112.557325, -7.018671 ], [ 112.557273, -7.018742 ], [ 112.556754, -7.020731 ], [ 112.555675, -7.022293 ] ] ] } },
{ "type": "Feature", "properties": { "Type": "Air" }, "geometry": { "type": "Polygon", "coordinates": [ [ [ 112.560776, -7.023674 ], [ 112.560382, -7.024909 ], [ 112.561158, -7.025201 ], [ 112.561444, -7.024201 ], [ 112.560991, -7.023965 ], [ 112.561042, -7.023732 ], [ 112.561032, -7.023719 ], [ 112.560776, -7.023674 ] ] ] } },
{ "type": "Feature", "properties": { "Type": "Air" }, "geometry": { "type": "Polygon", "coordinates": [ [ [ 112.561909, -7.024257 ], [ 112.561839, -7.024407 ], [ 112.561601, -7.024274 ], [ 112.561529, -7.024277 ], [ 112.561211, -7.025224 ], [ 112.561513, -7.025334 ], [ 112.561995, -7.025512 ], [ 112.56233, -7.024436 ], [ 112.562291, -7.024413 ], [ 112.562185, -7.024394 ], [ 112.562088, -7.024341 ], [ 112.561909, -7.024257 ] ] ] } },
{ "type": "Feature", "properties": { "Type": "Air" }, "geometry": { "type": "Polygon", "coordinates": [ [ [ 112.562572, -7.024486 ], [ 112.562365, -7.025073 ], [ 112.56226, -7.025377 ], [ 112.562193, -7.025615 ], [ 112.562867, -7.02595 ], [ 112.56295, -7.025773 ], [ 112.563157, -7.025323 ], [ 112.563259, -7.025099 ], [ 112.56325, -7.025009 ], [ 112.563217, -7.024884 ], [ 112.563094, -7.024683 ], [ 112.562919, -7.024611 ], [ 112.562838, -7.024588 ], [ 112.562663, -7.024517 ], [ 112.562613, -7.024492 ], [ 112.562572, -7.024486 ] ] ] } },
{ "type": "Feature", "properties": { "Type": "Air" }, "geometry": { "type": "Polygon", "coordinates": [ [ [ 112.564454, -7.026852 ], [ 112.564011, -7.026628 ], [ 112.563611, -7.026419 ], [ 112.563309, -7.027093 ], [ 112.56398, -7.027382 ], [ 112.564116, -7.027009 ], [ 112.564194, -7.027004 ], [ 112.564371, -7.027078 ], [ 112.564454, -7.026852 ] ] ] } },
{ "type": "Feature", "properties": { "Type": "Air" }, "geometry": { "type": "Polygon", "coordinates": [ [ [ 112.562901, -7.026136 ], [ 112.562709, -7.026049 ], [ 112.562579, -7.026293 ], [ 112.562364, -7.026726 ], [ 112.562381, -7.026786 ], [ 112.562479, -7.026833 ], [ 112.563252, -7.027068 ], [ 112.563447, -7.026625 ], [ 112.563308, -7.026582 ], [ 112.563414, -7.026323 ], [ 112.563162, -7.02624 ], [ 112.563054, -7.026209 ], [ 112.562975, -7.026222 ], [ 112.562913, -7.026226 ], [ 112.562894, -7.026158 ], [ 112.562901, -7.026136 ] ] ] } },
{ "type": "Feature", "properties": { "Type": "Air" }, "geometry": { "type": "Polygon", "coordinates": [ [ [ 112.562046, -7.02663 ], [ 112.562185, -7.026369 ], [ 112.562394, -7.026455 ], [ 112.562635, -7.026005 ], [ 112.561833, -7.025684 ], [ 112.561487, -7.026429 ], [ 112.562046, -7.02663 ] ] ] } },
{ "type": "Feature", "properties": { "Type": "Air" }, "geometry": { "type": "Polygon", "coordinates": [ [ [ 112.555758, -7.022555 ], [ 112.555215, -7.024187 ], [ 112.555544, -7.024284 ], [ 112.555637, -7.024272 ], [ 112.555791, -7.024312 ], [ 112.556056, -7.024392 ], [ 112.556516, -7.023291 ], [ 112.556672, -7.02299 ], [ 112.556606, -7.02292 ], [ 112.556696, -7.022861 ], [ 112.556708, -7.022772 ], [ 112.555758, -7.022555 ] ] ] } },
{ "type": "Feature", "properties": { "Type": "Air" }, "geometry": { "type": "Polygon", "coordinates": [ [ [ 112.557483, -7.025649 ], [ 112.557283, -7.026553 ], [ 112.557537, -7.026537 ], [ 112.557575, -7.026292 ], [ 112.557671, -7.026137 ], [ 112.557824, -7.025831 ], [ 112.557483, -7.025649 ] ] ] } },
{ "type": "Feature", "properties": { "Type": "Air" }, "geometry": { "type": "Polygon", "coordinates": [ [ [ 112.523466, -7.041694 ], [ 112.524394, -7.041664 ], [ 112.524292, -7.040975 ], [ 112.524241, -7.040337 ], [ 112.524425, -7.039952 ], [ 112.524955, -7.039902 ], [ 112.525823, -7.040287 ], [ 112.526435, -7.040945 ], [ 112.527271, -7.041694 ], [ 112.528108, -7.042595 ], [ 112.528883, -7.043375 ], [ 112.529689, -7.042848 ], [ 112.528894, -7.042079 ], [ 112.528424, -7.041694 ], [ 112.528037, -7.041218 ], [ 112.527669, -7.040884 ], [ 112.5272, -7.040499 ], [ 112.526833, -7.040084 ], [ 112.526323, -7.03973 ], [ 112.525853, -7.039446 ], [ 112.525466, -7.039142 ], [ 112.524935, -7.039021 ], [ 112.524486, -7.039082 ], [ 112.523986, -7.039274 ], [ 112.523568, -7.039578 ], [ 112.523262, -7.040104 ], [ 112.523211, -7.0406 ], [ 112.523466, -7.041694 ] ] ] } },
{ "type": "Feature", "properties": { "Type": "Air" }, "geometry": { "type": "Polygon", "coordinates": [ [ [ 112.453315, -7.229811 ], [ 112.453607, -7.228847 ], [ 112.453404, -7.227006 ], [ 112.453506, -7.225113 ], [ 112.453381, -7.225151 ], [ 112.453269, -7.225383 ], [ 112.453016, -7.22551 ], [ 112.452866, -7.225599 ], [ 112.452771, -7.225678 ], [ 112.452643, -7.225826 ], [ 112.452488, -7.225929 ], [ 112.452348, -7.226259 ], [ 112.452304, -7.226516 ], [ 112.452271, -7.226743 ], [ 112.452222, -7.227019 ], [ 112.452184, -7.227639 ], [ 112.452133, -7.227757 ], [ 112.451762, -7.227839 ], [ 112.451724, -7.227971 ], [ 112.451637, -7.228044 ], [ 112.451623, -7.228236 ], [ 112.451569, -7.228376 ], [ 112.45146, -7.228833 ], [ 112.45146, -7.229009 ], [ 112.451511, -7.229184 ], [ 112.451607, -7.229271 ], [ 112.451697, -7.229346 ], [ 112.451958, -7.229463 ], [ 112.452247, -7.229573 ], [ 112.452737, -7.229811 ], [ 112.452988, -7.229952 ], [ 112.453249, -7.230022 ], [ 112.453315, -7.229811 ] ] ] } },
{ "type": "Feature", "properties": { "Type": "Air" }, "geometry": { "type": "Polygon", "coordinates": [ [ [ 112.453772, -7.228937 ], [ 112.453492, -7.229811 ], [ 112.4536, -7.229846 ], [ 112.453706, -7.229849 ], [ 112.453857, -7.229899 ], [ 112.453969, -7.229928 ], [ 112.454144, -7.229036 ], [ 112.454096, -7.228988 ], [ 112.45404, -7.229017 ], [ 112.454005, -7.228988 ], [ 112.453772, -7.228937 ] ] ] } },
{ "type": "Feature", "properties": { "Type": "Air" }, "geometry": { "type": "Polygon", "coordinates": [ [ [ 112.459588, -7.212027 ], [ 112.459315, -7.213532 ], [ 112.45982, -7.213632 ], [ 112.459831, -7.214147 ], [ 112.459906, -7.214225 ], [ 112.45982, -7.214284 ], [ 112.459816, -7.214488 ], [ 112.459764, -7.214996 ], [ 112.459719, -7.215185 ], [ 112.459737, -7.215452 ], [ 112.459779, -7.215574 ], [ 112.459872, -7.21563 ], [ 112.459962, -7.21557 ], [ 112.46007, -7.21547 ], [ 112.460156, -7.21517 ], [ 112.460227, -7.21467 ], [ 112.460332, -7.213665 ], [ 112.460343, -7.213124 ], [ 112.460365, -7.212935 ], [ 112.460395, -7.212735 ], [ 112.460436, -7.212579 ], [ 112.460455, -7.212231 ], [ 112.460373, -7.212175 ], [ 112.460208, -7.212142 ], [ 112.459588, -7.212027 ] ] ] } },
{ "type": "Feature", "properties": { "Type": "Air" }, "geometry": { "type": "Polygon", "coordinates": [ [ [ 112.458935, -7.211852 ], [ 112.458882, -7.21187 ], [ 112.458786, -7.211953 ], [ 112.458728, -7.212035 ], [ 112.458414, -7.213315 ], [ 112.458498, -7.213438 ], [ 112.458738, -7.213443 ], [ 112.459236, -7.213518 ], [ 112.459466, -7.212147 ], [ 112.459418, -7.212059 ], [ 112.459499, -7.212024 ], [ 112.459481, -7.211901 ], [ 112.458935, -7.211852 ] ] ] } },
{ "type": "Feature", "properties": { "Type": "Air" }, "geometry": { "type": "Polygon", "coordinates": [ [ [ 112.44893, -7.217439 ], [ 112.448887, -7.217499 ], [ 112.449367, -7.218302 ], [ 112.449451, -7.218368 ], [ 112.449711, -7.218405 ], [ 112.449893, -7.21842 ], [ 112.450523, -7.218477 ], [ 112.450595, -7.21803 ], [ 112.450575, -7.217852 ], [ 112.44893, -7.217439 ] ] ] } },
{ "type": "Feature", "properties": { "Type": "Air" }, "geometry": { "type": "Polygon", "coordinates": [ [ [ 112.441035, -7.236164 ], [ 112.441318, -7.236214 ], [ 112.441658, -7.236293 ], [ 112.441986, -7.236372 ], [ 112.442295, -7.236444 ], [ 112.442778, -7.236535 ], [ 112.443152, -7.236607 ], [ 112.443225, -7.236262 ], [ 112.443201, -7.236099 ], [ 112.443148, -7.235896 ], [ 112.44301, -7.235857 ], [ 112.441615, -7.235798 ], [ 112.441158, -7.235762 ], [ 112.441035, -7.236164 ] ] ] } },
{ "type": "Feature", "properties": { "Type": "Air" }, "geometry": { "type": "Polygon", "coordinates": [ [ [ 112.436464, -7.239421 ], [ 112.436322, -7.239418 ], [ 112.436203, -7.239477 ], [ 112.436103, -7.23961 ], [ 112.435969, -7.239702 ], [ 112.435533, -7.239783 ], [ 112.435347, -7.239861 ], [ 112.434953, -7.239901 ], [ 112.434577, -7.239942 ], [ 112.434465, -7.239857 ], [ 112.434405, -7.239861 ], [ 112.434327, -7.241013 ], [ 112.434372, -7.241053 ], [ 112.434763, -7.241053 ], [ 112.435961, -7.24105 ], [ 112.436464, -7.239421 ] ] ] } },
{ "type": "Feature", "properties": { "Type": "Air" }, "geometry": { "type": "Polygon", "coordinates": [ [ [ 112.432918, -7.239979 ], [ 112.432774, -7.239999 ], [ 112.432603, -7.239982 ], [ 112.432398, -7.240028 ], [ 112.432303, -7.240068 ], [ 112.432557, -7.241083 ], [ 112.432768, -7.24106 ], [ 112.433025, -7.241043 ], [ 112.433384, -7.241066 ], [ 112.434245, -7.241083 ], [ 112.434317, -7.239853 ], [ 112.434288, -7.239767 ], [ 112.434135, -7.239744 ], [ 112.433988, -7.239687 ], [ 112.433838, -7.23971 ], [ 112.433728, -7.239727 ], [ 112.433606, -7.239664 ], [ 112.433551, -7.239604 ], [ 112.433496, -7.239586 ], [ 112.433392, -7.239586 ], [ 112.432918, -7.239979 ] ] ] } },
{ "type": "Feature", "properties": { "Type": "Air" }, "geometry": { "type": "Polygon", "coordinates": [ [ [ 112.427927, -7.246583 ], [ 112.428567, -7.246418 ], [ 112.428814, -7.246131 ], [ 112.429043, -7.24573 ], [ 112.429215, -7.245443 ], [ 112.4293, -7.24529 ], [ 112.429363, -7.245129 ], [ 112.429414, -7.24494 ], [ 112.429496, -7.244779 ], [ 112.429625, -7.244551 ], [ 112.429625, -7.244524 ], [ 112.429398, -7.244395 ], [ 112.429374, -7.244345 ], [ 112.429422, -7.244123 ], [ 112.429519, -7.243986 ], [ 112.428895, -7.243629 ], [ 112.428647, -7.243489 ], [ 112.428478, -7.243393 ], [ 112.428155, -7.243249 ], [ 112.427965, -7.243195 ], [ 112.427685, -7.243121 ], [ 112.427066, -7.242983 ], [ 112.427057, -7.243028 ], [ 112.428258, -7.243537 ], [ 112.428394, -7.243608 ], [ 112.428421, -7.244237 ], [ 112.428418, -7.244392 ], [ 112.428466, -7.244464 ], [ 112.428484, -7.244569 ], [ 112.428469, -7.244701 ], [ 112.428448, -7.244826 ], [ 112.428433, -7.244889 ], [ 112.428563, -7.244964 ], [ 112.428668, -7.245045 ], [ 112.428647, -7.24515 ], [ 112.428575, -7.24531 ], [ 112.428533, -7.245367 ], [ 112.428361, -7.245337 ], [ 112.427927, -7.246583 ] ] ] } },
{ "type": "Feature", "properties": { "Type": "Air" }, "geometry": { "type": "Polygon", "coordinates": [ [ [ 112.420086, -7.239285 ], [ 112.420065, -7.239659 ], [ 112.420547, -7.239758 ], [ 112.420631, -7.239767 ], [ 112.420694, -7.23981 ], [ 112.4207, -7.239918 ], [ 112.420725, -7.24002 ], [ 112.42093, -7.240039 ], [ 112.421014, -7.239906 ], [ 112.421049, -7.239619 ], [ 112.421099, -7.239152 ], [ 112.421083, -7.238843 ], [ 112.421095, -7.238407 ], [ 112.42103, -7.238389 ], [ 112.420937, -7.238324 ], [ 112.420843, -7.238315 ], [ 112.420734, -7.238355 ], [ 112.420086, -7.239285 ] ] ] } },
{ "type": "Feature", "properties": { "Type": "Air" }, "geometry": { "type": "Polygon", "coordinates": [ [ [ 112.419296, -7.237998 ], [ 112.419564, -7.238103 ], [ 112.419642, -7.238218 ], [ 112.419632, -7.238425 ], [ 112.419576, -7.238585 ], [ 112.419601, -7.238647 ], [ 112.419576, -7.238687 ], [ 112.419517, -7.238947 ], [ 112.419499, -7.239126 ], [ 112.419779, -7.2392 ], [ 112.42004, -7.239253 ], [ 112.420177, -7.23903 ], [ 112.420486, -7.238616 ], [ 112.420726, -7.238301 ], [ 112.420763, -7.238119 ], [ 112.420782, -7.237819 ], [ 112.420651, -7.237816 ], [ 112.420529, -7.237754 ], [ 112.420402, -7.237739 ], [ 112.420277, -7.237751 ], [ 112.42019, -7.237689 ], [ 112.41991, -7.237618 ], [ 112.41962, -7.237553 ], [ 112.419536, -7.237764 ], [ 112.419477, -7.237896 ], [ 112.419365, -7.237906 ], [ 112.419296, -7.237998 ] ] ] } },
{ "type": "Feature", "properties": { "Type": "Air" }, "geometry": { "type": "Polygon", "coordinates": [ [ [ 112.430375, -7.254094 ], [ 112.428751, -7.254021 ], [ 112.428457, -7.254843 ], [ 112.427996, -7.255331 ], [ 112.427828, -7.256548 ], [ 112.427818, -7.256725 ], [ 112.427965, -7.257005 ], [ 112.428269, -7.257016 ], [ 112.429851, -7.256714 ], [ 112.430375, -7.254094 ] ] ] } },
{ "type": "Feature", "properties": { "Type": "Air" }, "geometry": { "type": "Polygon", "coordinates": [ [ [ 112.444259, -7.255462 ], [ 112.44453, -7.255558 ], [ 112.444696, -7.25571 ], [ 112.447766, -7.255648 ], [ 112.448155, -7.253554 ], [ 112.447946, -7.25363 ], [ 112.447669, -7.253519 ], [ 112.444669, -7.253196 ], [ 112.444259, -7.255462 ] ] ] } },
{ "type": "Feature", "properties": { "Type": "Air" }, "geometry": { "type": "Polygon", "coordinates": [ [ [ 112.63097, -7.156768 ], [ 112.632694, -7.157597 ], [ 112.63309, -7.157915 ], [ 112.63324, -7.157777 ], [ 112.633743, -7.158117 ], [ 112.634054, -7.157979 ], [ 112.634322, -7.157799 ], [ 112.634536, -7.158139 ], [ 112.63611, -7.158107 ], [ 112.636817, -7.15833 ], [ 112.637866, -7.157469 ], [ 112.637523, -7.157225 ], [ 112.637116, -7.157055 ], [ 112.636624, -7.156917 ], [ 112.635746, -7.156545 ], [ 112.635307, -7.156247 ], [ 112.634771, -7.15613 ], [ 112.634547, -7.155982 ], [ 112.633733, -7.155759 ], [ 112.633519, -7.155461 ], [ 112.633112, -7.155323 ], [ 112.631645, -7.15476 ], [ 112.63097, -7.156768 ] ] ] } },
{ "type": "Feature", "properties": { "Type": "Air" }, "geometry": { "type": "Polygon", "coordinates": [ [ [ 112.622713, -7.152934 ], [ 112.622912, -7.153206 ], [ 112.623461, -7.15309 ], [ 112.623569, -7.153272 ], [ 112.623735, -7.153404 ], [ 112.623935, -7.153742 ], [ 112.625066, -7.154221 ], [ 112.625373, -7.154064 ], [ 112.625914, -7.154353 ], [ 112.626205, -7.154575 ], [ 112.626911, -7.154831 ], [ 112.627252, -7.154699 ], [ 112.627696, -7.154737 ], [ 112.628012, -7.154655 ], [ 112.628178, -7.154894 ], [ 112.628519, -7.1551 ], [ 112.628727, -7.155199 ], [ 112.629084, -7.155109 ], [ 112.629409, -7.154795 ], [ 112.629874, -7.154358 ], [ 112.629733, -7.154135 ], [ 112.629409, -7.153912 ], [ 112.629334, -7.153418 ], [ 112.629517, -7.153079 ], [ 112.629359, -7.152832 ], [ 112.629043, -7.152601 ], [ 112.628677, -7.152494 ], [ 112.628527, -7.152683 ], [ 112.628319, -7.15289 ], [ 112.628045, -7.153079 ], [ 112.627704, -7.153013 ], [ 112.627047, -7.152667 ], [ 112.626199, -7.152263 ], [ 112.626083, -7.152081 ], [ 112.625543, -7.151908 ], [ 112.625202, -7.151834 ], [ 112.624561, -7.151702 ], [ 112.624021, -7.151495 ], [ 112.623614, -7.151471 ], [ 112.623115, -7.151561 ], [ 112.62284, -7.151784 ], [ 112.622682, -7.152139 ], [ 112.622713, -7.152934 ] ] ] } },
{ "type": "Feature", "properties": { "Type": "Air" }, "geometry": { "type": "Polygon", "coordinates": [ [ [ 112.591447, -7.149271 ], [ 112.591664, -7.149274 ], [ 112.592684, -7.149256 ], [ 112.592671, -7.149111 ], [ 112.592704, -7.149016 ], [ 112.592787, -7.14872 ], [ 112.592686, -7.148633 ], [ 112.592684, -7.148322 ], [ 112.592815, -7.148187 ], [ 112.59283, -7.148061 ], [ 112.592777, -7.148014 ], [ 112.592414, -7.147989 ], [ 112.592356, -7.148069 ], [ 112.592212, -7.148054 ], [ 112.592171, -7.148009 ], [ 112.592053, -7.148001 ], [ 112.591924, -7.148069 ], [ 112.59155, -7.148382 ], [ 112.591447, -7.149271 ] ] ] } },
{ "type": "Feature", "properties": { "Type": "Air" }, "geometry": { "type": "Polygon", "coordinates": [ [ [ 112.26786, -7.205007 ], [ 112.267922, -7.207783 ], [ 112.270261, -7.206333 ], [ 112.27331, -7.208239 ], [ 112.27496, -7.208964 ], [ 112.276547, -7.207762 ], [ 112.272266, -7.205007 ], [ 112.26786, -7.205007 ] ] ] } },
{ "type": "Feature", "properties": { "Type": "Air" }, "geometry": { "type": "Polygon", "coordinates": [ [ [ 112.264623, -7.203059 ], [ 112.265625, -7.205318 ], [ 112.268987, -7.204344 ], [ 112.269071, -7.202935 ], [ 112.264623, -7.203059 ] ] ] } },
{ "type": "Feature", "properties": { "Type": "Air" }, "geometry": { "type": "Polygon", "coordinates": [ [ [ 112.262493, -7.206208 ], [ 112.262367, -7.207431 ], [ 112.2655, -7.207596 ], [ 112.266168, -7.205566 ], [ 112.262493, -7.206208 ] ] ] } },
{ "type": "Feature", "properties": { "Type": "Air" }, "geometry": { "type": "Polygon", "coordinates": [ [ [ 112.783011, -7.269621 ], [ 112.783585, -7.269739 ], [ 112.783663, -7.269123 ], [ 112.783376, -7.269135 ], [ 112.783195, -7.269253 ], [ 112.783011, -7.269621 ] ] ] } },
{ "type": "Feature", "properties": { "Type": "Air" }, "geometry": { "type": "Polygon", "coordinates": [ [ [ 112.782829, -7.269208 ], [ 112.783475, -7.26884 ], [ 112.783344, -7.268645 ], [ 112.782929, -7.268576 ], [ 112.78281, -7.268614 ], [ 112.78272, -7.26888 ], [ 112.782829, -7.269208 ] ] ] } },
{ "type": "Feature", "properties": { "Type": "Air" }, "geometry": { "type": "Polygon", "coordinates": [ [ [ 112.429944, -6.74868 ], [ 112.405556, -6.826853 ], [ 112.518082, -6.838323 ], [ 112.577982, -6.773323 ], [ 112.429944, -6.74868 ] ] ] } },
{ "type": "Feature", "properties": { "Type": "Air" }, "geometry": { "type": "Polygon", "coordinates": [ [ [ 112.289205, -6.720271 ], [ 112.179422, -6.648407 ], [ 112.161125, -6.779738 ], [ 112.24263, -6.823507 ], [ 112.364056, -6.824333 ], [ 112.388175, -6.742572 ], [ 112.289205, -6.720271 ] ] ] } },
{ "type": "Feature", "properties": { "Type": "Air" }, "geometry": { "type": "Polygon", "coordinates": [ [ [ 112.591524, -7.244638 ], [ 112.591533, -7.243634 ], [ 112.591405, -7.243524 ], [ 112.591486, -7.243426 ], [ 112.591486, -7.242999 ], [ 112.590063, -7.243469 ], [ 112.59026, -7.244274 ], [ 112.591524, -7.244638 ] ] ] } },
{ "type": "Feature", "properties": { "Type": "Air" }, "geometry": { "type": "Polygon", "coordinates": [ [ [ 112.604475, -7.245792 ], [ 112.602605, -7.24567 ], [ 112.602257, -7.246072 ], [ 112.602011, -7.246271 ], [ 112.602003, -7.24645 ], [ 112.602187, -7.246612 ], [ 112.602429, -7.246779 ], [ 112.602711, -7.246949 ], [ 112.603002, -7.247059 ], [ 112.603268, -7.247136 ], [ 112.603395, -7.247294 ], [ 112.603673, -7.247448 ], [ 112.603873, -7.247456 ], [ 112.603939, -7.247144 ], [ 112.604074, -7.246665 ], [ 112.604287, -7.245902 ], [ 112.604475, -7.245792 ] ] ] } },
{ "type": "Feature", "properties": { "Type": "Air" }, "geometry": { "type": "Polygon", "coordinates": [ [ [ 112.607511, -7.275455 ], [ 112.607489, -7.275863 ], [ 112.607661, -7.275893 ], [ 112.607828, -7.275973 ], [ 112.607919, -7.276001 ], [ 112.608003, -7.276033 ], [ 112.608106, -7.276065 ], [ 112.608302, -7.276081 ], [ 112.608344, -7.276029 ], [ 112.608316, -7.275951 ], [ 112.608068, -7.275779 ], [ 112.607941, -7.275693 ], [ 112.607848, -7.275621 ], [ 112.607743, -7.275573 ], [ 112.607604, -7.275507 ], [ 112.607511, -7.275455 ] ] ] } },
{ "type": "Feature", "properties": { "Type": "Air" }, "geometry": { "type": "Polygon", "coordinates": [ [ [ 112.53168, -6.908756 ], [ 112.531866, -6.908749 ], [ 112.532166, -6.908745 ], [ 112.532417, -6.908828 ], [ 112.533007, -6.909137 ], [ 112.533342, -6.908779 ], [ 112.533251, -6.908703 ], [ 112.532931, -6.908541 ], [ 112.532041, -6.908107 ], [ 112.53168, -6.908756 ] ] ] } },
{ "type": "Feature", "properties": { "Type": "Air" }, "geometry": { "type": "Polygon", "coordinates": [ [ [ 112.53279, -6.906913 ], [ 112.532672, -6.907015 ], [ 112.532509, -6.907113 ], [ 112.532414, -6.907208 ], [ 112.532376, -6.907563 ], [ 112.532547, -6.907684 ], [ 112.532737, -6.907774 ], [ 112.532828, -6.907895 ], [ 112.532935, -6.907865 ], [ 112.532961, -6.907929 ], [ 112.533368, -6.908065 ], [ 112.533547, -6.90802 ], [ 112.533505, -6.907854 ], [ 112.533114, -6.907363 ], [ 112.53279, -6.906913 ] ] ] } },
{ "type": "Feature", "properties": { "Type": "Air" }, "geometry": { "type": "Polygon", "coordinates": [ [ [ 112.606491, -6.893008 ], [ 112.607388, -6.896421 ], [ 112.607555, -6.896227 ], [ 112.607837, -6.896421 ], [ 112.60788, -6.896299 ], [ 112.607801, -6.896062 ], [ 112.60796, -6.896026 ], [ 112.607888, -6.895171 ], [ 112.607678, -6.894187 ], [ 112.607439, -6.89349 ], [ 112.607236, -6.893008 ], [ 112.606491, -6.893008 ] ] ] } },
{ "type": "Feature", "properties": { "Type": "Air" }, "geometry": { "type": "Polygon", "coordinates": [ [ [ 112.58124, -6.919811 ], [ 112.580896, -6.924032 ], [ 112.580942, -6.925334 ], [ 112.582106, -6.925334 ], [ 112.582178, -6.923257 ], [ 112.582269, -6.921832 ], [ 112.582303, -6.920855 ], [ 112.582518, -6.920215 ], [ 112.582766, -6.91989 ], [ 112.58124, -6.919811 ] ] ] } },
{ "type": "Feature", "properties": { "Type": "Air" }, "geometry": { "type": "Polygon", "coordinates": [ [ [ 112.580819, -6.926111 ], [ 112.580769, -6.929615 ], [ 112.580769, -6.929615 ], [ 112.581085, -6.931621 ], [ 112.581174, -6.932403 ], [ 112.582219, -6.93166 ], [ 112.581952, -6.930104 ], [ 112.581903, -6.929644 ], [ 112.581903, -6.928274 ], [ 112.58209, -6.92616 ], [ 112.580819, -6.926111 ] ] ] } },
{ "type": "Feature", "properties": { "Type": "Air" }, "geometry": { "type": "Polygon", "coordinates": [ [ [ 112.476992, -6.97755 ], [ 112.477156, -6.977651 ], [ 112.477289, -6.977678 ], [ 112.477493, -6.977766 ], [ 112.477678, -6.977851 ], [ 112.477892, -6.977925 ], [ 112.478237, -6.978064 ], [ 112.478186, -6.977983 ], [ 112.478158, -6.977844 ], [ 112.478237, -6.977689 ], [ 112.478516, -6.977621 ], [ 112.478455, -6.977374 ], [ 112.478581, -6.977343 ], [ 112.478759, -6.977188 ], [ 112.478711, -6.977123 ], [ 112.478574, -6.977093 ], [ 112.478554, -6.977221 ], [ 112.478472, -6.977242 ], [ 112.478377, -6.977194 ], [ 112.478353, -6.977133 ], [ 112.478435, -6.977086 ], [ 112.47836, -6.977059 ], [ 112.478257, -6.977059 ], [ 112.478175, -6.977286 ], [ 112.47809, -6.97737 ], [ 112.477944, -6.977387 ], [ 112.477896, -6.977364 ], [ 112.477736, -6.97737 ], [ 112.477401, -6.977299 ], [ 112.477272, -6.977313 ], [ 112.477197, -6.977465 ], [ 112.477152, -6.977546 ], [ 112.476992, -6.97755 ] ] ] } },
{ "type": "Feature", "properties": { "Type": "Air" }, "geometry": { "type": "Polygon", "coordinates": [ [ [ 112.610669, -6.875749 ], [ 112.621695, -6.886195 ], [ 112.633515, -6.876893 ], [ 112.618596, -6.866804 ], [ 112.610669, -6.875749 ] ] ] } },
{ "type": "Feature", "properties": { "Type": "Air" }, "geometry": { "type": "Polygon", "coordinates": [ [ [ 112.623346, -6.88846 ], [ 112.629431, -6.89958 ], [ 112.642775, -6.893952 ], [ 112.636068, -6.879468 ], [ 112.623346, -6.88846 ] ] ] } },
{ "type": "Feature", "properties": { "Type": "Air" }, "geometry": { "type": "Polygon", "coordinates": [ [ [ 112.630401, -6.902258 ], [ 112.631967, -6.918518 ], [ 112.646178, -6.916486 ], [ 112.643167, -6.897356 ], [ 112.630401, -6.902258 ] ] ] } },
{ "type": "Feature", "properties": { "Type": "Air" }, "geometry": { "type": "Polygon", "coordinates": [ [ [ 112.631485, -6.922703 ], [ 112.629678, -6.941354 ], [ 112.648226, -6.936571 ], [ 112.645455, -6.921029 ], [ 112.631485, -6.922703 ] ] ] } },
{ "type": "Feature", "properties": { "Type": "Air" }, "geometry": { "type": "Polygon", "coordinates": [ [ [ 112.629507, -6.944548 ], [ 112.629219, -6.96293 ], [ 112.651, -6.961311 ], [ 112.648506, -6.939976 ], [ 112.629507, -6.944548 ] ] ] } }
]
}
