{
    "type": "FeatureCollection",
    "name": "jawa_timur_provinsi",
    "crs": {
        "type": "name",
        "properties": {
            "name": "urn:ogc:def:crs:OGC:1.3:CRS84"
        }
    },
    "features": [
        {
            "type": "Feature",
            "properties": {
                "nama": "Jawa Timur"
            },
            "geometry": {
                "type": "MultiPolygon",
                "coordinates": [
                    [
                        [
                            [
                                111.776988407571821,
                                -8.325387298437326
                            ],
                            [
                                111.74856311550279,
                                -8.340700397699056
                            ],
                            [
                                111.739452444967839,
                                -8.332964914566841
                            ],
                            [
                                111.741639005896232,
                                -8.322072091380662
                            ],
                            [
                                111.74856311550279,
                                -8.309758465170198
                            ],
                            [
                                111.735079323111066,
                                -8.292235227870691
                            ],
                            [
                                111.727608573272406,
                                -8.287025616781648
                            ],
                            [
                                111.713031500416491,
                                -8.291130158851804
                            ],
                            [
                                111.708293951738327,
                                -8.29776057296513
                            ],
                            [
                                111.715218061344885,
                                -8.315757411272731
                            ],
                            [
                                111.7126670735951,
                                -8.323177160399549
                            ],
                            [
                                111.695356799578704,
                                -8.322072091380662
                            ],
                            [
                                111.688432689972146,
                                -8.329965441515574
                            ],
                            [
                                111.698636640971287,
                                -8.345594274782702
                            ],
                            [
                                111.713578140648593,
                                -8.351593220885237
                            ],
                            [
                                111.720684463665847,
                                -8.369116458184743
                            ],
                            [
                                111.709933872434618,
                                -8.367222054152364
                            ],
                            [
                                111.696450080042894,
                                -8.379219946357431
                            ],
                            [
                                111.685152848579563,
                                -8.372431665241406
                            ],
                            [
                                111.670757989134344,
                                -8.368011389165854
                            ],
                            [
                                111.667478147741761,
                                -8.356013496960788
                            ],
                            [
                                111.657274196742634,
                                -8.357118565979675
                            ],
                            [
                                111.635773014280161,
                                -8.347804412820478
                            ],
                            [
                                111.628302264441501,
                                -8.336280121623505
                            ],
                            [
                                111.628302264441501,
                                -8.325071564431928
                            ],
                            [
                                111.617551673210258,
                                -8.320651288356377
                            ],
                            [
                                111.602427960122256,
                                -8.324282229418436
                            ],
                            [
                                111.595503850515698,
                                -8.322072091380662
                            ],
                            [
                                111.58748646044495,
                                -8.328860372496687
                            ],
                            [
                                111.586939820212848,
                                -8.334701451596523
                            ],
                            [
                                111.570722826660642,
                                -8.326176633450816
                            ],
                            [
                                111.572909387589036,
                                -8.31765181530511
                            ],
                            [
                                111.562158796357792,
                                -8.308337662145913
                            ],
                            [
                                111.549768284430272,
                                -8.306443258113534
                            ],
                            [
                                111.54703508326979,
                                -8.311968603207973
                            ],
                            [
                                111.532640223824572,
                                -8.315757411272731
                            ],
                            [
                                111.53209358359247,
                                -8.332964914566841
                            ],
                            [
                                111.513325602290479,
                                -8.332964914566841
                            ],
                            [
                                111.509499120665808,
                                -8.326492367456213
                            ],
                            [
                                111.478340627436296,
                                -8.30596965710544
                            ],
                            [
                                111.462305847294786,
                                -8.320967022361774
                            ],
                            [
                                111.457386085205911,
                                -8.310547800183688
                            ],
                            [
                                111.449368695135163,
                                -8.308969130156706
                            ],
                            [
                                111.444995573278391,
                                -8.293656030894974
                            ],
                            [
                                111.450461975599353,
                                -8.289235754819424
                            ],
                            [
                                111.453195176759834,
                                -8.276606394603563
                            ],
                            [
                                111.450461975599353,
                                -8.271712517519918
                            ],
                            [
                                111.430600713833172,
                                -8.259398891309452
                            ],
                            [
                                111.422401110351728,
                                -8.258609556295962
                            ],
                            [
                                111.410739452066991,
                                -8.278500798635942
                            ],
                            [
                                111.403633129049737,
                                -8.270923182506426
                            ],
                            [
                                111.398348940139471,
                                -8.276922128608959
                            ],
                            [
                                111.381038666123075,
                                -8.276132793595469
                            ],
                            [
                                111.375754477212794,
                                -8.266502906430874
                            ],
                            [
                                111.366097166445755,
                                -8.261293295341831
                            ],
                            [
                                111.353160014286132,
                                -8.269502379482141
                            ],
                            [
                                111.342956063286991,
                                -8.261924763352624
                            ],
                            [
                                111.334938673216243,
                                -8.262714098366116
                            ],
                            [
                                111.328014563609685,
                                -8.269502379482141
                            ],
                            [
                                111.311797570057479,
                                -8.267923709455159
                            ],
                            [
                                111.312890850521669,
                                -8.261293295341831
                            ],
                            [
                                111.303233539754629,
                                -8.257188753271677
                            ],
                            [
                                111.288109826666627,
                                -8.259714625314849
                            ],
                            [
                                111.285558838916842,
                                -8.27139678351452
                            ],
                            [
                                111.278999156131675,
                                -8.269818113487538
                            ],
                            [
                                111.281185717060069,
                                -8.257504487277073
                            ],
                            [
                                111.269888485596724,
                                -8.250084738150255
                            ],
                            [
                                111.260231174829684,
                                -8.248979669131367
                            ],
                            [
                                111.204838297977219,
                                -8.267292241444366
                            ],
                            [
                                111.194269920156685,
                                -8.278500798635942
                            ],
                            [
                                111.175866365676086,
                                -8.273606921552297
                            ],
                            [
                                111.165115774444857,
                                -8.27960586765483
                            ],
                            [
                                111.138330403072104,
                                -8.277711463622451
                            ],
                            [
                                111.132317360519039,
                                -8.272817586538805
                            ],
                            [
                                111.137783762840016,
                                -8.262714098366116
                            ],
                            [
                                111.119562421770127,
                                -8.253399945206919
                            ],
                            [
                                111.110998391467277,
                                -8.256715152263583
                            ],
                            [
                                111.100794440468135,
                                -8.248979669131367
                            ],
                            [
                                111.098061239307654,
                                -8.238086845945187
                            ],
                            [
                                111.103345428217921,
                                -8.234771638888525
                            ],
                            [
                                111.095874678379261,
                                -8.222458012678061
                            ],
                            [
                                111.084030806683828,
                                -8.22056360864568
                            ],
                            [
                                111.07492013614889,
                                -8.224668150715836
                            ],
                            [
                                111.078199977541473,
                                -8.235876707907412
                            ],
                            [
                                111.073280215452598,
                                -8.247400999104386
                            ],
                            [
                                111.060889703525064,
                                -8.250874073163747
                            ],
                            [
                                111.037384173544908,
                                -8.252610610193427
                            ],
                            [
                                111.026633582313679,
                                -8.256399418258185
                            ],
                            [
                                111.021713820224804,
                                -8.250084738150255
                            ],
                            [
                                111.006225680315396,
                                -8.247400999104386
                            ],
                            [
                                110.995475089084152,
                                -8.252294876188031
                            ],
                            [
                                110.988368766066898,
                                -8.242980723028834
                            ],
                            [
                                110.976160467550073,
                                -8.240296983982963
                            ],
                            [
                                110.961036754462057,
                                -8.229562027799481
                            ],
                            [
                                110.946459681606143,
                                -8.223563081696948
                            ],
                            [
                                110.928784980768356,
                                -8.223247347691551
                            ],
                            [
                                110.918581029769214,
                                -8.219142805621397
                            ],
                            [
                                110.908923719002175,
                                -8.206829179410931
                            ],
                            [
                                110.898719768003033,
                                -8.176518714892866
                            ],
                            [
                                110.901999609395617,
                                -8.170519768790333
                            ],
                            [
                                110.902546249627704,
                                -8.153470132498921
                            ],
                            [
                                110.910016999466364,
                                -8.136262629204811
                            ],
                            [
                                110.908377078770073,
                                -8.125054072013233
                            ],
                            [
                                110.921314230929696,
                                -8.117950056891813
                            ],
                            [
                                110.927145060072064,
                                -8.104215627657064
                            ],
                            [
                                110.942815413392168,
                                -8.08732385836835
                            ],
                            [
                                110.945913041374055,
                                -8.074220897144395
                            ],
                            [
                                110.956116992373197,
                                -8.062380871942025
                            ],
                            [
                                110.97288062615749,
                                -8.070905690087731
                            ],
                            [
                                110.98253793692453,
                                -8.073115828125507
                            ],
                            [
                                110.992195247691583,
                                -8.082114247279307
                            ],
                            [
                                111.004039119387002,
                                -8.077220370195661
                            ],
                            [
                                111.018980619064322,
                                -8.076588902184868
                            ],
                            [
                                111.034104332152324,
                                -8.08100917826042
                            ],
                            [
                                111.048134764776151,
                                -8.075483833165981
                            ],
                            [
                                111.055605514614797,
                                -8.068379818044559
                            ],
                            [
                                111.063622904685559,
                                -8.067906217036464
                            ],
                            [
                                111.069089307006521,
                                -8.045489102653312
                            ],
                            [
                                111.06744938631023,
                                -8.035069880475227
                            ],
                            [
                                111.07492013614889,
                                -8.024966392302538
                            ],
                            [
                                111.091501556522488,
                                -8.029070934372692
                            ],
                            [
                                111.089497209004804,
                                -8.060802201915042
                            ],
                            [
                                111.113549379217062,
                                -8.056697659844888
                            ],
                            [
                                111.126486531376685,
                                -8.0645910099798
                            ],
                            [
                                111.125939891144583,
                                -8.039174422545381
                            ],
                            [
                                111.136143842143724,
                                -8.023545589278253
                            ],
                            [
                                111.135050561679535,
                                -8.013126367100169
                            ],
                            [
                                111.130313013001356,
                                -8.007916756011126
                            ],
                            [
                                111.131952933697647,
                                -7.995603129800662
                            ],
                            [
                                111.128673092305064,
                                -7.991814321735903
                            ],
                            [
                                111.126486531376685,
                                -7.971291611385129
                            ],
                            [
                                111.132317360519039,
                                -7.973501749422905
                            ],
                            [
                                111.146894433374953,
                                -7.96576626629069
                            ],
                            [
                                111.149627634535449,
                                -7.953768374085623
                            ],
                            [
                                111.143067951750282,
                                -7.939876077848176
                            ],
                            [
                                111.146347793142866,
                                -7.93135125970247
                            ],
                            [
                                111.158738305070386,
                                -7.922037106543272
                            ],
                            [
                                111.187710237371519,
                                -7.922037106543272
                            ],
                            [
                                111.193723279924583,
                                -7.933561397740245
                            ],
                            [
                                111.192629999460394,
                                -7.939560343842779
                            ],
                            [
                                111.210304700298181,
                                -7.937350205805004
                            ],
                            [
                                111.217228809904739,
                                -7.926141648613427
                            ],
                            [
                                111.224881773154095,
                                -7.931035525697073
                            ],
                            [
                                111.240369913063503,
                                -7.947453693977693
                            ],
                            [
                                111.257497973669203,
                                -7.948874497001976
                            ],
                            [
                                111.268248564900432,
                                -7.944769954931822
                            ],
                            [
                                111.273168326989307,
                                -7.937350205805004
                            ],
                            [
                                111.273168326989307,
                                -7.924247244581048
                            ],
                            [
                                111.288109826666627,
                                -7.905618938262654
                            ],
                            [
                                111.2924829485234,
                                -7.887622099955052
                            ],
                            [
                                111.299407058129958,
                                -7.878307946795855
                            ],
                            [
                                111.297402710612261,
                                -7.862679113528727
                            ],
                            [
                                111.319268319896139,
                                -7.854470029388418
                            ],
                            [
                                111.31453077121796,
                                -7.843261472196842
                            ],
                            [
                                111.30596674091511,
                                -7.841051334159066
                            ],
                            [
                                111.303780179986731,
                                -7.831421446994471
                            ],
                            [
                                111.307060021379314,
                                -7.823212362854163
                            ],
                            [
                                111.300500338594148,
                                -7.811530204654491
                            ],
                            [
                                111.298860417897856,
                                -7.801426716481803
                            ],
                            [
                                111.289749747362904,
                                -7.794006967354984
                            ],
                            [
                                111.282825637756346,
                                -7.7835877451769
                            ],
                            [
                                111.29357622898759,
                                -7.757066088723592
                            ],
                            [
                                111.290296387595006,
                                -7.742858058480748
                            ],
                            [
                                111.273714967221409,
                                -7.735122575348534
                            ],
                            [
                                111.266790857614851,
                                -7.743647393494239
                            ],
                            [
                                111.252213784758936,
                                -7.746646866545507
                            ],
                            [
                                111.243649754456086,
                                -7.741437255456464
                            ],
                            [
                                111.238183352135124,
                                -7.750435674610265
                            ],
                            [
                                111.222148571993614,
                                -7.739542851424085
                            ],
                            [
                                111.215588889208448,
                                -7.7381220483998
                            ],
                            [
                                111.213584541690764,
                                -7.722808949138069
                            ],
                            [
                                111.201194029763244,
                                -7.721230279111087
                            ],
                            [
                                111.19153671899619,
                                -7.712705460965381
                            ],
                            [
                                111.18187940822915,
                                -7.712231859957286
                            ],
                            [
                                111.182426048461252,
                                -7.691709149606512
                            ],
                            [
                                111.188256877603621,
                                -7.687604607536358
                            ],
                            [
                                111.192083359228292,
                                -7.672765109282722
                            ],
                            [
                                111.188803517835709,
                                -7.669449902226058
                            ],
                            [
                                111.187710237371519,
                                -7.653347467950836
                            ],
                            [
                                111.189350158067811,
                                -7.637718634683708
                            ],
                            [
                                111.194269920156685,
                                -7.630141018554191
                            ],
                            [
                                111.194634346978077,
                                -7.620511131389597
                            ],
                            [
                                111.193176639692481,
                                -7.613722850273573
                            ],
                            [
                                111.179692847300771,
                                -7.601409224063108
                            ],
                            [
                                111.153271902749424,
                                -7.56225820739394
                            ],
                            [
                                111.150720914999638,
                                -7.535105082929839
                            ],
                            [
                                111.145801152910764,
                                -7.527527466800323
                            ],
                            [
                                111.152725262517322,
                                -7.499585007322731
                            ],
                            [
                                111.143067951750282,
                                -7.487587115117663
                            ],
                            [
                                111.135050561679535,
                                -7.483166839042112
                            ],
                            [
                                111.135597201911622,
                                -7.462644128691339
                            ],
                            [
                                111.124846610680393,
                                -7.450014768475477
                            ],
                            [
                                111.125393250912481,
                                -7.439437679294694
                            ],
                            [
                                111.120109062002214,
                                -7.420809372976299
                            ],
                            [
                                111.133410640983243,
                                -7.390972509466328
                            ],
                            [
                                111.137783762840016,
                                -7.38718370140157
                            ],
                            [
                                111.145254512678676,
                                -7.36902899609127
                            ],
                            [
                                111.140516964000497,
                                -7.352137226802556
                            ],
                            [
                                111.144161232214472,
                                -7.329088644408611
                            ],
                            [
                                111.154911823445715,
                                -7.312986210133388
                            ],
                            [
                                111.143067951750282,
                                -7.307776599044346
                            ],
                            [
                                111.137237122607914,
                                -7.299883248909433
                            ],
                            [
                                111.139970323768395,
                                -7.283938681636909
                            ],
                            [
                                111.150720914999638,
                                -7.273835193464221
                            ],
                            [
                                111.150174274767537,
                                -7.259942897226773
                            ],
                            [
                                111.16092486599878,
                                -7.258206360197093
                            ],
                            [
                                111.177506286372378,
                                -7.264521040305023
                            ],
                            [
                                111.182426048461252,
                                -7.259627163221377
                            ],
                            [
                                111.199554109066952,
                                -7.255522621151222
                            ],
                            [
                                111.197367548138558,
                                -7.246524201997421
                            ],
                            [
                                111.208664779601889,
                                -7.245103398973137
                            ],
                            [
                                111.220508651297322,
                                -7.251102345075671
                            ],
                            [
                                111.223788492689906,
                                -7.261837301259153
                            ],
                            [
                                111.234539083921135,
                                -7.269257050385971
                            ],
                            [
                                111.244196394688188,
                                -7.285359484661193
                            ],
                            [
                                111.258044613901305,
                                -7.28835895771246
                            ],
                            [
                                111.287198759613133,
                                -7.289779760736744
                            ],
                            [
                                111.296856070380173,
                                -7.30098831792832
                            ],
                            [
                                111.302140259290439,
                                -7.300672583922925
                            ],
                            [
                                111.321454880824518,
                                -7.308881668063234
                            ],
                            [
                                111.333298752519951,
                                -7.320879560268302
                            ],
                            [
                                111.341316142590699,
                                -7.318195821222431
                            ],
                            [
                                111.347329185143764,
                                -7.323089698306077
                            ],
                            [
                                111.347329185143764,
                                -7.334929723508447
                            ],
                            [
                                111.360630764124792,
                                -7.330509447432895
                            ],
                            [
                                111.371381355356021,
                                -7.343138807648756
                            ],
                            [
                                111.382131946587265,
                                -7.346611881708117
                            ],
                            [
                                111.395069098746887,
                                -7.346138280700023
                            ],
                            [
                                111.40053550106785,
                                -7.349611354759385
                            ],
                            [
                                111.412743799584675,
                                -7.347716950727006
                            ],
                            [
                                111.426774232208501,
                                -7.356715369880806
                            ],
                            [
                                111.432240634529464,
                                -7.364924454021116
                            ],
                            [
                                111.452648536527747,
                                -7.374870075191106
                            ],
                            [
                                111.461759207062684,
                                -7.362240714975245
                            ],
                            [
                                111.455199524277532,
                                -7.352137226802556
                            ],
                            [
                                111.443355652582099,
                                -7.360030576937469
                            ],
                            [
                                111.441897945296503,
                                -7.34913775375129
                            ],
                            [
                                111.451008615831455,
                                -7.340612935605584
                            ],
                            [
                                111.44608885374258,
                                -7.336192659530033
                            ],
                            [
                                111.457932725438013,
                                -7.323879033319568
                            ],
                            [
                                111.448275414670974,
                                -7.31377554514688
                            ],
                            [
                                111.441351305064416,
                                -7.315669949179259
                            ],
                            [
                                111.42513431151221,
                                -7.312196875119897
                            ],
                            [
                                111.423494390815918,
                                -7.308565934057837
                            ],
                            [
                                111.434244982047147,
                                -7.299883248909433
                            ],
                            [
                                111.442444585528605,
                                -7.288674691717857
                            ],
                            [
                                111.444995573278391,
                                -7.269730651394065
                            ],
                            [
                                111.451555256063557,
                                -7.274150927469616
                            ],
                            [
                                111.45574616450962,
                                -7.258837828207886
                            ],
                            [
                                111.469229956901344,
                                -7.262310902267247
                            ],
                            [
                                111.478340627436296,
                                -7.252207414094559
                            ],
                            [
                                111.485264737042854,
                                -7.251102345075671
                            ],
                            [
                                111.490731139363817,
                                -7.243208994940758
                            ],
                            [
                                111.499841809898768,
                                -7.248734340035197
                            ],
                            [
                                111.513872242522581,
                                -7.238788718865207
                            ],
                            [
                                111.522436272825431,
                                -7.237210048838224
                            ],
                            [
                                111.536831132270649,
                                -7.218266008514433
                            ],
                            [
                                111.554688046519132,
                                -7.201847840233814
                            ],
                            [
                                111.567078558446667,
                                -7.206583850314762
                            ],
                            [
                                111.569082905964351,
                                -7.199953436201435
                            ],
                            [
                                111.563798717054084,
                                -7.190639283042238
                            ],
                            [
                                111.58748646044495,
                                -7.185429671953194
                            ],
                            [
                                111.583659978820265,
                                -7.175326183780506
                            ],
                            [
                                111.588033100677038,
                                -7.163644025580835
                            ],
                            [
                                111.598237051676179,
                                -7.15590854244862
                            ],
                            [
                                111.598237051676179,
                                -7.145805054275932
                            ],
                            [
                                111.612085270889295,
                                -7.140595443186889
                            ],
                            [
                                111.609352069728814,
                                -7.126387412944046
                            ],
                            [
                                111.61919159390655,
                                -7.108074840631048
                            ],
                            [
                                111.614271831817689,
                                -7.10065509150423
                            ],
                            [
                                111.614271831817689,
                                -7.078237977121077
                            ],
                            [
                                111.62447578281683,
                                -7.074133435050922
                            ],
                            [
                                111.628848904673603,
                                -7.06071473982157
                            ],
                            [
                                111.613725191585587,
                                -7.036876822414133
                            ],
                            [
                                111.614818472049777,
                                -7.002146081820516
                            ],
                            [
                                111.623382502352626,
                                -6.987622317572276
                            ],
                            [
                                111.622289221888437,
                                -6.98272844048863
                            ],
                            [
                                111.610445350193004,
                                -6.974835090353717
                            ],
                            [
                                111.605707801514839,
                                -6.967415341226899
                            ],
                            [
                                111.593863929819406,
                                -6.96552093719452
                            ],
                            [
                                111.577829149677896,
                                -6.95731185305421
                            ],
                            [
                                111.57017618642854,
                                -6.946576896870729
                            ],
                            [
                                111.575095948517415,
                                -6.937578477716928
                            ],
                            [
                                111.577282509445809,
                                -6.913740560309491
                            ],
                            [
                                111.586939820212848,
                                -6.909636018239336
                            ],
                            [
                                111.602427960122256,
                                -6.911372555269017
                            ],
                            [
                                111.607894362443218,
                                -6.902058402109819
                            ],
                            [
                                111.600241399193862,
                                -6.892428514945226
                            ],
                            [
                                111.609898709960916,
                                -6.887218903856184
                            ],
                            [
                                111.609352069728814,
                                -6.871116469580961
                            ],
                            [
                                111.613178551353485,
                                -6.854382567294945
                            ],
                            [
                                111.610445350193004,
                                -6.849488690211299
                            ],
                            [
                                111.613178551353485,
                                -6.831965452911793
                            ],
                            [
                                111.61919159390655,
                                -6.822651299752595
                            ],
                            [
                                111.635226374048059,
                                -6.828965979860525
                            ],
                            [
                                111.642150483654618,
                                -6.824545703784974
                            ],
                            [
                                111.652901074885861,
                                -6.825650772803862
                            ],
                            [
                                111.660918464956609,
                                -6.816968087655458
                            ],
                            [
                                111.657820836974722,
                                -6.805443796458485
                            ],
                            [
                                111.664198306349192,
                                -6.797550446323572
                            ],
                            [
                                111.660007397903115,
                                -6.783816017088824
                            ],
                            [
                                111.6625583856529,
                                -6.771502390878359
                            ],
                            [
                                111.684606208347461,
                                -6.76960798684598
                            ],
                            [
                                111.691712531364729,
                                -6.753979153578852
                            ],
                            [
                                111.713578140648593,
                                -6.767713582813601
                            ],
                            [
                                111.725968652576114,
                                -6.771502390878359
                            ],
                            [
                                111.75074967643117,
                                -6.770713055864868
                            ],
                            [
                                111.768971017501059,
                                -6.774501863929626
                            ],
                            [
                                111.7791749685002,
                                -6.781132278042953
                            ],
                            [
                                111.785552437874671,
                                -6.780027209024065
                            ],
                            [
                                111.805049272819446,
                                -6.792025101229132
                            ],
                            [
                                111.833474564888476,
                                -6.800549919374839
                            ],
                            [
                                111.861899856957507,
                                -6.799129116350555
                            ],
                            [
                                111.877570210277625,
                                -6.795813909293891
                            ],
                            [
                                111.922030282488151,
                                -6.779395741013272
                            ],
                            [
                                111.946811306343207,
                                -6.764082641751541
                            ],
                            [
                                111.959201818270742,
                                -6.763293306738049
                            ],
                            [
                                111.978516439804821,
                                -6.771186656872963
                            ],
                            [
                                111.985440549411379,
                                -6.785710421121203
                            ],
                            [
                                111.986533829875569,
                                -6.794550973272305
                            ],
                            [
                                111.995097860178419,
                                -6.804338727439597
                            ],
                            [
                                112.00639509164175,
                                -6.821861964739104
                            ],
                            [
                                112.010221573266435,
                                -6.834491324954964
                            ],
                            [
                                112.035367023942882,
                                -6.870011400562073
                            ],
                            [
                                112.05322393819138,
                                -6.887218903856184
                            ],
                            [
                                112.070351998797079,
                                -6.894638652983001
                            ],
                            [
                                112.105336973651262,
                                -6.894954386988398
                            ],
                            [
                                112.125198235417443,
                                -6.902532003117915
                            ],
                            [
                                112.142872936255245,
                                -6.901742668104423
                            ],
                            [
                                112.146152777647828,
                                -6.897322392028872
                            ],
                            [
                                112.170751588092173,
                                -6.899532530066647
                            ],
                            [
                                112.174578069716858,
                                -6.89384931796951
                            ],
                            [
                                112.214847233481322,
                                -6.880430622740159
                            ],
                            [
                                112.217580434641803,
                                -6.874115942632228
                            ],
                            [
                                112.240174897568465,
                                -6.871905804594452
                            ],
                            [
                                112.247099007175024,
                                -6.878536218707779
                            ],
                            [
                                112.258942878870457,
                                -6.877115415683495
                            ],
                            [
                                112.268053549405408,
                                -6.879641287726667
                            ],
                            [
                                112.285181610011094,
                                -6.869222065548581
                            ],
                            [
                                112.302491884027503,
                                -6.873800208626831
                            ],
                            [
                                112.315246822776416,
                                -6.870800735575564
                            ],
                            [
                                112.328183974936039,
                                -6.863223119446047
                            ],
                            [
                                112.342214407559865,
                                -6.870011400562073
                            ],
                            [
                                112.351325078094803,
                                -6.869695666556677
                            ],
                            [
                                112.358249187701361,
                                -6.864012454459539
                            ],
                            [
                                112.371732980093086,
                                -6.873800208626831
                            ],
                            [
                                112.389407680930887,
                                -6.876010346664607
                            ],
                            [
                                112.405624674483079,
                                -6.872221538599849
                            ],
                            [
                                112.414188704785929,
                                -6.864012454459539
                            ],
                            [
                                112.429676844695337,
                                -6.867011927510806
                            ],
                            [
                                112.44042743592658,
                                -6.874905277645719
                            ],
                            [
                                112.44899146622943,
                                -6.879009819715874
                            ],
                            [
                                112.453911228318304,
                                -6.883430095791425
                            ],
                            [
                                112.4699460084598,
                                -6.893217849958717
                            ],
                            [
                                112.476505691244967,
                                -6.900637599085536
                            ],
                            [
                                112.487256282476196,
                                -6.903952806142199
                            ],
                            [
                                112.499646794403731,
                                -6.903952806142199
                            ],
                            [
                                112.50821082470658,
                                -6.907741614206957
                            ],
                            [
                                112.525885525544368,
                                -6.906952279193465
                            ],
                            [
                                112.545200147078461,
                                -6.909162417231242
                            ],
                            [
                                112.5548574578455,
                                -6.894954386988398
                            ],
                            [
                                112.5548574578455,
                                -6.88753463786158
                            ],
                            [
                                112.547933348238942,
                                -6.876326080670003
                            ],
                            [
                                112.53390291561513,
                                -6.872695139607943
                            ],
                            [
                                112.544653506846359,
                                -6.865117523478427
                            ],
                            [
                                112.545746787310549,
                                -6.850278025224791
                            ],
                            [
                                112.559230579702273,
                                -6.860381513397479
                            ],
                            [
                                112.56342148814835,
                                -6.875221011651115
                            ],
                            [
                                112.572714372093998,
                                -6.89384931796951
                            ],
                            [
                                112.576905280540061,
                                -6.893533583964114
                            ],
                            [
                                112.589295792467595,
                                -6.905847210174578
                            ],
                            [
                                112.597859822770445,
                                -6.907268013198863
                            ],
                            [
                                112.598953103234635,
                                -6.924159782487576
                            ],
                            [
                                112.593668914324368,
                                -6.938999280741212
                            ],
                            [
                                112.597859822770445,
                                -6.956206784035323
                            ],
                            [
                                112.609157054233776,
                                -6.962521464143252
                            ],
                            [
                                112.614623456554739,
                                -6.973730021334829
                            ],
                            [
                                112.630658236696249,
                                -6.987938051577673
                            ],
                            [
                                112.64086218769539,
                                -6.992358327653224
                            ],
                            [
                                112.648332937534036,
                                -7.016354112063359
                            ],
                            [
                                112.652159419158721,
                                -7.019985053125419
                            ],
                            [
                                112.64942621799824,
                                -7.029772807292711
                            ],
                            [
                                112.654345980087101,
                                -7.044296571540951
                            ],
                            [
                                112.653799339855013,
                                -7.057399532764906
                            ],
                            [
                                112.637582346302807,
                                -7.065924350910612
                            ],
                            [
                                112.631204876928351,
                                -7.080448115158853
                            ],
                            [
                                112.633938078088832,
                                -7.099076421477247
                            ],
                            [
                                112.623187486857589,
                                -7.117388993790245
                            ],
                            [
                                112.627925035535768,
                                -7.135385832097847
                            ],
                            [
                                112.635031358553022,
                                -7.137595970135623
                            ],
                            [
                                112.657443608068988,
                                -7.150698931359578
                            ],
                            [
                                112.662363370157863,
                                -7.158118680486396
                            ],
                            [
                                112.667100918836027,
                                -7.177852055823679
                            ],
                            [
                                112.665643211550446,
                                -7.189060613015255
                            ],
                            [
                                112.661270089693673,
                                -7.19316515508541
                            ],
                            [
                                112.662363370157863,
                                -7.208478254347141
                            ],
                            [
                                112.668194199300231,
                                -7.220002545544114
                            ],
                            [
                                112.684957833084525,
                                -7.225212156633156
                            ],
                            [
                                112.711196564225176,
                                -7.221107614563001
                            ],
                            [
                                112.715023045849847,
                                -7.210056924374124
                            ],
                            [
                                112.732697746687649,
                                -7.206583850314762
                            ],
                            [
                                112.731604466223445,
                                -7.198374766174452
                            ],
                            [
                                112.743448337918878,
                                -7.194270224104297
                            ],
                            [
                                112.752012368221727,
                                -7.199953436201435
                            ],
                            [
                                112.76494952038135,
                                -7.196164628136676
                            ],
                            [
                                112.780073233469366,
                                -7.208478254347141
                            ],
                            [
                                112.778979953005162,
                                -7.219371077533321
                            ],
                            [
                                112.786997343075925,
                                -7.222370550584587
                            ],
                            [
                                112.801574415931839,
                                -7.242419659927267
                            ],
                            [
                                112.806311964610003,
                                -7.255522621151222
                            ],
                            [
                                112.826719866608286,
                                -7.261837301259153
                            ],
                            [
                                112.836377177375326,
                                -7.26752051335629
                            ],
                            [
                                112.846581128374467,
                                -7.295462972833882
                            ],
                            [
                                112.846581128374467,
                                -7.307776599044346
                            ],
                            [
                                112.842936860160492,
                                -7.316775018198147
                            ],
                            [
                                112.826719866608286,
                                -7.333193186478765
                            ],
                            [
                                112.825626586144097,
                                -7.343138807648756
                            ],
                            [
                                112.839110378535807,
                                -7.330193713427499
                            ],
                            [
                                112.842936860160492,
                                -7.338402797567808
                            ],
                            [
                                112.839110378535807,
                                -7.36366151799953
                            ],
                            [
                                112.834737256679034,
                                -7.382447691320623
                            ],
                            [
                                112.836377177375326,
                                -7.390656775460932
                            ],
                            [
                                112.833097335982742,
                                -7.404864805703776
                            ],
                            [
                                112.833097335982742,
                                -7.425387516054549
                            ],
                            [
                                112.837470457839515,
                                -7.472747616864027
                            ],
                            [
                                112.834737256679034,
                                -7.476378557926087
                            ],
                            [
                                112.818702476537538,
                                -7.473063350869423
                            ],
                            [
                                112.812689433984474,
                                -7.478272961958465
                            ],
                            [
                                112.822893384983601,
                                -7.4932703272148
                            ],
                            [
                                112.831639628697161,
                                -7.50147941135511
                            ],
                            [
                                112.837470457839515,
                                -7.511898633533195
                            ],
                            [
                                112.857878359837798,
                                -7.519002648654617
                            ],
                            [
                                112.864255829212254,
                                -7.518213313641126
                            ],
                            [
                                112.872455432693712,
                                -7.535105082929839
                            ],
                            [
                                112.866442390140648,
                                -7.548050177151096
                            ],
                            [
                                112.872455432693712,
                                -7.552154719221251
                            ],
                            [
                                112.86808231083694,
                                -7.569046488509965
                            ],
                            [
                                112.85951828053409,
                                -7.576466237636783
                            ],
                            [
                                112.846581128374467,
                                -7.575676902623291
                            ],
                            [
                                112.837470457839515,
                                -7.566362749464094
                            ],
                            [
                                112.844394567446074,
                                -7.57757130665567
                            ],
                            [
                                112.862798121926673,
                                -7.585464656790584
                            ],
                            [
                                112.870815511997421,
                                -7.584991055782489
                            ],
                            [
                                112.881566103228664,
                                -7.608197505179133
                            ],
                            [
                                112.891223413995704,
                                -7.618932461362615
                            ],
                            [
                                112.903067285691137,
                                -7.62572074247864
                            ],
                            [
                                112.917462145136341,
                                -7.626825811497528
                            ],
                            [
                                112.935319059384838,
                                -7.631246087573079
                            ],
                            [
                                112.937870047134624,
                                -7.624931407465149
                            ],
                            [
                                112.952447119990538,
                                -7.625405008473243
                            ],
                            [
                                112.949713918830057,
                                -7.635824230651329
                            ],
                            [
                                112.956273601615209,
                                -7.627930880516415
                            ],
                            [
                                112.976681503613491,
                                -7.652558132937344
                            ],
                            [
                                112.993262923987089,
                                -7.65745201002099
                            ],
                            [
                                113.002920234754143,
                                -7.654136802964326
                            ],
                            [
                                113.029341179305476,
                                -7.649242925880681
                            ],
                            [
                                113.041549477822315,
                                -7.653031733945439
                            ],
                            [
                                113.05885975183871,
                                -7.664082424134318
                            ],
                            [
                                113.066877141909458,
                                -7.672765109282722
                            ],
                            [
                                113.08455184274726,
                                -7.700707568760313
                            ],
                            [
                                113.095849074210591,
                                -7.705917179849356
                            ],
                            [
                                113.103319824049237,
                                -7.716336402027441
                            ],
                            [
                                113.116256976208859,
                                -7.725808422189337
                            ],
                            [
                                113.126460927208001,
                                -7.722335348129975
                            ],
                            [
                                113.139944719599725,
                                -7.725808422189337
                            ],
                            [
                                113.149055390134663,
                                -7.738753516410593
                            ],
                            [
                                113.163085822758489,
                                -7.742226590469955
                            ],
                            [
                                113.174383054221821,
                                -7.736543378372818
                            ],
                            [
                                113.178573962667897,
                                -7.747436201558997
                            ],
                            [
                                113.186044712506543,
                                -7.748067669569791
                            ],
                            [
                                113.198435224434078,
                                -7.740963654448369
                            ],
                            [
                                113.213012297289993,
                                -7.736227644367421
                            ],
                            [
                                113.23706446750225,
                                -7.740332186437576
                            ],
                            [
                                113.246357351447898,
                                -7.745541797526618
                            ],
                            [
                                113.254921381750734,
                                -7.742542324475352
                            ],
                            [
                                113.257107942679127,
                                -7.75454021668042
                            ],
                            [
                                113.270956161892244,
                                -7.776799464060874
                            ],
                            [
                                113.278973551962991,
                                -7.7835877451769
                            ],
                            [
                                113.306487776978528,
                                -7.767485310901677
                            ],
                            [
                                113.317238368209772,
                                -7.769063980928659
                            ],
                            [
                                113.32416247781633,
                                -7.776167996050081
                            ],
                            [
                                113.345663660278802,
                                -7.770958384961038
                            ],
                            [
                                113.355320971045842,
                                -7.761486364799143
                            ],
                            [
                                113.367711482973377,
                                -7.754855950685816
                            ],
                            [
                                113.379555354668796,
                                -7.7381220483998
                            ],
                            [
                                113.386479464275354,
                                -7.743647393494239
                            ],
                            [
                                113.396683415274495,
                                -7.7381220483998
                            ],
                            [
                                113.402149817595472,
                                -7.740647920442973
                            ],
                            [
                                113.411807128362511,
                                -7.734333240335042
                            ],
                            [
                                113.43859249973525,
                                -7.734333240335042
                            ],
                            [
                                113.469204352732675,
                                -7.714915599003156
                            ],
                            [
                                113.472484194125244,
                                -7.708916652900623
                            ],
                            [
                                113.487425693802564,
                                -7.697708095709046
                            ],
                            [
                                113.499269565497997,
                                -7.698181696717141
                            ],
                            [
                                113.514393278585999,
                                -7.702286238787296
                            ],
                            [
                                113.525143869817242,
                                -7.708127317887131
                            ],
                            [
                                113.55028932049369,
                                -7.713810529984269
                            ],
                            [
                                113.563226472653312,
                                -7.714126263989665
                            ],
                            [
                                113.577256905277125,
                                -7.711126790938398
                            ],
                            [
                                113.597664807275407,
                                -7.715231333008553
                            ],
                            [
                                113.60950867897084,
                                -7.722808949138069
                            ],
                            [
                                113.618619349505778,
                                -7.720125210092199
                            ],
                            [
                                113.635747410111478,
                                -7.722335348129975
                            ],
                            [
                                113.666905903340989,
                                -7.736859112378214
                            ],
                            [
                                113.671279025197762,
                                -7.731649501289172
                            ],
                            [
                                113.691140286963957,
                                -7.723914018156957
                            ],
                            [
                                113.713188109658518,
                                -7.707811583881734
                            ],
                            [
                                113.725396408175342,
                                -7.722335348129975
                            ],
                            [
                                113.757101541636956,
                                -7.737648447391706
                            ],
                            [
                                113.77167861449287,
                                -7.733228171316155
                            ],
                            [
                                113.78989995556276,
                                -7.731333767283775
                            ],
                            [
                                113.807210229579155,
                                -7.716810003035535
                            ],
                            [
                                113.821058448792286,
                                -7.696603026690158
                            ],
                            [
                                113.830715759559325,
                                -7.688393942549849
                            ],
                            [
                                113.840373070326365,
                                -7.684605134485091
                            ],
                            [
                                113.859687691860444,
                                -7.685078735493185
                            ],
                            [
                                113.866794014877712,
                                -7.682079262441919
                            ],
                            [
                                113.87481140494846,
                                -7.686973139525564
                            ],
                            [
                                113.886108636411791,
                                -7.687604607536358
                            ],
                            [
                                113.896312587410932,
                                -7.696603026690158
                            ],
                            [
                                113.90432997748168,
                                -7.699286765736029
                            ],
                            [
                                113.914533928480822,
                                -7.696918760695555
                            ],
                            [
                                113.919453690569696,
                                -7.700707568760313
                            ],
                            [
                                113.930204281800926,
                                -7.700707568760313
                            ],
                            [
                                113.936581751175396,
                                -7.692182750614608
                            ],
                            [
                                113.939314952335877,
                                -7.677185385358273
                            ],
                            [
                                113.955349732477387,
                                -7.67829045437716
                            ],
                            [
                                113.97320664672587,
                                -7.650663728904965
                            ],
                            [
                                113.981224036796633,
                                -7.649558659886077
                            ],
                            [
                                113.990881347563672,
                                -7.639455171713388
                            ],
                            [
                                114.001631938794901,
                                -7.636929299670216
                            ],
                            [
                                114.018213359168513,
                                -7.618932461362615
                            ],
                            [
                                114.028963950399742,
                                -7.609618308203418
                            ],
                            [
                                114.047185291469631,
                                -7.609618308203418
                            ],
                            [
                                114.059029163165064,
                                -7.621616200408486
                            ],
                            [
                                114.069233114164206,
                                -7.636929299670216
                            ],
                            [
                                114.085996747948499,
                                -7.675290981325894
                            ],
                            [
                                114.095654058715553,
                                -7.688709676555245
                            ],
                            [
                                114.101484887857907,
                                -7.702601972792692
                            ],
                            [
                                114.117701881410113,
                                -7.709705987914114
                            ],
                            [
                                114.123532710552482,
                                -7.707022248868244
                            ],
                            [
                                114.134829942015813,
                                -7.713810529984269
                            ],
                            [
                                114.165441795013237,
                                -7.715231333008553
                            ],
                            [
                                114.188036257939899,
                                -7.712705460965381
                            ],
                            [
                                114.194960367546457,
                                -7.707811583881734
                            ],
                            [
                                114.208444159938182,
                                -7.717915072054423
                            ],
                            [
                                114.218101470705221,
                                -7.712705460965381
                            ],
                            [
                                114.2374160922393,
                                -7.697708095709046
                            ],
                            [
                                114.244340201845858,
                                -7.699918233746822
                            ],
                            [
                                114.256730713773393,
                                -7.716336402027441
                            ],
                            [
                                114.276045335307472,
                                -7.729123629246
                            ],
                            [
                                114.294448889788072,
                                -7.748067669569791
                            ],
                            [
                                114.311030310161669,
                                -7.746962600550903
                            ],
                            [
                                114.319594340464519,
                                -7.756750354718195
                            ],
                            [
                                114.330344931695748,
                                -7.758171157742479
                            ],
                            [
                                114.366969827246237,
                                -7.753750881666928
                            ],
                            [
                                114.372800656388605,
                                -7.748541270577886
                            ],
                            [
                                114.381911326923543,
                                -7.755645285699307
                            ],
                            [
                                114.394848479083166,
                                -7.771589852971831
                            ],
                            [
                                114.403959149618117,
                                -7.769695448939452
                            ],
                            [
                                114.432384441687148,
                                -7.789902425284829
                            ],
                            [
                                114.437304203776023,
                                -7.78800802125245
                            ],
                            [
                                114.449694715703544,
                                -7.797322174411648
                            ],
                            [
                                114.458805386238495,
                                -7.809004332611319
                            ],
                            [
                                114.467916056773433,
                                -7.833947319037644
                            ],
                            [
                                114.465729495845054,
                                -7.854785763393815
                            ],
                            [
                                114.460445306934787,
                                -7.861574044509839
                            ],
                            [
                                114.464636215380864,
                                -7.886517030936164
                            ],
                            [
                                114.458258746006393,
                                -7.892200243033302
                            ],
                            [
                                114.442041752454188,
                                -7.900409327173611
                            ],
                            [
                                114.436757563543921,
                                -7.9105128153463
                            ],
                            [
                                114.423273771152196,
                                -7.91682749545423
                            ],
                            [
                                114.421087210223817,
                                -7.926930983626919
                            ],
                            [
                                114.423820411384298,
                                -7.935455801772624
                            ],
                            [
                                114.422727130920109,
                                -7.962293192231328
                            ],
                            [
                                114.424913691848488,
                                -7.980605764544327
                            ],
                            [
                                114.430197880758755,
                                -7.996234597811455
                            ],
                            [
                                114.42546033208059,
                                -8.019125313202702
                            ],
                            [
                                114.434571002615542,
                                -8.035543481483321
                            ],
                            [
                                114.428740173473173,
                                -8.045962703661406
                            ],
                            [
                                114.431291161222958,
                                -8.054487521807111
                            ],
                            [
                                114.430197880758755,
                                -8.065380344993292
                            ],
                            [
                                114.417442942009842,
                                -8.080693444255022
                            ],
                            [
                                114.417442942009842,
                                -8.086534523354858
                            ],
                            [
                                114.406692350778599,
                                -8.111951110789278
                            ],
                            [
                                114.398492747297155,
                                -8.119844460924192
                            ],
                            [
                                114.401772588689724,
                                -8.15078639345305
                            ],
                            [
                                114.395395119315268,
                                -8.161205615631136
                            ],
                            [
                                114.394301838851078,
                                -8.171309103803823
                            ],
                            [
                                114.382457967155645,
                                -8.196725691238244
                            ],
                            [
                                114.385737808548228,
                                -8.217564135594413
                            ],
                            [
                                114.390475357226393,
                                -8.23508737289392
                            ],
                            [
                                114.36897417476392,
                                -8.272501852533408
                            ],
                            [
                                114.365329906549945,
                                -8.283710409724984
                            ],
                            [
                                114.363143345621566,
                                -8.300760046016396
                            ],
                            [
                                114.364783266317843,
                                -8.311652869202577
                            ],
                            [
                                114.357676943300589,
                                -8.326492367456213
                            ],
                            [
                                114.360956784693172,
                                -8.335175052604617
                            ],
                            [
                                114.351299473926133,
                                -8.360591640039036
                            ],
                            [
                                114.351846114158221,
                                -8.375115404287277
                            ],
                            [
                                114.34801963253355,
                                -8.385534626465361
                            ],
                            [
                                114.346015285015866,
                                -8.403373597770265
                            ],
                            [
                                114.341642163159094,
                                -8.413950686951049
                            ],
                            [
                                114.340002242462802,
                                -8.431789658255951
                            ],
                            [
                                114.34801963253355,
                                -8.452628102612122
                            ],
                            [
                                114.356219236014994,
                                -8.45910064972275
                            ],
                            [
                                114.355672595782906,
                                -8.470309206914328
                            ],
                            [
                                114.363689985853654,
                                -8.484359370154472
                            ],
                            [
                                114.362050065157362,
                                -8.499672469416204
                            ],
                            [
                                114.357130303068502,
                                -8.511986095626668
                            ],
                            [
                                114.351299473926133,
                                -8.518774376742693
                            ],
                            [
                                114.350752833694031,
                                -8.528404263907287
                            ],
                            [
                                114.356765876247096,
                                -8.535192545023312
                            ],
                            [
                                114.366969827246237,
                                -8.537402683061087
                            ],
                            [
                                114.376080497781189,
                                -8.532508805977441
                            ],
                            [
                                114.385737808548228,
                                -8.50535568151334
                            ],
                            [
                                114.385191168316126,
                                -8.491936986283989
                            ],
                            [
                                114.387924369476607,
                                -8.4818334981113
                            ],
                            [
                                114.385737808548228,
                                -8.461310787760526
                            ],
                            [
                                114.382457967155645,
                                -8.448997161550063
                            ],
                            [
                                114.389382076762203,
                                -8.447892092531173
                            ],
                            [
                                114.399039387529243,
                                -8.45910064972275
                            ],
                            [
                                114.396488399779457,
                                -8.488937513232722
                            ],
                            [
                                114.404505789850219,
                                -8.500461804429694
                            ],
                            [
                                114.409243338528384,
                                -8.518774376742693
                            ],
                            [
                                114.401772588689724,
                                -8.533298140990933
                            ],
                            [
                                114.401772588689724,
                                -8.544506698182509
                            ],
                            [
                                114.40833227147489,
                                -8.555715255374086
                            ],
                            [
                                114.40833227147489,
                                -8.569449684608834
                            ],
                            [
                                114.41798958224193,
                                -8.584447049865169
                            ],
                            [
                                114.421087210223817,
                                -8.598970814113407
                            ],
                            [
                                114.438944124472314,
                                -8.622808731520845
                            ],
                            [
                                114.438944124472314,
                                -8.62959701263687
                            ],
                            [
                                114.44641487431096,
                                -8.638121830782577
                            ],
                            [
                                114.459898666702685,
                                -8.637016761763689
                            ],
                            [
                                114.464636215380864,
                                -8.625808204572113
                            ],
                            [
                                114.472653605451612,
                                -8.617599120431803
                            ],
                            [
                                114.481399849165157,
                                -8.618072721439898
                            ],
                            [
                                114.490510519700109,
                                -8.631491416669249
                            ],
                            [
                                114.504358738913226,
                                -8.63512235773131
                            ],
                            [
                                114.512922769216075,
                                -8.649330387974153
                            ],
                            [
                                114.524220000679406,
                                -8.651540526011928
                            ],
                            [
                                114.542623555159992,
                                -8.659118142141445
                            ],
                            [
                                114.563578097390376,
                                -8.657223738109066
                            ],
                            [
                                114.569408926532731,
                                -8.659749610152238
                            ],
                            [
                                114.574693115442997,
                                -8.670958167343814
                            ],
                            [
                                114.589270188298912,
                                -8.687376335624434
                            ],
                            [
                                114.604393901386928,
                                -8.713582258072345
                            ],
                            [
                                114.60494054161903,
                                -8.720686273193767
                            ],
                            [
                                114.595647657673382,
                                -8.740419648531049
                            ],
                            [
                                114.595647657673382,
                                -8.751312471717229
                            ],
                            [
                                114.588176907834722,
                                -8.762047427900709
                            ],
                            [
                                114.575786395907201,
                                -8.769940778035624
                            ],
                            [
                                114.538250433303219,
                                -8.780360000213708
                            ],
                            [
                                114.525859921375698,
                                -8.779570665200216
                            ],
                            [
                                114.496887989074565,
                                -8.772466650078796
                            ],
                            [
                                114.477573367540487,
                                -8.76015302386833
                            ],
                            [
                                114.451152422989139,
                                -8.7538383437604
                            ],
                            [
                                114.430744520990856,
                                -8.751943939728022
                            ],
                            [
                                114.419082862706134,
                                -8.748944466676754
                            ],
                            [
                                114.407238991010701,
                                -8.751943939728022
                            ],
                            [
                                114.390475357226393,
                                -8.752417540736117
                            ],
                            [
                                114.381364686691455,
                                -8.748944466676754
                            ],
                            [
                                114.366423187014135,
                                -8.749733801690246
                            ],
                            [
                                114.345468644783764,
                                -8.74310338757692
                            ],
                            [
                                114.343828724087473,
                                -8.733789234417722
                            ],
                            [
                                114.362050065157362,
                                -8.726211618288206
                            ],
                            [
                                114.371160735692314,
                                -8.718791869161388
                            ],
                            [
                                114.37772041847748,
                                -8.699689961834897
                            ],
                            [
                                114.373347296620693,
                                -8.678062182465236
                            ],
                            [
                                114.362596705389464,
                                -8.659749610152238
                            ],
                            [
                                114.349112912997739,
                                -8.644910111898602
                            ],
                            [
                                114.319594340464519,
                                -8.624387401547828
                            ],
                            [
                                114.306657188304897,
                                -8.618704189450691
                            ],
                            [
                                114.271307786629308,
                                -8.607969233267209
                            ],
                            [
                                114.264201463612054,
                                -8.603864691197055
                            ],
                            [
                                114.248166683470544,
                                -8.600075883132297
                            ],
                            [
                                114.227758781472261,
                                -8.604654026210545
                            ],
                            [
                                114.22885206193645,
                                -8.617283386426406
                            ],
                            [
                                114.22502558031178,
                                -8.636385293752896
                            ],
                            [
                                114.220834671865703,
                                -8.645225845903997
                            ],
                            [
                                114.209537440402372,
                                -8.645225845903997
                            ],
                            [
                                114.202431117385117,
                                -8.640805569828448
                            ],
                            [
                                114.184209776315228,
                                -8.64048983582305
                            ],
                            [
                                114.16872163640582,
                                -8.630702081655759
                            ],
                            [
                                114.140660771158181,
                                -8.622177263510052
                            ],
                            [
                                114.097293979411845,
                                -8.615862583402121
                            ],
                            [
                                114.089094375930387,
                                -8.616494051412914
                            ],
                            [
                                114.083263546788018,
                                -8.62880767762338
                            ],
                            [
                                114.076886077413562,
                                -8.624703135553224
                            ],
                            [
                                114.059029163165064,
                                -8.627386874599095
                            ],
                            [
                                114.056842602236685,
                                -8.636385293752896
                            ],
                            [
                                114.047731931701733,
                                -8.637490362771784
                            ],
                            [
                                114.031150511328136,
                                -8.630386347650362
                            ],
                            [
                                114.031697151560223,
                                -8.615862583402121
                            ],
                            [
                                114.028963950399742,
                                -8.599760149126899
                            ],
                            [
                                114.025137468775071,
                                -8.594550538037858
                            ],
                            [
                                114.009649328865663,
                                -8.589340926948815
                            ],
                            [
                                113.996712176706041,
                                -8.593761203024366
                            ],
                            [
                                113.99780545717023,
                                -8.603075356183563
                            ],
                            [
                                113.988148146403191,
                                -8.600075883132297
                            ],
                            [
                                113.977944195404049,
                                -8.609390036291494
                            ],
                            [
                                113.961362775030452,
                                -8.617283386426406
                            ],
                            [
                                113.956989653173679,
                                -8.609074302286096
                            ],
                            [
                                113.947332342406625,
                                -8.599760149126899
                            ],
                            [
                                113.966100323708616,
                                -8.596444942070237
                            ],
                            [
                                113.96828688463701,
                                -8.581447576813902
                            ],
                            [
                                113.959176214102058,
                                -8.567713147579154
                            ],
                            [
                                113.943505860781954,
                                -8.558241127417258
                            ],
                            [
                                113.929657641568838,
                                -8.561240600468524
                            ],
                            [
                                113.917813769873405,
                                -8.574027827687082
                            ],
                            [
                                113.909249739570555,
                                -8.579553172781523
                            ],
                            [
                                113.900139069035603,
                                -8.575132896705972
                            ],
                            [
                                113.896312587410932,
                                -8.566923812565662
                            ],
                            [
                                113.871531563555877,
                                -8.557136058398369
                            ],
                            [
                                113.86624737464561,
                                -8.561714201476619
                            ],
                            [
                                113.85768334434276,
                                -8.560135531449637
                            ],
                            [
                                113.853310222485987,
                                -8.552715782322819
                            ],
                            [
                                113.837275442344477,
                                -8.554136585347102
                            ],
                            [
                                113.833995600951909,
                                -8.541191491125845
                            ],
                            [
                                113.838368722808681,
                                -8.534876811017915
                            ],
                            [
                                113.82816477180954,
                                -8.527772795896494
                            ],
                            [
                                113.824338290184855,
                                -8.541822959136638
                            ],
                            [
                                113.815227619649917,
                                -8.546716836220284
                            ],
                            [
                                113.815774259882005,
                                -8.556504590387576
                            ],
                            [
                                113.807210229579155,
                                -8.556504590387576
                            ],
                            [
                                113.814680979417815,
                                -8.533613874996329
                            ],
                            [
                                113.807574656400561,
                                -8.532193071972044
                            ],
                            [
                                113.810307857561043,
                                -8.516879972710313
                            ],
                            [
                                113.807210229579155,
                                -8.495252193340653
                            ],
                            [
                                113.78989995556276,
                                -8.489253247238118
                            ],
                            [
                                113.78771339463438,
                                -8.496672996364936
                            ],
                            [
                                113.779696004563618,
                                -8.496041528354143
                            ],
                            [
                                113.77167861449287,
                                -8.503461277480961
                            ],
                            [
                                113.75928810256535,
                                -8.502356208462073
                            ],
                            [
                                113.754550553887171,
                                -8.510565292602383
                            ],
                            [
                                113.757648181869058,
                                -8.517985041729201
                            ],
                            [
                                113.733049371424698,
                                -8.524773322845226
                            ],
                            [
                                113.731409450728407,
                                -8.515459169686029
                            ],
                            [
                                113.722845420425557,
                                -8.517195706715709
                            ],
                            [
                                113.712094829194328,
                                -8.528404263907287
                            ],
                            [
                                113.712641469426416,
                                -8.514985568677934
                            ],
                            [
                                113.721752139961367,
                                -8.497778065383825
                            ],
                            [
                                113.716832377872493,
                                -8.485148705167964
                            ],
                            [
                                113.704441865944972,
                                -8.4818334981113
                            ],
                            [
                                113.694784555177932,
                                -8.500461804429694
                            ],
                            [
                                113.686220524875083,
                                -8.503461277480961
                            ],
                            [
                                113.686220524875083,
                                -8.493673523313669
                            ],
                            [
                                113.676016573875941,
                                -8.491463385275894
                            ],
                            [
                                113.669639104501485,
                                -8.498251666391919
                            ],
                            [
                                113.656701952341848,
                                -8.494147124321763
                            ],
                            [
                                113.646498001342721,
                                -8.495252193340653
                            ],
                            [
                                113.6486845622711,
                                -8.4818334981113
                            ],
                            [
                                113.637933971039871,
                                -8.476150286014162
                            ],
                            [
                                113.640667172200352,
                                -8.457521979695768
                            ],
                            [
                                113.62773002004073,
                                -8.456101176671483
                            ],
                            [
                                113.623903538416045,
                                -8.446313422504192
                            ],
                            [
                                113.60076243525728,
                                -8.435894200326107
                            ],
                            [
                                113.592198404954445,
                                -8.436683535339597
                            ],
                            [
                                113.586914216044164,
                                -8.442998215447528
                            ],
                            [
                                113.581447813723202,
                                -8.432894727274839
                            ],
                            [
                                113.568692874974275,
                                -8.425159244142625
                            ],
                            [
                                113.553569161886273,
                                -8.429895254223572
                            ],
                            [
                                113.527330430745621,
                                -8.430684589237064
                            ],
                            [
                                113.511660077425518,
                                -8.421370436077867
                            ],
                            [
                                113.498176285033793,
                                -8.417581628013108
                            ],
                            [
                                113.494532016819818,
                                -8.413477085942954
                            ],
                            [
                                113.484328065820677,
                                -8.415687223980729
                            ],
                            [
                                113.479408303731802,
                                -8.410951213899782
                            ],
                            [
                                113.473030834357345,
                                -8.383640222432982
                            ],
                            [
                                113.450436371430683,
                                -8.378114877338543
                            ],
                            [
                                113.424562067111438,
                                -8.38111435038981
                            ],
                            [
                                113.405794085809447,
                                -8.390428503549007
                            ],
                            [
                                113.394496854346116,
                                -8.398953321694714
                            ],
                            [
                                113.388119384971645,
                                -8.400531991721696
                            ],
                            [
                                113.370444684133858,
                                -8.366116985133475
                            ],
                            [
                                113.363338361116604,
                                -8.356487097968882
                            ],
                            [
                                113.338739550672244,
                                -8.329965441515574
                            ],
                            [
                                113.311771965888809,
                                -8.31133713519718
                            ],
                            [
                                113.303207935585959,
                                -8.307548327132421
                            ],
                            [
                                113.282800033587677,
                                -8.296339769940845
                            ],
                            [
                                113.260205570661014,
                                -8.288446419805933
                            ],
                            [
                                113.22959371766359,
                                -8.282605340706096
                            ],
                            [
                                113.208092535201118,
                                -8.280237335665623
                            ],
                            [
                                113.18294708452467,
                                -8.280237335665623
                            ],
                            [
                                113.163085822758489,
                                -8.281816005692605
                            ],
                            [
                                113.139944719599725,
                                -8.288446419805933
                            ],
                            [
                                113.111519427530695,
                                -8.291130158851804
                            ],
                            [
                                113.092569232818008,
                                -8.286709882776252
                            ],
                            [
                                113.0770810929086,
                                -8.28592054776276
                            ],
                            [
                                113.065237221213167,
                                -8.297444838959732
                            ],
                            [
                                113.049749081303759,
                                -8.29776057296513
                            ],
                            [
                                113.032438807287363,
                                -8.304864588086552
                            ],
                            [
                                113.014217466217474,
                                -8.309758465170198
                            ],
                            [
                                112.979232491363277,
                                -8.325071564431928
                            ],
                            [
                                112.970668461060427,
                                -8.332491313558746
                            ],
                            [
                                112.959371229597096,
                                -8.35301402390952
                            ],
                            [
                                112.946980717669575,
                                -8.360591640039036
                            ],
                            [
                                112.94552301038398,
                                -8.370221527203631
                            ],
                            [
                                112.928212736367584,
                                -8.38932343453012
                            ],
                            [
                                112.915822224440049,
                                -8.394059444611068
                            ],
                            [
                                112.905253846619516,
                                -8.391533572567896
                            ],
                            [
                                112.90616491367301,
                                -8.380640749381715
                            ],
                            [
                                112.895960962673868,
                                -8.380640749381715
                            ],
                            [
                                112.892863334691995,
                                -8.38742903049774
                            ],
                            [
                                112.898147523602262,
                                -8.394533045619163
                            ],
                            [
                                112.895960962673868,
                                -8.400058390713601
                            ],
                            [
                                112.883752664157043,
                                -8.400847725727093
                            ],
                            [
                                112.874095353390004,
                                -8.408267474853911
                            ],
                            [
                                112.86808231083694,
                                -8.406057336816135
                            ],
                            [
                                112.865895749908546,
                                -8.394848779624558
                            ],
                            [
                                112.856785079373608,
                                -8.402742129759472
                            ],
                            [
                                112.847127768606569,
                                -8.405741602810739
                            ],
                            [
                                112.843847927213986,
                                -8.399742656708206
                            ],
                            [
                                112.851500890463342,
                                -8.388849833522025
                            ],
                            [
                                112.838017098071617,
                                -8.382535153414095
                            ],
                            [
                                112.838017098071617,
                                -8.371326596222518
                            ],
                            [
                                112.831092988465059,
                                -8.369116458184743
                            ],
                            [
                                112.820342397233816,
                                -8.372905266249502
                            ],
                            [
                                112.815969275377043,
                                -8.385850360470759
                            ],
                            [
                                112.816515915609145,
                                -8.397848252675827
                            ],
                            [
                                112.804125403681624,
                                -8.398163986681222
                            ],
                            [
                                112.798294574539256,
                                -8.406373070821532
                            ],
                            [
                                112.786450702843823,
                                -8.398163986681222
                            ],
                            [
                                112.780073233469366,
                                -8.385218892459966
                            ],
                            [
                                112.767682721541831,
                                -8.391533572567896
                            ],
                            [
                                112.767682721541831,
                                -8.407951740848514
                            ],
                            [
                                112.7563854900785,
                                -8.41016187888629
                            ],
                            [
                                112.742901697686776,
                                -8.4183709630266
                            ],
                            [
                                112.725226996848988,
                                -8.417265894007713
                            ],
                            [
                                112.718667314063822,
                                -8.420581101064375
                            ],
                            [
                                112.707005655779099,
                                -8.4183709630266
                            ],
                            [
                                112.698806052297641,
                                -8.426895781172306
                            ],
                            [
                                112.691335302458981,
                                -8.428000850191193
                            ],
                            [
                                112.67038076022861,
                                -8.445208353485304
                            ],
                            [
                                112.64942621799824,
                                -8.447102757517683
                            ],
                            [
                                112.64195546815958,
                                -8.436999269344994
                            ],
                            [
                                112.631204876928351,
                                -8.429263786212779
                            ],
                            [
                                112.614987883376145,
                                -8.432105392261349
                            ],
                            [
                                112.610796974930068,
                                -8.421686170083262
                            ],
                            [
                                112.595126621609964,
                                -8.416950160002315
                            ],
                            [
                                112.588202512003406,
                                -8.4183709630266
                            ],
                            [
                                112.573261012326086,
                                -8.407478139840419
                            ],
                            [
                                112.553217537149209,
                                -8.401952794745981
                            ],
                            [
                                112.544106866614257,
                                -8.40384719877836
                            ],
                            [
                                112.52533888531228,
                                -8.403373597770265
                            ],
                            [
                                112.517321495241518,
                                -8.395953848643448
                            ],
                            [
                                112.504384343081895,
                                -8.404162932783755
                            ],
                            [
                                112.484523081315714,
                                -8.395953848643448
                            ],
                            [
                                112.473772490084485,
                                -8.394533045619163
                            ],
                            [
                                112.44152071639077,
                                -8.397532518670429
                            ],
                            [
                                112.434049966552109,
                                -8.388849833522025
                            ],
                            [
                                112.404531394018889,
                                -8.377009808319656
                            ],
                            [
                                112.372826260557275,
                                -8.37574687229807
                            ],
                            [
                                112.365355510718629,
                                -8.35759216698777
                            ],
                            [
                                112.358795827933463,
                                -8.348593747833968
                            ],
                            [
                                112.346405316005942,
                                -8.350014550858253
                            ],
                            [
                                112.333103737024913,
                                -8.332175579553351
                            ],
                            [
                                112.319619944633189,
                                -8.333596382577635
                            ],
                            [
                                112.315246822776416,
                                -8.342594801731435
                            ],
                            [
                                112.296478841474439,
                                -8.331386244539859
                            ],
                            [
                                112.285728250243196,
                                -8.332175579553351
                            ],
                            [
                                112.273337738315675,
                                -8.338490259661281
                            ],
                            [
                                112.271880031030079,
                                -8.344489205763814
                            ],
                            [
                                112.263133787316534,
                                -8.350014550858253
                            ],
                            [
                                112.254569757013684,
                                -8.342910535736833
                            ],
                            [
                                112.240721537800567,
                                -8.347015077806986
                            ],
                            [
                                112.220860276034387,
                                -8.342594801731435
                            ],
                            [
                                112.22286462355207,
                                -8.332175579553351
                            ],
                            [
                                112.203003361785889,
                                -8.325071564431928
                            ],
                            [
                                112.181502179323417,
                                -8.326176633450816
                            ],
                            [
                                112.169111667395896,
                                -8.320651288356377
                            ],
                            [
                                112.156356728646969,
                                -8.328860372496687
                            ],
                            [
                                112.140139735094763,
                                -8.315757411272731
                            ],
                            [
                                112.132122345024015,
                                -8.324755830426533
                            ],
                            [
                                112.123011674489064,
                                -8.315757411272731
                            ],
                            [
                                112.097684010401906,
                                -8.318283283315903
                            ],
                            [
                                112.089119980099071,
                                -8.314968076259239
                            ],
                            [
                                112.069805358564977,
                                -8.317967549310508
                            ],
                            [
                                112.067072157404496,
                                -8.322387825386057
                            ],
                            [
                                112.054317218655569,
                                -8.31765181530511
                            ],
                            [
                                112.034273743478693,
                                -8.319546219337489
                            ],
                            [
                                112.027896274104222,
                                -8.312757938221464
                            ],
                            [
                                112.020425524265576,
                                -8.303759519067663
                            ],
                            [
                                111.996191140642622,
                                -8.298549907978622
                            ],
                            [
                                111.981249640965302,
                                -8.286236281768156
                            ],
                            [
                                111.96721920834149,
                                -8.279921601660226
                            ],
                            [
                                111.947357946575309,
                                -8.277711463622451
                            ],
                            [
                                111.939887196736649,
                                -8.28134240468451
                            ],
                            [
                                111.935514074879876,
                                -8.293024562884181
                            ],
                            [
                                111.943531464950624,
                                -8.29491896691656
                            ],
                            [
                                111.939887196736649,
                                -8.304233120075757
                            ],
                            [
                                111.924763483648647,
                                -8.304548854081155
                            ],
                            [
                                111.916746093577885,
                                -8.298234173973224
                            ],
                            [
                                111.907635423042947,
                                -8.302654450048776
                            ],
                            [
                                111.891418429490741,
                                -8.298549907978622
                            ],
                            [
                                111.886680880812563,
                                -8.29412963190307
                            ],
                            [
                                111.87483700911713,
                                -8.291130158851804
                            ],
                            [
                                111.862993137421711,
                                -8.270607448501028
                            ],
                            [
                                111.854975747350949,
                                -8.270923182506426
                            ],
                            [
                                111.845318436583909,
                                -8.26318769937421
                            ],
                            [
                                111.837118833102465,
                                -8.264924236403891
                            ],
                            [
                                111.841491954959238,
                                -8.280237335665623
                            ],
                            [
                                111.832381284424287,
                                -8.28134240468451
                            ],
                            [
                                111.828554802799616,
                                -8.272501852533408
                            ],
                            [
                                111.807053620337143,
                                -8.265397837411987
                            ],
                            [
                                111.793752041356115,
                                -8.255610083244694
                            ],
                            [
                                111.778628328268113,
                                -8.25608368425279
                            ],
                            [
                                111.770064297965263,
                                -8.265397837411987
                            ],
                            [
                                111.770064297965263,
                                -8.270923182506426
                            ],
                            [
                                111.778628328268113,
                                -8.275817059590072
                            ],
                            [
                                111.773890779589934,
                                -8.289235754819424
                            ],
                            [
                                111.768424377268971,
                                -8.294445365908466
                            ],
                            [
                                111.771157578429452,
                                -8.307864061137819
                            ],
                            [
                                111.768971017501059,
                                -8.317178214297016
                            ],
                            [
                                111.776988407571821,
                                -8.325387298437326
                            ]
                        ]
                    ],
                    [
                        [
                            [
                                113.367164842741275,
                                -8.453417437625614
                            ],
                            [
                                113.371537964598048,
                                -8.458627048714655
                            ],
                            [
                                113.399963256667078,
                                -8.457521979695768
                            ],
                            [
                                113.41016720766622,
                                -8.475834552008767
                            ],
                            [
                                113.41016720766622,
                                -8.490358316257005
                            ],
                            [
                                113.398869976202889,
                                -8.49635726235954
                            ],
                            [
                                113.376822153508314,
                                -8.497146597373032
                            ],
                            [
                                113.363885001348692,
                                -8.502040474456678
                            ],
                            [
                                113.360787373366819,
                                -8.499356735410807
                            ],
                            [
                                113.346756940742992,
                                -8.503461277480961
                            ],
                            [
                                113.339286190904346,
                                -8.500461804429694
                            ],
                            [
                                113.330539947190786,
                                -8.503777011486358
                            ],
                            [
                                113.305394496514339,
                                -8.507881553556512
                            ],
                            [
                                113.290270783426337,
                                -8.50456634649985
                            ],
                            [
                                113.284439954283968,
                                -8.498251666391919
                            ],
                            [
                                113.267858533910371,
                                -8.497146597373032
                            ],
                            [
                                113.269316241195952,
                                -8.490042582251609
                            ],
                            [
                                113.262392131589394,
                                -8.486253774186851
                            ],
                            [
                                113.273689363052725,
                                -8.463520925798301
                            ],
                            [
                                113.282253393355575,
                                -8.463520925798301
                            ],
                            [
                                113.290270783426337,
                                -8.457995580703862
                            ],
                            [
                                113.296283825979401,
                                -8.444103284466415
                            ],
                            [
                                113.301021374657566,
                                -8.447102757517683
                            ],
                            [
                                113.31669172797767,
                                -8.452628102612122
                            ],
                            [
                                113.325802398512621,
                                -8.452628102612122
                            ],
                            [
                                113.331086587422888,
                                -8.448207826536571
                            ],
                            [
                                113.341837178654131,
                                -8.457995580703862
                            ],
                            [
                                113.352041129653259,
                                -8.449312895555458
                            ],
                            [
                                113.367164842741275,
                                -8.453417437625614
                            ]
                        ]
                    ],
                    [
                        [
                            [
                                112.67894479053146,
                                -8.443787550461019
                            ],
                            [
                                112.691881942691083,
                                -8.431000323242461
                            ],
                            [
                                112.698806052297641,
                                -8.429895254223572
                            ],
                            [
                                112.712289844689366,
                                -8.433999796293728
                            ],
                            [
                                112.711743204457264,
                                -8.456732644682276
                            ],
                            [
                                112.703179174154414,
                                -8.463205191792905
                            ],
                            [
                                112.689148741530602,
                                -8.451207299587837
                            ],
                            [
                                112.680584711227752,
                                -8.452312368606725
                            ],
                            [
                                112.67894479053146,
                                -8.443787550461019
                            ]
                        ]
                    ],
                    [
                        [
                            [
                                113.790993236026964,
                                -7.234999910800449
                            ],
                            [
                                113.77277189495706,
                                -7.227895895679026
                            ],
                            [
                                113.759834742797437,
                                -7.218581742519829
                            ],
                            [
                                113.749084151566208,
                                -7.218897476525226
                            ],
                            [
                                113.755643834351361,
                                -7.206268116309365
                            ],
                            [
                                113.763661224422123,
                                -7.209267589360632
                            ],
                            [
                                113.780789285027822,
                                -7.210056924374124
                            ],
                            [
                                113.792633156723241,
                                -7.216371604482054
                            ],
                            [
                                113.799557266329813,
                                -7.213687865436183
                            ],
                            [
                                113.809761217328941,
                                -7.215898003473959
                            ],
                            [
                                113.805023668650776,
                                -7.224580688622363
                            ],
                            [
                                113.790993236026964,
                                -7.234999910800449
                            ]
                        ]
                    ],
                    [
                        [
                            [
                                113.935488470711192,
                                -7.208478254347141
                            ],
                            [
                                113.925831159944153,
                                -7.203268643258099
                            ],
                            [
                                113.907063178642161,
                                -7.21037265837952
                            ],
                            [
                                113.886655276643893,
                                -7.211793461403804
                            ],
                            [
                                113.880642234090828,
                                -7.202479308244607
                            ],
                            [
                                113.886108636411791,
                                -7.190955017047634
                            ],
                            [
                                113.897405867875122,
                                -7.184166735931608
                            ],
                            [
                                113.909249739570555,
                                -7.181640863888437
                            ],
                            [
                                113.924737879479963,
                                -7.174221114761618
                            ],
                            [
                                113.929111001336736,
                                -7.1849560709451
                            ],
                            [
                                113.940408232800067,
                                -7.19947983519334
                            ],
                            [
                                113.939314952335877,
                                -7.214161466444278
                            ],
                            [
                                113.954256452013183,
                                -7.22489642262776
                            ],
                            [
                                113.947332342406625,
                                -7.229790299711405
                            ],
                            [
                                113.935488470711192,
                                -7.208478254347141
                            ]
                        ]
                    ],
                    [
                        [
                            [
                                114.360956784693172,
                                -7.17864139083717
                            ],
                            [
                                114.354579315318716,
                                -7.173747513753524
                            ],
                            [
                                114.336175760838117,
                                -7.166327764626706
                            ],
                            [
                                114.321780901392898,
                                -7.163012557570042
                            ],
                            [
                                114.311030310161669,
                                -7.157013611467509
                            ],
                            [
                                114.295359956841565,
                                -7.143121315230061
                            ],
                            [
                                114.28424493878893,
                                -7.124177274906271
                            ],
                            [
                                114.278231896235866,
                                -7.117388993790245
                            ],
                            [
                                114.271307786629308,
                                -7.097339884447567
                            ],
                            [
                                114.277138615771676,
                                -7.086131327255989
                            ],
                            [
                                114.295906597073653,
                                -7.065135015897122
                            ],
                            [
                                114.301919639626718,
                                -7.062135542845855
                            ],
                            [
                                114.327065090303179,
                                -7.057399532764906
                            ],
                            [
                                114.333078132856244,
                                -7.058504601783794
                            ],
                            [
                                114.344922004551663,
                                -7.069239557967276
                            ],
                            [
                                114.370614095460212,
                                -7.089446534312653
                            ],
                            [
                                114.374987217316985,
                                -7.108074840631048
                            ],
                            [
                                114.372254016156504,
                                -7.113284451720091
                            ],
                            [
                                114.388835436530101,
                                -7.133491428065468
                            ],
                            [
                                114.391021997458495,
                                -7.153698404410845
                            ],
                            [
                                114.402865869153928,
                                -7.170116572691464
                            ],
                            [
                                114.384097887851937,
                                -7.181640863888437
                            ],
                            [
                                114.360956784693172,
                                -7.17864139083717
                            ]
                        ]
                    ],
                    [
                        [
                            [
                                114.053198334022696,
                                -7.07981664714806
                            ],
                            [
                                114.063402285021837,
                                -7.111390047687712
                            ],
                            [
                                114.039714541630985,
                                -7.112179382701203
                            ],
                            [
                                114.008556048401459,
                                -7.106180436598668
                            ],
                            [
                                113.984321664778506,
                                -7.105864702593273
                            ],
                            [
                                113.942048153496359,
                                -7.083921189218215
                            ],
                            [
                                113.936035110943294,
                                -7.073344100037431
                            ],
                            [
                                113.938768312103775,
                                -7.063714212872837
                            ],
                            [
                                113.953163171548994,
                                -7.058031000775699
                            ],
                            [
                                113.963002695726729,
                                -7.067818754942992
                            ],
                            [
                                113.978490835636137,
                                -7.072712632026638
                            ],
                            [
                                113.99780545717023,
                                -7.072239031018543
                            ],
                            [
                                114.012382530026144,
                                -7.070028892980767
                            ],
                            [
                                114.047731931701733,
                                -7.074922770064413
                            ],
                            [
                                114.053198334022696,
                                -7.07981664714806
                            ]
                        ]
                    ],
                    [
                        [
                            [
                                113.573430423652454,
                                -7.161907488551154
                            ],
                            [
                                113.570697222491972,
                                -7.179430725850661
                            ],
                            [
                                113.566506314045895,
                                -7.192375820071918
                            ],
                            [
                                113.556849003278842,
                                -7.20137423922572
                            ],
                            [
                                113.560493271492831,
                                -7.21037265837952
                            ],
                            [
                                113.556302363046754,
                                -7.221581215571097
                            ],
                            [
                                113.548102759565296,
                                -7.232316171754578
                            ],
                            [
                                113.537534381744763,
                                -7.236104979819336
                            ],
                            [
                                113.519677467496265,
                                -7.249839409054085
                            ],
                            [
                                113.505282608051061,
                                -7.231684703743785
                            ],
                            [
                                113.499269565497997,
                                -7.227580161673631
                            ],
                            [
                                113.476675102571321,
                                -7.224107087614269
                            ],
                            [
                                113.469750992964762,
                                -7.221107614563001
                            ],
                            [
                                113.42255771959374,
                                -7.221581215571097
                            ],
                            [
                                113.411260488130409,
                                -7.217792407506338
                            ],
                            [
                                113.393403573881912,
                                -7.217476673500942
                            ],
                            [
                                113.379555354668796,
                                -7.216371604482054
                            ],
                            [
                                113.337646270208054,
                                -7.215582269468563
                            ],
                            [
                                113.326349038744723,
                                -7.213687865436183
                            ],
                            [
                                113.31669172797767,
                                -7.218897476525226
                            ],
                            [
                                113.275875923981118,
                                -7.215266535463166
                            ],
                            [
                                113.262392131589394,
                                -7.22489642262776
                            ],
                            [
                                113.221576327592842,
                                -7.220002545544114
                            ],
                            [
                                113.20007514513037,
                                -7.222370550584587
                            ],
                            [
                                113.170009932365048,
                                -7.227580161673631
                            ],
                            [
                                113.162539182526388,
                                -7.209583323366028
                            ],
                            [
                                113.155432859509133,
                                -7.206268116309365
                            ],
                            [
                                113.145775548742094,
                                -7.211161993393011
                            ],
                            [
                                113.149602030366765,
                                -7.22300201859538
                            ],
                            [
                                113.131380689296876,
                                -7.22300201859538
                            ],
                            [
                                113.099675555835262,
                                -7.228685230692518
                            ],
                            [
                                113.078174373372789,
                                -7.22300201859538
                            ],
                            [
                                113.067970422373648,
                                -7.222370550584587
                            ],
                            [
                                113.040456197358111,
                                -7.212898530422692
                            ],
                            [
                                113.028794539073388,
                                -7.211477727398408
                            ],
                            [
                                113.011484265056993,
                                -7.205478781295874
                            ],
                            [
                                112.997636045843862,
                                -7.208793988352538
                            ],
                            [
                                112.987978735076823,
                                -7.201058505220322
                            ],
                            [
                                112.964837631918058,
                                -7.199953436201435
                            ],
                            [
                                112.951900479758436,
                                -7.192375820071918
                            ],
                            [
                                112.948073998133765,
                                -7.193638756093504
                            ],
                            [
                                112.907258194137199,
                                -7.180062193861454
                            ],
                            [
                                112.891770054227791,
                                -7.178325656831773
                            ],
                            [
                                112.878286261836081,
                                -7.168222168659085
                            ],
                            [
                                112.864255829212254,
                                -7.162538956561948
                            ],
                            [
                                112.844394567446074,
                                -7.165538429613214
                            ],
                            [
                                112.831092988465059,
                                -7.16143388754306
                            ],
                            [
                                112.801938842753231,
                                -7.157329345472904
                            ],
                            [
                                112.789730544236406,
                                -7.160013084518775
                            ],
                            [
                                112.776246751844681,
                                -7.159539483510681
                            ],
                            [
                                112.768229361773933,
                                -7.162538956561948
                            ],
                            [
                                112.765496160613452,
                                -7.152119734383862
                            ],
                            [
                                112.753105648685917,
                                -7.151330399370371
                            ],
                            [
                                112.740168496526294,
                                -7.165222695607818
                            ],
                            [
                                112.740168496526294,
                                -7.171221641710352
                            ],
                            [
                                112.72796019800947,
                                -7.17043230669686
                            ],
                            [
                                112.724133716384799,
                                -7.173747513753524
                            ],
                            [
                                112.703179174154414,
                                -7.166012030621309
                            ],
                            [
                                112.691335302458981,
                                -7.154803473429733
                            ],
                            [
                                112.691881942691083,
                                -7.146120788281328
                            ],
                            [
                                112.703179174154414,
                                -7.116283924771357
                            ],
                            [
                                112.705912375314895,
                                -7.096234815428678
                            ],
                            [
                                112.695161784083666,
                                -7.094340411396299
                            ],
                            [
                                112.690242021994791,
                                -7.097339884447567
                            ],
                            [
                                112.67894479053146,
                                -7.077922243115681
                            ],
                            [
                                112.673660601621194,
                                -7.073344100037431
                            ],
                            [
                                112.677304869835169,
                                -7.043980837535555
                            ],
                            [
                                112.683317912388233,
                                -7.031193610316995
                            ],
                            [
                                112.696255064547856,
                                -7.033088014349374
                            ],
                            [
                                112.704272454618618,
                                -7.038771226446512
                            ],
                            [
                                112.723040435920595,
                                -7.038771226446512
                            ],
                            [
                                112.735977588080218,
                                -7.025983999227953
                            ],
                            [
                                112.740715136758396,
                                -7.01809064909304
                            ],
                            [
                                112.747274819543549,
                                -7.016354112063359
                            ],
                            [
                                112.758572051006894,
                                -7.007039958904162
                            ],
                            [
                                112.775153471380492,
                                -6.99725220473687
                            ],
                            [
                                112.789183904004304,
                                -6.983833509507518
                            ],
                            [
                                112.790823824700595,
                                -6.975308691361812
                            ],
                            [
                                112.798841214771343,
                                -6.969625479264675
                            ],
                            [
                                112.811231726698878,
                                -6.954785981011038
                            ],
                            [
                                112.823986665447805,
                                -6.935368339679153
                            ],
                            [
                                112.829999708000869,
                                -6.921160309436309
                            ],
                            [
                                112.822346744751513,
                                -6.912951225295999
                            ],
                            [
                                112.832186268929249,
                                -6.906162944179974
                            ],
                            [
                                112.835830537143224,
                                -6.916266432352663
                            ],
                            [
                                112.848767689302846,
                                -6.908057348212354
                            ],
                            [
                                112.849314329534948,
                                -6.896533057015381
                            ],
                            [
                                112.877192981371877,
                                -6.891639179931735
                            ],
                            [
                                112.921288626761026,
                                -6.89384931796951
                            ],
                            [
                                112.953540400454727,
                                -6.887218903856184
                            ],
                            [
                                112.962104430757577,
                                -6.889113307888563
                            ],
                            [
                                112.987978735076823,
                                -6.886745302848088
                            ],
                            [
                                112.998182686075964,
                                -6.882325026772538
                            ],
                            [
                                113.029705606126882,
                                -6.883114361786029
                            ],
                            [
                                113.043189398518592,
                                -6.880114888734761
                            ],
                            [
                                113.051206788589354,
                                -6.885008765818408
                            ],
                            [
                                113.063050660284773,
                                -6.88200929276714
                            ],
                            [
                                113.088924964604033,
                                -6.889113307888563
                            ],
                            [
                                113.10659966544182,
                                -6.888639706880467
                            ],
                            [
                                113.109879506834403,
                                -6.894322918977605
                            ],
                            [
                                113.124274366279622,
                                -6.89384931796951
                            ],
                            [
                                113.136664878207142,
                                -6.894322918977605
                            ],
                            [
                                113.150148670598867,
                                -6.891323445926337
                            ],
                            [
                                113.155979499741221,
                                -6.895427987996493
                            ],
                            [
                                113.168916651900858,
                                -6.891323445926337
                            ],
                            [
                                113.19151111482752,
                                -6.894322918977605
                            ],
                            [
                                113.201715065826662,
                                -6.897953860039665
                            ],
                            [
                                113.226496089681703,
                                -6.890849844918243
                            ],
                            [
                                113.243077510055315,
                                -6.892428514945226
                            ],
                            [
                                113.259658930428913,
                                -6.889429041893958
                            ],
                            [
                                113.283346673819779,
                                -6.891954913937131
                            ],
                            [
                                113.296830466211489,
                                -6.889113307888563
                            ],
                            [
                                113.312318606120897,
                                -6.892744248950622
                            ],
                            [
                                113.321429276655849,
                                -6.888323972875071
                            ],
                            [
                                113.351494489421171,
                                -6.889744775899356
                            ],
                            [
                                113.364978281812881,
                                -6.888323972875071
                            ],
                            [
                                113.394496854346116,
                                -6.889744775899356
                            ],
                            [
                                113.416544677040676,
                                -6.887850371866977
                            ],
                            [
                                113.43859249973525,
                                -6.888639706880467
                            ],
                            [
                                113.483234785356487,
                                -6.897322392028872
                            ],
                            [
                                113.504735967818959,
                                -6.897638126034268
                            ],
                            [
                                113.559399991028627,
                                -6.892744248950622
                            ],
                            [
                                113.570697222491972,
                                -6.892744248950622
                            ],
                            [
                                113.590011844026051,
                                -6.889113307888563
                            ],
                            [
                                113.62663673957654,
                                -6.89021837690745
                            ],
                            [
                                113.639027251504061,
                                -6.88753463786158
                            ],
                            [
                                113.655062031645571,
                                -6.887850371866977
                            ],
                            [
                                113.678749775036422,
                                -6.882640760777933
                            ],
                            [
                                113.696424475874224,
                                -6.883430095791425
                            ],
                            [
                                113.711548188962226,
                                -6.886429568842692
                            ],
                            [
                                113.731956090960509,
                                -6.887218903856184
                            ],
                            [
                                113.739426840799169,
                                -6.884219430804916
                            ],
                            [
                                113.765847785350502,
                                -6.885324499823804
                            ],
                            [
                                113.770585334028681,
                                -6.883114361786029
                            ],
                            [
                                113.79846398586561,
                                -6.885324499823804
                            ],
                            [
                                113.813587698953626,
                                -6.881219957753649
                            ],
                            [
                                113.832355680255617,
                                -6.878536218707779
                            ],
                            [
                                113.854950143182279,
                                -6.872695139607943
                            ],
                            [
                                113.871531563555877,
                                -6.871116469580961
                            ],
                            [
                                113.875358045180562,
                                -6.868116996529694
                            ],
                            [
                                113.908703099338453,
                                -6.863223119446047
                            ],
                            [
                                113.949518903335019,
                                -6.869222065548581
                            ],
                            [
                                113.967193604172806,
                                -6.87301087361334
                            ],
                            [
                                113.980130756332429,
                                -6.880114888734761
                            ],
                            [
                                114.001631938794901,
                                -6.886745302848088
                            ],
                            [
                                114.022586481025286,
                                -6.899532530066647
                            ],
                            [
                                114.058482522932962,
                                -6.915477097339171
                            ],
                            [
                                114.090734296626678,
                                -6.92826432455773
                            ],
                            [
                                114.105311369482592,
                                -6.939472881749307
                            ],
                            [
                                114.120252869159899,
                                -6.971204149291657
                            ],
                            [
                                114.124625991016671,
                                -6.976729494386096
                            ],
                            [
                                114.113875399785442,
                                -6.98272844048863
                            ],
                            [
                                114.097840619643932,
                                -6.978939632423872
                            ],
                            [
                                114.082170266323828,
                                -6.987622317572276
                            ],
                            [
                                114.057935882700875,
                                -7.0035668848448
                            ],
                            [
                                114.0358880600063,
                                -7.008776495933843
                            ],
                            [
                                114.002725219259105,
                                -7.005461288877179
                            ],
                            [
                                113.991974628027862,
                                -7.007355692909559
                            ],
                            [
                                113.974664354011466,
                                -7.022195191163195
                            ],
                            [
                                113.966100323708616,
                                -7.038297625438418
                            ],
                            [
                                113.956989653173679,
                                -7.040507763476193
                            ],
                            [
                                113.943505860781954,
                                -7.038297625438418
                            ],
                            [
                                113.938221671871688,
                                -7.033088014349374
                            ],
                            [
                                113.938768312103775,
                                -7.025194664214462
                            ],
                            [
                                113.928017720872546,
                                -7.018564250101135
                            ],
                            [
                                113.921093611265988,
                                -7.024089595195574
                            ],
                            [
                                113.920546971033886,
                                -7.0308778763116
                            ],
                            [
                                113.944052501014042,
                                -7.042086433503176
                            ],
                            [
                                113.948425622870829,
                                -7.048716847616502
                            ],
                            [
                                113.942412580317765,
                                -7.057399532764906
                            ],
                            [
                                113.921093611265988,
                                -7.04350723652746
                            ],
                            [
                                113.906516538410074,
                                -7.047296044592218
                            ],
                            [
                                113.890299544857868,
                                -7.061819808840458
                            ],
                            [
                                113.879731167037335,
                                -7.074449169056319
                            ],
                            [
                                113.870438283091687,
                                -7.096234815428678
                            ],
                            [
                                113.888295197340184,
                                -7.103970298560894
                            ],
                            [
                                113.892486105786261,
                                -7.132702093051977
                            ],
                            [
                                113.885561996179689,
                                -7.134280763078959
                            ],
                            [
                                113.815227619649917,
                                -7.133175694060071
                            ],
                            [
                                113.811401138025232,
                                -7.129071151989916
                            ],
                            [
                                113.796459638347926,
                                -7.125282343925158
                            ],
                            [
                                113.771131974260769,
                                -7.123387939892779
                            ],
                            [
                                113.752363992958792,
                                -7.119283397822624
                            ],
                            [
                                113.745257669941523,
                                -7.115494589757866
                            ],
                            [
                                113.725943048407444,
                                -7.115494589757866
                            ],
                            [
                                113.714099176712011,
                                -7.112179382701203
                            ],
                            [
                                113.684580604178791,
                                -7.108864175644539
                            ],
                            [
                                113.672736732483358,
                                -7.110758579676919
                            ],
                            [
                                113.653968751181367,
                                -7.12780821596833
                            ],
                            [
                                113.644858080646429,
                                -7.129386885995313
                            ],
                            [
                                113.639573891736163,
                                -7.124966609919761
                            ],
                            [
                                113.607322118042447,
                                -7.125598077930555
                            ],
                            [
                                113.601855715721484,
                                -7.12780821596833
                            ],
                            [
                                113.589100776972558,
                                -7.139016773159907
                            ],
                            [
                                113.585820935579974,
                                -7.14691012329482
                            ],
                            [
                                113.573430423652454,
                                -7.161907488551154
                            ]
                        ]
                    ],
                    [
                        [
                            [
                                114.186942977475709,
                                -6.972309218310545
                            ],
                            [
                                114.187489617707797,
                                -6.980044701442759
                            ],
                            [
                                114.182569855618937,
                                -7.002935416834007
                            ],
                            [
                                114.177832306940758,
                                -7.005461288877179
                            ],
                            [
                                114.163255234084843,
                                -7.001041012801628
                            ],
                            [
                                114.165988435245325,
                                -6.977045228391493
                            ],
                            [
                                114.171272624155606,
                                -6.966310272208011
                            ],
                            [
                                114.177832306940758,
                                -6.964731602181029
                            ],
                            [
                                114.186942977475709,
                                -6.972309218310545
                            ]
                        ]
                    ],
                    [
                        [
                            [
                                112.742355057454688,
                                -5.788148831070902
                            ],
                            [
                                112.737070868544421,
                                -5.794147777173436
                            ],
                            [
                                112.72796019800947,
                                -5.818775029594365
                            ],
                            [
                                112.732697746687649,
                                -5.831404389810226
                            ],
                            [
                                112.721947155456405,
                                -5.832983059837208
                            ],
                            [
                                112.711743204457264,
                                -5.845612420053069
                            ],
                            [
                                112.692975223155273,
                                -5.850822031142112
                            ],
                            [
                                112.685504473316627,
                                -5.856505243239249
                            ],
                            [
                                112.68003807099565,
                                -5.851611366155602
                            ],
                            [
                                112.651612778926619,
                                -5.851611366155602
                            ],
                            [
                                112.639222266999099,
                                -5.844507351034181
                            ],
                            [
                                112.631204876928351,
                                -5.843402282015293
                            ],
                            [
                                112.627378395303666,
                                -5.851611366155602
                            ],
                            [
                                112.610250334697966,
                                -5.857926046263533
                            ],
                            [
                                112.598406463002533,
                                -5.853032169179887
                            ],
                            [
                                112.591482353395975,
                                -5.855715908225758
                            ],
                            [
                                112.587655871771304,
                                -5.847033223077354
                            ],
                            [
                                112.577998561004264,
                                -5.842928681007198
                            ],
                            [
                                112.584922670610823,
                                -5.831404389810226
                            ],
                            [
                                112.575265359843783,
                                -5.829194251772449
                            ],
                            [
                                112.579638481700556,
                                -5.807882206408185
                            ],
                            [
                                112.584376030378721,
                                -5.799673122267875
                            ],
                            [
                                112.589842432699697,
                                -5.774256534833455
                            ],
                            [
                                112.598406463002533,
                                -5.770151992763301
                            ],
                            [
                                112.607517133537485,
                                -5.774256534833455
                            ],
                            [
                                112.61243689562636,
                                -5.769520524752508
                            ],
                            [
                                112.611890255394258,
                                -5.753418090477286
                            ],
                            [
                                112.625191834375286,
                                -5.750102883420622
                            ],
                            [
                                112.640315547463288,
                                -5.735105518164287
                            ],
                            [
                                112.657443608068988,
                                -5.731474577102228
                            ],
                            [
                                112.668740839532319,
                                -5.738578592223649
                            ],
                            [
                                112.675847162549573,
                                -5.735105518164287
                            ],
                            [
                                112.675300522317485,
                                -5.726580700018581
                            ],
                            [
                                112.686597753780816,
                                -5.71758228086478
                            ],
                            [
                                112.689148741530602,
                                -5.725475630999694
                            ],
                            [
                                112.703179174154414,
                                -5.734789784158891
                            ],
                            [
                                112.716116326314037,
                                -5.732895380126512
                            ],
                            [
                                112.72686691754528,
                                -5.747103410369355
                            ],
                            [
                                112.731057825991357,
                                -5.759417036579819
                            ],
                            [
                                112.737070868544421,
                                -5.767310386714732
                            ],
                            [
                                112.732151106455547,
                                -5.772835731809171
                            ],
                            [
                                112.742355057454688,
                                -5.788148831070902
                            ]
                        ]
                    ],
                    [
                        [
                            [
                                114.683838948451651,
                                -7.163328291575438
                            ],
                            [
                                114.660151205060799,
                                -7.171221641710352
                            ],
                            [
                                114.655960296614722,
                                -7.166643498632102
                            ],
                            [
                                114.667257528078053,
                                -7.160013084518775
                            ],
                            [
                                114.676368198613005,
                                -7.159539483510681
                            ],
                            [
                                114.683838948451651,
                                -7.163328291575438
                            ]
                        ]
                    ],
                    [
                        [
                            [
                                115.87697236170817,
                                -7.204689446282383
                            ],
                            [
                                115.828139167640856,
                                -7.208162520341745
                            ],
                            [
                                115.821032844623602,
                                -7.20137423922572
                            ],
                            [
                                115.793154192786673,
                                -7.188271278001764
                            ],
                            [
                                115.77274629078839,
                                -7.182745932907324
                            ],
                            [
                                115.751245108325918,
                                -7.171221641710352
                            ],
                            [
                                115.742134437790966,
                                -7.158118680486396
                            ],
                            [
                                115.753978309486399,
                                -7.147225857300216
                            ],
                            [
                                115.754524949718501,
                                -7.141384778200381
                            ],
                            [
                                115.762542339789249,
                                -7.131597024033089
                            ],
                            [
                                115.771653010324201,
                                -7.139806108173398
                            ],
                            [
                                115.779123760162847,
                                -7.130807689019598
                            ],
                            [
                                115.778577119930759,
                                -7.112968717714694
                            ],
                            [
                                115.78349688201962,
                                -7.111390047687712
                            ],
                            [
                                115.797527314643446,
                                -7.123387939892779
                            ],
                            [
                                115.79843838169694,
                                -7.1304919550142
                            ],
                            [
                                115.793154192786673,
                                -7.139490374168002
                            ],
                            [
                                115.800624942625319,
                                -7.148488793321802
                            ],
                            [
                                115.814655375249146,
                                -7.151330399370371
                            ],
                            [
                                115.835609917479516,
                                -7.151014665364975
                            ],
                            [
                                115.837249838175808,
                                -7.158908015499888
                            ],
                            [
                                115.849640350103329,
                                -7.164906961602421
                            ],
                            [
                                115.859297660870368,
                                -7.160328818524172
                            ],
                            [
                                115.867861691173218,
                                -7.165222695607818
                            ],
                            [
                                115.873145880083499,
                                -7.153698404410845
                            ],
                            [
                                115.870594892333713,
                                -7.133807162070864
                            ],
                            [
                                115.887722952939413,
                                -7.122282870873891
                            ],
                            [
                                115.894647062545971,
                                -7.137595970135623
                            ],
                            [
                                115.899020184402744,
                                -7.11786259479834
                            ],
                            [
                                115.895740343010161,
                                -7.107759106625651
                            ],
                            [
                                115.905944294009302,
                                -7.107285505617557
                            ],
                            [
                                115.901753385563225,
                                -7.128281816976425
                            ],
                            [
                                115.901753385563225,
                                -7.150698931359578
                            ],
                            [
                                115.89792690393854,
                                -7.182745932907324
                            ],
                            [
                                115.893553782081767,
                                -7.194743825112393
                            ],
                            [
                                115.883896471314728,
                                -7.202952909252701
                            ],
                            [
                                115.87697236170817,
                                -7.204689446282383
                            ]
                        ]
                    ],
                    [
                        [
                            [
                                114.500167830467149,
                                -7.140911177192286
                            ],
                            [
                                114.508731860769998,
                                -7.152909069397354
                            ],
                            [
                                114.497981269538755,
                                -7.161118153537663
                            ],
                            [
                                114.481764275986549,
                                -7.159539483510681
                            ],
                            [
                                114.475933446844195,
                                -7.149909596346086
                            ],
                            [
                                114.481764275986549,
                                -7.140911177192286
                            ],
                            [
                                114.500167830467149,
                                -7.140911177192286
                            ]
                        ]
                    ],
                    [
                        [
                            [
                                114.592003389459407,
                                -7.16411762658893
                            ],
                            [
                                114.572688767925314,
                                -7.165538429613214
                            ],
                            [
                                114.565035804675958,
                                -7.15322480340275
                            ],
                            [
                                114.54736110383817,
                                -7.145805054275932
                            ],
                            [
                                114.532966244392952,
                                -7.144384251251648
                            ],
                            [
                                114.517842531304936,
                                -7.146594389289423
                            ],
                            [
                                114.515655970376557,
                                -7.137595970135623
                            ],
                            [
                                114.54845438430236,
                                -7.131912758038485
                            ],
                            [
                                114.567769005836439,
                                -7.134596497084355
                            ],
                            [
                                114.576879676371391,
                                -7.130807689019598
                            ],
                            [
                                114.592003389459407,
                                -7.134912231089752
                            ],
                            [
                                114.595647657673382,
                                -7.139016773159907
                            ],
                            [
                                114.613504571921879,
                                -7.141384778200381
                            ],
                            [
                                114.615691132850259,
                                -7.153698404410845
                            ],
                            [
                                114.610771370761384,
                                -7.162538956561948
                            ],
                            [
                                114.595647657673382,
                                -7.166012030621309
                            ],
                            [
                                114.592003389459407,
                                -7.16411762658893
                            ]
                        ]
                    ],
                    [
                        [
                            [
                                114.77950098906858,
                                -7.132702093051977
                            ],
                            [
                                114.772394666051326,
                                -7.130807689019598
                            ],
                            [
                                114.781687549996974,
                                -7.119283397822624
                            ],
                            [
                                114.77950098906858,
                                -7.132702093051977
                            ]
                        ]
                    ],
                    [
                        [
                            [
                                115.75288502902221,
                                -7.099076421477247
                            ],
                            [
                                115.755618230182691,
                                -7.088341465293766
                            ],
                            [
                                115.761449059325059,
                                -7.087236396274878
                            ],
                            [
                                115.763635620253439,
                                -7.099865756490738
                            ],
                            [
                                115.75288502902221,
                                -7.099076421477247
                            ]
                        ]
                    ],
                    [
                        [
                            [
                                115.694758951009248,
                                -7.061504074835062
                            ],
                            [
                                115.707149462936783,
                                -7.060399005816174
                            ],
                            [
                                115.711522584793556,
                                -7.071923297013146
                            ],
                            [
                                115.698038792401832,
                                -7.076027839083301
                            ],
                            [
                                115.686741560938501,
                                -7.070818227994259
                            ],
                            [
                                115.685648280474311,
                                -7.058504601783794
                            ],
                            [
                                115.694758951009248,
                                -7.061504074835062
                            ]
                        ]
                    ],
                    [
                        [
                            [
                                115.674897689243068,
                                -7.064503547886329
                            ],
                            [
                                115.667426939404407,
                                -7.06892382396188
                            ],
                            [
                                115.651392159262912,
                                -7.065608616905216
                            ],
                            [
                                115.648112317870329,
                                -7.048085379605709
                            ],
                            [
                                115.662689390726243,
                                -7.046506709578727
                            ],
                            [
                                115.674897689243068,
                                -7.064503547886329
                            ]
                        ]
                    ],
                    [
                        [
                            [
                                115.627157775639958,
                                -7.044612305546348
                            ],
                            [
                                115.636268446174896,
                                -7.044296571540951
                            ],
                            [
                                115.630437617032527,
                                -7.067503020937595
                            ],
                            [
                                115.615313903944525,
                                -7.065135015897122
                            ],
                            [
                                115.613127343016131,
                                -7.056610197751415
                            ],
                            [
                                115.599279123803015,
                                -7.0398762954654
                            ],
                            [
                                115.612580702784044,
                                -7.0398762954654
                            ],
                            [
                                115.627157775639958,
                                -7.044612305546348
                            ]
                        ]
                    ],
                    [
                        [
                            [
                                115.55518347841388,
                                -7.013354639012093
                            ],
                            [
                                115.549717076092918,
                                -7.024878930209066
                            ],
                            [
                                115.541153045790068,
                                -7.027878403260332
                            ],
                            [
                                115.540059765325864,
                                -7.013986107022886
                            ],
                            [
                                115.548259368807322,
                                -7.011144500974317
                            ],
                            [
                                115.55518347841388,
                                -7.013354639012093
                            ]
                        ]
                    ],
                    [
                        [
                            [
                                115.316119483576898,
                                -7.021879457157798
                            ],
                            [
                                115.302635691185174,
                                -7.013354639012093
                            ],
                            [
                                115.309742014202442,
                                -7.007355692909559
                            ],
                            [
                                115.31775940427319,
                                -7.013354639012093
                            ],
                            [
                                115.316119483576898,
                                -7.021879457157798
                            ]
                        ]
                    ],
                    [
                        [
                            [
                                115.51710087557781,
                                -7.017774915087644
                            ],
                            [
                                115.507990205042859,
                                -7.013670373017489
                            ],
                            [
                                115.511087833024746,
                                -7.007671426914955
                            ],
                            [
                                115.525118265648558,
                                -6.99725220473687
                            ],
                            [
                                115.528398107041141,
                                -6.990621790623543
                            ],
                            [
                                115.538055417808181,
                                -6.986043647545293
                            ],
                            [
                                115.545526167646841,
                                -6.987148716564182
                            ],
                            [
                                115.545526167646841,
                                -6.99725220473687
                            ],
                            [
                                115.537508777576079,
                                -6.999146608769249
                            ],
                            [
                                115.538602058040283,
                                -7.016354112063359
                            ],
                            [
                                115.533682295951408,
                                -7.033403748354772
                            ],
                            [
                                115.526211546112748,
                                -7.030562142306202
                            ],
                            [
                                115.51710087557781,
                                -7.017774915087644
                            ]
                        ]
                    ],
                    [
                        [
                            [
                                115.430002865263731,
                                -6.978939632423872
                            ],
                            [
                                115.44931748679781,
                                -6.981149770461648
                            ],
                            [
                                115.44931748679781,
                                -6.976729494386096
                            ],
                            [
                                115.466992187635611,
                                -6.977834563404985
                            ],
                            [
                                115.463894559653724,
                                -6.989358854601956
                            ],
                            [
                                115.471911949724472,
                                -6.999935943782741
                            ],
                            [
                                115.472458589956574,
                                -7.006566357896068
                            ],
                            [
                                115.447130925869416,
                                -7.0035668848448
                            ],
                            [
                                115.430002865263731,
                                -6.995831401712586
                            ],
                            [
                                115.425629743406944,
                                -6.985254312531803
                            ],
                            [
                                115.430002865263731,
                                -6.978939632423872
                            ]
                        ]
                    ],
                    [
                        [
                            [
                                115.667426939404407,
                                -7.007671426914955
                            ],
                            [
                                115.639548287567479,
                                -6.999935943782741
                            ],
                            [
                                115.632441964550225,
                                -7.008145027923049
                            ],
                            [
                                115.622238013551083,
                                -7.0035668848448
                            ],
                            [
                                115.614767263712423,
                                -7.005777022882576
                            ],
                            [
                                115.600919044499307,
                                -6.995831401712586
                            ],
                            [
                                115.592719441017863,
                                -6.997567938742266
                            ],
                            [
                                115.588528532571786,
                                -6.99093752462894
                            ],
                            [
                                115.591079520321571,
                                -6.981623371469742
                            ],
                            [
                                115.584702050947101,
                                -6.977518829399587
                            ],
                            [
                                115.571764898787478,
                                -6.978623898418475
                            ],
                            [
                                115.564294148948832,
                                -6.962995065151348
                            ],
                            [
                                115.572858179251682,
                                -6.958416922073098
                            ],
                            [
                                115.57121825855539,
                                -6.947997699895013
                            ],
                            [
                                115.586888611875494,
                                -6.943103822811367
                            ],
                            [
                                115.631530897496731,
                                -6.967731075232296
                            ],
                            [
                                115.651938799494999,
                                -6.977834563404985
                            ],
                            [
                                115.674897689243068,
                                -6.998357273755758
                            ],
                            [
                                115.683097292724526,
                                -7.003251150839404
                            ],
                            [
                                115.684555000010107,
                                -7.015564777049867
                            ],
                            [
                                115.676537609939359,
                                -7.015880511055265
                            ],
                            [
                                115.667426939404407,
                                -7.007671426914955
                            ]
                        ]
                    ],
                    [
                        [
                            [
                                115.26127324695652,
                                -6.984938578526406
                            ],
                            [
                                115.249429375261101,
                                -6.976729494386096
                            ],
                            [
                                115.254349137349962,
                                -6.968836144251183
                            ],
                            [
                                115.263459807884914,
                                -6.976729494386096
                            ],
                            [
                                115.26127324695652,
                                -6.984938578526406
                            ]
                        ]
                    ],
                    [
                        [
                            [
                                115.914508324312152,
                                -6.949892103927392
                            ],
                            [
                                115.925805555775483,
                                -6.952417975970564
                            ],
                            [
                                115.926352196007571,
                                -6.959206257086589
                            ],
                            [
                                115.914508324312152,
                                -6.962205730137857
                            ],
                            [
                                115.901753385563225,
                                -6.960311326105478
                            ],
                            [
                                115.901206745331123,
                                -6.951786507959771
                            ],
                            [
                                115.914508324312152,
                                -6.949892103927392
                            ]
                        ]
                    ],
                    [
                        [
                            [
                                115.79096763185828,
                                -6.936789142703437
                            ],
                            [
                                115.796434034179242,
                                -6.945787561857237
                            ],
                            [
                                115.792060912322469,
                                -6.961416395124365
                            ],
                            [
                                115.784043522251721,
                                -6.964100134170236
                            ],
                            [
                                115.781856961323328,
                                -6.955891050029926
                            ],
                            [
                                115.788234430697798,
                                -6.937578477716928
                            ],
                            [
                                115.79096763185828,
                                -6.936789142703437
                            ]
                        ]
                    ],
                    [
                        [
                            [
                                115.883896471314728,
                                -6.950997172946281
                            ],
                            [
                                115.879158922636563,
                                -6.959206257086589
                            ],
                            [
                                115.869501611869509,
                                -6.958890523081193
                            ],
                            [
                                115.867861691173218,
                                -6.950681438940883
                            ],
                            [
                                115.875332441011878,
                                -6.938683546735816
                            ],
                            [
                                115.883896471314728,
                                -6.950997172946281
                            ]
                        ]
                    ],
                    [
                        [
                            [
                                116.244314597677189,
                                -6.935999807689946
                            ],
                            [
                                116.253607481622836,
                                -6.92826432455773
                            ],
                            [
                                116.270188901996434,
                                -6.938683546735816
                            ],
                            [
                                116.264904713086167,
                                -6.945471827851841
                            ],
                            [
                                116.254154121854924,
                                -6.949892103927392
                            ],
                            [
                                116.235203927142237,
                                -6.946103295862634
                            ],
                            [
                                116.235750567374339,
                                -6.938367812730419
                            ],
                            [
                                116.244314597677189,
                                -6.935999807689946
                            ]
                        ]
                    ],
                    [
                        [
                            [
                                115.490133290794361,
                                -6.871116469580961
                            ],
                            [
                                115.519651863327596,
                                -6.88200929276714
                            ],
                            [
                                115.543339606718447,
                                -6.902058402109819
                            ],
                            [
                                115.559921027092059,
                                -6.906162944179974
                            ],
                            [
                                115.564294148948832,
                                -6.921476043441706
                            ],
                            [
                                115.575591380412163,
                                -6.929685127582015
                            ],
                            [
                                115.571764898787478,
                                -6.942472354800574
                            ],
                            [
                                115.553543557717589,
                                -6.952102241965168
                            ],
                            [
                                115.55135699678921,
                                -6.96552093719452
                            ],
                            [
                                115.546619448111031,
                                -6.96552093719452
                            ],
                            [
                                115.518558582863392,
                                -6.945471827851841
                            ],
                            [
                                115.501977162489794,
                                -6.949102768913901
                            ],
                            [
                                115.495053052883236,
                                -6.940893684773592
                            ],
                            [
                                115.471365309492384,
                                -6.929369393576619
                            ],
                            [
                                115.458974797564849,
                                -6.933789669652169
                            ],
                            [
                                115.455877169582976,
                                -6.914056294314888
                            ],
                            [
                                115.446037645405227,
                                -6.912951225295999
                            ],
                            [
                                115.447130925869416,
                                -6.923054713468688
                            ],
                            [
                                115.424172036121362,
                                -6.9219496444498
                            ],
                            [
                                115.425083103174856,
                                -6.932684600633282
                            ],
                            [
                                115.408501682801244,
                                -6.939472881749307
                            ],
                            [
                                115.405768481640763,
                                -6.924159782487576
                            ],
                            [
                                115.397204451337913,
                                -6.924475516492972
                            ],
                            [
                                115.397751091570015,
                                -6.908057348212354
                            ],
                            [
                                115.390280341731355,
                                -6.905057875161086
                            ],
                            [
                                115.384267299178291,
                                -6.91105682126362
                            ],
                            [
                                115.373152281125655,
                                -6.901742668104423
                            ],
                            [
                                115.365499317876314,
                                -6.910741087258224
                            ],
                            [
                                115.369325799500984,
                                -6.924159782487576
                            ],
                            [
                                115.350011177966906,
                                -6.925264851506464
                            ],
                            [
                                115.337620666039371,
                                -6.918476570390439
                            ],
                            [
                                115.3337941844147,
                                -6.935684073684548
                            ],
                            [
                                115.353108805948779,
                                -6.937262743711532
                            ],
                            [
                                115.361308409430237,
                                -6.950997172946281
                            ],
                            [
                                115.376796549339645,
                                -6.953207310984055
                            ],
                            [
                                115.385907219874582,
                                -6.958416922073098
                            ],
                            [
                                115.392466902659748,
                                -6.973730021334829
                            ],
                            [
                                115.40267085365889,
                                -6.982412706483234
                            ],
                            [
                                115.403217493890978,
                                -6.988727386591163
                            ],
                            [
                                115.382262951660607,
                                -6.995357800704491
                            ],
                            [
                                115.36331275694792,
                                -6.992042593647827
                            ],
                            [
                                115.353108805948779,
                                -6.995831401712586
                            ],
                            [
                                115.337074025807283,
                                -6.996147135717982
                            ],
                            [
                                115.322496952951369,
                                -6.980834036456251
                            ],
                            [
                                115.32632343457604,
                                -6.961889996132459
                            ],
                            [
                                115.311746361720125,
                                -6.955891050029926
                            ],
                            [
                                115.300995770488896,
                                -6.954312380002944
                            ],
                            [
                                115.31028865443453,
                                -6.977045228391493
                            ],
                            [
                                115.304275611881465,
                                -6.978308164413079
                            ],
                            [
                                115.297351502274907,
                                -6.97183561730245
                            ],
                            [
                                115.288240831739969,
                                -6.972940686321338
                            ],
                            [
                                115.289880752436261,
                                -6.980044701442759
                            ],
                            [
                                115.300084703435402,
                                -6.986832982558785
                            ],
                            [
                                115.300084703435402,
                                -7.001041012801628
                            ],
                            [
                                115.292431740186046,
                                -7.005461288877179
                            ],
                            [
                                115.282774429418993,
                                -7.005461288877179
                            ],
                            [
                                115.272023838187764,
                                -6.994252731685603
                            ],
                            [
                                115.266193009045395,
                                -6.993936997680207
                            ],
                            [
                                115.263459807884914,
                                -6.983044174494027
                            ],
                            [
                                115.264553088349103,
                                -6.975624425367208
                            ],
                            [
                                115.262913167652812,
                                -6.966310272208011
                            ],
                            [
                                115.256535698278356,
                                -6.954312380002944
                            ],
                            [
                                115.274210399116143,
                                -6.948787034908504
                            ],
                            [
                                115.275850319812434,
                                -6.943103822811367
                            ],
                            [
                                115.269472850437978,
                                -6.935368339679153
                            ],
                            [
                                115.246878387511316,
                                -6.947997699895013
                            ],
                            [
                                115.229568113494921,
                                -6.941367285781686
                            ],
                            [
                                115.222644003888348,
                                -6.934894738671058
                            ],
                            [
                                115.211893412657119,
                                -6.942788088805971
                            ],
                            [
                                115.203329382354269,
                                -6.938367812730419
                            ],
                            [
                                115.205515943282663,
                                -6.930790196600903
                            ],
                            [
                                115.197862980033307,
                                -6.922581112460593
                            ],
                            [
                                115.203329382354269,
                                -6.897322392028872
                            ],
                            [
                                115.208066931032448,
                                -6.889113307888563
                            ],
                            [
                                115.219364162495779,
                                -6.883114361786029
                            ],
                            [
                                115.23922542426196,
                                -6.886113834837295
                            ],
                            [
                                115.245238466815024,
                                -6.873326607618736
                            ],
                            [
                                115.253802497117874,
                                -6.862591651435254
                            ],
                            [
                                115.251069295957393,
                                -6.847278552173524
                            ],
                            [
                                115.236127796280073,
                                -6.838280133019722
                            ],
                            [
                                115.246878387511316,
                                -6.827071575828146
                            ],
                            [
                                115.267286289509585,
                                -6.827545176836241
                            ],
                            [
                                115.318852684737379,
                                -6.834491324954964
                            ],
                            [
                                115.343451495181739,
                                -6.832281186917189
                            ],
                            [
                                115.401577573194686,
                                -6.836069994981948
                            ],
                            [
                                115.453143968422481,
                                -6.852803897267963
                            ],
                            [
                                115.478289419098942,
                                -6.863696720454143
                            ],
                            [
                                115.490133290794361,
                                -6.871116469580961
                            ]
                        ]
                    ],
                    [
                        [
                            [
                                114.448601435239354,
                                -5.577238515466028
                            ],
                            [
                                114.434571002615542,
                                -5.588920673665699
                            ],
                            [
                                114.422180490688007,
                                -5.59065721069538
                            ],
                            [
                                114.416349661545638,
                                -5.573607574403968
                            ],
                            [
                                114.405052430082307,
                                -5.569503032333813
                            ],
                            [
                                114.397581680243661,
                                -5.571713170371589
                            ],
                            [
                                114.393208558386874,
                                -5.563819820236676
                            ],
                            [
                                114.397035040011559,
                                -5.55071685901272
                            ],
                            [
                                114.393755198618976,
                                -5.544402178904789
                            ],
                            [
                                114.413069820153069,
                                -5.532877887707818
                            ],
                            [
                                114.412523179920967,
                                -5.545507247923678
                            ],
                            [
                                114.420540569991715,
                                -5.545980848931773
                            ],
                            [
                                114.429286813705261,
                                -5.552295529039704
                            ],
                            [
                                114.451699063221227,
                                -5.547401651956057
                            ],
                            [
                                114.451699063221227,
                                -5.569503032333813
                            ],
                            [
                                114.448601435239354,
                                -5.577238515466028
                            ]
                        ]
                    ],
                    [
                        [
                            [
                                114.41580302131355,
                                -5.43105367096744
                            ],
                            [
                                114.430197880758755,
                                -5.439578489113146
                            ],
                            [
                                114.438944124472314,
                                -5.453470785350593
                            ],
                            [
                                114.434571002615542,
                                -5.460890534477411
                            ],
                            [
                                114.424913691848488,
                                -5.461995603496298
                            ],
                            [
                                114.413616460385157,
                                -5.451102780310119
                            ],
                            [
                                114.409243338528384,
                                -5.442262228159017
                            ],
                            [
                                114.41580302131355,
                                -5.43105367096744
                            ]
                        ]
                    ],
                    [
                        [
                            [
                                114.593096669923597,
                                -5.077905185931434
                            ],
                            [
                                114.588176907834722,
                                -5.06559155972097
                            ],
                            [
                                114.600020779530155,
                                -5.052962199505109
                            ],
                            [
                                114.608038169600903,
                                -5.059750480621134
                            ],
                            [
                                114.611318010993486,
                                -5.067485963753349
                            ],
                            [
                                114.610771370761384,
                                -5.079010254950322
                            ],
                            [
                                114.603847261154826,
                                -5.094323354212053
                            ],
                            [
                                114.595647657673382,
                                -5.101111635328078
                            ],
                            [
                                114.589270188298912,
                                -5.096217758244432
                            ],
                            [
                                114.593096669923597,
                                -5.088008674104122
                            ],
                            [
                                114.593096669923597,
                                -5.077905185931434
                            ]
                        ]
                    ]
                ]
            }
        }
    ]
}