ID_Poligon,Type,Status_Split,B02,B03,B04,B08,B11,NDVI,NDWI,NDBI
Sawah_04,Sawah,Training,253.84,518.9,451.21,3010.73,1657.59,0.7393,-0.706,-0.2899
Sawah_04,Sawah,Training,431.62,629.6,509.24,2628.33,1905.05,0.6754,-0.6135,-0.1595
Sawah_04,Sawah,Training,271.22,607.32,628.0,2780.79,1972.39,0.6315,-0.6415,-0.1701
Sawah_04,Sawah,Training,264.84,597.9,588.54,2674.61,2071.87,0.6393,-0.6346,-0.127
Sawah_04,Sawah,Training,335.39,566.25,531.62,2994.51,1893.27,0.6985,-0.6819,-0.2253
Sawah_04,Sawah,Training,221.49,556.37,487.62,2785.11,1893.1,0.702,-0.667,-0.1907
Sawah_04,Sawah,Training,308.89,519.88,519.01,2922.12,1883.97,0.6983,-0.6979,-0.216
Sawah_04,Sawah,Training,354.04,650.04,522.96,2785.97,1550.86,0.6839,-0.6216,-0.2848
Sawah_04,Sawah,Training,321.48,612.46,513.58,2544.65,1637.84,0.6641,-0.612,-0.2168
Sawah_04,Sawah,Training,352.66,597.63,534.08,2805.66,1804.46,0.6802,-0.6488,-0.2172
Sawah_04,Sawah,Training,346.91,569.04,504.81,2707.54,1734.83,0.6857,-0.6527,-0.219
Sawah_04,Sawah,Training,284.54,613.33,476.06,3051.15,1665.81,0.7301,-0.6653,-0.2937
Sawah_04,Sawah,Training,290.66,573.62,572.35,2839.31,1954.78,0.6645,-0.6639,-0.1845
Sawah_04,Sawah,Training,225.72,616.02,544.48,2816.46,1959.82,0.676,-0.6411,-0.1794
Sawah_04,Sawah,Training,274.14,684.56,614.94,2727.43,1733.17,0.632,-0.5987,-0.2229
Sawah_04,Sawah,Training,372.67,694.77,473.86,2715.96,1757.73,0.7029,-0.5926,-0.2142
Sawah_04,Sawah,Training,232.78,544.88,449.79,2646.44,1794.8,0.7095,-0.6585,-0.1918
Sawah_04,Sawah,Training,311.71,693.03,450.08,2996.86,1767.9,0.7389,-0.6244,-0.2579
Sawah_04,Sawah,Training,297.53,640.49,443.86,2876.48,1824.97,0.7326,-0.6358,-0.2237
Sawah_04,Sawah,Training,324.62,617.35,622.77,2672.45,1720.35,0.622,-0.6247,-0.2167
Sawah_04,Sawah,Training,268.84,566.67,468.13,3037.8,2013.08,0.7329,-0.6856,-0.2029
Sawah_04,Sawah,Training,271.46,550.06,523.57,2689.56,1894.94,0.6741,-0.6604,-0.1733
Sawah_04,Sawah,Training,310.15,509.06,577.38,3159.18,1708.08,0.691,-0.7225,-0.2981
Sawah_04,Sawah,Training,280.61,617.15,516.72,2931.71,2101.53,0.7003,-0.6522,-0.1649
Sawah_04,Sawah,Training,291.15,552.1,431.03,2653.81,1795.03,0.7205,-0.6556,-0.193
Sawah_04,Sawah,Training,389.73,568.94,511.19,2796.72,1978.26,0.6909,-0.6619,-0.1714
Sawah_04,Sawah,Training,426.35,568.15,475.53,3008.83,1902.28,0.7271,-0.6823,-0.2253
Sawah_04,Sawah,Training,392.34,635.04,482.04,2918.13,1966.31,0.7165,-0.6426,-0.1949
Sawah_04,Sawah,Training,341.02,630.44,553.33,3033.86,2007.32,0.6915,-0.6559,-0.2036
Sawah_04,Sawah,Training,332.44,589.97,507.34,3041.3,1677.46,0.7141,-0.6751,-0.289
Sawah_04,Sawah,Training,318.43,576.4,501.44,3055.69,1828.66,0.7181,-0.6826,-0.2512
Sawah_04,Sawah,Training,302.32,518.41,537.31,2929.1,2124.49,0.69,-0.6993,-0.1592
Sawah_04,Sawah,Training,284.61,613.15,512.47,3115.49,1785.71,0.7175,-0.6711,-0.2713
Sawah_04,Sawah,Training,313.95,636.47,509.33,2710.71,1829.11,0.6836,-0.6197,-0.1942
Sawah_04,Sawah,Training,353.68,538.41,506.65,2659.98,1979.26,0.68,-0.6633,-0.1467
Sawah_04,Sawah,Training,223.84,566.46,518.86,3113.1,1790.14,0.7143,-0.6921,-0.2698
Sawah_04,Sawah,Training,272.24,712.87,427.6,2360.24,1866.0,0.6932,-0.5361,-0.1169
Sawah_04,Sawah,Training,274.9,538.73,535.42,2848.76,1715.39,0.6836,-0.6819,-0.2483
Sawah_04,Sawah,Training,235.98,652.35,532.51,2780.16,2077.0,0.6785,-0.6199,-0.1448
Sawah_04,Sawah,Training,246.5,508.47,465.4,2790.88,1836.5,0.7142,-0.6918,-0.2062
Sawah_04,Sawah,Training,287.94,621.12,437.42,3088.75,1787.68,0.7519,-0.6652,-0.2668
Sawah_04,Sawah,Training,355.86,620.56,522.84,2913.95,1867.16,0.6957,-0.6489,-0.2189
Sawah_04,Sawah,Training,332.14,679.75,509.83,2941.8,1786.54,0.7046,-0.6246,-0.2443
Sawah_04,Sawah,Training,372.01,559.42,590.05,2791.97,1585.38,0.6511,-0.6662,-0.2756
Sawah_04,Sawah,Training,306.41,559.14,542.03,2669.48,1733.07,0.6624,-0.6536,-0.2127
Sawah_04,Sawah,Training,205.52,572.86,378.81,2483.22,1914.06,0.7353,-0.6251,-0.1294
Sawah_04,Sawah,Training,339.29,625.53,451.65,2790.46,1799.46,0.7214,-0.6338,-0.2159
Sawah_04,Sawah,Training,242.08,690.2,543.87,2755.81,1804.03,0.6704,-0.5994,-0.2087
Sawah_04,Sawah,Training,310.42,477.5,487.64,2663.6,1649.76,0.6905,-0.696,-0.235
Sawah_04,Sawah,Training,285.94,707.86,532.04,2685.76,1885.89,0.6693,-0.5828,-0.175
Sawah_05,Sawah,Training,369.97,655.48,502.98,2670.61,1904.73,0.683,-0.6059,-0.1674
Sawah_05,Sawah,Training,319.67,653.71,531.76,3009.91,1719.71,0.6997,-0.6431,-0.2728
Sawah_05,Sawah,Training,365.87,611.86,603.76,2662.16,2060.39,0.6303,-0.6262,-0.1274
Sawah_05,Sawah,Training,309.9,560.91,475.81,2735.93,1863.62,0.7037,-0.6597,-0.1896
Sawah_05,Sawah,Training,326.14,565.58,498.78,3228.45,2059.13,0.7324,-0.7019,-0.2211
Sawah_05,Sawah,Training,321.82,602.28,506.0,2922.7,1646.58,0.7048,-0.6583,-0.2793
Sawah_05,Sawah,Training,287.13,499.88,519.96,2929.44,1727.52,0.6985,-0.7085,-0.2581
Sawah_05,Sawah,Training,378.7,526.45,426.78,2844.89,1957.06,0.7391,-0.6877,-0.1849
Sawah_05,Sawah,Training,384.2,572.47,553.93,2792.3,1774.11,0.6689,-0.6597,-0.223
Sawah_05,Sawah,Training,344.18,639.14,421.18,3095.31,2007.01,0.7605,-0.6577,-0.2133
Sawah_05,Sawah,Training,268.72,623.75,524.7,2852.13,1717.45,0.6892,-0.6411,-0.2483
Sawah_05,Sawah,Training,266.42,598.47,558.64,2908.72,1744.41,0.6778,-0.6587,-0.2502
Sawah_05,Sawah,Training,338.58,429.09,557.44,2452.06,1745.63,0.6295,-0.7021,-0.1683
Sawah_05,Sawah,Training,244.02,522.32,558.04,2706.46,1851.98,0.6581,-0.6765,-0.1875
Sawah_05,Sawah,Training,297.65,628.62,503.84,2543.4,1949.44,0.6693,-0.6036,-0.1322
Sawah_05,Sawah,Training,275.31,506.61,478.59,3100.15,1927.53,0.7325,-0.7191,-0.2332
Sawah_05,Sawah,Training,282.57,579.04,483.92,3215.35,1857.29,0.7384,-0.6948,-0.2677
Sawah_05,Sawah,Training,321.5,661.82,511.94,2748.19,1770.55,0.6859,-0.6118,-0.2164
Sawah_05,Sawah,Training,296.42,597.77,536.38,2810.39,1909.9,0.6795,-0.6492,-0.1908
Sawah_05,Sawah,Training,295.96,604.72,400.09,2983.27,1851.97,0.7635,-0.6629,-0.234
Sawah_05,Sawah,Training,349.9,426.22,604.42,2772.08,1966.23,0.642,-0.7335,-0.1701
Sawah_05,Sawah,Training,248.0,636.77,447.33,2675.25,2087.1,0.7135,-0.6155,-0.1235
Sawah_05,Sawah,Training,290.47,613.05,543.5,2899.14,1822.56,0.6843,-0.6509,-0.228
Sawah_05,Sawah,Training,318.25,744.2,497.12,2840.22,1957.6,0.7021,-0.5848,-0.184
Sawah_05,Sawah,Training,355.28,671.22,531.94,2571.4,2045.01,0.6572,-0.586,-0.114
Sawah_05,Sawah,Training,242.68,618.16,462.29,2787.17,1849.31,0.7155,-0.6369,-0.2023
Sawah_05,Sawah,Training,316.07,625.32,580.69,2890.71,1763.38,0.6654,-0.6443,-0.2422
Sawah_05,Sawah,Training,348.2,671.37,438.62,2919.48,1905.18,0.7388,-0.6261,-0.2102
Sawah_05,Sawah,Training,285.12,682.54,492.5,2825.12,1774.04,0.7031,-0.6108,-0.2285
Sawah_05,Sawah,Training,300.78,534.22,428.0,3118.9,1672.96,0.7587,-0.7075,-0.3018
Sawah_05,Sawah,Training,250.43,470.8,468.05,2535.38,2046.3,0.6883,-0.6868,-0.1067
Sawah_05,Sawah,Training,350.49,558.71,612.62,2996.35,1751.28,0.6605,-0.6857,-0.2623
Sawah_05,Sawah,Training,175.03,737.46,430.52,2470.92,1953.39,0.7032,-0.5403,-0.117
Sawah_05,Sawah,Training,421.99,683.06,528.2,2918.95,1928.01,0.6935,-0.6207,-0.2044
Sawah_05,Sawah,Training,337.95,616.87,505.21,2787.48,1686.91,0.6931,-0.6376,-0.246
Sawah_05,Sawah,Training,285.97,498.42,495.08,2602.28,1634.46,0.6803,-0.6785,-0.2284
Sawah_05,Sawah,Training,308.99,683.52,545.92,2485.9,1651.56,0.6399,-0.5687,-0.2017
Sawah_05,Sawah,Training,347.04,541.05,488.77,2910.01,1654.75,0.7124,-0.6864,-0.275
Sawah_05,Sawah,Training,305.27,519.96,469.93,2863.96,1561.05,0.7181,-0.6927,-0.2944
Sawah_05,Sawah,Training,322.02,598.82,527.62,2844.78,2004.62,0.6871,-0.6522,-0.1733
Sawah_05,Sawah,Training,306.26,574.24,506.11,2908.66,1807.33,0.7036,-0.6703,-0.2335
Sawah_05,Sawah,Training,302.03,557.88,466.85,2519.48,2062.44,0.6873,-0.6374,-0.0997
Sawah_05,Sawah,Training,237.81,558.43,464.08,2978.98,1755.76,0.7304,-0.6843,-0.2584
Sawah_05,Sawah,Training,362.39,559.59,513.95,2632.93,2121.77,0.6734,-0.6494,-0.1075
Sawah_05,Sawah,Training,240.62,618.59,531.69,2882.76,1772.21,0.6886,-0.6467,-0.2386
Sawah_05,Sawah,Training,293.51,602.63,492.65,2992.78,2131.58,0.7173,-0.6648,-0.1681
Sawah_05,Sawah,Training,272.13,517.81,495.59,3315.94,1679.45,0.74,-0.7299,-0.3276
Sawah_05,Sawah,Training,381.96,700.66,472.32,2913.8,2044.26,0.721,-0.6123,-0.1754
Sawah_05,Sawah,Training,281.04,587.79,470.92,2597.05,1702.61,0.693,-0.6309,-0.208
Sawah_05,Sawah,Training,238.8,602.05,461.5,2846.76,1566.62,0.721,-0.6509,-0.2901
Sawah_06,Sawah,Training,316.54,650.01,400.31,2874.81,1984.15,0.7555,-0.6312,-0.1833
Sawah_06,Sawah,Training,239.52,700.35,520.95,2659.0,1791.63,0.6724,-0.583,-0.1949
Sawah_06,Sawah,Training,327.92,604.56,526.94,2615.87,1825.4,0.6647,-0.6245,-0.178
Sawah_06,Sawah,Training,229.31,593.33,454.8,2652.89,1985.41,0.7073,-0.6345,-0.1439
Sawah_06,Sawah,Training,354.57,636.55,445.38,2736.72,1981.96,0.7201,-0.6226,-0.16
Sawah_06,Sawah,Training,307.09,739.16,519.67,2838.41,1753.63,0.6905,-0.5868,-0.2362
Sawah_06,Sawah,Training,306.68,590.85,535.41,2991.34,1682.1,0.6964,-0.6701,-0.2801
Sawah_06,Sawah,Training,233.44,489.83,525.4,2579.33,1477.07,0.6615,-0.6808,-0.2717
Sawah_06,Sawah,Training,319.43,749.58,499.7,2967.7,1812.27,0.7118,-0.5967,-0.2417
Sawah_06,Sawah,Training,295.06,655.14,485.49,2853.48,1848.25,0.7092,-0.6266,-0.2138
Sawah_06,Sawah,Training,266.6,659.52,491.25,2648.85,1880.48,0.6871,-0.6013,-0.1696
Sawah_06,Sawah,Training,255.08,601.69,499.54,3017.18,1871.2,0.7159,-0.6675,-0.2344
Sawah_06,Sawah,Training,298.75,649.07,569.51,2911.56,1801.55,0.6728,-0.6354,-0.2355
Sawah_06,Sawah,Training,234.41,536.09,484.74,2678.1,1771.95,0.6935,-0.6664,-0.2036
Sawah_06,Sawah,Training,302.83,631.78,496.48,2897.3,1809.67,0.7074,-0.642,-0.2311
Sawah_06,Sawah,Training,201.23,543.64,492.8,2558.06,1889.99,0.6769,-0.6495,-0.1502
Sawah_06,Sawah,Training,376.54,673.13,489.33,3098.15,1822.3,0.7272,-0.643,-0.2593
Sawah_06,Sawah,Training,283.15,563.2,484.88,2722.36,1825.56,0.6976,-0.6572,-0.1972
Sawah_06,Sawah,Training,308.03,600.18,521.85,3038.13,1942.43,0.7068,-0.6701,-0.22
Sawah_06,Sawah,Training,225.76,446.76,546.72,2526.62,1766.29,0.6442,-0.6995,-0.1771
Sawah_06,Sawah,Training,241.49,491.88,527.07,2951.83,1713.52,0.697,-0.7143,-0.2654
Sawah_06,Sawah,Training,170.45,567.23,519.59,2504.22,1827.5,0.6563,-0.6306,-0.1562
Sawah_06,Sawah,Training,299.23,634.76,505.98,2605.39,1979.49,0.6748,-0.6082,-0.1365
Sawah_06,Sawah,Training,292.07,598.36,453.34,2711.34,1667.28,0.7135,-0.6384,-0.2384
Sawah_06,Sawah,Training,291.35,702.7,431.4,2477.29,2020.68,0.7034,-0.558,-0.1015
Sawah_06,Sawah,Training,289.53,559.86,552.0,2678.88,2073.9,0.6583,-0.6543,-0.1273
Sawah_06,Sawah,Training,333.9,570.73,607.87,2678.86,1911.31,0.6301,-0.6487,-0.1672
Sawah_06,Sawah,Training,314.96,678.1,578.08,2806.4,1686.99,0.6584,-0.6108,-0.2491
Sawah_06,Sawah,Training,323.0,559.34,600.67,2827.31,1745.2,0.6495,-0.6697,-0.2367
Sawah_06,Sawah,Training,309.23,519.17,451.42,3040.08,1701.47,0.7414,-0.7083,-0.2823
Sawah_06,Sawah,Training,247.65,632.2,559.29,2943.79,1949.41,0.6807,-0.6464,-0.2032
Sawah_06,Sawah,Training,262.16,514.69,575.07,2735.46,1762.38,0.6526,-0.6833,-0.2163
Sawah_06,Sawah,Training,366.41,633.37,522.79,3233.0,1703.47,0.7216,-0.6724,-0.3098
Sawah_06,Sawah,Training,346.39,603.42,513.43,3105.69,1876.18,0.7163,-0.6746,-0.2468
Sawah_06,Sawah,Training,326.91,664.35,481.75,2632.16,1643.28,0.6906,-0.5969,-0.2313
Sawah_06,Sawah,Training,201.68,723.37,444.84,2755.75,1758.48,0.722,-0.5842,-0.2209
Sawah_06,Sawah,Training,315.37,648.94,543.02,2683.38,1774.93,0.6634,-0.6105,-0.2038
Sawah_06,Sawah,Training,314.13,585.08,580.37,2898.19,1910.23,0.6663,-0.6641,-0.2055
Sawah_06,Sawah,Training,333.14,670.41,509.05,2540.63,1859.95,0.6662,-0.5824,-0.1547
Sawah_06,Sawah,Training,267.43,568.28,529.32,3047.66,1803.19,0.704,-0.6857,-0.2565
Sawah_06,Sawah,Training,315.44,702.13,512.04,3320.34,1884.83,0.7328,-0.6509,-0.2758
Sawah_06,Sawah,Training,211.96,645.2,519.06,3057.95,1900.98,0.7098,-0.6515,-0.2333
Sawah_06,Sawah,Training,293.08,526.54,489.55,2629.9,1712.92,0.6861,-0.6664,-0.2111
Sawah_06,Sawah,Training,329.43,700.19,519.73,2560.82,1866.69,0.6626,-0.5706,-0.1568
Sawah_06,Sawah,Training,359.83,563.41,493.3,2802.94,1682.27,0.7007,-0.6653,-0.2499
Sawah_06,Sawah,Training,332.41,592.74,520.98,2622.5,1734.38,0.6685,-0.6313,-0.2038
Sawah_06,Sawah,Training,336.12,577.63,586.35,2720.07,1833.7,0.6453,-0.6497,-0.1946
Sawah_06,Sawah,Training,346.63,514.9,411.96,2494.87,1989.39,0.7166,-0.6578,-0.1127
Sawah_06,Sawah,Training,272.41,753.49,471.79,2836.91,2031.32,0.7148,-0.5803,-0.1655
Sawah_06,Sawah,Training,400.3,723.69,560.42,3004.81,1888.88,0.6856,-0.6118,-0.228
Sawah_07,Sawah,Training,338.92,566.93,459.09,2799.33,1774.47,0.7182,-0.6632,-0.2241
Sawah_07,Sawah,Training,277.34,641.78,547.77,2817.68,2021.63,0.6745,-0.629,-0.1645
Sawah_07,Sawah,Training,242.92,588.38,464.16,2426.69,1787.6,0.6789,-0.6097,-0.1516
Sawah_07,Sawah,Training,293.91,690.81,531.54,2595.16,2078.11,0.66,-0.5795,-0.1106
Sawah_07,Sawah,Training,361.05,634.93,488.68,2608.11,1744.17,0.6844,-0.6084,-0.1985
Sawah_07,Sawah,Training,354.44,713.08,577.16,2702.23,1632.06,0.648,-0.5824,-0.2469
Sawah_07,Sawah,Training,307.04,493.89,516.16,2770.48,1730.09,0.6859,-0.6974,-0.2312
Sawah_07,Sawah,Training,220.26,630.82,473.36,2566.02,1369.16,0.6885,-0.6053,-0.3041
Sawah_07,Sawah,Training,298.62,706.34,583.06,2708.58,1709.67,0.6457,-0.5863,-0.2261
Sawah_07,Sawah,Training,323.44,540.1,515.09,2953.22,1984.04,0.703,-0.6908,-0.1963
Sawah_07,Sawah,Training,294.99,587.78,456.1,2634.62,1766.03,0.7049,-0.6352,-0.1974
Sawah_07,Sawah,Training,318.37,654.82,459.84,3098.54,1759.33,0.7415,-0.6511,-0.2757
Sawah_07,Sawah,Training,298.93,555.17,378.79,2976.81,1910.53,0.7742,-0.6856,-0.2182
Sawah_07,Sawah,Training,285.93,604.02,525.8,2487.49,1720.64,0.651,-0.6092,-0.1822
Sawah_07,Sawah,Training,339.71,524.74,514.68,2528.68,1869.96,0.6618,-0.6563,-0.1498
Sawah_07,Sawah,Training,298.22,503.09,558.24,2653.08,1678.46,0.6523,-0.6812,-0.225
Sawah_07,Sawah,Training,310.03,668.92,449.21,2812.34,1864.32,0.7245,-0.6157,-0.2027
Sawah_07,Sawah,Training,334.66,610.59,481.65,2634.48,1812.92,0.6909,-0.6237,-0.1847
Sawah_07,Sawah,Training,246.39,424.72,521.83,2980.79,1445.56,0.702,-0.7506,-0.3468
Sawah_07,Sawah,Training,249.51,637.15,602.87,2804.16,1690.8,0.6461,-0.6297,-0.2477
Sawah_07,Sawah,Training,290.86,682.49,467.7,2640.16,1727.59,0.699,-0.5892,-0.2089
Sawah_07,Sawah,Training,252.33,607.36,581.23,2864.62,1762.15,0.6626,-0.6501,-0.2383
Sawah_07,Sawah,Training,285.41,506.21,544.16,2784.43,1772.93,0.673,-0.6923,-0.2219
Sawah_07,Sawah,Training,459.66,617.93,462.41,2714.73,1972.27,0.7089,-0.6292,-0.1584
Sawah_07,Sawah,Training,305.66,513.7,545.96,2666.37,2080.99,0.6601,-0.6769,-0.1233
Sawah_07,Sawah,Training,354.0,573.16,564.05,2813.57,1927.92,0.666,-0.6615,-0.1868
Sawah_07,Sawah,Training,324.24,549.22,467.82,3005.99,1749.78,0.7307,-0.691,-0.2641
Sawah_07,Sawah,Training,279.82,542.69,521.18,3212.5,1639.87,0.7208,-0.711,-0.3241
Sawah_07,Sawah,Training,301.21,684.73,496.02,2890.47,1640.64,0.7071,-0.617,-0.2758
Sawah_07,Sawah,Training,321.42,588.77,549.29,3037.48,2188.43,0.6937,-0.6753,-0.1625
Sawah_07,Sawah,Training,328.98,619.55,509.72,2729.37,1850.77,0.6853,-0.63,-0.1918
Sawah_07,Sawah,Training,285.23,610.11,565.88,2598.69,1970.98,0.6424,-0.6197,-0.1374
Sawah_07,Sawah,Training,365.86,592.92,393.91,2678.44,1994.55,0.7436,-0.6375,-0.1463
Sawah_07,Sawah,Training,298.86,540.04,474.76,2968.12,1882.01,0.7242,-0.6921,-0.2239
Sawah_07,Sawah,Training,288.05,577.99,480.41,2615.52,2042.31,0.6896,-0.638,-0.1231
Sawah_07,Sawah,Training,283.88,673.03,576.07,2999.66,1735.26,0.6778,-0.6335,-0.267
Sawah_07,Sawah,Training,320.19,598.55,454.81,2864.87,1623.14,0.726,-0.6544,-0.2767
Sawah_07,Sawah,Training,359.38,572.12,510.06,2856.66,1761.16,0.697,-0.6663,-0.2372
Sawah_07,Sawah,Training,329.33,571.51,543.56,2530.8,1818.96,0.6464,-0.6316,-0.1637
Sawah_07,Sawah,Training,396.95,539.98,466.11,2902.78,1826.94,0.7233,-0.6863,-0.2275
Sawah_07,Sawah,Training,317.53,629.35,531.74,3021.94,1861.47,0.7007,-0.6553,-0.2376
Sawah_07,Sawah,Training,287.94,640.35,594.99,2773.47,1653.82,0.6467,-0.6248,-0.2529
Sawah_07,Sawah,Training,355.35,592.78,391.37,2969.48,1719.7,0.7671,-0.6672,-0.2665
Sawah_07,Sawah,Training,295.47,619.92,509.52,2941.89,1734.68,0.7047,-0.6519,-0.2581
Sawah_07,Sawah,Training,325.66,584.43,536.94,2923.07,1659.68,0.6896,-0.6668,-0.2757
Sawah_07,Sawah,Training,354.3,567.84,540.4,2873.46,2075.73,0.6834,-0.67,-0.1612
Sawah_07,Sawah,Training,288.83,579.04,499.03,2739.36,1919.99,0.6918,-0.651,-0.1759
Sawah_07,Sawah,Training,219.18,536.78,446.61,2990.06,2056.59,0.7401,-0.6956,-0.185
Sawah_07,Sawah,Training,294.78,589.87,503.5,3032.38,1660.9,0.7152,-0.6743,-0.2922
Sawah_07,Sawah,Training,311.92,658.51,525.05,2837.92,1950.16,0.6877,-0.6233,-0.1854
Sawah_08,Sawah,Training,164.84,640.67,467.3,2433.87,1876.68,0.6779,-0.5832,-0.1293
Sawah_08,Sawah,Training,368.68,591.75,547.64,3122.46,1997.24,0.7016,-0.6814,-0.2198
Sawah_08,Sawah,Training,382.0,644.53,503.77,2479.61,1763.09,0.6623,-0.5874,-0.1689
Sawah_08,Sawah,Training,257.84,730.26,491.21,2824.64,1882.72,0.7037,-0.5892,-0.2001
Sawah_08,Sawah,Training,302.18,701.7,468.87,2838.92,1688.63,0.7165,-0.6036,-0.2541
Sawah_08,Sawah,Training,234.0,563.29,498.15,2714.14,1696.14,0.6898,-0.6563,-0.2308
Sawah_08,Sawah,Training,229.68,595.01,424.76,2952.01,1812.37,0.7484,-0.6645,-0.2392
Sawah_08,Sawah,Training,227.12,581.45,462.39,2863.83,2001.07,0.722,-0.6625,-0.1773
Sawah_08,Sawah,Training,206.24,606.9,491.99,2934.27,1831.98,0.7128,-0.6572,-0.2313
Sawah_08,Sawah,Training,262.4,580.86,460.2,3015.2,1803.2,0.7352,-0.6769,-0.2515
Sawah_08,Sawah,Training,395.06,596.36,464.58,2497.26,1529.53,0.6863,-0.6145,-0.2403
Sawah_08,Sawah,Training,220.79,616.03,525.44,2483.76,1934.26,0.6508,-0.6025,-0.1244
Sawah_08,Sawah,Training,275.85,608.81,580.61,2979.37,1759.72,0.6738,-0.6607,-0.2574
Sawah_08,Sawah,Training,255.44,470.89,464.04,2757.77,1651.92,0.7119,-0.7083,-0.2508
Sawah_08,Sawah,Training,293.44,604.61,488.76,2670.0,1825.3,0.6905,-0.6307,-0.1879
Sawah_08,Sawah,Training,322.1,534.58,570.55,2780.28,1802.83,0.6595,-0.6775,-0.2133
Sawah_08,Sawah,Training,335.41,613.99,547.66,2857.42,1708.13,0.6783,-0.6463,-0.2517
Sawah_08,Sawah,Training,318.08,531.38,505.43,2793.35,1768.78,0.6936,-0.6803,-0.2246
Sawah_08,Sawah,Training,293.57,487.09,472.56,2818.57,1823.98,0.7128,-0.7053,-0.2142
Sawah_08,Sawah,Training,248.62,675.94,456.69,2993.89,1864.08,0.7353,-0.6316,-0.2326
Sawah_08,Sawah,Training,267.69,706.52,440.32,2983.83,1950.09,0.7428,-0.6171,-0.2095
Sawah_08,Sawah,Training,266.47,683.55,487.5,2857.74,1839.05,0.7085,-0.614,-0.2169
Sawah_08,Sawah,Training,293.28,648.65,539.67,2450.29,1995.65,0.639,-0.5814,-0.1023
Sawah_08,Sawah,Training,216.88,661.95,556.34,2581.81,1738.38,0.6454,-0.5919,-0.1952
Sawah_08,Sawah,Training,244.71,587.1,484.6,2955.93,1996.55,0.7183,-0.6686,-0.1937
Sawah_08,Sawah,Training,369.78,566.27,489.54,2463.31,1679.12,0.6684,-0.6262,-0.1893
Sawah_08,Sawah,Training,348.24,696.93,438.28,2681.51,1796.04,0.719,-0.5874,-0.1978
Sawah_08,Sawah,Training,314.01,551.42,521.2,2705.23,1797.83,0.6769,-0.6614,-0.2015
Sawah_08,Sawah,Training,327.31,600.39,478.18,2778.08,1786.75,0.7063,-0.6446,-0.2172
Sawah_08,Sawah,Training,281.5,584.47,579.93,2912.18,1755.68,0.6679,-0.6657,-0.2478
Sawah_08,Sawah,Training,334.85,579.97,558.66,2873.93,1783.9,0.6745,-0.6642,-0.234
Sawah_08,Sawah,Training,322.39,505.75,443.66,2561.21,1821.44,0.7047,-0.6702,-0.1688
Sawah_08,Sawah,Training,386.63,733.88,531.9,2900.17,1529.84,0.69,-0.5961,-0.3093
Sawah_08,Sawah,Training,272.87,552.73,468.96,2766.37,1729.19,0.7101,-0.6669,-0.2307
Sawah_08,Sawah,Training,201.04,644.87,446.36,2847.85,2111.11,0.729,-0.6307,-0.1486
Sawah_08,Sawah,Training,254.03,448.18,485.7,3020.19,2093.75,0.7229,-0.7416,-0.1812
Sawah_08,Sawah,Training,238.52,629.8,476.73,2778.81,2196.65,0.7071,-0.6305,-0.117
Sawah_08,Sawah,Training,224.85,615.22,523.38,3017.16,1814.7,0.7043,-0.6613,-0.2489
Sawah_08,Sawah,Training,315.4,576.5,513.46,2731.36,1893.24,0.6835,-0.6514,-0.1812
Sawah_08,Sawah,Training,281.52,622.63,498.54,3025.21,1792.29,0.717,-0.6586,-0.2559
Sawah_08,Sawah,Training,211.35,675.72,454.71,2669.25,1710.65,0.7089,-0.596,-0.2189
Sawah_08,Sawah,Training,368.72,471.86,656.89,3011.21,1833.49,0.6418,-0.7291,-0.2431
Sawah_08,Sawah,Training,297.26,617.13,526.06,2929.04,1883.34,0.6955,-0.6519,-0.2173
Sawah_08,Sawah,Training,304.48,588.16,492.44,2761.02,1970.07,0.6973,-0.6488,-0.1672
Sawah_08,Sawah,Training,329.68,423.58,532.8,2838.95,1797.19,0.684,-0.7403,-0.2247
Sawah_08,Sawah,Training,280.57,667.45,547.38,2645.42,1861.06,0.6571,-0.5971,-0.1741
Sawah_08,Sawah,Training,251.42,517.22,468.66,2972.48,1942.97,0.7276,-0.7036,-0.2094
Sawah_08,Sawah,Training,325.65,643.51,525.81,2671.7,1864.79,0.6711,-0.6118,-0.1779
Sawah_08,Sawah,Training,340.02,645.26,559.45,2941.66,1852.72,0.6804,-0.6402,-0.2271
Sawah_08,Sawah,Training,353.51,598.41,455.91,2767.39,1688.26,0.7171,-0.6444,-0.2422
Sawah_09,Sawah,Training,266.24,591.33,460.38,2738.41,1515.96,0.7122,-0.6448,-0.2873
Sawah_09,Sawah,Training,310.66,600.07,459.15,2931.85,1940.64,0.7292,-0.6602,-0.2034
Sawah_09,Sawah,Training,219.62,554.24,461.54,2612.02,1924.42,0.6997,-0.6499,-0.1516
Sawah_09,Sawah,Training,290.31,584.13,399.81,2927.08,1614.11,0.7597,-0.6673,-0.2891
Sawah_09,Sawah,Training,303.0,616.64,568.03,2538.24,1347.07,0.6343,-0.6091,-0.3066
Sawah_09,Sawah,Training,309.19,708.03,561.95,2841.93,1726.25,0.6698,-0.6011,-0.2442
Sawah_09,Sawah,Training,340.36,541.59,523.82,2901.09,1959.03,0.6941,-0.6854,-0.1938
Sawah_09,Sawah,Training,437.98,623.54,474.55,2794.89,1534.64,0.7097,-0.6352,-0.2911
Sawah_09,Sawah,Training,265.26,575.44,473.8,2830.47,1676.64,0.7132,-0.6621,-0.256
Sawah_09,Sawah,Training,356.05,600.01,499.53,2734.42,1823.28,0.6911,-0.6401,-0.1999
Sawah_09,Sawah,Training,341.25,547.97,467.09,2739.25,1598.12,0.7086,-0.6666,-0.2631
Sawah_09,Sawah,Training,259.04,571.43,543.72,2852.51,1829.04,0.6798,-0.6662,-0.2186
Sawah_09,Sawah,Training,342.54,591.76,519.52,2779.36,1839.8,0.685,-0.6489,-0.2034
Sawah_09,Sawah,Training,270.86,453.67,493.29,3084.55,1938.93,0.7243,-0.7436,-0.2281
Sawah_09,Sawah,Training,348.27,674.17,504.43,2839.46,1707.35,0.6983,-0.6163,-0.249
Sawah_09,Sawah,Training,284.2,636.95,560.19,2772.11,1732.47,0.6638,-0.6263,-0.2308
Sawah_09,Sawah,Training,300.03,636.07,427.81,2340.76,1717.42,0.691,-0.5727,-0.1536
Sawah_09,Sawah,Training,238.96,569.51,492.61,2709.35,2017.87,0.6923,-0.6526,-0.1463
Sawah_09,Sawah,Training,316.34,618.03,531.11,2572.23,1955.87,0.6577,-0.6126,-0.1361
Sawah_09,Sawah,Training,296.21,640.23,446.41,2489.25,1922.68,0.6959,-0.5908,-0.1284
Sawah_09,Sawah,Training,318.82,545.88,456.52,3025.09,1621.59,0.7378,-0.6943,-0.302
Sawah_09,Sawah,Training,382.13,545.96,531.92,2734.28,1890.48,0.6743,-0.6671,-0.1825
Sawah_09,Sawah,Training,272.79,590.23,502.05,2599.56,1911.12,0.6763,-0.6299,-0.1526
Sawah_09,Sawah,Training,274.34,586.28,450.28,2287.53,1771.35,0.6711,-0.592,-0.1272
Sawah_09,Sawah,Training,420.63,647.08,499.04,2747.42,1803.37,0.6926,-0.6187,-0.2074
Sawah_09,Sawah,Training,327.36,529.15,555.72,2943.08,1907.73,0.6823,-0.6952,-0.2134
Sawah_09,Sawah,Training,321.92,601.18,533.64,2918.36,1746.89,0.6908,-0.6584,-0.2511
Sawah_09,Sawah,Training,271.32,606.11,577.45,2552.18,1579.87,0.631,-0.6162,-0.2353
Sawah_09,Sawah,Training,308.24,603.05,508.67,2848.79,1766.52,0.697,-0.6506,-0.2345
Sawah_09,Sawah,Training,374.49,503.95,458.58,2779.35,1553.52,0.7167,-0.693,-0.2829
Sawah_09,Sawah,Training,291.21,699.69,501.04,2846.14,1610.98,0.7006,-0.6053,-0.2771
Sawah_09,Sawah,Training,269.18,577.49,484.11,3056.33,1883.65,0.7265,-0.6822,-0.2374
Sawah_09,Sawah,Training,244.43,614.79,524.91,3028.03,2037.08,0.7045,-0.6625,-0.1956
Sawah_09,Sawah,Training,249.25,551.35,437.12,2753.2,1869.95,0.726,-0.6663,-0.191
Sawah_09,Sawah,Training,349.37,595.44,484.01,2830.35,1674.73,0.7079,-0.6524,-0.2565
Sawah_09,Sawah,Training,404.48,503.54,509.24,3204.72,1801.02,0.7258,-0.7284,-0.2804
Sawah_09,Sawah,Training,290.5,578.55,490.98,3074.57,1468.22,0.7246,-0.6833,-0.3536
Sawah_09,Sawah,Training,376.67,514.56,486.67,2714.15,1888.28,0.6959,-0.6813,-0.1794
Sawah_09,Sawah,Training,220.09,627.73,601.22,2527.37,1828.46,0.6157,-0.6021,-0.1605
Sawah_09,Sawah,Training,266.9,625.55,500.96,2671.7,1873.18,0.6842,-0.6206,-0.1757
Sawah_09,Sawah,Training,390.22,588.55,535.99,2541.35,1656.53,0.6517,-0.6239,-0.2108
Sawah_09,Sawah,Training,323.62,689.05,517.78,2737.39,1799.89,0.6819,-0.5978,-0.2066
Sawah_09,Sawah,Training,237.48,636.27,544.12,2709.58,1729.49,0.6655,-0.6197,-0.2208
Sawah_09,Sawah,Training,313.29,573.8,496.69,3219.94,1762.95,0.7327,-0.6975,-0.2924
Sawah_09,Sawah,Training,282.08,561.15,537.21,2763.76,1702.59,0.6745,-0.6625,-0.2376
Sawah_09,Sawah,Training,366.07,685.18,469.98,2426.69,1951.13,0.6755,-0.5596,-0.1086
Sawah_09,Sawah,Training,265.77,647.44,401.49,2978.52,1618.32,0.7624,-0.6429,-0.2959
Sawah_09,Sawah,Training,336.54,600.86,452.3,2718.59,1902.95,0.7147,-0.638,-0.1765
Sawah_09,Sawah,Training,305.29,635.06,598.82,2487.15,2042.58,0.6119,-0.5932,-0.0981
Sawah_09,Sawah,Training,305.22,546.07,433.48,2762.18,1938.25,0.7287,-0.6699,-0.1753
Sawah_10,Sawah,Training,293.62,690.67,427.44,2797.58,1612.14,0.7349,-0.604,-0.2688
Sawah_10,Sawah,Training,318.18,653.21,478.96,2279.16,1829.84,0.6527,-0.5545,-0.1093
Sawah_10,Sawah,Training,321.84,624.26,561.79,2585.79,1902.03,0.643,-0.6111,-0.1524
Sawah_10,Sawah,Training,359.63,493.28,515.98,2699.16,1787.77,0.679,-0.691,-0.2031
Sawah_10,Sawah,Training,317.38,570.77,466.21,2806.83,1636.91,0.7151,-0.662,-0.2633
Sawah_10,Sawah,Training,245.71,640.76,442.56,2933.26,1869.39,0.7378,-0.6414,-0.2215
Sawah_10,Sawah,Training,213.71,559.35,559.71,2603.77,1730.34,0.6461,-0.6463,-0.2015
Sawah_10,Sawah,Training,323.1,647.0,487.42,2680.5,2013.36,0.6923,-0.6111,-0.1421
Sawah_10,Sawah,Training,386.94,658.73,504.27,2638.35,1675.43,0.6791,-0.6004,-0.2232
Sawah_10,Sawah,Training,326.13,625.1,570.08,2930.09,1574.54,0.6743,-0.6483,-0.3009
Sawah_10,Sawah,Training,352.6,540.12,480.8,2850.04,2099.35,0.7113,-0.6814,-0.1517
Sawah_10,Sawah,Training,455.5,636.4,490.84,2906.9,1933.15,0.7111,-0.6408,-0.2012
Sawah_10,Sawah,Training,283.97,707.71,511.5,2899.55,1899.89,0.7001,-0.6076,-0.2083
Sawah_10,Sawah,Training,321.08,650.34,469.14,2688.34,1634.98,0.7028,-0.6104,-0.2436
Sawah_10,Sawah,Training,321.98,646.74,522.89,3134.9,1799.16,0.7141,-0.658,-0.2707
Sawah_10,Sawah,Training,333.44,534.5,480.65,2939.11,1927.37,0.7189,-0.6923,-0.2079
Sawah_10,Sawah,Training,285.3,595.7,424.11,2728.59,1933.56,0.731,-0.6416,-0.1705
Sawah_10,Sawah,Training,328.76,630.04,502.49,2801.41,1700.95,0.6958,-0.6328,-0.2444
Sawah_10,Sawah,Training,334.94,625.26,524.6,2694.79,1477.0,0.6741,-0.6233,-0.2919
Sawah_10,Sawah,Training,354.86,571.27,456.86,2938.7,1741.2,0.7309,-0.6745,-0.2559
Sawah_10,Sawah,Training,353.0,637.02,534.18,2526.81,1981.79,0.651,-0.5973,-0.1209
Sawah_10,Sawah,Training,313.06,577.84,507.17,2444.75,1861.3,0.6564,-0.6177,-0.1355
Sawah_10,Sawah,Training,248.53,518.84,423.88,3022.54,1705.61,0.754,-0.707,-0.2785
Sawah_10,Sawah,Training,376.69,567.85,414.63,2576.7,1985.37,0.7228,-0.6388,-0.1296
Sawah_10,Sawah,Training,292.21,567.1,508.0,2900.36,1967.61,0.7019,-0.6729,-0.1916
Sawah_10,Sawah,Training,372.42,578.41,433.7,2717.31,1839.04,0.7247,-0.649,-0.1928
Sawah_10,Sawah,Training,251.81,542.57,517.19,2790.27,1804.92,0.6873,-0.6744,-0.2144
Sawah_10,Sawah,Training,262.08,586.18,453.79,2978.04,1955.29,0.7355,-0.6711,-0.2073
Sawah_10,Sawah,Training,207.69,544.23,425.17,2670.0,1787.48,0.7253,-0.6614,-0.198
Sawah_10,Sawah,Training,227.52,544.69,449.8,2841.45,1810.4,0.7267,-0.6783,-0.2216
Sawah_10,Sawah,Training,263.91,610.61,472.67,2745.67,2051.02,0.7063,-0.6361,-0.1448
Sawah_10,Sawah,Training,367.02,522.03,541.49,2962.28,1627.76,0.6909,-0.7004,-0.2907
Sawah_10,Sawah,Training,340.94,692.28,443.87,2616.5,1952.65,0.7099,-0.5816,-0.1453
Sawah_10,Sawah,Training,313.57,633.09,517.03,2878.14,1601.03,0.6954,-0.6394,-0.2851
Sawah_10,Sawah,Training,352.37,670.18,488.53,2791.3,1570.33,0.7021,-0.6128,-0.2799
Sawah_10,Sawah,Training,325.71,634.32,496.89,3024.87,1749.89,0.7178,-0.6533,-0.267
Sawah_10,Sawah,Training,328.23,538.82,498.82,2765.13,1833.8,0.6943,-0.6738,-0.2025
Sawah_10,Sawah,Training,281.52,592.11,541.3,2712.65,1559.01,0.6673,-0.6417,-0.2701
Sawah_10,Sawah,Training,387.48,682.89,435.39,2937.94,1724.55,0.7419,-0.6228,-0.2602
Sawah_10,Sawah,Training,313.17,617.65,488.28,2643.25,1696.42,0.6882,-0.6212,-0.2182
Sawah_10,Sawah,Training,254.19,550.09,496.64,2656.85,1902.31,0.685,-0.6569,-0.1655
Sawah_10,Sawah,Training,374.36,565.2,511.97,2899.94,1870.8,0.6999,-0.6738,-0.2157
Sawah_10,Sawah,Training,303.8,644.56,524.11,2552.47,1930.37,0.6593,-0.5968,-0.1388
Sawah_10,Sawah,Training,344.36,554.2,501.9,2936.67,1768.6,0.7081,-0.6825,-0.2482
Sawah_10,Sawah,Training,353.65,741.83,460.7,2523.79,1845.57,0.6913,-0.5457,-0.1552
Sawah_10,Sawah,Training,336.08,586.15,572.66,2532.28,1903.94,0.6311,-0.6241,-0.1416
Sawah_10,Sawah,Training,269.71,703.16,599.63,2646.67,1717.57,0.6306,-0.5802,-0.2129
Sawah_10,Sawah,Training,342.98,576.77,497.73,2805.08,1512.05,0.6986,-0.6589,-0.2995
Sawah_10,Sawah,Training,299.31,558.62,475.34,3088.73,1611.52,0.7333,-0.6937,-0.3143
Sawah_10,Sawah,Training,340.66,583.26,486.01,2958.07,1851.01,0.7178,-0.6706,-0.2302
Sawah_11,Sawah,Training,328.53,658.09,483.43,2677.55,1637.23,0.6941,-0.6054,-0.2411
Sawah_11,Sawah,Training,258.73,776.95,562.23,2529.79,1601.63,0.6363,-0.5301,-0.2247
Sawah_11,Sawah,Training,324.09,632.84,527.44,2749.01,1781.18,0.678,-0.6257,-0.2136
Sawah_11,Sawah,Training,316.39,605.15,389.03,2754.04,1672.29,0.7524,-0.6397,-0.2444
Sawah_11,Sawah,Training,308.76,779.12,518.37,2737.29,1938.27,0.6816,-0.5569,-0.1709
Sawah_11,Sawah,Training,324.13,625.21,530.34,3211.31,1630.37,0.7165,-0.6741,-0.3265
Sawah_11,Sawah,Training,323.68,544.42,527.78,2616.26,1737.39,0.6643,-0.6555,-0.2019
Sawah_11,Sawah,Training,285.25,658.55,545.92,2550.86,1808.24,0.6474,-0.5896,-0.1704
Sawah_11,Sawah,Training,264.52,524.49,489.15,2738.3,2164.01,0.6969,-0.6785,-0.1171
Sawah_11,Sawah,Training,321.65,517.34,471.76,3004.28,2113.27,0.7286,-0.7062,-0.1741
Sawah_11,Sawah,Training,220.7,487.2,593.55,2877.92,1669.76,0.658,-0.7104,-0.2657
Sawah_11,Sawah,Training,326.73,441.86,500.17,2865.56,1938.64,0.7028,-0.7328,-0.1929
Sawah_11,Sawah,Training,249.31,605.14,453.73,2851.08,1665.7,0.7254,-0.6498,-0.2624
Sawah_11,Sawah,Training,279.59,540.25,532.56,2971.69,1764.81,0.6961,-0.6923,-0.2548
Sawah_11,Sawah,Training,301.91,513.08,485.02,2789.96,2193.12,0.7038,-0.6893,-0.1198
Sawah_11,Sawah,Training,244.4,687.85,549.84,2856.13,2063.79,0.6771,-0.6118,-0.161
Sawah_11,Sawah,Training,318.61,623.35,497.34,3044.71,1964.47,0.7192,-0.6601,-0.2157
Sawah_11,Sawah,Training,268.72,520.85,489.85,2639.99,1790.47,0.687,-0.6704,-0.1917
Sawah_11,Sawah,Training,361.87,572.56,497.86,2811.6,1927.26,0.6991,-0.6616,-0.1866
Sawah_11,Sawah,Training,187.66,563.6,510.56,3040.02,1726.21,0.7124,-0.6872,-0.2756
Sawah_11,Sawah,Training,206.17,637.18,468.23,2562.07,1706.35,0.691,-0.6017,-0.2005
Sawah_11,Sawah,Training,290.77,563.72,389.72,2979.41,1991.23,0.7687,-0.6818,-0.1988
Sawah_11,Sawah,Training,332.58,531.74,489.93,2798.7,1889.82,0.702,-0.6807,-0.1939
Sawah_11,Sawah,Training,333.42,555.95,504.1,2891.46,2018.37,0.7031,-0.6775,-0.1778
Sawah_11,Sawah,Training,335.23,647.34,504.19,3082.09,1861.46,0.7188,-0.6528,-0.2469
Sawah_11,Sawah,Training,256.95,684.2,534.9,2711.39,1728.08,0.6705,-0.597,-0.2215
Sawah_11,Sawah,Training,314.83,627.79,509.86,2862.26,2054.99,0.6976,-0.6402,-0.1642
Sawah_11,Sawah,Training,353.58,611.44,547.07,2593.5,1859.69,0.6516,-0.6184,-0.1648
Sawah_11,Sawah,Training,390.47,586.92,457.62,2669.58,1636.56,0.7073,-0.6395,-0.2399
Sawah_11,Sawah,Training,260.76,577.77,429.72,2803.12,1935.34,0.7342,-0.6582,-0.1831
Sawah_11,Sawah,Training,254.61,691.16,525.54,3006.12,1701.32,0.7024,-0.6261,-0.2772
Sawah_11,Sawah,Training,342.73,534.48,544.51,2834.37,1882.99,0.6777,-0.6827,-0.2017
Sawah_11,Sawah,Training,241.22,546.3,529.86,2610.33,1869.48,0.6625,-0.6539,-0.1654
Sawah_11,Sawah,Training,231.64,650.89,438.37,2910.46,1893.84,0.7382,-0.6345,-0.2116
Sawah_11,Sawah,Training,265.16,634.92,513.02,2692.23,1648.72,0.6799,-0.6183,-0.2404
Sawah_11,Sawah,Training,201.87,620.98,421.76,2819.07,1760.48,0.7397,-0.639,-0.2312
Sawah_11,Sawah,Training,333.96,581.88,483.53,2946.37,1850.26,0.7181,-0.6702,-0.2285
Sawah_11,Sawah,Training,315.81,628.16,423.22,2951.36,1891.87,0.7492,-0.649,-0.2188
Sawah_11,Sawah,Training,249.17,585.36,498.03,2773.1,1850.08,0.6955,-0.6514,-0.1997
Sawah_11,Sawah,Training,371.57,664.91,434.39,2924.41,1999.34,0.7413,-0.6295,-0.1879
Sawah_11,Sawah,Training,319.34,665.46,600.61,3004.74,1837.4,0.6668,-0.6374,-0.2411
Sawah_11,Sawah,Training,352.25,608.69,501.2,2729.72,2034.51,0.6898,-0.6353,-0.1459
Sawah_11,Sawah,Training,259.08,691.94,524.99,2520.14,1855.15,0.6552,-0.5692,-0.152
Sawah_11,Sawah,Training,195.0,637.53,544.26,2681.53,1818.53,0.6626,-0.6158,-0.1918
Sawah_11,Sawah,Training,397.71,569.66,447.05,3096.33,2094.39,0.7477,-0.6892,-0.193
Sawah_11,Sawah,Training,300.18,660.69,567.07,2651.5,1727.2,0.6476,-0.6011,-0.2111
Sawah_11,Sawah,Training,361.54,701.1,528.14,2624.04,2098.06,0.6649,-0.5783,-0.1114
Sawah_11,Sawah,Training,273.45,579.89,517.12,3110.83,1928.1,0.7149,-0.6858,-0.2347
Sawah_11,Sawah,Training,320.74,627.8,502.18,2911.63,1420.57,0.7058,-0.6453,-0.3442
Sawah_11,Sawah,Training,285.17,614.48,442.45,2877.26,1769.33,0.7334,-0.648,-0.2384
Sawah_12,Sawah,Training,387.77,694.38,476.71,2769.83,1788.91,0.7063,-0.5991,-0.2152
Sawah_12,Sawah,Training,277.42,611.7,462.09,2573.88,1893.41,0.6956,-0.616,-0.1523
Sawah_12,Sawah,Training,331.48,551.74,544.77,2673.68,1837.97,0.6615,-0.6579,-0.1852
Sawah_12,Sawah,Training,341.02,597.98,522.74,2696.71,1770.53,0.6753,-0.637,-0.2073
Sawah_12,Sawah,Training,289.71,555.21,491.16,2490.28,1726.33,0.6705,-0.6354,-0.1812
Sawah_12,Sawah,Training,285.76,584.63,487.93,2787.65,1871.92,0.7021,-0.6533,-0.1965
Sawah_12,Sawah,Training,343.73,561.01,439.84,2591.59,1726.92,0.7098,-0.6441,-0.2002
Sawah_12,Sawah,Training,282.4,553.8,435.19,2708.78,1827.21,0.7232,-0.6605,-0.1943
Sawah_12,Sawah,Training,329.75,566.55,479.35,2614.66,1795.28,0.6901,-0.6438,-0.1858
Sawah_12,Sawah,Training,257.58,634.39,410.71,2728.07,1845.17,0.7383,-0.6227,-0.1931
Sawah_12,Sawah,Training,309.19,761.58,517.49,2599.19,1785.68,0.6679,-0.5468,-0.1855
Sawah_12,Sawah,Training,211.19,595.16,458.35,2983.08,1717.57,0.7336,-0.6673,-0.2692
Sawah_12,Sawah,Training,294.16,561.87,586.94,2735.75,2074.88,0.6467,-0.6592,-0.1374
Sawah_12,Sawah,Training,340.71,628.92,518.44,2878.76,1510.85,0.6948,-0.6414,-0.3116
Sawah_12,Sawah,Training,286.06,650.71,497.56,2518.96,1792.14,0.6701,-0.5894,-0.1686
Sawah_12,Sawah,Training,385.21,674.81,496.9,2990.29,1745.02,0.715,-0.6318,-0.263
Sawah_12,Sawah,Training,214.81,544.53,578.14,2745.2,1763.49,0.6521,-0.669,-0.2177
Sawah_12,Sawah,Training,285.01,714.25,581.3,3243.76,1776.14,0.6961,-0.6391,-0.2924
Sawah_12,Sawah,Training,314.78,509.0,573.85,2566.44,1832.52,0.6345,-0.669,-0.1668
Sawah_12,Sawah,Training,245.13,564.67,458.14,2678.42,1719.13,0.7079,-0.6518,-0.2181
Sawah_12,Sawah,Training,272.59,650.0,444.76,2844.11,1982.69,0.7295,-0.6279,-0.1785
Sawah_12,Sawah,Training,274.34,556.92,488.47,3035.95,1829.12,0.7228,-0.69,-0.2481
Sawah_12,Sawah,Training,273.44,629.03,444.89,2936.27,1861.29,0.7368,-0.6471,-0.2241
Sawah_12,Sawah,Training,284.61,549.68,455.67,2906.96,1984.35,0.729,-0.682,-0.1886
Sawah_12,Sawah,Training,268.13,627.5,395.65,2683.08,1795.34,0.743,-0.6209,-0.1982
Sawah_12,Sawah,Training,254.52,543.81,466.61,2858.44,1771.9,0.7193,-0.6803,-0.2347
Sawah_12,Sawah,Training,188.09,472.76,469.66,2891.54,1387.87,0.7205,-0.719,-0.3514
Sawah_12,Sawah,Training,275.01,568.43,569.42,2723.0,1857.45,0.6541,-0.6546,-0.189
Sawah_12,Sawah,Training,307.06,472.17,538.41,2843.08,1876.24,0.6816,-0.7152,-0.2049
Sawah_12,Sawah,Training,496.31,474.95,586.23,2742.51,1843.1,0.6478,-0.7048,-0.1961
Sawah_12,Sawah,Training,297.72,574.55,471.51,2865.9,1572.42,0.7174,-0.666,-0.2914
Sawah_12,Sawah,Training,337.53,575.03,443.5,2710.0,1988.57,0.7187,-0.6499,-0.1535
Sawah_12,Sawah,Training,273.23,621.51,463.45,2951.58,1902.83,0.7286,-0.6521,-0.216
Sawah_12,Sawah,Training,392.43,589.47,533.43,2819.61,1994.38,0.6818,-0.6542,-0.1714
Sawah_12,Sawah,Training,264.06,644.7,490.27,2787.16,1813.76,0.7008,-0.6243,-0.2116
Sawah_12,Sawah,Training,312.61,593.03,510.74,3115.62,1947.82,0.7183,-0.6802,-0.2306
Sawah_12,Sawah,Training,343.46,572.67,455.54,2991.06,1931.41,0.7357,-0.6786,-0.2153
Sawah_12,Sawah,Training,373.63,563.76,488.52,2472.1,1741.13,0.67,-0.6286,-0.1735
Sawah_12,Sawah,Training,349.83,572.01,532.02,2761.9,1848.61,0.677,-0.6569,-0.1981
Sawah_12,Sawah,Training,242.62,605.11,350.44,2762.62,1555.43,0.7749,-0.6406,-0.2796
Sawah_12,Sawah,Training,360.3,646.64,523.33,3104.2,1657.66,0.7115,-0.6552,-0.3038
Sawah_12,Sawah,Training,387.37,655.93,488.17,3027.12,1634.06,0.7223,-0.6438,-0.2989
Sawah_12,Sawah,Training,258.77,563.48,473.55,2588.69,1983.46,0.6907,-0.6425,-0.1324
Sawah_12,Sawah,Training,287.06,621.15,471.48,2435.88,1840.51,0.6757,-0.5936,-0.1392
Sawah_12,Sawah,Training,204.39,595.88,431.58,3197.46,1936.7,0.7621,-0.6858,-0.2456
Sawah_12,Sawah,Training,305.29,675.82,457.68,2908.7,1829.97,0.7281,-0.6229,-0.2276
Sawah_12,Sawah,Training,313.2,676.34,536.62,2857.74,1551.77,0.6838,-0.6172,-0.2962
Sawah_12,Sawah,Training,252.0,592.64,504.67,2573.96,2161.75,0.6721,-0.6257,-0.087
Sawah_12,Sawah,Training,375.82,636.13,503.6,2757.56,1657.21,0.6912,-0.6251,-0.2492
Sawah_12,Sawah,Training,303.87,615.47,437.91,2866.84,1776.71,0.735,-0.6465,-0.2348
Sawah_13,Sawah,Training,204.61,548.38,479.32,3177.54,1883.48,0.7379,-0.7056,-0.2557
Sawah_13,Sawah,Training,233.23,629.16,422.63,3016.54,1729.33,0.7542,-0.6548,-0.2712
Sawah_13,Sawah,Training,295.32,679.55,435.64,2520.58,1712.46,0.7053,-0.5753,-0.1909
Sawah_13,Sawah,Training,351.92,508.84,358.39,2709.77,1882.76,0.7664,-0.6838,-0.1801
Sawah_13,Sawah,Training,360.01,572.21,479.43,3030.78,1519.54,0.7268,-0.6824,-0.3321
Sawah_13,Sawah,Training,280.57,611.43,522.46,2698.04,1805.17,0.6755,-0.6305,-0.1983
Sawah_13,Sawah,Training,175.58,560.51,522.68,2603.54,1808.85,0.6656,-0.6457,-0.1801
Sawah_13,Sawah,Training,322.34,579.45,508.52,2607.45,1769.01,0.6736,-0.6364,-0.1916
Sawah_13,Sawah,Training,330.51,609.42,470.67,2844.84,1907.19,0.7161,-0.6471,-0.1973
Sawah_13,Sawah,Training,197.5,669.54,483.19,2885.1,1979.59,0.7131,-0.6233,-0.1861
Sawah_13,Sawah,Training,231.42,557.43,485.57,2643.25,2060.24,0.6896,-0.6517,-0.124
Sawah_13,Sawah,Training,257.16,566.67,510.22,2559.57,1740.65,0.6676,-0.6375,-0.1904
Sawah_13,Sawah,Training,315.87,580.03,495.33,2694.13,1572.83,0.6894,-0.6457,-0.2628
Sawah_13,Sawah,Training,316.08,705.3,500.92,2845.05,1903.91,0.7006,-0.6027,-0.1982
Sawah_13,Sawah,Training,236.53,702.15,510.12,3126.37,1690.05,0.7194,-0.6332,-0.2982
Sawah_13,Sawah,Training,390.9,646.51,527.65,2846.8,1762.72,0.6873,-0.6299,-0.2352
Sawah_13,Sawah,Training,360.03,608.42,401.65,2576.56,1772.12,0.7303,-0.6179,-0.185
Sawah_13,Sawah,Training,315.5,596.6,560.95,2409.78,1821.54,0.6223,-0.6031,-0.139
Sawah_13,Sawah,Training,209.1,645.58,495.28,2883.92,1670.42,0.7069,-0.6342,-0.2665
Sawah_13,Sawah,Training,363.97,662.5,529.18,2774.1,1886.98,0.6796,-0.6144,-0.1903
Sawah_13,Sawah,Training,264.66,651.33,582.47,3014.12,1690.56,0.6761,-0.6446,-0.2813
Sawah_13,Sawah,Training,318.07,522.41,528.62,2890.12,1519.53,0.6908,-0.6938,-0.3108
Sawah_13,Sawah,Training,241.91,583.01,484.96,2558.1,1858.35,0.6813,-0.6288,-0.1584
Sawah_13,Sawah,Training,312.57,588.34,462.21,3009.74,2048.31,0.7337,-0.673,-0.1901
Sawah_13,Sawah,Training,275.82,563.27,524.56,2728.39,1779.09,0.6775,-0.6578,-0.2106
Sawah_13,Sawah,Training,336.98,485.44,565.92,2814.54,1738.28,0.6652,-0.7058,-0.2364
Sawah_13,Sawah,Training,295.54,597.75,413.44,3098.99,1806.2,0.7646,-0.6766,-0.2636
Sawah_13,Sawah,Training,322.15,657.09,448.94,2894.69,1759.85,0.7315,-0.63,-0.2438
Sawah_13,Sawah,Training,342.34,472.37,495.05,2679.44,1864.84,0.6881,-0.7003,-0.1793
Sawah_13,Sawah,Training,323.5,557.54,464.39,2777.87,1665.5,0.7135,-0.6657,-0.2503
Sawah_13,Sawah,Training,342.1,577.85,354.65,2725.04,1644.22,0.7697,-0.6501,-0.2474
Sawah_13,Sawah,Training,218.44,525.75,505.47,3065.73,1846.98,0.7169,-0.7072,-0.2481
Sawah_13,Sawah,Training,269.67,627.35,477.05,2661.08,1626.85,0.696,-0.6184,-0.2412
Sawah_13,Sawah,Training,212.41,576.6,507.9,2780.68,1737.6,0.6911,-0.6565,-0.2309
Sawah_13,Sawah,Training,252.71,636.49,434.14,2955.21,1649.67,0.7438,-0.6456,-0.2835
Sawah_13,Sawah,Training,262.38,511.99,474.93,2995.06,1877.34,0.7263,-0.708,-0.2294
Sawah_13,Sawah,Training,348.92,631.33,444.82,2733.84,1682.97,0.7201,-0.6248,-0.2379
Sawah_13,Sawah,Training,366.53,528.19,544.68,2978.59,2074.44,0.6908,-0.6988,-0.1789
Sawah_13,Sawah,Training,279.52,642.74,614.08,2676.47,1569.74,0.6268,-0.6127,-0.2606
Sawah_13,Sawah,Training,206.0,642.76,405.84,2725.54,1865.6,0.7408,-0.6183,-0.1873
Sawah_13,Sawah,Training,309.26,625.53,511.11,3055.77,1657.15,0.7134,-0.6602,-0.2968
Sawah_13,Sawah,Training,266.15,553.64,541.51,2980.08,1867.68,0.6925,-0.6867,-0.2295
Sawah_13,Sawah,Training,359.17,529.32,583.36,3104.65,1910.34,0.6836,-0.7087,-0.2381
Sawah_13,Sawah,Training,389.09,500.6,473.78,2652.94,1908.22,0.6969,-0.6825,-0.1633
Sawah_13,Sawah,Training,247.49,645.45,568.53,2939.04,1842.56,0.6758,-0.6399,-0.2293
Sawah_13,Sawah,Training,250.61,549.19,562.48,2955.87,1794.15,0.6803,-0.6866,-0.2446
Sawah_13,Sawah,Training,279.1,478.45,446.46,3182.28,1607.93,0.7539,-0.7386,-0.3287
Sawah_13,Sawah,Training,309.47,660.45,437.25,2836.94,1940.69,0.7329,-0.6223,-0.1876
Sawah_13,Sawah,Training,300.62,772.1,416.57,3011.75,1774.08,0.757,-0.5919,-0.2586
Sawah_13,Sawah,Training,338.6,626.48,463.34,2845.8,1521.31,0.72,-0.6392,-0.3033
Sawah_14,Sawah,Training,330.16,617.89,531.93,3011.62,1855.14,0.6998,-0.6595,-0.2376
Sawah_14,Sawah,Training,307.4,547.14,464.39,3037.35,2015.45,0.7348,-0.6947,-0.2022
Sawah_14,Sawah,Training,288.09,602.76,454.77,3034.55,1899.81,0.7393,-0.6686,-0.23
Sawah_14,Sawah,Training,397.06,547.3,481.1,2846.29,1896.97,0.7108,-0.6775,-0.2001
Sawah_14,Sawah,Training,289.22,547.62,544.07,2944.23,1662.56,0.6881,-0.6863,-0.2782
Sawah_14,Sawah,Training,367.77,670.21,506.71,2815.92,1883.11,0.695,-0.6155,-0.1985
Sawah_14,Sawah,Training,256.91,601.8,392.38,2975.29,1565.78,0.767,-0.6635,-0.3104
Sawah_14,Sawah,Training,375.17,580.19,489.42,2674.45,1756.79,0.6906,-0.6435,-0.2071
Sawah_14,Sawah,Training,370.93,450.73,563.85,2867.6,1618.95,0.6714,-0.7283,-0.2783
Sawah_14,Sawah,Training,246.23,700.58,452.72,2569.33,1970.6,0.7004,-0.5715,-0.1319
Sawah_14,Sawah,Training,316.93,543.72,510.83,2594.85,1965.12,0.671,-0.6535,-0.1381
Sawah_14,Sawah,Training,353.07,631.92,518.08,3152.24,1799.95,0.7177,-0.666,-0.2731
Sawah_14,Sawah,Training,240.91,626.97,604.3,2597.05,1745.78,0.6225,-0.6111,-0.196
Sawah_14,Sawah,Training,320.82,596.77,450.88,3024.37,2148.01,0.7405,-0.6704,-0.1694
Sawah_14,Sawah,Training,309.81,545.76,422.55,2851.6,1965.58,0.7419,-0.6787,-0.1839
Sawah_14,Sawah,Training,323.76,599.86,470.54,2581.57,1925.21,0.6917,-0.6229,-0.1456
Sawah_14,Sawah,Training,345.69,507.26,579.49,2914.81,2009.94,0.6683,-0.7035,-0.1837
Sawah_14,Sawah,Training,232.89,518.05,492.55,2900.56,2069.45,0.7097,-0.6969,-0.1672
Sawah_14,Sawah,Training,335.3,585.44,448.68,3046.0,1655.29,0.7432,-0.6776,-0.2958
Sawah_14,Sawah,Training,381.42,582.94,579.53,2935.79,1779.45,0.6703,-0.6687,-0.2452
Sawah_14,Sawah,Training,274.03,579.55,521.42,2815.43,1710.93,0.6875,-0.6586,-0.244
Sawah_14,Sawah,Training,291.72,604.71,393.56,2891.63,1653.04,0.7604,-0.6541,-0.2725
Sawah_14,Sawah,Training,242.33,498.76,410.31,2528.91,1693.65,0.7208,-0.6705,-0.1978
Sawah_14,Sawah,Training,397.66,568.45,508.89,2880.1,1819.66,0.6997,-0.6703,-0.2256
Sawah_14,Sawah,Training,296.13,528.28,572.55,3161.44,1547.6,0.6933,-0.7136,-0.3427
Sawah_14,Sawah,Training,248.8,583.21,451.77,2901.19,1690.76,0.7305,-0.6652,-0.2636
Sawah_14,Sawah,Training,408.25,671.43,510.63,3005.4,1965.89,0.7095,-0.6348,-0.2091
Sawah_14,Sawah,Training,271.8,551.03,503.91,2972.33,1820.86,0.7101,-0.6872,-0.2402
Sawah_14,Sawah,Training,221.15,551.83,496.3,2784.87,2095.88,0.6975,-0.6692,-0.1412
Sawah_14,Sawah,Training,230.7,630.34,574.46,3254.29,1739.34,0.6999,-0.6755,-0.3034
Sawah_14,Sawah,Training,324.57,634.19,509.77,2780.23,1865.4,0.6901,-0.6285,-0.1969
Sawah_14,Sawah,Training,173.39,640.92,506.31,2755.51,2107.03,0.6896,-0.6226,-0.1334
Sawah_14,Sawah,Training,266.25,575.82,599.58,2633.59,1717.48,0.6291,-0.6412,-0.2105
Sawah_14,Sawah,Training,292.65,650.44,510.39,2541.47,1720.17,0.6655,-0.5924,-0.1927
Sawah_14,Sawah,Training,269.63,595.37,521.29,2883.64,1533.6,0.6938,-0.6577,-0.3056
Sawah_14,Sawah,Training,353.2,615.15,569.23,2888.84,1965.2,0.6708,-0.6489,-0.1903
Sawah_14,Sawah,Training,323.33,680.77,526.11,2780.42,2140.87,0.6818,-0.6066,-0.13
Sawah_14,Sawah,Training,344.45,634.42,436.18,2542.34,1843.91,0.7071,-0.6006,-0.1592
Sawah_14,Sawah,Training,307.28,563.15,507.05,3117.73,1904.31,0.7202,-0.694,-0.2416
Sawah_14,Sawah,Training,242.95,593.31,459.75,2722.46,1737.96,0.711,-0.6421,-0.2207
Sawah_14,Sawah,Training,276.12,524.69,493.62,2687.88,1360.58,0.6897,-0.6734,-0.3279
Sawah_14,Sawah,Training,402.65,665.33,481.18,2803.76,1624.25,0.707,-0.6164,-0.2664
Sawah_14,Sawah,Training,384.79,713.84,507.83,3004.71,1826.29,0.7108,-0.6161,-0.2439
Sawah_14,Sawah,Training,233.16,575.29,506.6,2709.09,1767.2,0.6849,-0.6497,-0.2104
Sawah_14,Sawah,Training,295.43,595.15,502.61,2587.88,1692.45,0.6747,-0.626,-0.2092
Sawah_14,Sawah,Training,235.77,658.67,394.72,3030.72,2007.95,0.7695,-0.6429,-0.203
Sawah_14,Sawah,Training,284.89,443.81,481.93,2787.16,1648.41,0.7052,-0.7253,-0.2567
Sawah_14,Sawah,Training,274.24,691.81,533.25,2615.09,1560.36,0.6613,-0.5816,-0.2526
Sawah_14,Sawah,Training,283.65,587.19,524.81,2692.94,1876.72,0.6738,-0.642,-0.1786
Sawah_14,Sawah,Training,396.76,648.93,497.6,2763.37,1746.5,0.6948,-0.6197,-0.2255
Sawah_15,Sawah,Training,359.03,562.36,502.26,2810.24,1724.73,0.6967,-0.6665,-0.2394
Sawah_15,Sawah,Training,231.38,619.38,496.95,2900.05,1719.96,0.7074,-0.648,-0.2554
Sawah_15,Sawah,Training,361.04,547.39,585.6,2450.47,1865.22,0.6142,-0.6348,-0.1356
Sawah_15,Sawah,Training,323.77,552.27,521.22,3055.9,1467.48,0.7086,-0.6939,-0.3512
Sawah_15,Sawah,Training,325.14,450.4,451.72,3125.83,1712.73,0.7475,-0.7481,-0.292
Sawah_15,Sawah,Training,241.31,588.12,603.4,2433.66,1642.3,0.6026,-0.6107,-0.1942
Sawah_15,Sawah,Training,374.87,711.46,494.83,2552.19,2114.38,0.6752,-0.564,-0.0938
Sawah_15,Sawah,Training,379.72,640.74,459.38,2790.19,1775.95,0.7173,-0.6265,-0.2221
Sawah_15,Sawah,Training,316.54,687.06,543.97,2584.52,2006.47,0.6522,-0.58,-0.1259
Sawah_15,Sawah,Training,315.66,641.22,573.33,2577.68,1794.63,0.6361,-0.6016,-0.1791
Sawah_15,Sawah,Training,273.43,505.93,517.34,3302.31,1523.99,0.7291,-0.7343,-0.3685
Sawah_15,Sawah,Training,298.39,638.43,506.15,2777.37,1605.12,0.6917,-0.6262,-0.2675
Sawah_15,Sawah,Training,311.64,554.59,390.5,3038.92,1943.76,0.7723,-0.6913,-0.2198
Sawah_15,Sawah,Training,302.58,613.74,553.72,2844.87,1935.6,0.6741,-0.6451,-0.1902
Sawah_15,Sawah,Training,285.13,678.72,516.04,2838.81,1609.49,0.6924,-0.6141,-0.2764
Sawah_15,Sawah,Training,314.35,550.08,468.09,2636.92,1640.06,0.6985,-0.6548,-0.2331
Sawah_15,Sawah,Training,406.24,679.88,596.02,2555.42,1810.69,0.6217,-0.5797,-0.1706
Sawah_15,Sawah,Training,235.32,558.26,454.09,3047.92,1740.57,0.7407,-0.6904,-0.273
Sawah_15,Sawah,Training,353.42,636.25,615.18,2504.11,1988.88,0.6056,-0.5948,-0.1147
Sawah_15,Sawah,Training,357.32,541.6,550.36,2867.23,1765.88,0.6779,-0.6822,-0.2377
Sawah_15,Sawah,Training,258.8,556.85,602.49,2800.14,1917.32,0.6459,-0.6682,-0.1871
Sawah_15,Sawah,Training,260.46,553.21,554.1,2530.08,1737.72,0.6407,-0.6412,-0.1857
Sawah_15,Sawah,Training,301.7,606.68,491.05,2879.16,1903.93,0.7086,-0.6519,-0.2039
Sawah_15,Sawah,Training,336.73,540.85,485.79,3038.95,1934.2,0.7244,-0.6978,-0.2221
Sawah_15,Sawah,Training,231.36,621.09,401.09,2809.39,2084.67,0.7501,-0.6379,-0.1481
Sawah_15,Sawah,Training,252.61,549.94,538.2,2491.44,1705.09,0.6447,-0.6384,-0.1874
Sawah_15,Sawah,Training,329.82,561.94,488.2,2948.84,1863.23,0.7159,-0.6799,-0.2256
Sawah_15,Sawah,Training,313.34,579.65,518.5,2775.25,1868.67,0.6852,-0.6544,-0.1952
Sawah_15,Sawah,Training,275.15,589.05,450.5,2793.0,1678.35,0.7222,-0.6517,-0.2493
Sawah_15,Sawah,Training,244.3,615.52,510.64,2956.57,1735.33,0.7054,-0.6554,-0.2603
Sawah_15,Sawah,Training,320.4,633.05,522.24,2634.87,1822.4,0.6692,-0.6126,-0.1823
Sawah_15,Sawah,Training,318.21,600.43,395.68,2832.1,2131.88,0.7548,-0.6502,-0.1411
Sawah_15,Sawah,Training,282.0,556.32,518.67,2862.48,1978.91,0.6932,-0.6746,-0.1825
Sawah_15,Sawah,Training,237.11,643.88,529.52,2771.57,1850.8,0.6792,-0.623,-0.1992
Sawah_15,Sawah,Training,351.47,652.34,442.85,2964.03,1790.3,0.74,-0.6392,-0.2469
Sawah_15,Sawah,Training,303.64,604.39,492.49,3038.34,1787.44,0.721,-0.6682,-0.2592
Sawah_15,Sawah,Training,244.02,576.39,508.93,3045.84,1890.46,0.7137,-0.6817,-0.2341
Sawah_15,Sawah,Training,257.47,749.11,513.24,3055.08,1777.24,0.7123,-0.6062,-0.2644
Sawah_15,Sawah,Training,326.67,650.37,560.91,3011.47,1930.83,0.686,-0.6448,-0.2187
Sawah_15,Sawah,Training,284.25,565.7,516.63,2986.63,1766.59,0.7051,-0.6815,-0.2567
Sawah_15,Sawah,Training,353.26,687.16,454.18,2632.62,1778.94,0.7057,-0.586,-0.1935
Sawah_15,Sawah,Training,315.38,568.53,567.61,2884.81,1805.92,0.6712,-0.6707,-0.23
Sawah_15,Sawah,Training,228.2,521.05,514.05,2373.48,1951.9,0.644,-0.64,-0.0975
Sawah_15,Sawah,Training,292.09,794.59,615.4,2763.71,1784.05,0.6358,-0.5534,-0.2154
Sawah_15,Sawah,Training,349.78,702.19,418.1,2442.72,1706.69,0.7077,-0.5534,-0.1774
Sawah_15,Sawah,Training,329.14,629.81,553.49,2560.06,1452.58,0.6445,-0.6051,-0.276
Sawah_15,Sawah,Training,342.9,550.31,399.08,2829.01,1918.98,0.7527,-0.6743,-0.1917
Sawah_15,Sawah,Training,293.9,572.53,492.03,2725.88,1597.79,0.6942,-0.6528,-0.2609
Sawah_15,Sawah,Training,264.27,631.28,516.08,2833.61,1650.73,0.6919,-0.6356,-0.2638
Sawah_15,Sawah,Training,290.92,469.38,508.92,3085.77,1578.88,0.7168,-0.7359,-0.323
Sawah_16,Sawah,Training,270.7,619.75,562.64,2710.36,1696.16,0.6562,-0.6278,-0.2302
Sawah_16,Sawah,Training,201.55,606.21,602.1,2855.47,1796.66,0.6517,-0.6498,-0.2276
Sawah_16,Sawah,Training,316.1,599.33,459.35,2964.66,1833.86,0.7317,-0.6637,-0.2357
Sawah_16,Sawah,Training,300.88,541.48,565.18,2932.94,1717.06,0.6769,-0.6883,-0.2615
Sawah_16,Sawah,Training,350.09,570.15,460.9,2648.06,1534.34,0.7035,-0.6457,-0.2663
Sawah_16,Sawah,Training,323.58,490.13,438.58,2384.88,1787.09,0.6893,-0.659,-0.1433
Sawah_16,Sawah,Training,292.48,580.4,447.87,2565.55,1869.66,0.7027,-0.631,-0.1569
Sawah_16,Sawah,Training,272.47,618.98,455.74,2836.21,1995.49,0.7231,-0.6417,-0.174
Sawah_16,Sawah,Training,329.31,575.26,512.86,2751.87,1801.18,0.6858,-0.6542,-0.2088
Sawah_16,Sawah,Training,283.72,590.14,510.6,2601.33,1647.62,0.6718,-0.6302,-0.2245
Sawah_16,Sawah,Training,230.57,503.98,439.14,2831.89,1666.08,0.7315,-0.6978,-0.2592
Sawah_16,Sawah,Training,325.68,602.08,401.57,2931.0,1921.62,0.759,-0.6592,-0.208
Sawah_16,Sawah,Training,250.31,625.21,457.18,2819.53,1610.33,0.721,-0.637,-0.273
Sawah_16,Sawah,Training,210.34,577.03,493.81,2720.46,1622.4,0.6927,-0.65,-0.2528
Sawah_16,Sawah,Training,280.01,616.16,497.76,2836.5,1699.48,0.7014,-0.6431,-0.2507
Sawah_16,Sawah,Training,358.59,529.43,524.38,3036.38,1872.14,0.7055,-0.7031,-0.2372
Sawah_16,Sawah,Training,289.87,568.3,551.8,2515.41,1654.48,0.6402,-0.6314,-0.2065
Sawah_16,Sawah,Training,280.12,674.26,518.99,2606.39,1753.45,0.6679,-0.5889,-0.1956
Sawah_16,Sawah,Training,269.28,557.41,548.94,2525.65,2041.32,0.6429,-0.6384,-0.1061
Sawah_16,Sawah,Training,341.41,665.45,476.85,2770.01,1585.03,0.7063,-0.6126,-0.2721
Sawah_16,Sawah,Training,273.77,629.62,564.8,2578.57,1745.17,0.6406,-0.6075,-0.1927
Sawah_16,Sawah,Training,292.44,516.25,529.57,2655.2,1770.69,0.6674,-0.6744,-0.1998
Sawah_16,Sawah,Training,277.4,552.64,499.65,2756.88,1744.22,0.6931,-0.666,-0.225
Sawah_16,Sawah,Training,263.58,619.17,582.68,2827.98,1949.42,0.6583,-0.6408,-0.1839
Sawah_16,Sawah,Training,230.49,609.47,445.13,2504.62,1689.09,0.6982,-0.6086,-0.1945
Sawah_16,Sawah,Training,359.59,657.0,512.15,2493.46,1770.56,0.6592,-0.5829,-0.1695
Sawah_16,Sawah,Training,315.09,610.53,407.81,2621.94,1790.39,0.7308,-0.6223,-0.1885
Sawah_16,Sawah,Training,326.81,468.23,491.89,2828.61,1927.44,0.7037,-0.716,-0.1895
Sawah_16,Sawah,Training,334.64,634.95,460.0,2418.4,1741.04,0.6804,-0.5841,-0.1628
Sawah_16,Sawah,Training,350.08,683.61,535.53,2885.87,1856.95,0.687,-0.617,-0.2169
Sawah_16,Sawah,Training,272.19,592.2,583.45,2611.49,2042.22,0.6348,-0.6303,-0.1223
Sawah_16,Sawah,Training,283.9,679.53,429.66,2917.18,1689.48,0.7432,-0.6221,-0.2665
Sawah_16,Sawah,Training,229.24,613.11,550.47,2631.01,1575.15,0.654,-0.622,-0.251
Sawah_16,Sawah,Training,295.41,594.75,527.42,2989.92,1791.09,0.7001,-0.6682,-0.2507
Sawah_16,Sawah,Training,392.78,613.45,482.68,2477.69,1760.6,0.6739,-0.6031,-0.1692
Sawah_16,Sawah,Training,283.18,657.62,523.12,2564.13,1825.84,0.6611,-0.5918,-0.1682
Sawah_16,Sawah,Training,333.58,691.68,544.38,2952.17,1809.01,0.6886,-0.6204,-0.2401
Sawah_16,Sawah,Training,319.42,674.97,433.36,2730.11,1684.11,0.726,-0.6036,-0.237
Sawah_16,Sawah,Training,318.96,673.81,470.15,2321.94,1738.17,0.6632,-0.5502,-0.1438
Sawah_16,Sawah,Training,345.67,632.26,521.41,2744.0,1608.15,0.6806,-0.6255,-0.261
Sawah_16,Sawah,Training,325.76,549.94,609.2,2914.1,1712.9,0.6542,-0.6825,-0.2596
Sawah_16,Sawah,Training,269.43,594.42,488.02,3023.37,1827.96,0.722,-0.6714,-0.2464
Sawah_16,Sawah,Training,263.42,713.43,502.47,2953.77,1708.77,0.7092,-0.6109,-0.267
Sawah_16,Sawah,Training,318.16,618.67,405.52,3203.06,1993.6,0.7752,-0.6762,-0.2327
Sawah_16,Sawah,Training,280.14,533.86,517.38,2817.34,1853.35,0.6897,-0.6814,-0.2064
Sawah_16,Sawah,Training,309.58,630.37,572.37,2913.62,1642.55,0.6716,-0.6443,-0.279
Sawah_16,Sawah,Training,368.13,698.44,657.6,2575.3,1836.43,0.5932,-0.5733,-0.1675
Sawah_16,Sawah,Training,195.9,633.19,472.59,3184.69,1683.81,0.7416,-0.6683,-0.3083
Sawah_16,Sawah,Training,215.54,571.72,401.23,2950.22,1490.24,0.7606,-0.6753,-0.3288
Sawah_16,Sawah,Training,301.42,475.33,483.99,3128.68,1854.1,0.7321,-0.7362,-0.2558
Sawah_18,Sawah,Training,353.77,612.64,510.48,2581.67,1835.08,0.6698,-0.6164,-0.169
Sawah_18,Sawah,Training,351.77,549.84,571.22,2781.66,1666.83,0.6593,-0.6699,-0.2506
Sawah_18,Sawah,Training,349.88,582.79,537.98,2741.65,1791.03,0.6719,-0.6494,-0.2097
Sawah_18,Sawah,Training,324.68,617.45,400.22,2575.75,1939.41,0.731,-0.6133,-0.1409
Sawah_18,Sawah,Training,293.39,568.58,432.07,2584.05,1496.73,0.7135,-0.6393,-0.2664
Sawah_18,Sawah,Training,294.94,564.09,451.67,2786.38,1854.6,0.721,-0.6633,-0.2008
Sawah_18,Sawah,Training,404.66,509.29,557.97,2994.62,1683.14,0.6859,-0.7093,-0.2804
Sawah_18,Sawah,Training,310.16,572.54,509.28,3101.83,1890.84,0.7179,-0.6884,-0.2426
Sawah_18,Sawah,Training,325.43,574.18,425.8,2758.31,1980.99,0.7325,-0.6554,-0.164
Sawah_18,Sawah,Training,223.64,536.69,506.31,2603.07,1681.12,0.6743,-0.6581,-0.2152
Sawah_18,Sawah,Training,278.82,518.06,451.29,2940.69,1603.89,0.7339,-0.7004,-0.2942
Sawah_18,Sawah,Training,220.11,562.2,536.6,2760.62,1730.31,0.6745,-0.6616,-0.2294
Sawah_18,Sawah,Training,302.22,495.26,524.74,2876.69,1738.6,0.6915,-0.7062,-0.2466
Sawah_18,Sawah,Training,350.3,532.35,556.4,2830.9,1749.52,0.6715,-0.6834,-0.2361
Sawah_18,Sawah,Training,299.01,593.56,561.01,2584.66,1685.62,0.6433,-0.6265,-0.2105
Sawah_18,Sawah,Training,351.82,564.27,545.03,3139.89,1739.73,0.7042,-0.6953,-0.2869
Sawah_18,Sawah,Training,334.07,530.78,537.74,2839.88,1870.96,0.6816,-0.6851,-0.2057
Sawah_18,Sawah,Training,267.72,500.33,525.16,2387.32,1752.4,0.6394,-0.6535,-0.1534
Sawah_18,Sawah,Training,347.06,611.51,597.42,3005.02,1701.92,0.6683,-0.6618,-0.2768
Sawah_18,Sawah,Training,301.37,597.16,420.89,2611.92,1715.89,0.7224,-0.6278,-0.207
Sawah_18,Sawah,Training,198.19,602.85,487.55,2465.42,1860.63,0.6698,-0.607,-0.1398
Sawah_18,Sawah,Training,335.79,613.62,483.8,2918.29,1902.03,0.7156,-0.6525,-0.2108
Sawah_18,Sawah,Training,315.37,550.52,513.83,3039.1,1710.51,0.7108,-0.6933,-0.2797
Sawah_18,Sawah,Training,404.9,568.46,501.62,2665.5,1833.49,0.6832,-0.6484,-0.1849
Sawah_18,Sawah,Training,212.89,567.24,445.39,2827.07,1949.17,0.7278,-0.6658,-0.1838
Sawah_18,Sawah,Training,332.3,457.7,602.1,2859.06,1683.53,0.6521,-0.724,-0.2588
Sawah_18,Sawah,Training,307.86,610.57,466.66,2839.58,1708.88,0.7177,-0.6461,-0.2486
Sawah_18,Sawah,Training,279.78,558.82,428.37,2829.17,1887.79,0.737,-0.6701,-0.1996
Sawah_18,Sawah,Training,325.74,649.2,516.22,2693.45,1925.95,0.6783,-0.6116,-0.1661
Sawah_18,Sawah,Training,232.12,545.96,451.79,3016.01,1941.42,0.7394,-0.6935,-0.2168
Sawah_18,Sawah,Training,324.37,664.32,456.04,2869.72,1781.22,0.7258,-0.624,-0.234
Sawah_18,Sawah,Training,342.34,593.09,480.75,2908.18,1931.43,0.7163,-0.6612,-0.2018
Sawah_18,Sawah,Training,266.58,596.34,447.08,2300.39,1830.07,0.6746,-0.5883,-0.1139
Sawah_18,Sawah,Training,330.45,615.72,402.52,2729.83,1467.25,0.743,-0.6319,-0.3008
Sawah_18,Sawah,Training,368.49,534.84,562.77,2989.17,1664.91,0.6831,-0.6965,-0.2845
Sawah_18,Sawah,Training,243.36,621.02,457.78,2820.5,1727.58,0.7207,-0.6391,-0.2403
Sawah_18,Sawah,Training,210.94,466.17,511.33,2687.69,1717.04,0.6803,-0.7044,-0.2204
Sawah_18,Sawah,Training,334.79,670.41,486.37,2731.88,1875.02,0.6977,-0.6059,-0.186
Sawah_18,Sawah,Training,232.15,613.39,527.59,2936.05,1509.49,0.6954,-0.6544,-0.3209
Sawah_18,Sawah,Training,261.93,547.3,504.99,2896.15,2024.51,0.703,-0.6821,-0.1771
Sawah_18,Sawah,Training,275.25,570.15,557.48,2859.32,1990.15,0.6737,-0.6675,-0.1792
Sawah_18,Sawah,Training,314.44,530.57,433.34,2489.7,1899.31,0.7035,-0.6487,-0.1345
Sawah_18,Sawah,Training,359.43,710.96,542.16,3032.57,1713.0,0.6967,-0.6202,-0.2781
Sawah_18,Sawah,Training,242.18,651.0,520.88,2821.49,1858.11,0.6883,-0.6251,-0.2059
Sawah_18,Sawah,Training,316.16,677.03,564.75,2908.84,1926.87,0.6748,-0.6224,-0.2031
Sawah_18,Sawah,Training,325.7,572.33,537.83,2521.1,1958.08,0.6484,-0.63,-0.1257
Sawah_18,Sawah,Training,240.27,617.15,457.74,2910.68,1794.91,0.7282,-0.6501,-0.2371
Sawah_18,Sawah,Training,220.26,625.24,471.1,2976.23,1800.2,0.7267,-0.6528,-0.2462
Sawah_18,Sawah,Training,319.77,542.55,470.53,2708.27,1928.51,0.704,-0.6662,-0.1682
Sawah_18,Sawah,Training,383.87,551.69,553.84,2366.06,1620.87,0.6206,-0.6218,-0.1869
Sawah_20,Sawah,Training,355.2,584.62,488.2,2718.62,1719.79,0.6955,-0.646,-0.225
Sawah_20,Sawah,Training,314.75,510.16,564.05,2666.92,1908.29,0.6508,-0.6788,-0.1658
Sawah_20,Sawah,Training,236.5,640.13,533.6,2876.84,1650.84,0.6871,-0.636,-0.2708
Sawah_20,Sawah,Training,312.48,529.02,487.36,3005.88,1919.51,0.721,-0.7007,-0.2206
Sawah_20,Sawah,Training,300.76,541.51,532.28,2803.88,1451.95,0.6809,-0.6763,-0.3177
Sawah_20,Sawah,Training,339.13,598.55,560.12,2580.95,1323.49,0.6434,-0.6235,-0.3221
Sawah_20,Sawah,Training,313.95,617.49,415.47,2604.3,2213.28,0.7248,-0.6167,-0.0812
Sawah_20,Sawah,Training,284.72,643.86,467.47,2381.94,1774.46,0.6719,-0.5744,-0.1462
Sawah_20,Sawah,Training,286.72,576.01,494.27,2852.85,1777.48,0.7047,-0.664,-0.2322
Sawah_20,Sawah,Training,236.8,629.17,402.53,2389.93,1910.88,0.7117,-0.5832,-0.1114
Sawah_20,Sawah,Training,325.35,596.56,430.23,2658.42,1760.59,0.7214,-0.6334,-0.2032
Sawah_20,Sawah,Training,220.21,555.66,532.62,3085.46,1737.08,0.7056,-0.6948,-0.2796
Sawah_20,Sawah,Training,337.82,485.16,532.97,2639.21,1846.1,0.664,-0.6894,-0.1768
Sawah_20,Sawah,Training,287.61,679.22,456.28,2925.52,1758.07,0.7302,-0.6231,-0.2493
Sawah_20,Sawah,Training,292.08,588.97,457.72,2797.18,1790.6,0.7188,-0.6521,-0.2194
Sawah_20,Sawah,Training,312.06,605.07,539.9,2984.7,1642.41,0.6936,-0.6629,-0.2901
Sawah_20,Sawah,Training,343.44,528.82,529.39,2923.95,1513.3,0.6934,-0.6937,-0.3179
Sawah_20,Sawah,Training,304.65,571.89,462.06,3070.17,1701.95,0.7384,-0.686,-0.2867
Sawah_20,Sawah,Training,259.68,604.54,534.28,2771.67,1974.96,0.6768,-0.6419,-0.1678
Sawah_20,Sawah,Training,326.55,469.31,473.53,2687.63,1871.9,0.7004,-0.7027,-0.1789
Sawah_20,Sawah,Training,168.76,752.94,526.55,2829.78,1977.24,0.6862,-0.5797,-0.1774
Sawah_20,Sawah,Training,417.18,652.24,547.44,2826.14,1778.77,0.6755,-0.625,-0.2274
Sawah_20,Sawah,Training,276.21,550.43,465.65,2529.89,1788.62,0.6891,-0.6426,-0.1716
Sawah_20,Sawah,Training,215.77,611.45,498.18,2829.39,1721.68,0.7006,-0.6446,-0.2434
Sawah_20,Sawah,Training,453.84,681.61,437.77,2846.57,1708.8,0.7334,-0.6136,-0.2498
Sawah_20,Sawah,Training,249.28,519.6,521.61,2663.72,1945.17,0.6725,-0.6736,-0.1559
Sawah_20,Sawah,Training,349.69,682.43,457.38,2895.07,1894.87,0.7271,-0.6185,-0.2088
Sawah_20,Sawah,Training,276.29,553.69,580.48,2845.5,1895.4,0.6611,-0.6742,-0.2004
Sawah_20,Sawah,Training,258.9,526.84,471.53,2775.2,1640.37,0.7095,-0.6809,-0.257
Sawah_20,Sawah,Training,299.51,498.69,444.0,2934.18,1890.57,0.7371,-0.7095,-0.2163
Sawah_20,Sawah,Training,280.41,538.93,448.63,2725.35,1896.68,0.7173,-0.6698,-0.1793
Sawah_20,Sawah,Training,346.41,570.21,442.33,2853.57,1676.47,0.7316,-0.6669,-0.2598
Sawah_20,Sawah,Training,274.09,679.52,541.36,2831.59,1609.21,0.679,-0.6129,-0.2753
Sawah_20,Sawah,Training,310.57,663.76,481.22,3070.22,1993.91,0.729,-0.6445,-0.2125
Sawah_20,Sawah,Training,383.19,618.31,529.37,3082.84,1867.11,0.7069,-0.6659,-0.2456
Sawah_20,Sawah,Training,274.94,573.09,511.93,2541.89,1778.51,0.6647,-0.632,-0.1767
Sawah_20,Sawah,Training,354.83,468.52,576.72,3024.47,1731.04,0.6797,-0.7317,-0.272
Sawah_20,Sawah,Training,327.17,600.19,561.5,2996.54,1589.99,0.6844,-0.6663,-0.3067
Sawah_20,Sawah,Training,329.36,587.66,504.14,2654.37,2062.22,0.6808,-0.6375,-0.1255
Sawah_20,Sawah,Training,352.0,555.61,433.27,2722.87,1865.18,0.7254,-0.6611,-0.1869
Sawah_20,Sawah,Training,312.01,675.19,539.5,2993.91,1849.03,0.6946,-0.632,-0.2364
Sawah_20,Sawah,Training,230.54,588.26,553.0,2789.7,1875.46,0.6691,-0.6517,-0.196
Sawah_20,Sawah,Training,284.06,538.21,493.83,2861.81,1701.65,0.7057,-0.6834,-0.2542
Sawah_20,Sawah,Training,288.21,543.63,555.96,2741.11,2017.91,0.6628,-0.669,-0.152
Sawah_20,Sawah,Training,376.44,595.14,449.58,2382.82,1579.19,0.6825,-0.6003,-0.2028
Sawah_20,Sawah,Training,231.31,682.71,505.79,2877.92,1466.94,0.701,-0.6165,-0.3247
Sawah_20,Sawah,Training,240.1,653.22,514.34,2770.56,1884.73,0.6868,-0.6184,-0.1903
Sawah_20,Sawah,Training,381.79,586.74,503.47,2838.52,2158.82,0.6987,-0.6574,-0.136
Sawah_20,Sawah,Training,195.03,640.99,494.26,2913.35,1701.39,0.7099,-0.6393,-0.2626
Sawah_20,Sawah,Training,297.55,642.68,655.65,2961.61,1672.79,0.6375,-0.6434,-0.2781
Sawah_21,Sawah,Training,278.81,572.8,410.22,2733.98,1909.92,0.7391,-0.6536,-0.1774
Sawah_21,Sawah,Training,236.29,662.91,524.39,2653.15,1778.77,0.6699,-0.6002,-0.1973
Sawah_21,Sawah,Training,379.92,644.01,500.44,2752.46,1811.49,0.6923,-0.6208,-0.2062
Sawah_21,Sawah,Training,274.41,473.72,602.11,2831.06,1859.72,0.6492,-0.7133,-0.2071
Sawah_21,Sawah,Training,297.1,555.89,490.7,2480.12,2141.56,0.6697,-0.6338,-0.0733
Sawah_21,Sawah,Training,238.27,538.08,477.99,3057.62,1802.18,0.7296,-0.7007,-0.2583
Sawah_21,Sawah,Training,238.19,675.26,536.55,2907.69,1907.36,0.6884,-0.6231,-0.2078
Sawah_21,Sawah,Training,419.72,731.11,465.66,3124.78,1857.48,0.7406,-0.6208,-0.2544
Sawah_21,Sawah,Training,324.95,498.46,491.48,2637.44,1924.21,0.6858,-0.6821,-0.1564
Sawah_21,Sawah,Training,353.55,475.53,498.9,3024.37,1772.0,0.7168,-0.7283,-0.2611
Sawah_21,Sawah,Training,336.45,621.07,517.08,2745.74,1617.51,0.683,-0.6311,-0.2586
Sawah_21,Sawah,Training,243.92,642.56,500.97,2772.3,1736.42,0.6939,-0.6237,-0.2298
Sawah_21,Sawah,Training,284.74,662.81,483.24,2531.79,1911.55,0.6794,-0.585,-0.1396
Sawah_21,Sawah,Training,289.76,601.88,580.38,2795.89,1843.38,0.6562,-0.6457,-0.2053
Sawah_21,Sawah,Training,241.05,586.82,530.48,2488.93,1830.13,0.6486,-0.6184,-0.1525
Sawah_21,Sawah,Training,305.04,602.48,551.86,2866.89,2021.71,0.6772,-0.6527,-0.1729
Sawah_21,Sawah,Training,250.32,608.16,504.22,2586.15,1943.44,0.6737,-0.6192,-0.1419
Sawah_21,Sawah,Training,416.23,598.98,525.25,2816.9,1692.96,0.6857,-0.6493,-0.2492
Sawah_21,Sawah,Training,208.96,557.65,430.4,3140.82,1782.73,0.759,-0.6984,-0.2758
Sawah_21,Sawah,Training,282.7,653.35,443.91,2646.63,1810.21,0.7127,-0.604,-0.1877
Sawah_21,Sawah,Training,351.44,630.1,512.42,2815.62,1860.04,0.6921,-0.6343,-0.2044
Sawah_21,Sawah,Training,310.08,538.2,502.3,2585.26,1812.16,0.6746,-0.6554,-0.1758
Sawah_21,Sawah,Training,275.97,752.36,498.01,2519.15,1779.87,0.6699,-0.5401,-0.172
Sawah_21,Sawah,Training,325.97,700.4,470.53,2483.51,1922.53,0.6814,-0.56,-0.1273
Sawah_21,Sawah,Training,230.97,573.83,487.12,2786.07,1903.37,0.7024,-0.6584,-0.1882
Sawah_21,Sawah,Training,265.82,583.58,499.29,2829.92,1814.67,0.7001,-0.6581,-0.2186
Sawah_21,Sawah,Training,321.8,650.63,519.63,2890.72,1562.67,0.6953,-0.6326,-0.2982
Sawah_21,Sawah,Training,302.51,628.77,536.45,2661.53,1701.14,0.6645,-0.6178,-0.2201
Sawah_21,Sawah,Training,271.29,632.18,551.69,2718.51,1936.19,0.6626,-0.6227,-0.1681
Sawah_21,Sawah,Training,306.17,592.54,489.43,2949.32,1848.84,0.7153,-0.6654,-0.2294
Sawah_21,Sawah,Training,413.79,548.87,525.91,2694.16,1669.61,0.6734,-0.6615,-0.2348
Sawah_21,Sawah,Training,299.46,608.24,645.91,2763.17,1630.47,0.6211,-0.6392,-0.2578
Sawah_21,Sawah,Training,313.65,475.52,495.4,2803.21,1919.19,0.6996,-0.7099,-0.1872
Sawah_21,Sawah,Training,348.68,569.79,492.47,2646.78,1630.79,0.6862,-0.6457,-0.2375
Sawah_21,Sawah,Training,315.49,523.58,479.27,2600.97,1882.45,0.6888,-0.6649,-0.1603
Sawah_21,Sawah,Training,390.07,521.9,407.35,2775.02,1802.35,0.744,-0.6834,-0.2125
Sawah_21,Sawah,Training,310.93,573.22,489.97,2873.5,1956.06,0.7087,-0.6674,-0.19
Sawah_21,Sawah,Training,202.25,577.86,510.69,2616.4,2059.68,0.6734,-0.6382,-0.1191
Sawah_21,Sawah,Training,268.23,597.52,527.8,2681.74,1523.01,0.6711,-0.6356,-0.2756
Sawah_21,Sawah,Training,278.57,661.77,483.16,2630.71,1938.85,0.6897,-0.598,-0.1514
Sawah_21,Sawah,Training,283.46,569.39,507.47,2954.15,2157.26,0.7068,-0.6768,-0.1559
Sawah_21,Sawah,Training,341.36,669.59,474.7,2594.83,1809.35,0.6907,-0.5898,-0.1783
Sawah_21,Sawah,Training,305.36,535.29,491.24,2879.86,1854.06,0.7086,-0.6865,-0.2167
Sawah_21,Sawah,Training,325.21,617.46,474.65,2697.22,1620.16,0.7007,-0.6274,-0.2495
Sawah_21,Sawah,Training,389.24,600.81,488.76,2614.24,2240.35,0.685,-0.6263,-0.077
Sawah_21,Sawah,Training,246.33,574.27,520.79,2920.04,1943.69,0.6973,-0.6713,-0.2007
Sawah_21,Sawah,Training,390.38,630.37,447.2,2748.61,1846.17,0.7201,-0.6269,-0.1964
Sawah_21,Sawah,Training,403.41,516.13,560.13,2835.98,1925.67,0.6701,-0.6921,-0.1912
Sawah_21,Sawah,Training,294.9,549.45,537.54,2930.89,1945.81,0.69,-0.6843,-0.202
Sawah_21,Sawah,Training,299.33,564.01,422.06,2963.87,1863.58,0.7507,-0.6803,-0.2279
Sawah_22,Sawah,Training,251.71,567.69,476.66,2503.4,1677.35,0.6801,-0.6303,-0.1976
Sawah_22,Sawah,Training,243.31,575.25,463.07,2474.6,2103.39,0.6847,-0.6228,-0.0811
Sawah_22,Sawah,Training,362.63,553.26,513.62,2883.49,1978.66,0.6976,-0.678,-0.1861
Sawah_22,Sawah,Training,259.07,665.53,472.6,2532.83,1908.62,0.6855,-0.5838,-0.1405
Sawah_22,Sawah,Training,364.54,755.27,440.01,2939.78,1738.53,0.7396,-0.5912,-0.2568
Sawah_22,Sawah,Training,339.17,511.77,436.86,2644.83,1811.84,0.7165,-0.6757,-0.1869
Sawah_22,Sawah,Training,267.95,639.54,551.34,2919.92,2042.82,0.6823,-0.6407,-0.1767
Sawah_22,Sawah,Training,320.79,526.99,568.17,2678.97,1936.56,0.65,-0.6712,-0.1608
Sawah_22,Sawah,Training,378.69,627.4,425.19,2616.36,1998.41,0.7204,-0.6132,-0.1339
Sawah_22,Sawah,Training,291.54,604.77,537.94,2939.26,1841.82,0.6906,-0.6587,-0.2295
Sawah_22,Sawah,Training,289.57,581.24,542.89,2910.71,1761.4,0.6856,-0.6671,-0.246
Sawah_22,Sawah,Training,354.11,592.26,457.42,2648.21,1653.19,0.7054,-0.6345,-0.2313
Sawah_22,Sawah,Training,286.38,674.02,459.75,2837.7,1701.5,0.7212,-0.6161,-0.2503
Sawah_22,Sawah,Training,286.98,509.4,488.97,2761.26,1881.04,0.6991,-0.6885,-0.1896
Sawah_22,Sawah,Training,311.16,528.1,554.21,2842.06,1829.76,0.6736,-0.6866,-0.2167
Sawah_22,Sawah,Training,299.54,568.93,510.89,2895.12,1537.97,0.7,-0.6715,-0.3061
Sawah_22,Sawah,Training,273.06,584.7,512.81,3038.66,1684.24,0.7112,-0.6773,-0.2868
Sawah_22,Sawah,Training,275.1,569.25,459.92,2730.56,1915.62,0.7117,-0.655,-0.1754
Sawah_22,Sawah,Training,247.31,625.67,414.9,2687.73,1750.58,0.7325,-0.6223,-0.2112
Sawah_22,Sawah,Training,383.74,583.51,389.94,2400.22,1805.1,0.7205,-0.6089,-0.1415
Sawah_22,Sawah,Training,330.69,622.53,508.38,3032.45,1719.06,0.7128,-0.6594,-0.2764
Sawah_22,Sawah,Training,344.75,502.08,454.75,2438.59,1758.77,0.6857,-0.6585,-0.162
Sawah_22,Sawah,Training,297.69,606.85,503.09,2614.49,1771.46,0.6773,-0.6232,-0.1922
Sawah_22,Sawah,Training,225.13,681.79,484.82,2702.22,2038.34,0.6958,-0.5971,-0.14
Sawah_22,Sawah,Training,237.89,532.46,445.19,2786.43,1864.74,0.7245,-0.6791,-0.1982
Sawah_22,Sawah,Training,336.98,754.32,387.53,2921.75,1716.43,0.7658,-0.5896,-0.2599
Sawah_22,Sawah,Training,270.68,562.81,454.56,3136.9,1926.34,0.7469,-0.6958,-0.2391
Sawah_22,Sawah,Training,301.16,681.06,424.37,2533.86,1473.3,0.7131,-0.5763,-0.2647
Sawah_22,Sawah,Training,265.03,609.7,505.14,2829.87,1588.34,0.6971,-0.6455,-0.281
Sawah_22,Sawah,Training,340.16,614.38,536.65,2421.45,1846.72,0.6372,-0.5952,-0.1347
Sawah_22,Sawah,Training,240.61,576.16,526.72,2818.22,1672.27,0.6851,-0.6605,-0.2552
Sawah_22,Sawah,Training,300.31,508.11,557.51,2758.94,1967.78,0.6638,-0.689,-0.1674
Sawah_22,Sawah,Training,273.67,568.59,461.79,2975.23,1693.59,0.7313,-0.6791,-0.2745
Sawah_22,Sawah,Training,332.23,577.05,401.2,2685.94,1623.13,0.7401,-0.6463,-0.2466
Sawah_22,Sawah,Training,301.7,528.58,546.3,2781.78,1773.36,0.6717,-0.6807,-0.2214
Sawah_22,Sawah,Training,332.79,657.83,499.0,2645.76,1533.9,0.6826,-0.6017,-0.266
Sawah_22,Sawah,Training,265.7,562.97,505.35,2730.97,1903.19,0.6877,-0.6582,-0.1786
Sawah_22,Sawah,Training,269.35,596.58,559.2,2868.37,1790.99,0.6737,-0.6556,-0.2312
Sawah_22,Sawah,Training,269.9,562.01,457.47,2691.8,1913.35,0.7095,-0.6546,-0.169
Sawah_22,Sawah,Training,288.91,519.01,588.41,2863.99,1588.96,0.6591,-0.6932,-0.2863
Sawah_22,Sawah,Training,277.91,606.65,585.23,2578.38,1946.41,0.63,-0.6191,-0.1397
Sawah_22,Sawah,Training,369.97,562.28,486.12,2592.74,1769.48,0.6842,-0.6436,-0.1887
Sawah_22,Sawah,Training,298.17,639.58,554.51,2650.38,1504.9,0.654,-0.6112,-0.2757
Sawah_22,Sawah,Training,298.94,617.61,512.47,2734.67,1818.71,0.6844,-0.6315,-0.2012
Sawah_22,Sawah,Training,375.77,622.9,481.33,2699.96,1774.52,0.6974,-0.6251,-0.2068
Sawah_22,Sawah,Training,381.84,589.0,499.01,2703.54,1964.85,0.6884,-0.6422,-0.1582
Sawah_22,Sawah,Training,397.99,627.04,504.14,2807.36,1442.35,0.6955,-0.6348,-0.3212
Sawah_22,Sawah,Training,337.26,608.05,521.42,2657.71,1742.33,0.672,-0.6276,-0.208
Sawah_22,Sawah,Training,279.45,661.3,481.06,3216.53,1864.63,0.7398,-0.6589,-0.2661
Sawah_22,Sawah,Training,236.22,592.29,467.42,2361.12,2039.92,0.6695,-0.5989,-0.073
Sawah_24,Sawah,Training,297.74,526.01,569.55,2528.81,1770.63,0.6324,-0.6556,-0.1763
Sawah_24,Sawah,Training,247.89,634.23,483.43,2696.27,1927.98,0.6959,-0.6191,-0.1661
Sawah_24,Sawah,Training,301.47,631.0,450.93,2519.04,1816.08,0.6963,-0.5994,-0.1622
Sawah_24,Sawah,Training,284.06,637.59,496.0,2841.02,1556.49,0.7027,-0.6334,-0.2921
Sawah_24,Sawah,Training,394.42,590.15,534.88,2632.78,1846.2,0.6623,-0.6338,-0.1756
Sawah_24,Sawah,Training,234.86,627.12,482.2,2805.84,1904.7,0.7067,-0.6346,-0.1913
Sawah_24,Sawah,Training,238.37,558.93,522.87,3219.64,1779.29,0.7206,-0.7042,-0.2881
Sawah_24,Sawah,Training,329.56,593.58,597.11,2450.56,1814.19,0.6082,-0.61,-0.1492
Sawah_24,Sawah,Training,218.72,449.61,514.87,2827.9,1757.27,0.6919,-0.7256,-0.2335
Sawah_24,Sawah,Training,294.69,785.9,487.09,2902.02,1702.6,0.7126,-0.5738,-0.2605
Sawah_24,Sawah,Training,314.76,585.71,479.47,3163.78,1976.58,0.7368,-0.6876,-0.231
Sawah_24,Sawah,Training,306.84,461.75,481.95,3340.61,1765.4,0.7478,-0.7571,-0.3085
Sawah_24,Sawah,Training,355.16,686.52,510.95,2631.64,1434.7,0.6748,-0.5862,-0.2944
Sawah_24,Sawah,Training,334.21,551.11,508.81,2550.04,1760.21,0.6673,-0.6446,-0.1832
Sawah_24,Sawah,Training,301.69,616.12,444.26,3039.38,1710.47,0.7449,-0.6629,-0.2798
Sawah_24,Sawah,Training,216.28,593.46,501.72,2832.12,2004.32,0.699,-0.6535,-0.1712
Sawah_24,Sawah,Training,288.18,592.82,444.84,2964.11,1827.65,0.739,-0.6667,-0.2372
Sawah_24,Sawah,Training,279.0,485.72,572.22,2554.46,1711.31,0.634,-0.6805,-0.1977
Sawah_24,Sawah,Training,317.92,528.21,425.32,2375.21,1908.15,0.6963,-0.6361,-0.109
Sawah_24,Sawah,Training,272.74,775.64,450.28,2615.71,1715.19,0.7063,-0.5426,-0.2079
Sawah_24,Sawah,Training,312.16,571.79,530.62,2604.28,1592.76,0.6615,-0.6399,-0.241
Sawah_24,Sawah,Training,210.09,466.59,474.1,2739.8,1705.28,0.705,-0.709,-0.2327
Sawah_24,Sawah,Training,362.17,673.68,483.26,2441.22,1714.99,0.6695,-0.5674,-0.1747
Sawah_24,Sawah,Training,270.01,560.57,465.11,2669.31,1742.02,0.7032,-0.6529,-0.2102
Sawah_24,Sawah,Training,268.22,612.5,518.02,2617.87,1990.66,0.6696,-0.6208,-0.1361
Sawah_24,Sawah,Training,251.0,502.93,519.04,2636.52,1848.19,0.671,-0.6796,-0.1758
Sawah_24,Sawah,Training,179.82,683.55,533.61,2499.9,1578.18,0.6482,-0.5706,-0.226
Sawah_24,Sawah,Training,383.61,555.76,458.29,2346.79,1747.38,0.6732,-0.6171,-0.1464
Sawah_24,Sawah,Training,288.61,642.93,430.05,2495.94,1867.64,0.7061,-0.5903,-0.144
Sawah_24,Sawah,Training,350.34,505.73,554.08,2807.51,1963.77,0.6703,-0.6947,-0.1768
Sawah_24,Sawah,Training,296.49,448.66,492.4,3012.03,1665.94,0.719,-0.7407,-0.2878
Sawah_24,Sawah,Training,280.6,589.43,355.02,3134.27,1664.79,0.7965,-0.6834,-0.3062
Sawah_24,Sawah,Training,325.29,594.8,562.88,2881.21,1764.76,0.6731,-0.6578,-0.2403
Sawah_24,Sawah,Training,255.32,647.87,406.33,2929.18,1635.14,0.7564,-0.6378,-0.2835
Sawah_24,Sawah,Training,362.61,609.68,532.21,2816.4,1537.14,0.6821,-0.6441,-0.2938
Sawah_24,Sawah,Training,256.96,640.34,508.33,3036.2,1860.49,0.7132,-0.6517,-0.2401
Sawah_24,Sawah,Training,251.66,552.24,505.15,2337.19,2051.02,0.6446,-0.6178,-0.0652
Sawah_24,Sawah,Training,322.09,673.62,420.97,3048.91,2134.72,0.7574,-0.6381,-0.1764
Sawah_24,Sawah,Training,233.96,646.28,500.06,2491.11,1873.93,0.6656,-0.588,-0.1414
Sawah_24,Sawah,Training,341.68,563.93,558.3,2466.65,1575.79,0.6309,-0.6278,-0.2204
Sawah_24,Sawah,Training,306.83,601.52,464.17,2961.92,1879.63,0.729,-0.6624,-0.2235
Sawah_24,Sawah,Training,342.91,592.61,530.13,2710.87,2108.07,0.6729,-0.6412,-0.1251
Sawah_24,Sawah,Training,259.37,726.32,501.74,2524.9,2005.21,0.6684,-0.5532,-0.1147
Sawah_24,Sawah,Training,306.3,651.07,561.19,2867.59,1711.16,0.6727,-0.6299,-0.2526
Sawah_24,Sawah,Training,348.79,600.05,534.29,2369.25,1867.05,0.632,-0.5958,-0.1185
Sawah_24,Sawah,Training,268.07,699.2,531.15,2847.97,1872.95,0.6856,-0.6058,-0.2065
Sawah_24,Sawah,Training,250.08,697.4,599.57,2878.58,2038.56,0.6552,-0.61,-0.1708
Sawah_24,Sawah,Training,271.54,552.17,502.05,2886.99,1740.9,0.7037,-0.6789,-0.2476
Sawah_24,Sawah,Training,326.89,618.38,450.08,2903.76,1929.53,0.7316,-0.6489,-0.2016
Sawah_24,Sawah,Training,308.57,669.16,439.13,2893.59,1624.46,0.7365,-0.6244,-0.2809
Sawah_25,Sawah,Training,244.3,562.14,452.9,2690.4,1767.88,0.7118,-0.6543,-0.2069
Sawah_25,Sawah,Training,341.86,580.73,420.72,3028.01,1674.44,0.756,-0.6782,-0.2878
Sawah_25,Sawah,Training,297.06,626.79,509.98,3018.84,1871.85,0.711,-0.6561,-0.2345
Sawah_25,Sawah,Training,256.93,730.71,509.72,2770.53,1944.59,0.6892,-0.5826,-0.1752
Sawah_25,Sawah,Training,312.47,623.95,624.61,2744.98,1752.34,0.6293,-0.6296,-0.2207
Sawah_25,Sawah,Training,305.83,664.29,424.67,2406.89,1711.93,0.7,-0.5674,-0.1687
Sawah_25,Sawah,Training,218.3,574.51,525.12,2621.85,1585.98,0.6663,-0.6405,-0.2462
Sawah_25,Sawah,Training,303.47,651.75,415.25,2964.05,1922.6,0.7542,-0.6395,-0.2131
Sawah_25,Sawah,Training,347.7,673.11,610.1,2728.78,1816.44,0.6345,-0.6043,-0.2007
Sawah_25,Sawah,Training,279.18,600.12,576.64,2531.0,1670.84,0.6289,-0.6167,-0.2047
Sawah_25,Sawah,Training,368.86,661.2,481.84,2970.88,1851.18,0.7209,-0.6359,-0.2322
Sawah_25,Sawah,Training,375.01,604.47,551.28,3328.4,1889.71,0.7158,-0.6926,-0.2757
Sawah_25,Sawah,Training,302.47,643.35,481.74,3277.59,1827.01,0.7437,-0.6718,-0.2842
Sawah_25,Sawah,Training,286.35,549.86,554.86,2973.44,1725.4,0.6855,-0.6879,-0.2656
Sawah_25,Sawah,Training,328.82,509.49,509.25,2890.55,2056.1,0.7004,-0.7003,-0.1687
Sawah_25,Sawah,Training,261.46,523.3,455.23,2532.69,2000.5,0.6953,-0.6575,-0.1174
Sawah_25,Sawah,Training,377.43,619.21,561.06,2826.79,1785.73,0.6688,-0.6406,-0.2257
Sawah_25,Sawah,Training,283.35,581.38,422.61,2852.85,1793.95,0.742,-0.6614,-0.2279
Sawah_25,Sawah,Training,337.27,605.61,491.86,2625.76,1810.82,0.6845,-0.6252,-0.1837
Sawah_25,Sawah,Training,336.91,531.4,504.37,2846.61,1692.29,0.699,-0.6854,-0.2543
Sawah_25,Sawah,Training,270.61,613.84,443.33,2869.98,1665.7,0.7324,-0.6476,-0.2655
Sawah_25,Sawah,Training,353.14,740.27,456.96,2906.84,1690.99,0.7283,-0.5941,-0.2644
Sawah_25,Sawah,Training,352.05,524.08,524.03,2625.4,1768.95,0.6672,-0.6672,-0.1949
Sawah_25,Sawah,Training,248.45,649.34,458.15,2910.39,1748.39,0.728,-0.6352,-0.2494
Sawah_25,Sawah,Training,294.28,608.87,461.91,2842.07,2029.55,0.7204,-0.6471,-0.1668
Sawah_25,Sawah,Training,261.1,670.31,574.9,2636.77,1581.74,0.642,-0.5946,-0.2501
Sawah_25,Sawah,Training,315.1,567.16,593.43,2806.96,1679.67,0.651,-0.6638,-0.2513
Sawah_25,Sawah,Training,242.64,665.39,471.44,2808.77,1943.37,0.7126,-0.6169,-0.1821
Sawah_25,Sawah,Training,275.79,597.24,499.17,2936.66,1888.61,0.7094,-0.662,-0.2172
Sawah_25,Sawah,Training,288.99,603.82,481.41,2504.48,1838.64,0.6775,-0.6115,-0.1533
Sawah_25,Sawah,Training,394.61,546.98,461.35,2625.85,1908.69,0.7011,-0.6552,-0.1582
Sawah_25,Sawah,Training,322.42,590.49,454.1,2818.48,1565.31,0.7225,-0.6536,-0.2859
Sawah_25,Sawah,Training,307.17,652.29,437.44,2493.5,2036.92,0.7015,-0.5853,-0.1008
Sawah_25,Sawah,Training,269.41,668.16,492.3,2767.61,1865.76,0.698,-0.6111,-0.1946
Sawah_25,Sawah,Training,255.8,607.95,480.93,2535.9,1850.62,0.6812,-0.6132,-0.1562
Sawah_25,Sawah,Training,286.83,590.58,439.49,3118.28,1931.51,0.7529,-0.6815,-0.235
Sawah_25,Sawah,Training,348.21,581.67,413.54,3190.58,1790.84,0.7705,-0.6916,-0.281
Sawah_25,Sawah,Training,262.56,625.01,558.36,2795.39,1991.79,0.667,-0.6345,-0.1679
Sawah_25,Sawah,Training,354.15,535.42,466.31,2991.51,1393.11,0.7303,-0.6964,-0.3645
Sawah_25,Sawah,Training,292.53,514.15,476.17,2740.24,1746.26,0.7039,-0.684,-0.2215
Sawah_25,Sawah,Training,272.39,534.17,614.6,3173.49,1625.69,0.6755,-0.7119,-0.3225
Sawah_25,Sawah,Training,379.11,576.03,506.46,2787.35,1701.04,0.6925,-0.6575,-0.242
Sawah_25,Sawah,Training,349.19,607.55,476.17,2539.08,1665.96,0.6842,-0.6138,-0.2076
Sawah_25,Sawah,Training,217.93,600.73,440.17,2746.89,2005.52,0.7238,-0.6411,-0.156
Sawah_25,Sawah,Training,359.96,598.06,495.65,3175.97,1878.11,0.73,-0.6831,-0.2568
Sawah_25,Sawah,Training,283.61,514.44,519.69,2965.86,1705.25,0.7018,-0.7044,-0.2699
Sawah_25,Sawah,Training,314.56,578.19,490.8,2302.44,1766.73,0.6486,-0.5986,-0.1316
Sawah_25,Sawah,Training,348.47,562.12,502.63,2648.81,1854.07,0.681,-0.6499,-0.1765
Sawah_25,Sawah,Training,289.17,543.65,566.63,2985.79,1709.26,0.681,-0.6919,-0.2719
Sawah_25,Sawah,Training,324.89,632.24,532.12,2461.15,1950.99,0.6445,-0.5912,-0.1156
Sawah_27,Sawah,Training,361.36,527.39,521.93,2525.99,1959.81,0.6575,-0.6546,-0.1262
Sawah_27,Sawah,Training,287.1,676.11,524.57,2555.36,2013.69,0.6594,-0.5815,-0.1186
Sawah_27,Sawah,Training,377.56,652.94,461.92,2738.8,1821.81,0.7114,-0.615,-0.2011
Sawah_27,Sawah,Training,264.81,701.54,507.22,2259.33,1850.9,0.6333,-0.5261,-0.0994
Sawah_27,Sawah,Training,282.59,595.5,481.57,2961.41,1967.95,0.7203,-0.6652,-0.2015
Sawah_27,Sawah,Training,314.15,579.64,497.93,2803.92,1679.64,0.6984,-0.6574,-0.2508
Sawah_27,Sawah,Training,328.95,627.6,577.02,3051.07,1697.15,0.6819,-0.6588,-0.2851
Sawah_27,Sawah,Training,341.01,542.94,534.8,2696.68,1646.51,0.669,-0.6648,-0.2418
Sawah_27,Sawah,Training,314.0,439.53,412.45,2764.5,1812.37,0.7403,-0.7256,-0.208
Sawah_27,Sawah,Training,281.53,505.23,459.11,2878.24,1887.27,0.7249,-0.7014,-0.2079
Sawah_27,Sawah,Training,299.19,669.41,519.87,2650.51,1757.92,0.672,-0.5967,-0.2025
Sawah_27,Sawah,Training,229.86,593.51,555.61,2937.06,2010.3,0.6818,-0.6638,-0.1873
Sawah_27,Sawah,Training,284.86,680.77,490.33,3094.32,1796.72,0.7264,-0.6393,-0.2653
Sawah_27,Sawah,Training,335.36,688.51,490.33,2843.68,1993.33,0.7059,-0.6102,-0.1758
Sawah_27,Sawah,Training,293.35,520.75,607.15,2706.05,1823.81,0.6335,-0.6772,-0.1948
Sawah_27,Sawah,Training,357.8,563.49,449.61,2850.75,1531.04,0.7275,-0.6699,-0.3012
Sawah_27,Sawah,Training,285.6,614.7,486.5,2491.31,2039.13,0.6732,-0.6042,-0.0998
Sawah_27,Sawah,Training,305.18,685.87,487.0,2624.0,1840.38,0.6869,-0.5856,-0.1755
Sawah_27,Sawah,Training,289.21,529.33,573.49,2675.55,1523.96,0.647,-0.6697,-0.2742
Sawah_27,Sawah,Training,366.41,569.74,469.61,2446.92,2061.14,0.678,-0.6223,-0.0856
Sawah_27,Sawah,Training,235.53,603.51,545.63,2884.34,1791.05,0.6818,-0.6539,-0.2338
Sawah_27,Sawah,Training,214.92,551.42,509.39,2642.57,1830.5,0.6768,-0.6547,-0.1815
Sawah_27,Sawah,Training,334.09,657.75,438.69,3239.33,1915.12,0.7615,-0.6624,-0.2569
Sawah_27,Sawah,Training,299.91,665.37,618.27,2512.26,1766.21,0.605,-0.5812,-0.1744
Sawah_27,Sawah,Training,181.08,611.56,518.27,2792.17,1701.82,0.6869,-0.6407,-0.2426
Sawah_27,Sawah,Training,197.52,622.41,572.77,2681.8,1866.01,0.648,-0.6233,-0.1794
Sawah_27,Sawah,Training,221.59,627.43,480.33,2647.52,1685.95,0.6929,-0.6168,-0.2219
Sawah_27,Sawah,Training,280.32,622.95,434.39,2720.58,1793.78,0.7246,-0.6274,-0.2053
Sawah_27,Sawah,Training,245.05,707.8,457.33,2666.11,1653.25,0.7072,-0.5804,-0.2345
Sawah_27,Sawah,Training,389.92,633.17,453.17,3021.25,1830.1,0.7391,-0.6535,-0.2455
Sawah_27,Sawah,Training,312.86,579.33,462.53,2867.55,1718.24,0.7222,-0.6639,-0.2506
Sawah_27,Sawah,Training,390.84,523.84,576.81,2777.74,1844.86,0.6561,-0.6827,-0.2018
Sawah_27,Sawah,Training,341.66,562.19,543.21,2258.49,1692.0,0.6122,-0.6014,-0.1434
Sawah_27,Sawah,Training,253.8,524.79,489.25,2877.15,1905.4,0.7093,-0.6915,-0.2032
Sawah_27,Sawah,Training,312.04,560.06,518.45,2824.86,1940.41,0.6899,-0.6691,-0.1856
Sawah_27,Sawah,Training,338.85,601.83,455.14,2669.41,1717.53,0.7087,-0.632,-0.217
Sawah_27,Sawah,Training,284.24,616.08,535.76,2789.78,1802.42,0.6778,-0.6382,-0.215
Sawah_27,Sawah,Training,307.17,569.05,453.73,2448.91,1695.73,0.6874,-0.6229,-0.1817
Sawah_27,Sawah,Training,323.66,557.83,488.11,2893.29,1878.1,0.7113,-0.6767,-0.2128
Sawah_27,Sawah,Training,246.02,659.82,556.37,2574.03,1676.42,0.6445,-0.5919,-0.2112
Sawah_27,Sawah,Training,359.55,591.19,389.01,2520.06,1762.59,0.7326,-0.62,-0.1769
Sawah_27,Sawah,Training,241.85,575.19,501.62,3092.45,1756.43,0.7209,-0.6863,-0.2755
Sawah_27,Sawah,Training,353.63,685.73,571.72,2856.95,1505.51,0.6665,-0.6129,-0.3098
Sawah_27,Sawah,Training,323.04,662.9,495.95,3148.92,1928.98,0.7279,-0.6522,-0.2402
Sawah_27,Sawah,Training,328.41,665.18,516.67,2301.44,1725.13,0.6333,-0.5516,-0.1431
Sawah_27,Sawah,Training,359.86,551.54,488.83,2591.03,2067.59,0.6826,-0.649,-0.1124
Sawah_27,Sawah,Training,384.07,546.97,507.36,2663.9,1892.24,0.68,-0.6593,-0.1694
Sawah_27,Sawah,Training,325.48,648.7,516.6,3387.08,1645.81,0.7353,-0.6785,-0.346
Sawah_27,Sawah,Training,214.47,576.41,421.6,2501.51,1649.8,0.7115,-0.6255,-0.2052
Sawah_27,Sawah,Training,253.89,542.72,525.91,2698.76,1773.07,0.6738,-0.6651,-0.207
Sawah_29,Sawah,Training,339.26,493.34,535.74,2753.26,1906.12,0.6742,-0.6961,-0.1818
Sawah_29,Sawah,Training,338.85,696.47,567.67,3069.31,2016.55,0.6878,-0.6301,-0.207
Sawah_29,Sawah,Training,314.57,601.93,543.64,2946.42,1753.64,0.6885,-0.6607,-0.2538
Sawah_29,Sawah,Training,320.24,597.89,457.3,3058.09,1808.28,0.7398,-0.6729,-0.2568
Sawah_29,Sawah,Training,402.44,502.47,472.16,2806.53,1970.61,0.712,-0.6963,-0.175
Sawah_29,Sawah,Training,319.97,618.63,443.64,2568.61,1848.38,0.7054,-0.6118,-0.1631
Sawah_29,Sawah,Training,231.79,568.09,525.05,2603.54,2040.8,0.6644,-0.6418,-0.1212
Sawah_29,Sawah,Training,361.2,505.71,453.38,2342.84,1682.61,0.6757,-0.6449,-0.164
Sawah_29,Sawah,Training,338.32,575.17,523.04,2495.53,1919.7,0.6535,-0.6254,-0.1304
Sawah_29,Sawah,Training,272.24,600.73,495.36,2545.69,1627.04,0.6742,-0.6182,-0.2202
Sawah_29,Sawah,Training,348.39,623.94,552.5,2864.93,1821.45,0.6767,-0.6423,-0.2227
Sawah_29,Sawah,Training,213.7,583.78,498.63,3190.62,1903.04,0.7297,-0.6907,-0.2528
Sawah_29,Sawah,Training,376.8,635.85,464.43,2823.42,1835.43,0.7175,-0.6324,-0.2121
Sawah_29,Sawah,Training,253.04,576.94,489.71,3121.12,1487.89,0.7288,-0.688,-0.3544
Sawah_29,Sawah,Training,360.29,543.79,431.4,3035.99,1909.78,0.7512,-0.6962,-0.2277
Sawah_29,Sawah,Training,362.73,648.04,602.99,2911.74,1776.53,0.6569,-0.6359,-0.2421
Sawah_29,Sawah,Training,317.15,674.61,461.03,2669.62,1753.66,0.7055,-0.5966,-0.2071
Sawah_29,Sawah,Training,194.77,608.28,405.69,2810.61,1929.79,0.7477,-0.6442,-0.1858
Sawah_29,Sawah,Training,276.16,700.63,426.97,3038.25,1901.27,0.7536,-0.6252,-0.2302
Sawah_29,Sawah,Training,214.2,762.65,496.81,2624.5,1588.94,0.6817,-0.5497,-0.2458
Sawah_29,Sawah,Training,289.0,592.36,505.13,2740.44,1894.98,0.6887,-0.6445,-0.1824
Sawah_29,Sawah,Training,280.62,483.9,492.53,2326.5,1853.07,0.6506,-0.6556,-0.1133
Sawah_29,Sawah,Training,251.03,609.8,565.7,2610.25,1959.19,0.6438,-0.6212,-0.1425
Sawah_29,Sawah,Training,278.33,705.19,481.74,2631.9,1903.09,0.6906,-0.5774,-0.1607
Sawah_29,Sawah,Training,278.21,549.51,476.11,2791.08,2001.33,0.7086,-0.671,-0.1648
Sawah_29,Sawah,Training,203.3,601.38,531.25,2838.69,1996.48,0.6847,-0.6504,-0.1742
Sawah_29,Sawah,Training,296.28,588.93,529.62,2819.86,1741.44,0.6838,-0.6545,-0.2364
Sawah_29,Sawah,Training,325.81,560.85,469.44,2694.4,2002.96,0.7032,-0.6554,-0.1472
Sawah_29,Sawah,Training,138.95,623.74,501.71,2463.83,1846.46,0.6616,-0.596,-0.1432
Sawah_29,Sawah,Training,323.79,635.38,367.41,3073.28,1689.34,0.7864,-0.6574,-0.2906
Sawah_29,Sawah,Training,334.33,644.46,456.17,2932.09,1742.18,0.7307,-0.6396,-0.2546
Sawah_29,Sawah,Training,196.43,670.06,461.25,2629.1,1739.54,0.7015,-0.5938,-0.2036
Sawah_29,Sawah,Training,313.61,596.56,527.4,2532.1,1688.64,0.6552,-0.6186,-0.1998
Sawah_29,Sawah,Training,294.2,713.87,494.31,3017.04,1805.78,0.7185,-0.6173,-0.2512
Sawah_29,Sawah,Training,275.82,585.2,491.58,2920.73,2006.19,0.7119,-0.6662,-0.1856
Sawah_29,Sawah,Training,317.98,671.22,451.76,2717.07,1691.35,0.7149,-0.6038,-0.2327
Sawah_29,Sawah,Training,315.72,578.46,536.49,2613.8,1806.45,0.6594,-0.6376,-0.1826
Sawah_29,Sawah,Training,334.34,476.08,606.08,2743.37,1496.24,0.6381,-0.7042,-0.2942
Sawah_29,Sawah,Training,307.9,602.01,495.91,2998.24,1912.12,0.7162,-0.6656,-0.2212
Sawah_29,Sawah,Training,314.89,627.01,494.78,3155.1,1578.12,0.7289,-0.6684,-0.3332
Sawah_29,Sawah,Training,306.98,603.9,540.66,2631.23,1538.45,0.6591,-0.6267,-0.2621
Sawah_29,Sawah,Training,307.84,616.87,574.48,2545.93,1973.2,0.6318,-0.6099,-0.1267
Sawah_29,Sawah,Training,418.37,577.33,435.45,2718.61,1802.1,0.7239,-0.6497,-0.2027
Sawah_29,Sawah,Training,328.19,564.52,577.76,2577.09,1539.12,0.6337,-0.6406,-0.2522
Sawah_29,Sawah,Training,355.34,463.52,489.79,3423.54,1798.19,0.7497,-0.7615,-0.3113
Sawah_29,Sawah,Training,243.96,596.56,497.46,2832.13,1899.34,0.7012,-0.652,-0.1971
Sawah_29,Sawah,Training,248.04,701.25,512.26,2945.36,1705.78,0.7037,-0.6154,-0.2665
Sawah_29,Sawah,Training,364.32,584.58,513.88,2613.38,1650.46,0.6714,-0.6344,-0.2258
Sawah_29,Sawah,Training,334.41,573.38,457.31,2671.36,1904.84,0.7077,-0.6466,-0.1675
Sawah_29,Sawah,Training,268.55,592.94,500.75,2416.53,1579.33,0.6567,-0.606,-0.2095
Sawah_30,Sawah,Training,316.81,555.78,552.84,2993.36,1907.88,0.6882,-0.6868,-0.2215
Sawah_30,Sawah,Training,390.99,595.01,532.44,2683.12,2167.86,0.6688,-0.637,-0.1062
Sawah_30,Sawah,Training,399.18,600.71,519.33,3071.86,1777.93,0.7108,-0.6729,-0.2668
Sawah_30,Sawah,Training,267.17,652.44,503.92,2836.6,1674.86,0.6983,-0.626,-0.2575
Sawah_30,Sawah,Training,214.12,614.17,545.25,2754.84,2015.46,0.6696,-0.6354,-0.155
Sawah_30,Sawah,Training,264.8,536.72,496.64,2783.48,1915.5,0.6972,-0.6767,-0.1847
Sawah_30,Sawah,Training,261.25,682.09,598.35,2792.17,1987.46,0.647,-0.6073,-0.1684
Sawah_30,Sawah,Training,247.18,664.51,552.36,2972.69,1797.67,0.6866,-0.6346,-0.2463
Sawah_30,Sawah,Training,152.29,561.5,468.7,2604.35,1818.34,0.695,-0.6453,-0.1777
Sawah_30,Sawah,Training,279.05,550.52,447.06,2656.9,1968.22,0.7119,-0.6567,-0.1489
Sawah_30,Sawah,Training,266.95,569.1,477.17,2867.8,1868.44,0.7147,-0.6688,-0.211
Sawah_30,Sawah,Training,147.77,661.3,571.82,2589.96,1654.16,0.6383,-0.5932,-0.2205
Sawah_30,Sawah,Training,277.49,554.64,511.2,2410.69,1632.31,0.6501,-0.6259,-0.1925
Sawah_30,Sawah,Training,376.96,544.31,562.17,2871.07,1528.61,0.6725,-0.6813,-0.3051
Sawah_30,Sawah,Training,331.77,592.94,477.23,2848.99,1871.2,0.7131,-0.6555,-0.2072
Sawah_30,Sawah,Training,335.38,670.7,520.41,2524.87,1728.95,0.6582,-0.5802,-0.1871
Sawah_30,Sawah,Training,447.15,643.47,618.46,3079.09,1836.27,0.6655,-0.6543,-0.2528
Sawah_30,Sawah,Training,315.07,597.81,413.11,2803.61,1981.6,0.7431,-0.6485,-0.1718
Sawah_30,Sawah,Training,270.02,624.72,542.58,2618.06,1732.3,0.6567,-0.6147,-0.2036
Sawah_30,Sawah,Training,249.1,550.67,435.62,2619.91,2012.92,0.7149,-0.6526,-0.131
Sawah_30,Sawah,Training,254.23,607.59,474.86,3035.77,1996.67,0.7295,-0.6665,-0.2065
Sawah_30,Sawah,Training,343.2,618.37,488.45,2561.63,2091.53,0.6797,-0.6111,-0.101
Sawah_30,Sawah,Training,262.02,639.82,552.98,2688.94,1955.7,0.6589,-0.6156,-0.1579
Sawah_30,Sawah,Training,338.21,703.68,476.53,2542.83,1724.18,0.6843,-0.5665,-0.1919
Sawah_30,Sawah,Training,310.44,603.49,480.33,2418.16,1870.57,0.6686,-0.6006,-0.1277
Sawah_30,Sawah,Training,398.62,627.86,530.46,2914.49,1859.56,0.692,-0.6455,-0.221
Sawah_30,Sawah,Training,346.58,623.72,484.37,2640.8,1762.65,0.69,-0.6179,-0.1994
Sawah_30,Sawah,Training,315.71,581.04,515.72,2887.83,1924.98,0.697,-0.665,-0.2001
Sawah_30,Sawah,Training,364.14,604.68,434.61,2730.98,1806.61,0.7254,-0.6374,-0.2037
Sawah_30,Sawah,Training,208.21,683.32,507.12,2876.27,2004.83,0.7002,-0.6161,-0.1785
Sawah_30,Sawah,Training,268.49,634.44,494.51,2763.18,1684.17,0.6964,-0.6265,-0.2426
Sawah_30,Sawah,Training,383.28,577.47,534.97,2425.0,1977.0,0.6385,-0.6153,-0.1018
Sawah_30,Sawah,Training,352.61,605.85,488.65,2880.0,2143.32,0.7099,-0.6524,-0.1467
Sawah_30,Sawah,Training,211.84,646.92,454.42,2796.02,1762.82,0.7204,-0.6242,-0.2266
Sawah_30,Sawah,Training,278.58,599.37,443.29,3005.84,1530.88,0.743,-0.6675,-0.3251
Sawah_30,Sawah,Training,326.99,580.41,441.45,2840.48,1566.46,0.731,-0.6607,-0.2891
Sawah_30,Sawah,Training,301.99,514.63,523.06,2615.13,1732.35,0.6666,-0.6711,-0.2031
Sawah_30,Sawah,Training,314.7,553.65,497.1,2497.23,1894.63,0.668,-0.6371,-0.1372
Sawah_30,Sawah,Training,388.25,767.53,504.56,2957.64,1532.91,0.7085,-0.5879,-0.3173
Sawah_30,Sawah,Training,375.14,646.57,475.8,3047.44,1761.83,0.7299,-0.6499,-0.2673
Sawah_30,Sawah,Training,277.1,628.52,446.83,3004.32,1641.6,0.7411,-0.654,-0.2933
Sawah_30,Sawah,Training,247.5,545.42,537.98,2676.64,1597.8,0.6653,-0.6614,-0.2524
Sawah_30,Sawah,Training,269.72,598.08,440.95,2569.66,2116.69,0.7071,-0.6224,-0.0967
Sawah_30,Sawah,Training,256.97,580.62,481.64,2715.73,1893.2,0.6987,-0.6477,-0.1785
Sawah_30,Sawah,Training,347.41,581.64,438.18,3054.89,1785.7,0.7491,-0.6801,-0.2622
Sawah_30,Sawah,Training,386.52,465.26,509.77,3183.72,1747.01,0.724,-0.745,-0.2914
Sawah_30,Sawah,Training,288.73,617.73,472.06,2737.59,1749.33,0.7058,-0.6318,-0.2203
Sawah_30,Sawah,Training,268.63,673.73,523.05,2850.13,1921.29,0.6899,-0.6176,-0.1947
Sawah_30,Sawah,Training,286.78,553.55,469.87,2800.36,1641.12,0.7126,-0.6699,-0.261
Sawah_30,Sawah,Training,274.99,569.03,606.23,2245.24,1773.06,0.5748,-0.5956,-0.1175
Sawah_31,Sawah,Training,386.28,607.31,537.67,2819.97,1699.9,0.6797,-0.6456,-0.2478
Sawah_31,Sawah,Training,187.9,612.33,461.22,2639.93,1725.15,0.7025,-0.6234,-0.2096
Sawah_31,Sawah,Training,387.24,744.29,510.86,2707.05,1623.42,0.6825,-0.5687,-0.2502
Sawah_31,Sawah,Training,323.43,706.97,487.63,2324.2,1900.51,0.6532,-0.5335,-0.1003
Sawah_31,Sawah,Training,349.27,504.85,508.82,2890.25,1789.03,0.7006,-0.7026,-0.2353
Sawah_31,Sawah,Training,260.46,660.96,479.83,2502.96,1492.58,0.6783,-0.5822,-0.2529
Sawah_31,Sawah,Training,363.04,637.0,504.4,2711.95,1720.65,0.6864,-0.6196,-0.2236
Sawah_31,Sawah,Training,246.21,574.11,394.0,2652.79,1753.36,0.7414,-0.6442,-0.2041
Sawah_31,Sawah,Training,330.49,597.6,539.75,3069.83,1958.73,0.7009,-0.6741,-0.221
Sawah_31,Sawah,Training,323.53,600.71,450.96,2947.99,2051.96,0.7346,-0.6614,-0.1792
Sawah_31,Sawah,Training,317.11,715.04,423.72,2569.17,1928.28,0.7168,-0.5646,-0.1425
Sawah_31,Sawah,Training,313.21,678.83,499.23,2626.4,1767.96,0.6806,-0.5892,-0.1954
Sawah_31,Sawah,Training,223.37,532.28,548.62,2974.56,1854.45,0.6886,-0.6964,-0.232
Sawah_31,Sawah,Training,213.95,578.5,438.75,3035.31,1712.44,0.7474,-0.6798,-0.2786
Sawah_31,Sawah,Training,245.71,601.79,467.99,3096.75,1689.78,0.7374,-0.6746,-0.2939
Sawah_31,Sawah,Training,230.04,470.83,498.46,2687.61,1585.66,0.6871,-0.7019,-0.2579
Sawah_31,Sawah,Training,359.46,640.03,498.59,3072.87,1899.38,0.7208,-0.6552,-0.236
Sawah_31,Sawah,Training,258.86,537.65,540.9,2879.27,1825.46,0.6837,-0.6853,-0.224
Sawah_31,Sawah,Training,257.68,636.48,462.23,2779.6,2017.04,0.7148,-0.6274,-0.159
Sawah_31,Sawah,Training,266.96,505.62,447.37,2998.86,1838.21,0.7404,-0.7114,-0.2399
Sawah_31,Sawah,Training,293.56,569.45,524.27,2630.18,1845.85,0.6676,-0.6441,-0.1752
Sawah_31,Sawah,Training,263.44,546.14,468.13,2724.92,1792.68,0.7068,-0.6661,-0.2064
Sawah_31,Sawah,Training,311.77,378.7,459.62,2721.69,2025.76,0.7111,-0.7557,-0.1466
Sawah_31,Sawah,Training,246.0,609.77,574.75,2537.41,1859.1,0.6306,-0.6125,-0.1543
Sawah_31,Sawah,Training,259.89,569.72,459.84,2653.63,2208.29,0.7046,-0.6465,-0.0916
Sawah_31,Sawah,Training,342.22,666.1,524.6,2478.75,1859.24,0.6507,-0.5764,-0.1428
Sawah_31,Sawah,Training,353.65,548.8,548.27,2940.87,2077.81,0.6857,-0.6855,-0.172
Sawah_31,Sawah,Training,279.11,534.14,481.92,3087.11,1525.74,0.7299,-0.705,-0.3385
Sawah_31,Sawah,Training,196.58,605.36,477.87,2801.55,1941.8,0.7086,-0.6446,-0.1813
Sawah_31,Sawah,Training,272.37,487.62,602.22,2600.55,1641.14,0.6239,-0.6842,-0.2262
Sawah_31,Sawah,Training,355.19,576.93,496.83,2896.56,1962.54,0.7072,-0.6678,-0.1922
Sawah_31,Sawah,Training,283.33,691.2,393.21,2951.96,1674.07,0.7649,-0.6206,-0.2762
Sawah_31,Sawah,Training,368.61,608.52,466.35,2932.57,1933.98,0.7256,-0.6563,-0.2052
Sawah_31,Sawah,Training,332.09,538.22,475.8,2799.19,1793.81,0.7094,-0.6775,-0.2189
Sawah_31,Sawah,Training,337.49,479.11,516.72,2742.0,1674.22,0.6829,-0.7025,-0.2418
Sawah_31,Sawah,Training,262.88,587.13,319.95,2659.74,1668.63,0.7852,-0.6383,-0.229
Sawah_31,Sawah,Training,326.64,551.67,489.24,3108.46,1949.15,0.728,-0.6986,-0.2292
Sawah_31,Sawah,Training,345.11,570.01,527.15,2753.22,1770.59,0.6786,-0.657,-0.2172
Sawah_31,Sawah,Training,320.48,564.18,574.65,2767.97,1892.75,0.6562,-0.6614,-0.1878
Sawah_31,Sawah,Training,372.78,661.9,429.55,2888.98,1927.61,0.7411,-0.6272,-0.1996
Sawah_31,Sawah,Training,344.59,533.2,467.15,2998.91,1685.74,0.7304,-0.6981,-0.2803
Sawah_31,Sawah,Training,285.02,694.55,497.61,2654.65,1668.36,0.6843,-0.5852,-0.2281
Sawah_31,Sawah,Training,316.64,520.01,487.63,2866.65,1994.87,0.7092,-0.6929,-0.1793
Sawah_31,Sawah,Training,333.38,557.16,558.92,2740.1,1614.64,0.6612,-0.662,-0.2584
Sawah_31,Sawah,Training,291.4,686.29,508.26,2802.5,2045.58,0.693,-0.6066,-0.1561
Sawah_31,Sawah,Training,228.43,522.86,419.21,2874.53,1824.97,0.7455,-0.6922,-0.2233
Sawah_31,Sawah,Training,377.14,614.61,479.79,2800.36,1817.66,0.7075,-0.6401,-0.2128
Sawah_31,Sawah,Training,216.41,762.62,525.99,2842.0,1892.27,0.6877,-0.5769,-0.2006
Sawah_31,Sawah,Training,335.47,591.57,468.44,2919.89,1857.86,0.7235,-0.6631,-0.2223
Sawah_31,Sawah,Training,259.51,685.14,514.67,2945.96,2008.79,0.7026,-0.6226,-0.1891
Sawah_34,Sawah,Training,279.53,536.63,405.99,2594.96,1817.24,0.7294,-0.6573,-0.1763
Sawah_34,Sawah,Training,371.37,667.3,511.45,2735.37,1840.32,0.685,-0.6078,-0.1956
Sawah_34,Sawah,Training,274.07,703.1,490.54,2782.73,1467.63,0.7003,-0.5966,-0.3094
Sawah_34,Sawah,Training,290.23,650.19,446.61,2649.86,1918.91,0.7115,-0.606,-0.16
Sawah_34,Sawah,Training,226.17,663.47,473.39,2722.29,1631.42,0.7037,-0.6081,-0.2506
Sawah_34,Sawah,Training,318.9,747.59,539.07,2627.14,1970.34,0.6595,-0.5569,-0.1429
Sawah_34,Sawah,Training,284.17,682.47,540.33,2211.37,1649.39,0.6073,-0.5283,-0.1456
Sawah_34,Sawah,Training,347.22,609.1,448.81,2673.28,1514.06,0.7125,-0.6289,-0.2768
Sawah_34,Sawah,Training,295.58,732.64,540.25,3238.08,1932.36,0.714,-0.631,-0.2525
Sawah_34,Sawah,Training,351.37,718.44,518.86,2762.55,1954.9,0.6838,-0.5872,-0.1712
Sawah_34,Sawah,Training,372.69,571.2,463.92,2827.77,1924.72,0.7181,-0.6639,-0.19
Sawah_34,Sawah,Training,339.9,514.55,595.58,2671.77,1760.24,0.6354,-0.677,-0.2057
Sawah_34,Sawah,Training,254.87,761.9,512.1,2629.8,1929.59,0.674,-0.5507,-0.1536
Sawah_34,Sawah,Training,338.46,588.74,542.03,2634.94,1726.06,0.6588,-0.6347,-0.2084
Sawah_34,Sawah,Training,199.49,520.56,590.38,3128.29,1809.87,0.6825,-0.7147,-0.267
Sawah_34,Sawah,Training,383.15,590.4,487.83,2811.3,1781.26,0.7043,-0.6529,-0.2243
Sawah_34,Sawah,Training,289.24,668.6,507.51,2942.5,1954.71,0.7058,-0.6297,-0.2017
Sawah_34,Sawah,Training,319.41,541.78,432.36,2829.76,1774.31,0.7349,-0.6786,-0.2292
Sawah_34,Sawah,Training,304.37,599.04,629.18,2533.95,1501.51,0.6022,-0.6176,-0.2558
Sawah_34,Sawah,Training,316.62,577.41,515.8,2916.78,1992.62,0.6995,-0.6695,-0.1882
Sawah_34,Sawah,Training,224.64,566.6,521.44,2954.09,2129.02,0.6999,-0.6781,-0.1623
Sawah_34,Sawah,Training,347.79,596.59,455.48,2687.14,1711.09,0.7101,-0.6366,-0.2219
Sawah_34,Sawah,Training,332.76,615.42,433.82,2712.82,1931.63,0.7243,-0.6302,-0.1682
Sawah_34,Sawah,Training,317.58,634.12,519.15,3125.29,1835.41,0.7151,-0.6626,-0.26
Sawah_34,Sawah,Training,280.7,545.05,512.48,2311.86,1772.36,0.6371,-0.6184,-0.1321
Sawah_34,Sawah,Training,289.71,518.13,453.59,2961.93,1834.61,0.7344,-0.7022,-0.235
Sawah_34,Sawah,Training,305.09,618.38,504.63,3048.57,1818.51,0.716,-0.6627,-0.2527
Sawah_34,Sawah,Training,227.09,697.81,518.52,2682.15,1611.99,0.676,-0.5871,-0.2492
Sawah_34,Sawah,Training,319.8,592.97,578.71,2730.82,1674.39,0.6503,-0.6432,-0.2398
Sawah_34,Sawah,Training,344.79,655.52,508.43,2935.27,1794.35,0.7047,-0.6349,-0.2412
Sawah_34,Sawah,Training,311.69,669.9,531.27,2766.15,2002.85,0.6778,-0.6101,-0.1601
Sawah_34,Sawah,Training,181.76,723.12,414.7,2674.58,1793.86,0.7315,-0.5743,-0.1971
Sawah_34,Sawah,Training,292.68,660.38,447.11,2852.15,1713.27,0.729,-0.624,-0.2495
Sawah_34,Sawah,Training,314.76,596.11,504.65,2690.02,1723.49,0.6841,-0.6372,-0.219
Sawah_34,Sawah,Training,314.36,656.62,470.09,2626.25,1892.02,0.6964,-0.6,-0.1625
Sawah_34,Sawah,Training,298.37,649.83,454.71,2444.11,1720.05,0.6863,-0.5799,-0.1739
Sawah_34,Sawah,Training,261.68,595.27,468.16,2948.2,1756.78,0.7259,-0.664,-0.2532
Sawah_34,Sawah,Training,307.52,609.46,509.75,2795.17,1876.59,0.6915,-0.642,-0.1966
Sawah_34,Sawah,Training,260.22,683.97,488.17,2537.69,1828.21,0.6773,-0.5754,-0.1625
Sawah_34,Sawah,Training,257.44,639.92,610.48,2642.69,1849.86,0.6247,-0.6101,-0.1765
Sawah_34,Sawah,Training,212.22,627.23,455.71,2675.03,1634.81,0.7089,-0.6201,-0.2414
Sawah_34,Sawah,Training,336.61,660.44,501.17,2627.11,2038.43,0.6796,-0.5982,-0.1262
Sawah_34,Sawah,Training,262.48,470.28,522.92,2579.05,1948.29,0.6628,-0.6916,-0.1393
Sawah_34,Sawah,Training,280.94,636.22,570.08,2558.23,1715.11,0.6355,-0.6017,-0.1973
Sawah_34,Sawah,Training,296.22,692.25,467.08,2681.1,1871.72,0.7033,-0.5896,-0.1778
Sawah_34,Sawah,Training,271.14,609.15,422.42,3242.87,1597.84,0.7695,-0.6837,-0.3398
Sawah_34,Sawah,Training,283.91,598.05,595.63,2535.03,2097.56,0.6195,-0.6182,-0.0944
Sawah_34,Sawah,Training,337.86,625.03,450.77,2914.23,1691.48,0.7321,-0.6468,-0.2655
Sawah_34,Sawah,Training,363.33,541.74,494.34,2688.95,1651.87,0.6894,-0.6646,-0.2389
Sawah_34,Sawah,Training,337.07,632.13,560.45,2444.02,1959.63,0.6269,-0.589,-0.11
Sawah_35,Sawah,Training,425.27,572.9,594.76,2747.37,1594.14,0.6441,-0.6549,-0.2656
Sawah_35,Sawah,Training,284.72,662.89,458.09,2679.93,1889.03,0.708,-0.6034,-0.1731
Sawah_35,Sawah,Training,300.15,635.08,511.89,2895.93,1735.15,0.6996,-0.6403,-0.2506
Sawah_35,Sawah,Training,311.59,544.36,564.42,2673.15,1969.33,0.6513,-0.6616,-0.1516
Sawah_35,Sawah,Training,288.32,612.12,475.25,2596.8,1538.29,0.6906,-0.6185,-0.256
Sawah_35,Sawah,Training,247.23,580.57,510.59,3002.08,1733.14,0.7093,-0.6759,-0.268
Sawah_35,Sawah,Training,255.9,513.44,524.0,3076.64,1989.95,0.7089,-0.714,-0.2145
Sawah_35,Sawah,Training,335.5,638.31,584.88,2866.42,1896.92,0.6611,-0.6357,-0.2035
Sawah_35,Sawah,Training,283.96,518.28,465.81,2798.17,1809.12,0.7146,-0.6875,-0.2147
Sawah_35,Sawah,Training,396.31,604.88,558.94,2712.98,1753.25,0.6583,-0.6354,-0.2149
Sawah_35,Sawah,Training,233.55,555.46,526.35,2801.51,1941.44,0.6837,-0.6691,-0.1813
Sawah_35,Sawah,Training,309.06,578.85,607.41,2781.22,1974.45,0.6415,-0.6555,-0.1696
Sawah_35,Sawah,Training,279.94,642.58,546.4,2841.7,1446.83,0.6775,-0.6312,-0.3253
Sawah_35,Sawah,Training,300.91,673.83,526.37,2889.17,1541.66,0.6918,-0.6218,-0.3041
Sawah_35,Sawah,Training,263.98,624.68,520.52,3042.93,1778.27,0.7079,-0.6594,-0.2623
Sawah_35,Sawah,Training,320.29,600.98,450.65,2348.84,1864.65,0.678,-0.5925,-0.1149
Sawah_35,Sawah,Training,308.7,562.91,419.04,2925.95,1760.11,0.7495,-0.6773,-0.2488
Sawah_35,Sawah,Training,327.84,711.84,392.93,2660.08,1768.59,0.7426,-0.5778,-0.2013
Sawah_35,Sawah,Training,372.74,501.82,596.79,2827.17,1785.6,0.6514,-0.6985,-0.2258
Sawah_35,Sawah,Training,290.1,573.82,552.41,2586.3,1851.81,0.648,-0.6368,-0.1655
Sawah_35,Sawah,Training,280.79,554.27,629.3,2883.81,1891.99,0.6417,-0.6776,-0.2077
Sawah_35,Sawah,Training,356.89,514.72,587.61,2298.21,1684.69,0.5928,-0.634,-0.154
Sawah_35,Sawah,Training,277.05,634.9,510.94,2766.64,1798.2,0.6882,-0.6267,-0.2122
Sawah_35,Sawah,Training,251.1,510.17,536.33,2938.74,2037.67,0.6913,-0.7042,-0.1811
Sawah_35,Sawah,Training,260.5,641.57,485.81,3038.09,1953.29,0.7243,-0.6513,-0.2173
Sawah_35,Sawah,Training,310.56,579.63,548.05,2929.38,1697.33,0.6848,-0.6696,-0.2663
Sawah_35,Sawah,Training,233.61,582.69,575.77,3029.3,1633.15,0.6806,-0.6774,-0.2994
Sawah_35,Sawah,Training,241.61,676.48,443.22,2901.86,1707.59,0.735,-0.6219,-0.2591
Sawah_35,Sawah,Training,380.85,553.77,557.17,2836.97,1837.83,0.6717,-0.6734,-0.2137
Sawah_35,Sawah,Training,201.48,467.83,488.97,2849.38,1631.22,0.7071,-0.7179,-0.2719
Sawah_35,Sawah,Training,245.57,633.69,528.14,2772.45,1917.03,0.68,-0.6279,-0.1824
Sawah_35,Sawah,Training,241.29,578.64,582.39,2813.66,1818.95,0.657,-0.6588,-0.2147
Sawah_35,Sawah,Training,415.3,516.04,539.82,3132.8,1751.27,0.706,-0.7171,-0.2829
Sawah_35,Sawah,Training,342.98,541.08,465.66,2876.99,1919.79,0.7214,-0.6834,-0.1996
Sawah_35,Sawah,Training,356.05,694.18,496.63,3038.72,1748.65,0.7191,-0.6281,-0.2695
Sawah_35,Sawah,Training,345.1,612.45,522.28,2884.7,1559.29,0.6934,-0.6497,-0.2982
Sawah_35,Sawah,Training,243.79,606.15,415.64,2966.24,1930.73,0.7542,-0.6606,-0.2115
Sawah_35,Sawah,Training,316.36,532.73,569.01,3207.44,1822.06,0.6987,-0.7151,-0.2755
Sawah_35,Sawah,Training,325.53,612.1,526.52,2776.09,1794.82,0.6811,-0.6387,-0.2147
Sawah_35,Sawah,Training,345.29,740.74,430.0,2779.24,1622.93,0.732,-0.5791,-0.2627
Sawah_35,Sawah,Training,379.6,564.74,427.84,2927.64,2061.65,0.745,-0.6766,-0.1736
Sawah_35,Sawah,Training,333.18,612.29,520.46,3082.97,1668.87,0.7111,-0.6686,-0.2976
Sawah_35,Sawah,Training,294.41,572.84,441.61,2734.32,1966.16,0.7219,-0.6536,-0.1634
Sawah_35,Sawah,Training,328.33,638.66,507.32,2904.66,1679.91,0.7026,-0.6395,-0.2671
Sawah_35,Sawah,Training,284.52,611.52,513.88,2864.04,1779.25,0.6957,-0.6481,-0.2336
Sawah_35,Sawah,Training,281.13,789.47,545.34,2882.63,1765.02,0.6818,-0.57,-0.2405
Sawah_35,Sawah,Training,277.44,592.15,514.64,2423.91,1564.59,0.6497,-0.6073,-0.2154
Sawah_35,Sawah,Training,268.16,612.43,488.04,3095.62,1577.64,0.7276,-0.6697,-0.3248
Sawah_35,Sawah,Training,262.43,691.21,506.56,2976.97,2107.69,0.7092,-0.6231,-0.171
Sawah_35,Sawah,Training,265.31,594.04,486.38,2409.08,1753.44,0.664,-0.6044,-0.1575
Sawah_36,Sawah,Training,344.05,632.44,530.95,2724.9,1701.59,0.6738,-0.6233,-0.2312
Sawah_36,Sawah,Training,363.46,570.16,514.7,2832.67,2019.26,0.6925,-0.6649,-0.1676
Sawah_36,Sawah,Training,348.57,522.28,440.62,2915.78,1790.35,0.7374,-0.6962,-0.2391
Sawah_36,Sawah,Training,277.24,660.94,509.37,2810.49,1916.97,0.6931,-0.6192,-0.189
Sawah_36,Sawah,Training,281.24,694.11,460.6,2931.39,2015.07,0.7284,-0.6171,-0.1852
Sawah_36,Sawah,Training,231.14,579.4,557.11,3031.45,1774.28,0.6895,-0.6791,-0.2616
Sawah_36,Sawah,Training,263.27,657.36,559.18,2567.07,1619.41,0.6423,-0.5923,-0.2264
Sawah_36,Sawah,Training,311.26,637.76,485.05,2935.86,1693.48,0.7164,-0.6431,-0.2684
Sawah_36,Sawah,Training,194.27,574.57,503.16,2744.83,1626.21,0.6902,-0.6538,-0.2559
Sawah_36,Sawah,Training,209.22,569.15,544.88,3051.24,1978.16,0.697,-0.6856,-0.2134
Sawah_36,Sawah,Training,259.2,530.78,524.83,2927.02,1860.03,0.6959,-0.693,-0.2229
Sawah_36,Sawah,Training,199.3,547.99,498.52,2897.44,1915.1,0.7064,-0.6819,-0.2041
Sawah_36,Sawah,Training,307.21,619.85,504.24,2937.12,1846.93,0.707,-0.6515,-0.2279
Sawah_36,Sawah,Training,303.29,583.9,504.06,2896.92,1840.12,0.7036,-0.6645,-0.2231
Sawah_36,Sawah,Training,319.04,680.56,513.26,2670.2,1932.54,0.6775,-0.5938,-0.1603
Sawah_36,Sawah,Training,231.69,535.12,516.79,2903.28,1613.24,0.6978,-0.6887,-0.2856
Sawah_36,Sawah,Training,280.86,563.63,475.67,2988.72,1905.98,0.7254,-0.6827,-0.2212
Sawah_36,Sawah,Training,299.04,567.24,432.52,3084.04,1888.82,0.754,-0.6893,-0.2403
Sawah_36,Sawah,Training,264.67,643.18,496.49,2742.58,1865.28,0.6934,-0.6201,-0.1904
Sawah_36,Sawah,Training,262.93,579.37,506.07,2700.11,1900.36,0.6843,-0.6467,-0.1738
Sawah_36,Sawah,Training,393.45,554.74,416.74,2399.65,1777.43,0.7041,-0.6245,-0.149
Sawah_36,Sawah,Training,266.84,612.47,506.63,2479.36,1527.77,0.6607,-0.6038,-0.2375
Sawah_36,Sawah,Training,314.8,608.13,478.71,2468.57,1870.71,0.6752,-0.6047,-0.1378
Sawah_36,Sawah,Training,363.59,616.68,457.63,2808.91,1595.08,0.7198,-0.64,-0.2756
Sawah_36,Sawah,Training,352.9,604.91,411.59,2739.87,1869.5,0.7388,-0.6383,-0.1888
Sawah_36,Sawah,Training,283.35,583.45,438.78,2913.31,1702.73,0.7382,-0.6663,-0.2623
Sawah_36,Sawah,Training,192.18,577.72,549.06,2722.61,2060.7,0.6644,-0.6499,-0.1384
Sawah_36,Sawah,Training,321.45,620.33,493.58,2786.34,1760.49,0.699,-0.6358,-0.2256
Sawah_36,Sawah,Training,284.89,631.85,453.21,2584.82,1631.52,0.7016,-0.6071,-0.2261
Sawah_36,Sawah,Training,402.28,631.82,515.22,2588.5,1893.5,0.668,-0.6076,-0.1551
Sawah_36,Sawah,Training,294.17,612.85,451.17,2832.05,1736.42,0.7252,-0.6442,-0.2398
Sawah_36,Sawah,Training,261.72,644.05,423.11,2912.96,1902.67,0.7463,-0.6379,-0.2098
Sawah_36,Sawah,Training,256.02,550.78,488.85,2856.41,1777.07,0.7077,-0.6767,-0.2329
Sawah_36,Sawah,Training,321.68,705.78,474.61,2456.96,1923.89,0.6762,-0.5537,-0.1217
Sawah_36,Sawah,Training,384.17,623.57,445.61,2775.22,1632.22,0.7233,-0.6331,-0.2593
Sawah_36,Sawah,Training,332.14,518.92,484.99,2599.13,1819.02,0.6855,-0.6671,-0.1766
Sawah_36,Sawah,Training,281.68,610.61,501.12,2602.67,1894.03,0.6771,-0.6199,-0.1576
Sawah_36,Sawah,Training,297.56,540.69,612.05,2895.29,1777.01,0.651,-0.6853,-0.2393
Sawah_36,Sawah,Training,370.76,710.51,492.73,2869.48,1651.8,0.7069,-0.6031,-0.2693
Sawah_36,Sawah,Training,292.64,588.06,509.24,2866.55,1883.97,0.6983,-0.6596,-0.2068
Sawah_36,Sawah,Training,311.88,527.36,453.08,2690.72,1757.66,0.7118,-0.6723,-0.2098
Sawah_36,Sawah,Training,352.54,530.22,482.13,2990.6,1755.02,0.7223,-0.6988,-0.2604
Sawah_36,Sawah,Training,323.02,591.63,512.84,2754.31,1900.06,0.6861,-0.6464,-0.1835
Sawah_36,Sawah,Training,222.75,578.2,514.83,2906.74,2023.94,0.6991,-0.6682,-0.179
Sawah_36,Sawah,Training,280.45,688.77,467.05,3065.73,1922.62,0.7356,-0.6331,-0.2292
Sawah_36,Sawah,Training,254.33,618.42,497.44,2925.12,1766.51,0.7093,-0.651,-0.247
Sawah_36,Sawah,Training,284.64,682.15,495.06,2965.28,1766.2,0.7139,-0.626,-0.2534
Sawah_36,Sawah,Training,383.33,559.3,469.29,3104.9,1733.26,0.7374,-0.6947,-0.2835
Sawah_36,Sawah,Training,380.05,653.51,492.27,2437.34,1797.1,0.6639,-0.5771,-0.1512
Sawah_36,Sawah,Training,305.08,670.03,579.42,2663.0,1920.18,0.6426,-0.5979,-0.1621
Sawah_38,Sawah,Training,259.67,700.63,478.24,2537.02,1832.86,0.6828,-0.5672,-0.1611
Sawah_38,Sawah,Training,276.23,549.85,445.21,3353.67,1762.27,0.7656,-0.7183,-0.3111
Sawah_38,Sawah,Training,203.72,689.62,530.55,2646.71,1660.03,0.666,-0.5866,-0.2291
Sawah_38,Sawah,Training,333.67,585.18,403.7,3157.45,1734.9,0.7733,-0.6873,-0.2908
Sawah_38,Sawah,Training,374.78,676.71,449.95,3006.64,1702.28,0.7397,-0.6326,-0.277
Sawah_38,Sawah,Training,206.66,574.52,519.88,2707.45,1753.94,0.6778,-0.6499,-0.2137
Sawah_38,Sawah,Training,357.18,606.39,457.84,2940.41,1829.65,0.7305,-0.6581,-0.2329
Sawah_38,Sawah,Training,173.92,625.7,519.59,2804.02,1933.76,0.6873,-0.6351,-0.1837
Sawah_38,Sawah,Training,266.38,620.19,421.65,2881.42,2092.96,0.7447,-0.6458,-0.1585
Sawah_38,Sawah,Training,250.26,554.41,464.5,2826.0,1640.54,0.7177,-0.672,-0.2654
Sawah_38,Sawah,Training,321.06,650.81,526.72,2446.32,1949.28,0.6457,-0.5797,-0.1131
Sawah_38,Sawah,Training,346.87,649.81,518.64,2844.04,1954.86,0.6915,-0.628,-0.1853
Sawah_38,Sawah,Training,396.18,542.82,553.91,2782.76,1780.55,0.668,-0.6735,-0.2196
Sawah_38,Sawah,Training,223.17,582.91,450.14,2707.23,1635.27,0.7149,-0.6457,-0.2469
Sawah_38,Sawah,Training,277.55,575.63,504.84,2477.05,1583.17,0.6614,-0.6229,-0.2202
Sawah_38,Sawah,Training,318.1,552.15,553.73,2845.05,1891.01,0.6742,-0.6749,-0.2014
Sawah_38,Sawah,Training,370.53,581.42,471.28,2974.34,1876.43,0.7264,-0.673,-0.2263
Sawah_38,Sawah,Training,290.63,683.49,489.39,2806.55,1803.18,0.703,-0.6083,-0.2177
Sawah_38,Sawah,Training,253.27,604.66,569.84,2888.99,1804.66,0.6705,-0.6539,-0.231
Sawah_38,Sawah,Training,291.91,619.85,537.49,2921.85,1750.22,0.6893,-0.65,-0.2508
Sawah_38,Sawah,Training,316.24,628.8,449.64,2833.65,1475.8,0.7261,-0.6368,-0.3151
Sawah_38,Sawah,Training,324.13,639.62,537.38,2720.99,1846.36,0.6702,-0.6193,-0.1915
Sawah_38,Sawah,Training,371.2,684.83,498.54,2827.86,1966.64,0.7003,-0.6101,-0.1796
Sawah_38,Sawah,Training,224.96,580.62,566.78,2995.04,1855.39,0.6817,-0.6752,-0.235
Sawah_38,Sawah,Training,224.71,597.01,470.5,2866.21,1678.6,0.718,-0.6552,-0.2613
Sawah_38,Sawah,Training,248.71,476.11,561.09,2720.05,1823.57,0.658,-0.7021,-0.1973
Sawah_38,Sawah,Training,299.89,535.95,437.05,2598.94,1691.52,0.7121,-0.6581,-0.2115
Sawah_38,Sawah,Training,318.33,552.26,587.32,3005.43,1921.25,0.6731,-0.6895,-0.2201
Sawah_38,Sawah,Training,294.02,690.86,489.1,2793.75,1825.5,0.702,-0.6035,-0.2096
Sawah_38,Sawah,Training,335.09,638.21,476.24,2693.4,1895.99,0.6995,-0.6169,-0.1738
Sawah_38,Sawah,Training,335.76,576.4,420.64,2758.54,1893.53,0.7354,-0.6543,-0.1859
Sawah_38,Sawah,Training,390.27,528.12,478.67,2722.12,2003.37,0.7009,-0.675,-0.1521
Sawah_38,Sawah,Training,298.25,545.56,527.93,2719.07,1616.34,0.6748,-0.6658,-0.2544
Sawah_38,Sawah,Training,255.36,704.04,519.21,2821.55,1762.52,0.6892,-0.6006,-0.231
Sawah_38,Sawah,Training,314.61,616.81,514.61,2822.97,1930.32,0.6916,-0.6414,-0.1878
Sawah_38,Sawah,Training,301.16,541.32,469.38,2404.2,2104.02,0.6733,-0.6324,-0.0666
Sawah_38,Sawah,Training,343.14,550.2,485.91,2672.62,2031.38,0.6923,-0.6586,-0.1363
Sawah_38,Sawah,Training,229.01,606.87,494.57,2965.37,1784.4,0.7141,-0.6602,-0.2486
Sawah_38,Sawah,Training,212.09,584.93,451.39,2815.92,2015.13,0.7237,-0.656,-0.1658
Sawah_38,Sawah,Training,213.03,551.99,472.37,2723.67,1911.02,0.7044,-0.663,-0.1753
Sawah_38,Sawah,Training,291.32,624.95,468.71,2845.98,1916.67,0.7172,-0.6399,-0.1951
Sawah_38,Sawah,Training,263.39,646.88,502.62,3009.09,1769.79,0.7137,-0.6461,-0.2593
Sawah_38,Sawah,Training,319.06,597.56,495.19,2851.79,1880.52,0.7041,-0.6535,-0.2052
Sawah_38,Sawah,Training,237.52,686.02,407.02,2663.04,1785.86,0.7348,-0.5903,-0.1972
Sawah_38,Sawah,Training,320.62,694.57,407.09,2698.46,1480.97,0.7378,-0.5906,-0.2913
Sawah_38,Sawah,Training,301.58,616.3,579.54,2824.13,1956.6,0.6595,-0.6417,-0.1815
Sawah_38,Sawah,Training,329.19,573.89,429.55,2855.0,1576.18,0.7384,-0.6653,-0.2886
Sawah_38,Sawah,Training,364.76,590.28,559.76,2703.96,1840.33,0.657,-0.6416,-0.19
Sawah_38,Sawah,Training,310.47,597.3,478.37,2878.49,1661.08,0.715,-0.6563,-0.2682
Sawah_38,Sawah,Training,239.53,674.57,536.36,2813.18,2049.77,0.6797,-0.6132,-0.157
Sawah_39,Sawah,Training,286.61,679.36,508.78,2595.05,2077.21,0.6722,-0.585,-0.1108
Sawah_39,Sawah,Training,349.54,592.74,536.36,2719.26,1924.37,0.6705,-0.6421,-0.1712
Sawah_39,Sawah,Training,180.45,538.81,548.96,2750.07,1831.13,0.6672,-0.6723,-0.2006
Sawah_39,Sawah,Training,232.66,710.87,559.53,2759.86,1739.3,0.6629,-0.5904,-0.2268
Sawah_39,Sawah,Training,351.48,718.95,547.69,3234.36,1661.65,0.7104,-0.6363,-0.3212
Sawah_39,Sawah,Training,259.03,528.66,522.09,2835.12,1777.21,0.689,-0.6857,-0.2294
Sawah_39,Sawah,Training,340.46,673.94,423.72,2680.61,1923.02,0.727,-0.5982,-0.1646
Sawah_39,Sawah,Training,276.61,552.11,550.93,2542.1,1754.76,0.6438,-0.6431,-0.1832
Sawah_39,Sawah,Training,316.43,565.57,539.16,2686.22,2011.29,0.6657,-0.6521,-0.1437
Sawah_39,Sawah,Training,293.71,640.28,537.3,2674.49,1491.98,0.6654,-0.6137,-0.2838
Sawah_39,Sawah,Training,318.04,604.34,527.79,2754.69,1735.44,0.6784,-0.6402,-0.227
Sawah_39,Sawah,Training,400.42,511.66,536.7,2685.08,1749.63,0.6668,-0.6799,-0.2109
Sawah_39,Sawah,Training,284.14,551.79,528.56,3078.13,1870.5,0.7069,-0.696,-0.244
Sawah_39,Sawah,Training,305.17,540.81,525.84,3231.27,1742.9,0.7201,-0.7133,-0.2992
Sawah_39,Sawah,Training,281.2,566.33,475.53,2250.94,1860.76,0.6512,-0.598,-0.0949
Sawah_39,Sawah,Training,257.72,503.38,537.66,2583.6,1749.2,0.6555,-0.6739,-0.1926
Sawah_39,Sawah,Training,373.32,515.45,423.37,2853.86,1972.42,0.7416,-0.694,-0.1826
Sawah_39,Sawah,Training,221.28,624.46,529.05,2388.17,1919.78,0.6373,-0.5854,-0.1087
Sawah_39,Sawah,Training,343.83,581.29,562.62,3027.29,1815.47,0.6866,-0.6778,-0.2502
Sawah_39,Sawah,Training,277.43,541.63,498.12,2913.95,1751.37,0.708,-0.6865,-0.2492
Sawah_39,Sawah,Training,190.12,676.12,509.51,2724.08,1928.57,0.6849,-0.6023,-0.171
Sawah_39,Sawah,Training,376.23,431.89,521.71,2514.67,1874.87,0.6564,-0.7069,-0.1458
Sawah_39,Sawah,Training,306.4,638.14,475.04,2425.35,1732.44,0.6724,-0.5834,-0.1667
Sawah_39,Sawah,Training,320.34,660.92,441.41,3005.41,1702.82,0.7439,-0.6395,-0.2767
Sawah_39,Sawah,Training,318.12,569.41,509.11,2978.38,1615.95,0.708,-0.679,-0.2965
Sawah_39,Sawah,Training,266.0,611.1,620.08,2627.36,2106.02,0.6181,-0.6226,-0.1101
Sawah_39,Sawah,Training,400.22,594.16,485.09,2661.59,1789.77,0.6917,-0.635,-0.1959
Sawah_39,Sawah,Training,229.66,595.43,574.84,2677.78,1763.89,0.6465,-0.6362,-0.2058
Sawah_39,Sawah,Training,214.94,622.44,513.22,2812.74,1767.48,0.6914,-0.6376,-0.2282
Sawah_39,Sawah,Training,285.36,630.11,498.56,2862.99,1832.25,0.7034,-0.6392,-0.2195
Sawah_39,Sawah,Training,356.17,640.62,509.64,3103.68,1863.04,0.7179,-0.6578,-0.2498
Sawah_39,Sawah,Training,365.25,636.42,407.9,3060.97,1820.28,0.7648,-0.6557,-0.2542
Sawah_39,Sawah,Training,297.4,616.88,482.75,2845.41,1711.22,0.7099,-0.6437,-0.2489
Sawah_39,Sawah,Training,363.71,593.18,480.87,2615.01,1840.32,0.6893,-0.6302,-0.1739
Sawah_39,Sawah,Training,309.36,623.31,448.64,2479.76,1893.84,0.6936,-0.5983,-0.134
Sawah_39,Sawah,Training,374.23,538.42,579.47,2856.78,1798.94,0.6627,-0.6828,-0.2272
Sawah_39,Sawah,Training,280.12,516.93,549.39,2644.88,1683.03,0.656,-0.673,-0.2222
Sawah_39,Sawah,Training,349.6,487.02,423.82,2796.37,1843.99,0.7368,-0.7033,-0.2052
Sawah_39,Sawah,Training,324.24,581.89,626.52,2754.42,1765.38,0.6294,-0.6512,-0.2188
Sawah_39,Sawah,Training,260.15,607.43,530.75,3040.72,1576.61,0.7028,-0.667,-0.3171
Sawah_39,Sawah,Training,287.7,626.8,529.35,2801.31,1881.36,0.6821,-0.6343,-0.1965
Sawah_39,Sawah,Training,259.55,693.47,549.63,2531.01,1638.73,0.6432,-0.5699,-0.214
Sawah_39,Sawah,Training,247.65,640.68,435.76,2733.8,1868.21,0.725,-0.6203,-0.1881
Sawah_39,Sawah,Training,296.69,615.53,446.71,2918.97,1708.02,0.7346,-0.6517,-0.2617
Sawah_39,Sawah,Training,283.77,614.26,505.15,2804.8,1687.41,0.6948,-0.6407,-0.2487
Sawah_39,Sawah,Training,285.02,600.13,431.25,2707.49,1858.15,0.7252,-0.6371,-0.186
Sawah_39,Sawah,Training,236.13,669.39,563.48,2550.97,2003.64,0.6382,-0.5843,-0.1202
Sawah_39,Sawah,Training,292.82,625.11,475.17,2984.61,1860.91,0.7253,-0.6537,-0.2319
Sawah_39,Sawah,Training,259.29,530.09,426.98,2837.59,1885.87,0.7384,-0.6852,-0.2015
Sawah_39,Sawah,Training,332.55,592.92,442.15,2663.59,1972.85,0.7153,-0.6359,-0.149
Sawah_40,Sawah,Training,275.77,608.61,446.22,2867.32,1731.35,0.7307,-0.6498,-0.247
Sawah_40,Sawah,Training,352.34,646.41,475.21,2774.67,1717.33,0.7075,-0.6221,-0.2354
Sawah_40,Sawah,Training,229.03,548.55,509.91,2865.05,1822.28,0.6978,-0.6786,-0.2225
Sawah_40,Sawah,Training,284.91,655.98,503.18,2940.65,1533.93,0.7078,-0.6352,-0.3144
Sawah_40,Sawah,Training,103.88,617.03,428.76,2757.51,1754.69,0.7309,-0.6343,-0.2222
Sawah_40,Sawah,Training,379.37,624.0,508.29,2967.4,1855.27,0.7075,-0.6525,-0.2306
Sawah_40,Sawah,Training,277.12,664.29,444.51,2864.65,1567.86,0.7313,-0.6235,-0.2926
Sawah_40,Sawah,Training,310.2,611.58,583.82,2487.01,1709.87,0.6198,-0.6053,-0.1852
Sawah_40,Sawah,Training,341.13,620.12,509.02,2608.77,1711.38,0.6735,-0.6159,-0.2077
Sawah_40,Sawah,Training,362.25,596.91,518.77,2776.96,1622.54,0.6852,-0.6462,-0.2624
Sawah_40,Sawah,Training,346.69,630.19,615.28,2596.88,1923.39,0.6169,-0.6094,-0.149
Sawah_40,Sawah,Training,234.42,609.44,548.83,2385.57,1769.26,0.6259,-0.593,-0.1483
Sawah_40,Sawah,Training,271.84,557.88,519.26,3024.14,1780.01,0.7069,-0.6885,-0.259
Sawah_40,Sawah,Training,310.27,606.86,500.09,2582.13,1966.27,0.6755,-0.6194,-0.1354
Sawah_40,Sawah,Training,314.76,623.69,459.67,2708.16,1773.58,0.7098,-0.6256,-0.2085
Sawah_40,Sawah,Training,223.29,498.72,469.96,2904.5,1702.03,0.7215,-0.7069,-0.261
Sawah_40,Sawah,Training,249.06,551.12,477.23,2729.23,2124.83,0.7023,-0.664,-0.1245
Sawah_40,Sawah,Training,352.73,661.49,558.43,2600.24,1616.65,0.6464,-0.5944,-0.2333
Sawah_40,Sawah,Training,244.66,680.07,472.64,2549.73,1735.35,0.6872,-0.5789,-0.19
Sawah_40,Sawah,Training,288.07,616.1,512.55,2634.36,1902.85,0.6743,-0.6209,-0.1612
Sawah_40,Sawah,Training,268.04,590.62,534.34,2671.64,1714.6,0.6667,-0.6379,-0.2182
Sawah_40,Sawah,Training,329.58,548.54,480.76,2911.15,2108.11,0.7165,-0.6829,-0.16
Sawah_40,Sawah,Training,330.27,628.36,526.54,2585.36,1817.34,0.6616,-0.609,-0.1744
Sawah_40,Sawah,Training,298.51,619.3,505.83,2875.94,1753.28,0.7009,-0.6456,-0.2425
Sawah_40,Sawah,Training,302.93,526.33,484.0,3078.17,1847.82,0.7283,-0.708,-0.2498
Sawah_40,Sawah,Training,298.95,713.77,431.96,2578.11,2056.91,0.713,-0.5663,-0.1124
Sawah_40,Sawah,Training,302.3,585.45,440.04,2889.54,1881.67,0.7357,-0.6631,-0.2112
Sawah_40,Sawah,Training,245.28,591.58,483.22,2851.2,1632.11,0.7102,-0.6563,-0.2719
Sawah_40,Sawah,Training,362.6,654.95,481.84,2756.72,1779.54,0.7024,-0.6161,-0.2154
Sawah_40,Sawah,Training,261.08,573.39,486.49,3122.57,1941.99,0.7304,-0.6897,-0.2331
Sawah_40,Sawah,Training,346.73,622.2,444.13,2791.7,1945.57,0.7255,-0.6355,-0.1786
Sawah_40,Sawah,Training,237.09,638.19,616.13,3012.36,2012.1,0.6604,-0.6504,-0.1991
Sawah_40,Sawah,Training,310.92,658.08,464.11,2959.17,1898.16,0.7289,-0.6361,-0.2184
Sawah_40,Sawah,Training,314.5,678.96,473.06,2762.59,1814.32,0.7076,-0.6054,-0.2072
Sawah_40,Sawah,Training,248.52,613.62,414.05,3009.39,1807.0,0.7581,-0.6613,-0.2496
Sawah_40,Sawah,Training,273.96,549.94,488.27,2937.65,1882.16,0.715,-0.6846,-0.219
Sawah_40,Sawah,Training,264.72,549.24,532.84,2655.53,1808.99,0.6658,-0.6572,-0.1896
Sawah_40,Sawah,Training,306.19,618.72,542.91,2547.41,1513.33,0.6486,-0.6092,-0.2547
Sawah_40,Sawah,Training,271.63,708.09,601.11,3166.24,1771.05,0.6809,-0.6345,-0.2826
Sawah_40,Sawah,Training,210.89,459.42,469.3,2760.39,1995.09,0.7094,-0.7146,-0.1609
Sawah_40,Sawah,Training,343.39,613.64,455.51,2607.84,1838.12,0.7026,-0.619,-0.1731
Sawah_40,Sawah,Training,334.85,623.51,448.27,2930.13,1863.89,0.7346,-0.6491,-0.2224
Sawah_40,Sawah,Training,246.47,552.94,534.42,2753.1,2038.37,0.6749,-0.6655,-0.1492
Sawah_40,Sawah,Training,325.06,570.8,499.49,2812.68,1690.74,0.6984,-0.6626,-0.2491
Sawah_40,Sawah,Training,254.37,642.08,542.26,2920.76,2027.3,0.6868,-0.6396,-0.1806
Sawah_40,Sawah,Training,272.91,700.46,454.95,2597.46,1536.01,0.7019,-0.5752,-0.2568
Sawah_40,Sawah,Training,277.71,569.78,526.3,2848.78,1621.05,0.6881,-0.6667,-0.2747
Sawah_40,Sawah,Training,280.36,577.71,411.2,2603.81,1684.38,0.7272,-0.6368,-0.2144
Sawah_40,Sawah,Training,371.68,611.49,533.11,2500.27,1979.13,0.6485,-0.607,-0.1163
Sawah_40,Sawah,Training,365.06,480.1,464.73,2899.15,1896.66,0.7237,-0.7159,-0.209
Sawah_41,Sawah,Training,266.08,581.67,470.13,2822.08,1979.58,0.7144,-0.6582,-0.1755
Sawah_41,Sawah,Training,261.45,660.05,460.92,2630.47,1922.79,0.7018,-0.5988,-0.1554
Sawah_41,Sawah,Training,346.1,651.08,434.21,2706.81,1923.45,0.7235,-0.6122,-0.1692
Sawah_41,Sawah,Training,302.08,535.58,522.92,2657.04,2069.18,0.6711,-0.6645,-0.1244
Sawah_41,Sawah,Training,377.24,636.25,568.05,2812.96,1914.82,0.664,-0.6311,-0.19
Sawah_41,Sawah,Training,373.89,614.73,487.24,2459.08,1787.53,0.6693,-0.6,-0.1581
Sawah_41,Sawah,Training,341.17,656.74,525.22,2691.74,1503.48,0.6735,-0.6077,-0.2832
Sawah_41,Sawah,Training,275.24,581.74,484.35,2923.71,2097.85,0.7158,-0.6681,-0.1645
Sawah_41,Sawah,Training,306.18,587.0,487.04,2824.88,1675.76,0.7059,-0.6559,-0.2553
Sawah_41,Sawah,Training,306.01,627.05,510.48,2891.51,1865.06,0.6999,-0.6436,-0.2158
Sawah_41,Sawah,Training,211.41,638.21,466.45,2580.83,1634.33,0.6939,-0.6035,-0.2245
Sawah_41,Sawah,Training,321.68,586.65,415.9,2895.61,1584.06,0.7488,-0.6631,-0.2928
Sawah_41,Sawah,Training,306.99,614.31,544.28,3156.34,1595.3,0.7058,-0.6742,-0.3285
Sawah_41,Sawah,Training,297.38,583.42,521.69,2843.13,1747.12,0.6899,-0.6595,-0.2388
Sawah_41,Sawah,Training,277.95,533.01,549.39,2891.84,1937.67,0.6807,-0.6887,-0.1976
Sawah_41,Sawah,Training,284.48,560.59,446.08,2871.78,1644.03,0.7311,-0.6734,-0.2719
Sawah_41,Sawah,Training,392.43,521.54,513.68,3113.37,1889.86,0.7167,-0.713,-0.2445
Sawah_41,Sawah,Training,308.78,541.89,430.91,2954.01,2025.92,0.7454,-0.69,-0.1864
Sawah_41,Sawah,Training,278.06,531.66,377.09,2603.85,1782.95,0.747,-0.6609,-0.1871
Sawah_41,Sawah,Training,379.96,640.39,515.25,2719.98,1712.53,0.6815,-0.6189,-0.2273
Sawah_41,Sawah,Training,370.28,612.04,394.87,2665.29,1671.27,0.7419,-0.6265,-0.2292
Sawah_41,Sawah,Training,272.69,633.77,494.63,2784.63,1997.02,0.6983,-0.6292,-0.1647
Sawah_41,Sawah,Training,265.18,711.85,466.43,2817.84,1757.82,0.716,-0.5966,-0.2317
Sawah_41,Sawah,Training,306.17,626.68,521.69,2649.38,1631.56,0.671,-0.6174,-0.2378
Sawah_41,Sawah,Training,425.16,570.96,534.96,2478.47,1758.06,0.6449,-0.6255,-0.17
Sawah_41,Sawah,Training,293.64,628.37,363.88,2833.23,1627.54,0.7724,-0.6369,-0.2703
Sawah_41,Sawah,Training,316.22,537.82,457.23,2745.27,1642.15,0.7145,-0.6724,-0.2514
Sawah_41,Sawah,Training,276.22,528.4,408.34,3003.59,1605.59,0.7606,-0.7008,-0.3033
Sawah_41,Sawah,Training,291.07,645.17,469.25,2634.97,1833.94,0.6977,-0.6066,-0.1792
Sawah_41,Sawah,Training,355.9,529.84,492.49,2453.5,1741.02,0.6657,-0.6448,-0.1699
Sawah_41,Sawah,Training,301.71,548.72,477.15,2518.35,1811.56,0.6814,-0.6422,-0.1632
Sawah_41,Sawah,Training,352.78,534.17,468.87,2900.51,1981.81,0.7217,-0.689,-0.1882
Sawah_41,Sawah,Training,225.34,589.87,514.16,2779.59,1428.48,0.6878,-0.6499,-0.3211
Sawah_41,Sawah,Training,325.05,691.16,505.83,2593.78,1723.03,0.6736,-0.5792,-0.2017
Sawah_41,Sawah,Training,388.5,654.6,532.0,2871.28,1700.83,0.6874,-0.6287,-0.256
Sawah_41,Sawah,Training,289.97,595.32,527.48,3101.78,1967.75,0.7093,-0.678,-0.2237
Sawah_41,Sawah,Training,229.03,613.44,536.84,2923.77,1705.61,0.6897,-0.6532,-0.2631
Sawah_41,Sawah,Training,445.71,523.37,445.84,2846.72,2117.52,0.7292,-0.6894,-0.1469
Sawah_41,Sawah,Training,258.19,584.05,553.86,2796.43,1749.81,0.6694,-0.6545,-0.2302
Sawah_41,Sawah,Training,328.28,616.35,551.52,3058.29,1846.05,0.6944,-0.6645,-0.2472
Sawah_41,Sawah,Training,314.59,612.85,524.46,2811.03,1799.91,0.6855,-0.642,-0.2193
Sawah_41,Sawah,Training,359.83,690.97,424.62,2802.0,1696.7,0.7368,-0.6044,-0.2457
Sawah_41,Sawah,Training,284.45,624.15,533.47,2777.57,1513.0,0.6778,-0.633,-0.2947
Sawah_41,Sawah,Training,251.75,653.79,362.98,3037.49,1878.18,0.7865,-0.6458,-0.2358
Sawah_41,Sawah,Training,365.81,588.09,396.93,2886.07,1991.2,0.7582,-0.6615,-0.1835
Sawah_41,Sawah,Training,346.24,560.24,504.34,2693.43,1677.11,0.6846,-0.6556,-0.2325
Sawah_41,Sawah,Training,347.77,528.15,455.31,2579.19,1576.46,0.6999,-0.6601,-0.2413
Sawah_41,Sawah,Training,307.32,669.69,490.76,2498.85,1925.99,0.6717,-0.5773,-0.1295
Sawah_41,Sawah,Training,384.29,561.23,476.07,2903.13,2043.28,0.7182,-0.676,-0.1738
Sawah_41,Sawah,Training,274.01,520.05,531.57,2959.81,1800.92,0.6955,-0.7011,-0.2434
Sawah_42,Sawah,Training,272.09,659.66,526.4,2646.31,1807.36,0.6682,-0.6009,-0.1884
Sawah_42,Sawah,Training,232.41,641.15,486.89,2712.86,1795.07,0.6957,-0.6177,-0.2036
Sawah_42,Sawah,Training,302.02,653.7,529.55,2768.72,1914.55,0.6789,-0.618,-0.1824
Sawah_42,Sawah,Training,320.04,574.4,493.76,2770.36,1875.79,0.6975,-0.6565,-0.1925
Sawah_42,Sawah,Training,281.65,576.58,598.44,2987.95,1685.91,0.6663,-0.6765,-0.2786
Sawah_42,Sawah,Training,328.55,607.1,519.58,2827.47,1978.45,0.6895,-0.6465,-0.1767
Sawah_42,Sawah,Training,317.28,596.27,552.11,2846.66,1818.22,0.6751,-0.6536,-0.2205
Sawah_42,Sawah,Training,315.7,594.38,500.46,2682.66,1687.32,0.6856,-0.6372,-0.2278
Sawah_42,Sawah,Training,250.07,516.48,456.01,2765.15,1815.47,0.7169,-0.6852,-0.2073
Sawah_42,Sawah,Training,286.44,458.66,578.73,3017.3,1866.86,0.6781,-0.7361,-0.2355
Sawah_42,Sawah,Training,395.37,541.36,594.38,2606.96,1835.81,0.6287,-0.6561,-0.1736
Sawah_42,Sawah,Training,236.31,600.88,519.31,2769.06,1907.08,0.6842,-0.6434,-0.1843
Sawah_42,Sawah,Training,304.95,568.66,471.66,2962.18,1701.94,0.7253,-0.6779,-0.2702
Sawah_42,Sawah,Training,345.77,673.36,416.56,3026.59,2109.06,0.758,-0.636,-0.1787
Sawah_42,Sawah,Training,312.6,635.95,551.85,2744.9,1827.34,0.6652,-0.6238,-0.2007
Sawah_42,Sawah,Training,234.29,608.32,524.91,2903.23,1959.81,0.6938,-0.6535,-0.194
Sawah_42,Sawah,Training,261.26,568.04,594.78,2769.93,1830.01,0.6465,-0.6596,-0.2043
Sawah_42,Sawah,Training,296.65,550.7,581.18,2694.46,1630.91,0.6452,-0.6606,-0.2459
Sawah_42,Sawah,Training,277.46,479.9,467.44,2606.37,1892.61,0.6959,-0.689,-0.1586
Sawah_42,Sawah,Training,266.33,653.27,569.92,2956.24,1767.69,0.6767,-0.638,-0.2516
Sawah_42,Sawah,Training,307.06,508.5,493.31,2627.91,1904.15,0.6839,-0.6757,-0.1597
Sawah_42,Sawah,Training,428.64,629.99,400.44,2727.75,1818.37,0.744,-0.6248,-0.2
Sawah_42,Sawah,Training,304.37,556.15,512.26,2551.5,1658.26,0.6656,-0.6421,-0.2122
Sawah_42,Sawah,Training,332.29,539.06,526.91,2526.11,2064.72,0.6548,-0.6483,-0.1005
Sawah_42,Sawah,Training,261.29,586.58,516.53,2686.93,1821.51,0.6775,-0.6416,-0.192
Sawah_42,Sawah,Training,328.77,657.64,539.57,2765.64,1778.01,0.6735,-0.6158,-0.2174
Sawah_42,Sawah,Training,417.46,656.99,453.91,2820.0,1749.73,0.7227,-0.6221,-0.2342
Sawah_42,Sawah,Training,293.23,526.23,479.4,3162.31,1886.86,0.7367,-0.7147,-0.2526
Sawah_42,Sawah,Training,175.44,673.0,554.48,2728.14,1907.59,0.6622,-0.6042,-0.177
Sawah_42,Sawah,Training,257.03,571.78,574.93,2745.65,1519.54,0.6537,-0.6553,-0.2875
Sawah_42,Sawah,Training,296.83,595.28,559.92,2802.87,1736.76,0.667,-0.6496,-0.2348
Sawah_42,Sawah,Training,352.25,607.25,462.5,3031.0,1829.05,0.7352,-0.6662,-0.2473
Sawah_42,Sawah,Training,300.15,610.67,446.47,2694.47,1800.54,0.7157,-0.6305,-0.1989
Sawah_42,Sawah,Training,290.27,676.35,510.87,2970.98,1801.41,0.7066,-0.6291,-0.2451
Sawah_42,Sawah,Training,352.81,623.85,500.67,2797.34,1656.83,0.6964,-0.6353,-0.2561
Sawah_42,Sawah,Training,325.35,597.59,474.9,3021.29,1612.47,0.7283,-0.6697,-0.304
Sawah_42,Sawah,Training,278.88,661.66,515.78,2790.43,1837.65,0.688,-0.6167,-0.2059
Sawah_42,Sawah,Training,308.97,509.0,482.54,3123.3,1701.1,0.7324,-0.7197,-0.2948
Sawah_42,Sawah,Training,284.08,567.5,495.65,2683.38,1873.01,0.6882,-0.6509,-0.1779
Sawah_42,Sawah,Training,309.87,646.41,447.45,2731.93,1766.14,0.7185,-0.6173,-0.2147
Sawah_42,Sawah,Training,322.78,552.41,545.78,3037.28,1651.67,0.6954,-0.6922,-0.2955
Sawah_42,Sawah,Training,275.46,568.08,631.62,2714.02,2051.64,0.6224,-0.6538,-0.139
Sawah_42,Sawah,Training,236.67,540.62,465.67,2630.86,1759.82,0.6992,-0.6591,-0.1984
Sawah_42,Sawah,Training,264.56,550.84,557.92,3044.76,1942.39,0.6903,-0.6936,-0.221
Sawah_42,Sawah,Training,326.2,605.56,475.15,2609.37,1854.45,0.6919,-0.6233,-0.1691
Sawah_42,Sawah,Training,241.32,540.36,557.65,3180.13,1858.99,0.7016,-0.7095,-0.2622
Sawah_42,Sawah,Training,355.32,585.25,433.12,2922.43,1885.39,0.7419,-0.6663,-0.2157
Sawah_42,Sawah,Training,303.58,585.46,548.11,2602.85,1683.93,0.6521,-0.6327,-0.2144
Sawah_42,Sawah,Training,249.59,605.1,445.61,2663.15,1694.14,0.7133,-0.6297,-0.2224
Sawah_42,Sawah,Training,286.97,510.76,504.36,3049.46,1820.32,0.7162,-0.7131,-0.2524
Sawah_43,Sawah,Training,377.07,680.04,538.89,2814.94,1803.38,0.6786,-0.6108,-0.219
Sawah_43,Sawah,Training,338.19,576.5,405.87,2898.4,1630.34,0.7543,-0.6682,-0.28
Sawah_43,Sawah,Training,251.89,600.01,495.24,2517.58,1824.82,0.6712,-0.6151,-0.1595
Sawah_43,Sawah,Training,348.31,532.3,563.62,2487.97,2117.6,0.6306,-0.6475,-0.0804
Sawah_43,Sawah,Training,279.44,608.74,405.4,2787.57,1834.27,0.7461,-0.6415,-0.2063
Sawah_43,Sawah,Training,295.69,566.22,452.67,3026.11,1804.62,0.7398,-0.6848,-0.2529
Sawah_43,Sawah,Training,377.04,568.41,478.26,2963.12,1556.55,0.7221,-0.6781,-0.3112
Sawah_43,Sawah,Training,239.33,665.85,441.4,2436.19,2080.28,0.6932,-0.5707,-0.0788
Sawah_43,Sawah,Training,230.31,611.05,503.45,2237.87,1759.9,0.6327,-0.571,-0.1196
Sawah_43,Sawah,Training,322.42,621.26,545.18,2722.5,1906.88,0.6663,-0.6284,-0.1762
Sawah_43,Sawah,Training,265.53,515.37,435.11,2507.58,1951.44,0.7043,-0.659,-0.1247
Sawah_43,Sawah,Training,224.27,616.44,486.7,2779.47,2004.54,0.702,-0.637,-0.162
Sawah_43,Sawah,Training,278.08,636.7,501.88,2769.6,2145.0,0.6932,-0.6262,-0.1271
Sawah_43,Sawah,Training,227.93,677.35,532.82,2704.1,2044.4,0.6708,-0.5994,-0.1389
Sawah_43,Sawah,Training,207.59,568.69,439.58,2882.42,1633.04,0.7354,-0.6704,-0.2767
Sawah_43,Sawah,Training,321.65,588.81,476.03,2877.73,1759.71,0.7161,-0.6603,-0.2411
Sawah_43,Sawah,Training,245.57,768.08,475.64,2356.48,1673.69,0.6641,-0.5084,-0.1694
Sawah_43,Sawah,Training,236.64,649.57,516.08,2879.74,1744.5,0.696,-0.6319,-0.2455
Sawah_43,Sawah,Training,286.03,577.74,495.94,2967.07,1850.41,0.7136,-0.674,-0.2318
Sawah_43,Sawah,Training,325.01,629.97,544.22,2857.63,1853.83,0.68,-0.6387,-0.2131
Sawah_43,Sawah,Training,359.44,560.1,457.21,2562.82,1827.44,0.6972,-0.6413,-0.1675
Sawah_43,Sawah,Training,207.31,627.73,494.54,3026.93,1699.21,0.7191,-0.6565,-0.2809
Sawah_43,Sawah,Training,289.83,667.33,569.16,2663.97,1827.27,0.6479,-0.5994,-0.1863
Sawah_43,Sawah,Training,314.72,622.42,486.87,3056.28,1516.54,0.7252,-0.6616,-0.3367
Sawah_43,Sawah,Training,278.94,626.88,522.86,3070.55,1979.73,0.709,-0.6609,-0.216
Sawah_43,Sawah,Training,285.72,677.99,464.3,2986.18,2071.58,0.7309,-0.6299,-0.1808
Sawah_43,Sawah,Training,360.75,606.35,483.41,2494.28,1846.58,0.6753,-0.6089,-0.1492
Sawah_43,Sawah,Training,244.24,552.41,440.46,2707.92,1795.8,0.7202,-0.6611,-0.2025
Sawah_43,Sawah,Training,313.68,563.97,553.46,2758.36,1681.84,0.6658,-0.6605,-0.2424
Sawah_43,Sawah,Training,311.31,717.81,516.76,2727.43,1570.88,0.6814,-0.5833,-0.2691
Sawah_43,Sawah,Training,289.03,614.1,480.62,2466.92,1672.42,0.6739,-0.6014,-0.1919
Sawah_43,Sawah,Training,372.73,686.04,455.67,2934.55,1623.21,0.7312,-0.621,-0.2877
Sawah_43,Sawah,Training,370.22,614.71,547.48,2456.98,1901.65,0.6356,-0.5998,-0.1274
Sawah_43,Sawah,Training,299.62,651.12,545.74,2813.16,1709.88,0.675,-0.6241,-0.2439
Sawah_43,Sawah,Training,338.98,596.39,456.36,2615.97,1578.43,0.7029,-0.6287,-0.2474
Sawah_43,Sawah,Training,274.49,666.16,508.89,2694.05,1920.73,0.6822,-0.6035,-0.1676
Sawah_43,Sawah,Training,258.38,605.72,491.02,2955.83,1563.42,0.7151,-0.6599,-0.3081
Sawah_43,Sawah,Training,257.49,501.71,487.02,3042.29,1724.18,0.724,-0.7169,-0.2765
Sawah_43,Sawah,Training,274.47,652.3,553.43,2782.29,1902.71,0.6682,-0.6202,-0.1877
Sawah_43,Sawah,Training,246.15,682.68,607.44,2904.24,1487.35,0.654,-0.6194,-0.3226
Sawah_43,Sawah,Training,272.09,636.77,478.93,3054.44,1888.22,0.7289,-0.655,-0.2359
Sawah_43,Sawah,Training,264.68,601.94,455.31,2763.48,1716.81,0.7171,-0.6423,-0.2336
Sawah_43,Sawah,Training,358.74,726.96,428.44,2415.36,1763.22,0.6987,-0.5373,-0.1561
Sawah_43,Sawah,Training,224.08,602.77,537.45,3098.83,1830.21,0.7044,-0.6743,-0.2574
Sawah_43,Sawah,Training,290.34,481.3,501.31,2814.26,1895.84,0.6976,-0.7079,-0.195
Sawah_43,Sawah,Training,264.58,573.9,426.1,2341.74,1633.73,0.6921,-0.6063,-0.1781
Sawah_43,Sawah,Training,221.48,620.2,474.09,2692.35,1652.34,0.7006,-0.6255,-0.2394
Sawah_43,Sawah,Training,138.37,690.5,449.99,2717.52,1581.77,0.7159,-0.5948,-0.2642
Sawah_43,Sawah,Training,348.6,608.61,458.68,2721.55,2051.73,0.7115,-0.6345,-0.1403
Sawah_43,Sawah,Training,296.35,589.1,452.93,2421.08,1775.99,0.6848,-0.6086,-0.1537
Sawah_44,Sawah,Training,316.27,665.98,387.58,2574.98,1712.89,0.7384,-0.589,-0.2011
Sawah_44,Sawah,Training,299.83,591.3,493.92,2881.62,1664.51,0.7074,-0.6595,-0.2677
Sawah_44,Sawah,Training,346.71,626.01,484.01,3120.18,2033.46,0.7314,-0.6658,-0.2109
Sawah_44,Sawah,Training,346.64,418.89,578.95,2958.95,2100.96,0.6727,-0.752,-0.1696
Sawah_44,Sawah,Training,361.87,694.7,543.93,3069.74,2099.12,0.699,-0.6309,-0.1878
Sawah_44,Sawah,Training,310.83,505.67,484.63,2877.99,1811.23,0.7118,-0.7011,-0.2275
Sawah_44,Sawah,Training,237.67,502.14,462.94,2961.55,2037.05,0.7296,-0.7101,-0.185
Sawah_44,Sawah,Training,345.83,663.45,495.96,2451.58,1731.72,0.6635,-0.574,-0.1721
Sawah_44,Sawah,Training,287.06,570.18,502.73,2888.28,1927.95,0.7035,-0.6703,-0.1994
Sawah_44,Sawah,Training,286.09,485.77,475.86,2808.74,1983.42,0.7103,-0.7051,-0.1722
Sawah_44,Sawah,Training,271.61,630.75,514.5,2808.78,1939.58,0.6904,-0.6332,-0.1831
Sawah_44,Sawah,Training,266.96,565.49,499.4,2671.97,1876.2,0.6851,-0.6507,-0.175
Sawah_44,Sawah,Training,264.34,613.58,494.99,2842.99,1731.04,0.7034,-0.645,-0.2431
Sawah_44,Sawah,Training,283.05,605.76,510.1,2799.16,2055.8,0.6917,-0.6442,-0.1531
Sawah_44,Sawah,Training,250.46,596.15,421.32,2874.42,1632.71,0.7443,-0.6565,-0.2755
Sawah_44,Sawah,Training,286.08,577.68,514.04,2689.44,1710.7,0.6791,-0.6464,-0.2224
Sawah_44,Sawah,Training,371.79,617.07,471.95,2749.83,2046.8,0.707,-0.6334,-0.1466
Sawah_44,Sawah,Training,288.24,558.64,465.75,2690.17,1710.83,0.7048,-0.6561,-0.2225
Sawah_44,Sawah,Training,236.02,532.55,458.53,2918.31,1742.81,0.7284,-0.6914,-0.2522
Sawah_44,Sawah,Training,289.64,676.21,564.75,2743.58,1705.37,0.6586,-0.6045,-0.2334
Sawah_44,Sawah,Training,256.78,641.57,489.76,2722.7,1677.95,0.6951,-0.6186,-0.2374
Sawah_44,Sawah,Training,261.52,619.2,434.23,2998.97,1719.92,0.747,-0.6577,-0.271
Sawah_44,Sawah,Training,292.52,519.78,499.38,2734.34,1792.49,0.6911,-0.6805,-0.2081
Sawah_44,Sawah,Training,373.59,610.66,460.27,2657.74,1889.27,0.7048,-0.6263,-0.169
Sawah_44,Sawah,Training,364.93,616.92,534.44,2921.95,2012.86,0.6908,-0.6513,-0.1842
Sawah_44,Sawah,Training,202.52,640.03,549.19,2532.26,1667.15,0.6436,-0.5965,-0.206
Sawah_44,Sawah,Training,257.46,556.27,475.91,2848.52,1929.85,0.7137,-0.6732,-0.1923
Sawah_44,Sawah,Training,354.07,549.73,457.76,3063.16,1897.01,0.74,-0.6957,-0.2351
Sawah_44,Sawah,Training,304.14,628.4,498.51,2904.92,1749.59,0.7071,-0.6443,-0.2482
Sawah_44,Sawah,Training,313.44,509.37,465.61,2664.6,1743.84,0.7025,-0.679,-0.2089
Sawah_44,Sawah,Training,253.67,567.99,424.28,2909.74,1787.62,0.7455,-0.6734,-0.2389
Sawah_44,Sawah,Training,214.74,549.91,516.83,2691.4,1695.46,0.6778,-0.6607,-0.227
Sawah_44,Sawah,Training,296.27,620.62,428.18,2910.03,1679.96,0.7435,-0.6484,-0.268
Sawah_44,Sawah,Training,299.1,597.87,473.65,2595.27,1757.15,0.6913,-0.6255,-0.1926
Sawah_44,Sawah,Training,381.27,518.3,584.62,2748.06,1805.31,0.6492,-0.6826,-0.207
Sawah_44,Sawah,Training,245.66,553.72,474.85,2590.86,1768.66,0.6902,-0.6478,-0.1886
Sawah_44,Sawah,Training,279.65,711.05,441.7,2820.54,1837.18,0.7292,-0.5973,-0.2111
Sawah_44,Sawah,Training,246.48,641.21,480.08,2301.52,1898.98,0.6548,-0.5642,-0.0958
Sawah_44,Sawah,Training,244.15,537.13,534.4,2730.57,1937.67,0.6726,-0.6712,-0.1699
Sawah_44,Sawah,Training,360.51,561.3,539.66,2648.91,2134.97,0.6615,-0.6503,-0.1074
Sawah_44,Sawah,Training,265.35,661.57,542.19,2863.22,1699.42,0.6816,-0.6246,-0.2551
Sawah_44,Sawah,Training,292.43,470.78,511.22,2869.92,1820.02,0.6976,-0.7182,-0.2239
Sawah_44,Sawah,Training,151.33,524.06,462.6,2858.33,1843.4,0.7214,-0.6901,-0.2159
Sawah_44,Sawah,Training,291.49,638.11,448.69,2922.05,1871.21,0.7338,-0.6415,-0.2192
Sawah_44,Sawah,Training,318.88,589.08,591.54,2898.64,1654.75,0.661,-0.6622,-0.2732
Sawah_44,Sawah,Training,312.42,645.15,470.59,3017.85,1857.31,0.7302,-0.6477,-0.2381
Sawah_44,Sawah,Training,182.88,617.98,479.7,2907.44,1941.63,0.7168,-0.6494,-0.1992
Sawah_44,Sawah,Training,309.76,699.92,491.06,2924.96,1920.74,0.7125,-0.6138,-0.2072
Sawah_44,Sawah,Training,295.13,646.73,470.27,2715.49,1603.13,0.7048,-0.6153,-0.2576
Sawah_44,Sawah,Training,312.07,619.52,558.96,2958.23,1757.28,0.6822,-0.6537,-0.2547
Sawah_47,Sawah,Training,327.68,625.22,529.59,3051.86,2079.43,0.7043,-0.6599,-0.1895
Sawah_47,Sawah,Training,306.23,665.97,482.42,3037.0,1959.23,0.7259,-0.6403,-0.2157
Sawah_47,Sawah,Training,350.42,605.64,466.58,2521.09,1793.99,0.6877,-0.6126,-0.1685
Sawah_47,Sawah,Training,376.65,581.41,539.26,2968.79,1757.45,0.6926,-0.6725,-0.2563
Sawah_47,Sawah,Training,365.82,425.48,438.86,2616.87,1677.04,0.7128,-0.7203,-0.2189
Sawah_47,Sawah,Training,316.81,617.4,519.7,2919.22,1657.48,0.6978,-0.6509,-0.2757
Sawah_47,Sawah,Training,239.09,623.78,468.49,2485.9,1945.7,0.6829,-0.5988,-0.1219
Sawah_47,Sawah,Training,369.76,693.43,509.35,2925.19,2005.48,0.7034,-0.6167,-0.1865
Sawah_47,Sawah,Training,267.93,666.64,513.77,2982.74,1827.91,0.7061,-0.6347,-0.2401
Sawah_47,Sawah,Training,364.81,613.41,425.8,3090.39,1657.87,0.7578,-0.6688,-0.3017
Sawah_47,Sawah,Training,362.65,594.59,558.8,3026.95,1864.52,0.6883,-0.6716,-0.2376
Sawah_47,Sawah,Training,325.43,625.36,399.31,2823.67,1632.59,0.7522,-0.6374,-0.2673
Sawah_47,Sawah,Training,308.56,531.42,440.75,3120.99,1960.42,0.7525,-0.709,-0.2284
Sawah_47,Sawah,Training,299.79,611.09,487.6,2913.98,1698.59,0.7133,-0.6533,-0.2635
Sawah_47,Sawah,Training,349.69,584.81,479.01,2804.34,1711.33,0.7082,-0.6549,-0.242
Sawah_47,Sawah,Training,316.43,567.76,523.43,3043.2,1692.1,0.7065,-0.6855,-0.2853
Sawah_47,Sawah,Training,293.47,627.68,478.21,2892.86,1883.31,0.7163,-0.6434,-0.2114
Sawah_47,Sawah,Training,354.16,563.64,452.86,2738.48,1654.84,0.7162,-0.6586,-0.2467
Sawah_47,Sawah,Training,328.22,530.29,616.65,3059.19,1801.89,0.6645,-0.7045,-0.2586
Sawah_47,Sawah,Training,343.37,501.79,626.17,2681.96,1781.93,0.6214,-0.6848,-0.2016
Sawah_47,Sawah,Training,207.2,629.18,444.68,2820.33,1718.36,0.7276,-0.6352,-0.2428
Sawah_47,Sawah,Training,246.11,551.74,511.29,2543.7,1687.68,0.6653,-0.6435,-0.2023
Sawah_47,Sawah,Training,333.16,756.15,523.88,2616.55,1744.93,0.6664,-0.5516,-0.1998
Sawah_47,Sawah,Training,301.58,579.03,545.15,2843.49,1936.18,0.6782,-0.6616,-0.1898
Sawah_47,Sawah,Training,284.28,679.53,491.68,2605.76,2126.6,0.6825,-0.5863,-0.1013
Sawah_47,Sawah,Training,208.75,555.68,468.65,3301.66,2071.03,0.7514,-0.7119,-0.2291
Sawah_47,Sawah,Training,374.7,580.16,621.31,2873.67,1946.59,0.6445,-0.664,-0.1923
Sawah_47,Sawah,Training,308.98,597.03,487.41,2758.07,1891.27,0.6996,-0.6441,-0.1864
Sawah_47,Sawah,Training,318.36,598.11,575.48,2206.65,1876.48,0.5863,-0.5735,-0.0809
Sawah_47,Sawah,Training,335.89,668.82,496.76,2841.58,1947.89,0.7024,-0.619,-0.1866
Sawah_47,Sawah,Training,374.56,581.97,513.35,3135.71,1481.4,0.7186,-0.6869,-0.3583
Sawah_47,Sawah,Training,265.5,687.95,554.63,2904.49,1732.71,0.6793,-0.617,-0.2527
Sawah_47,Sawah,Training,255.91,564.53,577.4,2674.31,1815.21,0.6449,-0.6514,-0.1914
Sawah_47,Sawah,Training,262.31,650.57,473.06,2780.48,1547.49,0.7092,-0.6208,-0.2849
Sawah_47,Sawah,Training,219.33,600.46,433.74,3221.02,1490.77,0.7626,-0.6857,-0.3672
Sawah_47,Sawah,Training,259.99,601.0,481.74,2579.17,1656.31,0.6852,-0.622,-0.2179
Sawah_47,Sawah,Training,250.47,582.8,597.6,2815.59,1977.44,0.6498,-0.657,-0.1749
Sawah_47,Sawah,Training,325.35,666.83,360.0,2739.11,1996.07,0.7677,-0.6084,-0.1569
Sawah_47,Sawah,Training,271.41,705.75,574.19,2706.17,1724.53,0.6499,-0.5863,-0.2216
Sawah_47,Sawah,Training,249.32,562.22,438.37,2885.76,1581.59,0.7362,-0.6739,-0.2919
Sawah_47,Sawah,Training,330.19,637.68,416.94,3109.96,1877.04,0.7636,-0.6597,-0.2472
Sawah_47,Sawah,Training,337.48,554.48,531.12,3025.28,1785.21,0.7013,-0.6902,-0.2578
Sawah_47,Sawah,Training,400.1,602.64,557.04,2858.6,1887.83,0.6738,-0.6518,-0.2045
Sawah_47,Sawah,Training,216.43,622.26,463.25,2630.72,2061.62,0.7005,-0.6174,-0.1213
Sawah_47,Sawah,Training,289.31,539.8,482.04,2539.91,2015.08,0.681,-0.6494,-0.1152
Sawah_47,Sawah,Training,265.22,631.76,567.81,2699.97,1879.8,0.6525,-0.6208,-0.1791
Sawah_47,Sawah,Training,248.5,746.75,546.82,2761.48,1684.07,0.6694,-0.5743,-0.2424
Sawah_47,Sawah,Training,294.3,579.6,597.65,2554.89,1820.22,0.6208,-0.6302,-0.1679
Sawah_47,Sawah,Training,299.08,592.96,494.57,2776.79,1930.96,0.6976,-0.6481,-0.1797
Sawah_47,Sawah,Training,330.45,625.13,348.3,2859.96,1551.65,0.7829,-0.6413,-0.2966
Sawah_49,Sawah,Training,358.74,487.26,483.61,2791.67,1802.39,0.7047,-0.7028,-0.2153
Sawah_49,Sawah,Training,309.02,636.63,498.23,2726.39,1738.86,0.691,-0.6214,-0.2212
Sawah_49,Sawah,Training,269.42,647.25,467.67,2969.35,1802.85,0.7279,-0.6421,-0.2444
Sawah_49,Sawah,Training,273.94,637.1,463.63,2927.64,1831.91,0.7266,-0.6426,-0.2302
Sawah_49,Sawah,Training,270.18,631.72,527.33,3031.5,1944.92,0.7037,-0.6551,-0.2183
Sawah_49,Sawah,Training,324.56,532.34,622.43,2519.28,1942.39,0.6038,-0.6511,-0.1293
Sawah_49,Sawah,Training,321.56,529.55,493.78,2784.25,1995.84,0.6987,-0.6804,-0.1649
Sawah_49,Sawah,Training,264.33,584.28,383.2,3146.95,1639.43,0.7829,-0.6868,-0.315
Sawah_49,Sawah,Training,316.35,593.92,495.1,2961.97,2050.69,0.7136,-0.666,-0.1818
Sawah_49,Sawah,Training,312.57,639.3,516.44,3003.51,1730.56,0.7066,-0.649,-0.2689
Sawah_49,Sawah,Training,353.77,666.63,554.13,2667.97,1774.75,0.656,-0.6002,-0.2011
Sawah_49,Sawah,Training,311.97,517.75,579.75,2797.54,1842.59,0.6567,-0.6877,-0.2058
Sawah_49,Sawah,Training,271.15,520.39,469.8,2843.84,1901.01,0.7164,-0.6906,-0.1987
Sawah_49,Sawah,Training,308.09,620.8,483.15,2899.25,2022.42,0.7143,-0.6473,-0.1782
Sawah_49,Sawah,Training,335.24,648.57,514.7,2499.37,1643.3,0.6585,-0.5879,-0.2066
Sawah_49,Sawah,Training,322.74,599.34,521.99,3135.28,1908.91,0.7145,-0.679,-0.2431
Sawah_49,Sawah,Training,362.94,605.68,459.64,2788.43,1679.29,0.717,-0.6431,-0.2483
Sawah_49,Sawah,Training,377.91,647.42,526.03,3047.19,1496.99,0.7056,-0.6495,-0.3411
Sawah_49,Sawah,Training,329.41,521.36,499.64,2737.66,1899.26,0.6913,-0.6801,-0.1808
Sawah_49,Sawah,Training,311.41,680.71,469.91,2941.82,1824.33,0.7245,-0.6242,-0.2345
Sawah_49,Sawah,Training,218.24,544.88,492.51,3022.46,1869.56,0.7198,-0.6945,-0.2357
Sawah_49,Sawah,Training,241.62,591.58,600.89,2822.24,1750.9,0.6489,-0.6534,-0.2343
Sawah_49,Sawah,Training,324.59,645.8,477.19,2900.51,1750.67,0.7174,-0.6358,-0.2472
Sawah_49,Sawah,Training,335.97,610.18,524.1,2648.16,1676.81,0.6696,-0.6255,-0.2246
Sawah_49,Sawah,Training,347.27,595.24,514.25,2738.72,1934.81,0.6838,-0.6429,-0.172
Sawah_49,Sawah,Training,269.61,591.86,539.3,3034.59,1721.44,0.6982,-0.6736,-0.2761
Sawah_49,Sawah,Training,397.98,618.79,447.85,2873.81,1742.55,0.7303,-0.6457,-0.2451
Sawah_49,Sawah,Training,321.7,597.43,503.71,2617.68,1948.51,0.6773,-0.6284,-0.1465
Sawah_49,Sawah,Training,242.19,533.47,518.37,3120.57,1747.11,0.7151,-0.708,-0.2822
Sawah_49,Sawah,Training,335.05,664.4,540.73,2737.76,1636.34,0.6701,-0.6094,-0.2518
Sawah_49,Sawah,Training,189.62,584.23,558.9,2575.17,1905.03,0.6433,-0.6302,-0.1496
Sawah_49,Sawah,Training,252.49,606.36,535.39,2668.1,1825.57,0.6657,-0.6296,-0.1875
Sawah_49,Sawah,Training,279.25,642.31,511.77,2811.3,2033.75,0.692,-0.628,-0.1605
Sawah_49,Sawah,Training,333.12,558.58,495.71,2784.82,1812.05,0.6978,-0.6659,-0.2116
Sawah_49,Sawah,Training,426.23,622.25,398.2,2691.44,1510.14,0.7422,-0.6244,-0.2812
Sawah_49,Sawah,Training,283.51,480.76,456.42,2495.86,1857.62,0.6908,-0.677,-0.1466
Sawah_49,Sawah,Training,300.03,618.18,494.77,2521.14,1877.03,0.6719,-0.6062,-0.1465
Sawah_49,Sawah,Training,396.11,624.55,478.7,2514.39,1663.79,0.6801,-0.6021,-0.2036
Sawah_49,Sawah,Training,322.65,664.39,513.04,2959.98,1906.15,0.7046,-0.6334,-0.2166
Sawah_49,Sawah,Training,325.33,560.49,508.7,2630.32,1802.61,0.6759,-0.6487,-0.1867
Sawah_49,Sawah,Training,316.54,700.73,434.51,2896.3,2022.19,0.7391,-0.6104,-0.1777
Sawah_49,Sawah,Training,337.94,649.98,529.38,3059.67,1636.88,0.705,-0.6496,-0.3029
Sawah_49,Sawah,Training,230.7,599.62,391.94,3046.13,1983.11,0.772,-0.6711,-0.2114
Sawah_49,Sawah,Training,278.33,577.75,496.38,2810.4,1819.08,0.6998,-0.659,-0.2141
Sawah_49,Sawah,Training,327.91,589.64,547.16,2889.19,1708.96,0.6815,-0.661,-0.2567
Sawah_49,Sawah,Training,366.76,518.5,495.39,2993.38,1691.54,0.716,-0.7047,-0.2779
Sawah_49,Sawah,Training,315.48,632.6,456.97,2785.5,1776.52,0.7181,-0.6299,-0.2212
Sawah_49,Sawah,Training,272.41,738.1,461.84,3000.99,1741.08,0.7333,-0.6052,-0.2657
Sawah_49,Sawah,Training,245.67,606.17,532.45,2984.1,2034.34,0.6972,-0.6623,-0.1893
Sawah_49,Sawah,Training,447.26,615.03,466.85,2890.57,1760.07,0.7219,-0.6491,-0.2431
Pemukiman_01,Pemukiman,Training,1251.07,1298.21,1508.98,2053.09,3072.3,0.1527,-0.2253,0.1989
Pemukiman_01,Pemukiman,Training,1317.02,1399.5,1546.81,1971.16,3210.42,0.1206,-0.1696,0.2392
Pemukiman_01,Pemukiman,Training,1121.96,1411.75,1557.49,2325.73,3068.55,0.1978,-0.2445,0.1377
Pemukiman_01,Pemukiman,Training,1194.11,1448.57,1852.83,2333.27,3082.28,0.1148,-0.2339,0.1383
Pemukiman_01,Pemukiman,Training,1200.32,1347.51,1486.0,2117.09,2945.57,0.1752,-0.2221,0.1636
Pemukiman_01,Pemukiman,Training,1265.34,1292.88,1759.99,2312.81,3104.1,0.1357,-0.2829,0.1461
Pemukiman_01,Pemukiman,Training,1200.03,1344.27,1632.41,2363.21,2959.37,0.1829,-0.2748,0.112
Pemukiman_01,Pemukiman,Training,1046.66,1470.32,1638.92,2031.97,2953.32,0.1071,-0.1604,0.1848
Pemukiman_01,Pemukiman,Training,1114.09,1327.55,1561.16,2160.02,2969.84,0.1609,-0.2387,0.1579
Pemukiman_01,Pemukiman,Training,1124.18,1377.12,1620.12,2152.56,3331.73,0.1411,-0.2197,0.215
Pemukiman_01,Pemukiman,Training,1250.81,1240.92,1662.85,2290.83,3013.05,0.1588,-0.2973,0.1362
Pemukiman_01,Pemukiman,Training,1050.48,1400.81,1599.07,2031.75,2809.76,0.1192,-0.1838,0.1607
Pemukiman_01,Pemukiman,Training,1191.24,1376.69,1549.93,2187.49,2879.44,0.1706,-0.2275,0.1366
Pemukiman_01,Pemukiman,Training,1156.52,1453.33,1558.0,1949.2,3005.46,0.1115,-0.1457,0.2132
Pemukiman_01,Pemukiman,Training,1092.98,1426.71,1638.26,1951.18,3251.8,0.0872,-0.1553,0.25
Pemukiman_01,Pemukiman,Training,1088.78,1555.92,1594.15,2013.04,2871.6,0.1161,-0.1281,0.1758
Pemukiman_01,Pemukiman,Training,1234.81,1360.87,1588.4,2441.92,2960.15,0.2118,-0.2843,0.0959
Pemukiman_01,Pemukiman,Training,1206.0,1541.98,1632.46,1959.01,3201.08,0.0909,-0.1191,0.2407
Pemukiman_01,Pemukiman,Training,1083.7,1540.68,1501.26,2645.43,3393.48,0.2759,-0.2639,0.1239
Pemukiman_01,Pemukiman,Training,1120.34,1402.0,1690.44,2317.55,3188.47,0.1565,-0.2461,0.1582
Pemukiman_01,Pemukiman,Training,1325.22,1387.7,1555.99,2147.97,3271.67,0.1598,-0.215,0.2073
Pemukiman_01,Pemukiman,Training,1236.52,1429.13,1695.43,1892.34,3162.01,0.0549,-0.1395,0.2512
Pemukiman_01,Pemukiman,Training,1221.86,1566.88,1416.57,2433.58,3115.08,0.2641,-0.2166,0.1228
Pemukiman_01,Pemukiman,Training,1248.9,1567.59,1667.29,2260.06,3148.46,0.1509,-0.1809,0.1643
Pemukiman_01,Pemukiman,Training,1151.65,1397.15,1514.14,2193.31,2632.81,0.1832,-0.2217,0.0911
Pemukiman_01,Pemukiman,Training,1242.9,1387.83,1559.66,2232.96,2813.29,0.1775,-0.2334,0.115
Pemukiman_01,Pemukiman,Training,1392.93,1389.72,1582.5,2055.19,3104.79,0.1299,-0.1932,0.2034
Pemukiman_01,Pemukiman,Training,1338.7,1503.59,1702.53,2281.96,3028.29,0.1454,-0.2056,0.1405
Pemukiman_01,Pemukiman,Training,1054.98,1379.9,1571.7,2357.32,3161.88,0.2,-0.2615,0.1458
Pemukiman_01,Pemukiman,Training,1361.23,1519.75,1545.22,1930.73,3377.12,0.1109,-0.1191,0.2725
Pemukiman_01,Pemukiman,Training,1335.94,1263.38,1781.11,2257.32,3132.14,0.1179,-0.2823,0.1623
Pemukiman_01,Pemukiman,Training,1361.48,1534.47,1678.16,2270.98,3223.28,0.1501,-0.1935,0.1733
Pemukiman_01,Pemukiman,Training,1159.99,1394.49,1491.72,2150.04,3026.67,0.1808,-0.2132,0.1693
Pemukiman_01,Pemukiman,Training,1136.47,1413.67,1561.12,2275.34,2775.54,0.1862,-0.2336,0.099
Pemukiman_01,Pemukiman,Training,1188.66,1413.16,1562.72,2174.14,2782.95,0.1636,-0.2121,0.1228
Pemukiman_01,Pemukiman,Training,1235.65,1464.76,1659.22,2355.81,3140.31,0.1735,-0.2332,0.1427
Pemukiman_01,Pemukiman,Training,1247.87,1415.61,1682.51,1963.42,2921.28,0.077,-0.1621,0.1961
Pemukiman_01,Pemukiman,Training,1358.69,1153.96,1583.18,2375.84,3081.35,0.2002,-0.3462,0.1293
Pemukiman_01,Pemukiman,Training,1159.5,1412.94,1557.63,2204.63,2963.32,0.172,-0.2188,0.1468
Pemukiman_01,Pemukiman,Training,1310.87,1542.33,1583.99,1992.03,2995.23,0.1141,-0.1272,0.2012
Pemukiman_01,Pemukiman,Training,1181.6,1450.55,1479.04,2084.63,3202.14,0.1699,-0.1794,0.2114
Pemukiman_01,Pemukiman,Training,1293.89,1337.84,1440.01,2692.62,3256.66,0.3031,-0.3361,0.0948
Pemukiman_01,Pemukiman,Training,1173.3,1486.9,1585.07,2330.07,3131.88,0.1903,-0.2209,0.1468
Pemukiman_01,Pemukiman,Training,1209.13,1388.64,1426.31,2490.71,2911.69,0.2717,-0.2841,0.0779
Pemukiman_01,Pemukiman,Training,1064.0,1378.71,1484.62,2192.24,3237.55,0.1925,-0.2278,0.1925
Pemukiman_01,Pemukiman,Training,1299.53,1481.47,1563.32,2207.44,3181.58,0.1708,-0.1968,0.1808
Pemukiman_01,Pemukiman,Training,1024.22,1457.06,1425.12,2506.05,3019.1,0.275,-0.2647,0.0929
Pemukiman_01,Pemukiman,Training,1181.51,1323.03,1524.4,2541.11,3288.07,0.2501,-0.3152,0.1281
Pemukiman_01,Pemukiman,Training,1045.08,1550.42,1743.19,2157.82,3161.34,0.1063,-0.1638,0.1887
Pemukiman_01,Pemukiman,Training,1198.51,1597.26,1504.45,2221.9,3014.37,0.1925,-0.1636,0.1513
Pemukiman_03,Pemukiman,Training,1201.17,1452.74,1406.68,2062.02,3070.36,0.1889,-0.1733,0.1965
Pemukiman_03,Pemukiman,Training,1111.33,1318.44,1558.02,2297.44,3031.46,0.1918,-0.2707,0.1377
Pemukiman_03,Pemukiman,Training,1307.84,1300.22,1449.77,2488.95,2968.41,0.2638,-0.3137,0.0879
Pemukiman_03,Pemukiman,Training,1068.91,1225.79,1729.01,2148.8,3049.26,0.1083,-0.2735,0.1732
Pemukiman_03,Pemukiman,Training,1184.08,1501.29,1578.46,2551.61,3126.75,0.2356,-0.2592,0.1013
Pemukiman_03,Pemukiman,Training,1306.18,1480.52,1595.63,2111.95,3166.39,0.1393,-0.1758,0.1998
Pemukiman_03,Pemukiman,Training,1251.01,1342.74,1619.96,2385.43,3513.99,0.1911,-0.2797,0.1913
Pemukiman_03,Pemukiman,Training,1285.44,1586.28,1524.48,2305.28,3367.7,0.2039,-0.1848,0.1873
Pemukiman_03,Pemukiman,Training,1110.37,1351.44,1808.55,2053.74,2831.77,0.0635,-0.2062,0.1593
Pemukiman_03,Pemukiman,Training,1352.8,1519.68,1651.85,2193.14,3012.3,0.1408,-0.1814,0.1574
Pemukiman_03,Pemukiman,Training,1228.19,1557.98,1628.63,2525.04,2920.41,0.2158,-0.2368,0.0726
Pemukiman_03,Pemukiman,Training,1198.03,1362.69,1469.78,2177.04,3183.47,0.1939,-0.2301,0.1877
Pemukiman_03,Pemukiman,Training,1252.42,1617.05,1655.74,2372.52,3113.22,0.1779,-0.1894,0.135
Pemukiman_03,Pemukiman,Training,1367.81,1639.84,1663.73,2051.1,2990.24,0.1043,-0.1114,0.1863
Pemukiman_03,Pemukiman,Training,1228.19,1445.65,1683.81,2269.03,3101.4,0.1481,-0.2217,0.155
Pemukiman_03,Pemukiman,Training,1136.38,1440.11,1822.6,2352.99,3206.94,0.127,-0.2407,0.1536
Pemukiman_03,Pemukiman,Training,1302.96,1362.89,1539.01,2087.83,3074.94,0.1513,-0.2101,0.1912
Pemukiman_03,Pemukiman,Training,1157.8,1520.83,1542.96,2079.59,3488.52,0.1481,-0.1552,0.253
Pemukiman_03,Pemukiman,Training,1154.86,1415.35,1654.16,2029.5,3347.1,0.1019,-0.1783,0.2451
Pemukiman_03,Pemukiman,Training,1263.71,1555.84,1518.49,2214.87,3107.87,0.1865,-0.1748,0.1678
Pemukiman_03,Pemukiman,Training,1226.39,1254.54,1613.3,1986.03,3171.67,0.1036,-0.2257,0.2299
Pemukiman_03,Pemukiman,Training,987.14,1214.84,1698.23,2117.97,2902.43,0.11,-0.271,0.1563
Pemukiman_03,Pemukiman,Training,1327.08,1432.76,1704.65,2175.06,3635.93,0.1212,-0.2057,0.2514
Pemukiman_03,Pemukiman,Training,1139.55,1574.45,1592.64,1951.82,3196.57,0.1013,-0.107,0.2418
Pemukiman_03,Pemukiman,Training,1231.48,1294.87,1489.33,2196.3,3169.95,0.1918,-0.2582,0.1814
Pemukiman_03,Pemukiman,Training,952.93,1505.31,1540.66,2000.24,3288.21,0.1298,-0.1412,0.2435
Pemukiman_03,Pemukiman,Training,1197.64,1521.62,1652.55,2199.77,3069.45,0.142,-0.1822,0.165
Pemukiman_03,Pemukiman,Training,1248.27,1358.65,1497.69,2291.49,3071.1,0.2095,-0.2556,0.1454
Pemukiman_03,Pemukiman,Training,1203.36,1508.94,1586.33,2202.26,2980.07,0.1626,-0.1868,0.1501
Pemukiman_03,Pemukiman,Training,1243.07,1434.98,1708.09,2113.13,3008.44,0.106,-0.1911,0.1748
Pemukiman_03,Pemukiman,Training,1279.21,1425.22,1491.25,2395.98,2760.31,0.2327,-0.254,0.0707
Pemukiman_03,Pemukiman,Training,1278.43,1273.48,1826.29,1968.31,3330.45,0.0374,-0.2143,0.2571
Pemukiman_03,Pemukiman,Training,1191.84,1363.34,1622.25,2294.79,2919.12,0.1717,-0.2546,0.1197
Pemukiman_03,Pemukiman,Training,1118.42,1464.96,1395.12,2112.37,3708.14,0.2045,-0.181,0.2742
Pemukiman_03,Pemukiman,Training,1103.2,1514.78,1529.69,2276.36,3230.87,0.1962,-0.2009,0.1733
Pemukiman_03,Pemukiman,Training,1312.9,1379.97,1838.67,2111.6,3146.84,0.0691,-0.2095,0.1969
Pemukiman_03,Pemukiman,Training,1224.53,1287.8,1565.7,2224.23,3013.58,0.1738,-0.2666,0.1507
Pemukiman_03,Pemukiman,Training,1444.09,1316.14,1741.53,2328.47,3097.23,0.1442,-0.2778,0.1417
Pemukiman_03,Pemukiman,Training,1113.48,1323.17,1537.84,1932.14,2899.31,0.1136,-0.1871,0.2002
Pemukiman_03,Pemukiman,Training,1051.75,1534.59,1674.22,2317.9,3217.77,0.1612,-0.2033,0.1626
Pemukiman_03,Pemukiman,Training,1216.7,1546.07,1526.71,2216.0,3249.41,0.1842,-0.1781,0.1891
Pemukiman_03,Pemukiman,Training,1067.88,1709.66,1603.43,2221.3,3351.38,0.1615,-0.1302,0.2028
Pemukiman_03,Pemukiman,Training,1291.5,1403.81,1615.62,1974.38,2988.71,0.0999,-0.1689,0.2044
Pemukiman_03,Pemukiman,Training,1251.72,1444.39,1746.54,2181.92,2822.54,0.1108,-0.2034,0.128
Pemukiman_03,Pemukiman,Training,1305.67,1543.61,1707.79,2175.45,3308.88,0.1204,-0.1699,0.2067
Pemukiman_03,Pemukiman,Training,1542.89,1411.52,1442.59,2112.06,3225.1,0.1883,-0.1988,0.2085
Pemukiman_03,Pemukiman,Training,1039.52,1416.94,1645.64,2430.27,3362.04,0.1925,-0.2634,0.1609
Pemukiman_03,Pemukiman,Training,1286.46,1183.73,1710.53,2305.83,3151.19,0.1482,-0.3216,0.1549
Pemukiman_03,Pemukiman,Training,1026.98,1322.32,1459.98,1897.75,3099.42,0.1304,-0.1787,0.2405
Pemukiman_03,Pemukiman,Training,1120.22,1662.53,1579.75,2394.06,2786.18,0.2049,-0.1803,0.0757
Pemukiman_04,Pemukiman,Training,1146.99,1409.69,1491.02,2136.67,3056.41,0.178,-0.205,0.1771
Pemukiman_04,Pemukiman,Training,1176.61,1585.51,1645.39,2271.93,3207.93,0.1599,-0.1779,0.1708
Pemukiman_04,Pemukiman,Training,1261.26,1391.71,1561.51,2225.02,3331.36,0.1752,-0.2304,0.1991
Pemukiman_04,Pemukiman,Training,1312.62,1375.96,1692.14,2170.81,3106.77,0.1239,-0.2241,0.1773
Pemukiman_04,Pemukiman,Training,1152.65,1381.84,1760.96,2213.86,3127.06,0.1139,-0.2314,0.171
Pemukiman_04,Pemukiman,Training,1055.28,1369.08,1571.04,2075.63,3104.33,0.1384,-0.2051,0.1986
Pemukiman_04,Pemukiman,Training,1157.08,1408.0,1614.58,2056.64,3020.26,0.1204,-0.1872,0.1898
Pemukiman_04,Pemukiman,Training,1207.74,1518.43,1630.81,2100.71,3179.8,0.1259,-0.1609,0.2044
Pemukiman_04,Pemukiman,Training,1370.75,1491.67,1665.7,2308.84,3387.99,0.1618,-0.215,0.1894
Pemukiman_04,Pemukiman,Training,1307.56,1456.68,1728.24,2037.75,2799.55,0.0822,-0.1663,0.1575
Pemukiman_04,Pemukiman,Training,1215.71,1406.87,1534.73,2323.88,2727.43,0.2045,-0.2458,0.0799
Pemukiman_04,Pemukiman,Training,1146.52,1351.5,1403.64,2424.21,2828.16,0.2666,-0.2841,0.0769
Pemukiman_04,Pemukiman,Training,1141.17,1490.8,1677.53,2033.77,3236.5,0.096,-0.1541,0.2282
Pemukiman_04,Pemukiman,Training,1228.98,1633.3,1648.47,2178.81,2928.7,0.1386,-0.1431,0.1468
Pemukiman_04,Pemukiman,Training,1125.58,1317.42,1764.53,2202.7,3213.05,0.1104,-0.2515,0.1866
Pemukiman_04,Pemukiman,Training,1351.42,1164.15,1753.46,2208.31,3187.01,0.1148,-0.3096,0.1814
Pemukiman_04,Pemukiman,Training,1117.16,1324.49,1658.66,2557.69,3300.66,0.2132,-0.3177,0.1268
Pemukiman_04,Pemukiman,Training,1326.55,1380.8,1527.98,2082.88,3002.35,0.1537,-0.2027,0.1808
Pemukiman_04,Pemukiman,Training,994.72,1327.51,1532.76,2173.7,3126.35,0.1729,-0.2417,0.1797
Pemukiman_04,Pemukiman,Training,1236.25,1398.51,1530.23,1905.5,2984.94,0.1092,-0.1534,0.2207
Pemukiman_04,Pemukiman,Training,1102.75,1446.61,1709.11,2340.79,3251.39,0.156,-0.2361,0.1628
Pemukiman_04,Pemukiman,Training,1186.65,1347.8,1510.35,1973.88,3298.37,0.133,-0.1885,0.2512
Pemukiman_04,Pemukiman,Training,1182.53,1275.37,1500.82,2069.95,3108.6,0.1594,-0.2375,0.2006
Pemukiman_04,Pemukiman,Training,1306.75,1365.2,1329.7,2171.62,3068.76,0.2405,-0.228,0.1712
Pemukiman_04,Pemukiman,Training,1177.51,1337.25,1626.09,2209.92,3095.03,0.1522,-0.246,0.1668
Pemukiman_04,Pemukiman,Training,1241.26,1357.02,1541.61,2407.02,3211.87,0.2192,-0.279,0.1432
Pemukiman_04,Pemukiman,Training,1282.69,1522.61,1663.11,2339.26,2784.13,0.1689,-0.2115,0.0868
Pemukiman_04,Pemukiman,Training,1220.42,1381.73,1801.32,2339.15,2973.91,0.1299,-0.2573,0.1195
Pemukiman_04,Pemukiman,Training,1237.28,1416.77,1654.52,2047.17,3172.0,0.1061,-0.182,0.2155
Pemukiman_04,Pemukiman,Training,1177.18,1428.24,1513.07,2112.24,3334.77,0.1653,-0.1932,0.2244
Pemukiman_04,Pemukiman,Training,1094.85,1302.22,1593.81,2084.22,2922.99,0.1333,-0.2309,0.1675
Pemukiman_04,Pemukiman,Training,1210.51,1249.49,1479.04,2508.11,3191.9,0.2581,-0.335,0.12
Pemukiman_04,Pemukiman,Training,1125.34,1441.82,1668.08,2349.16,3074.57,0.1695,-0.2393,0.1337
Pemukiman_04,Pemukiman,Training,1297.65,1196.16,1473.24,2224.58,3165.93,0.2032,-0.3006,0.1746
Pemukiman_04,Pemukiman,Training,1108.82,1425.94,1525.14,2158.46,3304.95,0.1719,-0.2044,0.2099
Pemukiman_04,Pemukiman,Training,1290.89,1300.29,1473.13,2138.32,3094.65,0.1842,-0.2437,0.1828
Pemukiman_04,Pemukiman,Training,1134.21,1504.06,1641.69,2260.91,2846.69,0.1587,-0.201,0.1147
Pemukiman_04,Pemukiman,Training,1316.73,1117.98,1700.09,2340.15,3013.52,0.1584,-0.3534,0.1258
Pemukiman_04,Pemukiman,Training,1327.29,1393.69,1607.49,2250.93,3737.31,0.1668,-0.2352,0.2482
Pemukiman_04,Pemukiman,Training,1334.44,1470.11,1490.46,2221.54,2937.38,0.1969,-0.2035,0.1388
Pemukiman_04,Pemukiman,Training,1282.21,1414.05,1465.06,2212.17,2930.12,0.2032,-0.2201,0.1396
Pemukiman_04,Pemukiman,Training,1215.12,1314.09,1603.3,2312.57,3089.39,0.1811,-0.2753,0.1438
Pemukiman_04,Pemukiman,Training,1160.91,1420.33,1683.66,2033.92,3152.13,0.0942,-0.1776,0.2156
Pemukiman_04,Pemukiman,Training,1331.75,1457.37,1606.93,2295.96,3190.5,0.1765,-0.2234,0.163
Pemukiman_04,Pemukiman,Training,1275.36,1197.61,1413.59,2350.72,2798.94,0.249,-0.325,0.087
Pemukiman_04,Pemukiman,Training,1240.15,1364.8,1480.46,2252.45,3140.21,0.2068,-0.2454,0.1646
Pemukiman_04,Pemukiman,Training,1411.03,1337.52,1772.81,2252.86,2967.8,0.1192,-0.2549,0.1369
Pemukiman_04,Pemukiman,Training,1279.92,1456.57,1604.3,2239.94,2980.6,0.1653,-0.2119,0.1419
Pemukiman_04,Pemukiman,Training,1117.42,1475.94,1573.13,2187.99,3155.96,0.1635,-0.1943,0.1811
Pemukiman_04,Pemukiman,Training,1226.53,1257.07,1754.35,2218.18,3059.47,0.1168,-0.2766,0.1594
Pemukiman_05,Pemukiman,Training,1243.08,1423.65,1692.05,2280.7,3243.57,0.1482,-0.2314,0.1743
Pemukiman_05,Pemukiman,Training,1335.1,1488.36,1580.74,2031.56,3433.56,0.1248,-0.1543,0.2565
Pemukiman_05,Pemukiman,Training,1176.23,1352.69,1391.59,2250.77,3129.78,0.2359,-0.2492,0.1634
Pemukiman_05,Pemukiman,Training,1048.49,1445.33,1540.22,2603.55,2986.13,0.2566,-0.2861,0.0684
Pemukiman_05,Pemukiman,Training,1156.48,1312.52,1753.35,2144.08,2955.02,0.1003,-0.2406,0.159
Pemukiman_05,Pemukiman,Training,1270.7,1261.96,1675.01,2467.21,3213.32,0.1912,-0.3232,0.1313
Pemukiman_05,Pemukiman,Training,1263.79,1487.01,1805.16,2381.48,3187.93,0.1377,-0.2312,0.1448
Pemukiman_05,Pemukiman,Training,1290.39,1311.41,1693.16,2049.17,3026.6,0.0951,-0.2195,0.1926
Pemukiman_05,Pemukiman,Training,891.74,1440.14,1522.74,2366.67,3178.04,0.217,-0.2434,0.1463
Pemukiman_05,Pemukiman,Training,1312.41,1291.64,1724.61,2515.88,3252.83,0.1866,-0.3215,0.1278
Pemukiman_05,Pemukiman,Training,1279.03,1416.96,1537.04,2314.18,2798.78,0.2018,-0.2405,0.0948
Pemukiman_05,Pemukiman,Training,1158.22,1222.89,1515.56,2296.31,3201.08,0.2048,-0.305,0.1646
Pemukiman_05,Pemukiman,Training,1205.09,1417.04,1373.7,2144.12,2963.73,0.219,-0.2042,0.1605
Pemukiman_05,Pemukiman,Training,1134.09,1459.96,1496.74,2109.3,2682.59,0.1699,-0.1819,0.1196
Pemukiman_05,Pemukiman,Training,1170.59,1291.22,1609.5,2057.33,3120.91,0.1221,-0.2288,0.2054
Pemukiman_05,Pemukiman,Training,1185.53,1567.2,1659.67,1924.05,2847.02,0.0738,-0.1022,0.1935
Pemukiman_05,Pemukiman,Training,1205.52,1307.02,1243.8,2402.43,3244.04,0.3178,-0.2953,0.1491
Pemukiman_05,Pemukiman,Training,1252.1,1339.27,1651.32,2094.35,3140.97,0.1183,-0.2199,0.1999
Pemukiman_05,Pemukiman,Training,1107.94,1551.63,1411.57,2384.84,3107.78,0.2564,-0.2117,0.1316
Pemukiman_05,Pemukiman,Training,1151.05,1416.7,1688.0,2405.01,3162.63,0.1752,-0.2586,0.1361
Pemukiman_05,Pemukiman,Training,1110.93,1405.56,1818.02,2402.15,3281.75,0.1384,-0.2617,0.1548
Pemukiman_05,Pemukiman,Training,1279.57,1469.95,1739.05,2131.51,2828.98,0.1014,-0.1837,0.1406
Pemukiman_05,Pemukiman,Training,1206.9,1318.24,1473.4,2091.96,3597.06,0.1735,-0.2269,0.2646
Pemukiman_05,Pemukiman,Training,1213.61,1436.19,1453.32,1923.44,2936.19,0.1392,-0.145,0.2084
Pemukiman_05,Pemukiman,Training,1343.82,1433.43,1671.83,2310.78,2981.73,0.1604,-0.2343,0.1268
Pemukiman_05,Pemukiman,Training,1338.8,1336.72,1768.75,2266.35,2742.19,0.1233,-0.258,0.095
Pemukiman_05,Pemukiman,Training,1125.2,1221.51,1739.59,2196.29,2654.33,0.116,-0.2852,0.0944
Pemukiman_05,Pemukiman,Training,1237.57,1346.28,1421.94,2451.69,3121.46,0.2658,-0.2911,0.1202
Pemukiman_05,Pemukiman,Training,1170.66,1360.06,1418.41,2004.32,3356.98,0.1712,-0.1915,0.2523
Pemukiman_05,Pemukiman,Training,1152.61,1402.21,1354.68,2002.29,3221.96,0.1929,-0.1763,0.2335
Pemukiman_05,Pemukiman,Training,1237.77,1575.34,1761.15,2165.39,3194.59,0.103,-0.1577,0.192
Pemukiman_05,Pemukiman,Training,1168.34,1605.48,1737.88,2225.45,3140.08,0.123,-0.1618,0.1705
Pemukiman_05,Pemukiman,Training,1344.49,1457.96,1787.04,1870.95,3192.25,0.0229,-0.1241,0.261
Pemukiman_05,Pemukiman,Training,1148.46,1575.64,1785.57,2204.93,3407.13,0.1051,-0.1665,0.2142
Pemukiman_05,Pemukiman,Training,1378.31,1407.44,1896.63,2195.3,3057.1,0.073,-0.2187,0.1641
Pemukiman_05,Pemukiman,Training,1286.59,1364.62,1610.24,2411.42,3103.84,0.1992,-0.2772,0.1255
Pemukiman_05,Pemukiman,Training,1030.5,1436.73,1516.44,2329.79,3239.24,0.2115,-0.2371,0.1633
Pemukiman_05,Pemukiman,Training,1347.14,1490.75,1730.83,2099.64,3260.8,0.0963,-0.1696,0.2166
Pemukiman_05,Pemukiman,Training,1396.85,1331.14,1815.97,2117.6,2929.61,0.0767,-0.228,0.1609
Pemukiman_05,Pemukiman,Training,1229.62,1471.59,1709.41,2055.74,3186.91,0.092,-0.1656,0.2158
Pemukiman_05,Pemukiman,Training,1131.44,1251.11,1488.55,2087.36,3204.32,0.1675,-0.2505,0.2111
Pemukiman_05,Pemukiman,Training,1315.22,1252.68,1642.24,2023.5,3225.82,0.104,-0.2353,0.229
Pemukiman_05,Pemukiman,Training,1137.73,1294.87,1695.96,2111.96,3036.81,0.1092,-0.2398,0.1796
Pemukiman_05,Pemukiman,Training,978.0,1494.66,1698.51,2200.82,2794.48,0.1288,-0.1911,0.1188
Pemukiman_05,Pemukiman,Training,1320.94,1333.37,1545.6,2546.81,2959.27,0.2447,-0.3127,0.0749
Pemukiman_05,Pemukiman,Training,1274.22,1456.21,1646.82,2242.3,3175.28,0.1531,-0.2125,0.1722
Pemukiman_05,Pemukiman,Training,1227.19,1394.81,1781.35,2003.1,3304.29,0.0586,-0.179,0.2452
Pemukiman_05,Pemukiman,Training,1282.23,1469.84,1734.04,2186.11,2726.21,0.1153,-0.1959,0.1099
Pemukiman_05,Pemukiman,Training,1192.77,1300.88,1512.18,2013.64,3004.53,0.1422,-0.215,0.1975
Pemukiman_05,Pemukiman,Training,1140.34,1162.24,1684.03,2533.05,3221.25,0.2013,-0.371,0.1196
Pemukiman_08,Pemukiman,Training,1434.29,1414.48,1474.7,2327.19,3473.15,0.2242,-0.2439,0.1976
Pemukiman_08,Pemukiman,Training,1167.75,1484.11,1747.45,2352.56,3125.11,0.1476,-0.2264,0.141
Pemukiman_08,Pemukiman,Training,1130.15,1391.87,1655.03,2336.23,3166.79,0.1707,-0.2533,0.1509
Pemukiman_08,Pemukiman,Training,1162.01,1455.54,1703.21,2256.94,2932.76,0.1398,-0.2159,0.1302
Pemukiman_08,Pemukiman,Training,1181.86,1494.78,1434.04,1886.02,3401.62,0.1361,-0.1157,0.2866
Pemukiman_08,Pemukiman,Training,1251.14,1460.67,1470.78,2310.63,3155.05,0.2221,-0.2254,0.1545
Pemukiman_08,Pemukiman,Training,1041.57,1542.43,1619.04,2140.59,3024.4,0.1387,-0.1624,0.1711
Pemukiman_08,Pemukiman,Training,998.48,1459.33,1631.42,2170.89,3355.7,0.1419,-0.196,0.2144
Pemukiman_08,Pemukiman,Training,1061.61,1340.32,1498.0,2158.18,3113.49,0.1806,-0.2338,0.1812
Pemukiman_08,Pemukiman,Training,1243.0,1365.3,1494.72,2452.9,3582.33,0.2427,-0.2848,0.1871
Pemukiman_08,Pemukiman,Training,1214.33,1324.32,1777.05,1982.99,3033.05,0.0548,-0.1992,0.2093
Pemukiman_08,Pemukiman,Training,1130.39,1284.05,1566.4,2070.37,3102.53,0.1386,-0.2344,0.1995
Pemukiman_08,Pemukiman,Training,1202.72,1337.87,1555.54,2165.37,3261.97,0.1639,-0.2362,0.2021
Pemukiman_08,Pemukiman,Training,1185.16,1482.47,1670.3,2285.73,3377.57,0.1556,-0.2132,0.1928
Pemukiman_08,Pemukiman,Training,1088.06,1352.68,1811.6,2161.4,2536.98,0.088,-0.2301,0.0799
Pemukiman_08,Pemukiman,Training,1179.7,1413.49,1285.95,2400.09,2957.26,0.3023,-0.2587,0.104
Pemukiman_08,Pemukiman,Training,1232.86,1377.4,1445.4,2039.42,2912.98,0.1705,-0.1938,0.1764
Pemukiman_08,Pemukiman,Training,1308.57,1385.25,1537.38,2059.81,3339.23,0.1452,-0.1958,0.237
Pemukiman_08,Pemukiman,Training,1346.42,1518.47,1659.09,2243.47,2856.81,0.1497,-0.1927,0.1203
Pemukiman_08,Pemukiman,Training,1175.42,1331.61,1380.94,2358.56,2960.83,0.2614,-0.2783,0.1132
Pemukiman_08,Pemukiman,Training,1319.59,1488.17,1666.81,2291.93,2976.94,0.1579,-0.2126,0.13
Pemukiman_08,Pemukiman,Training,1385.79,1404.31,1636.23,2102.64,2913.77,0.1247,-0.1991,0.1617
Pemukiman_08,Pemukiman,Training,1247.73,1421.75,1505.28,1984.24,2846.02,0.1373,-0.1651,0.1784
Pemukiman_08,Pemukiman,Training,1319.61,1338.67,1559.33,2417.55,2875.57,0.2158,-0.2872,0.0865
Pemukiman_08,Pemukiman,Training,1127.3,1323.12,1794.17,2499.01,3250.31,0.1642,-0.3077,0.1307
Pemukiman_08,Pemukiman,Training,1278.34,1341.96,1833.68,2240.15,3270.62,0.0998,-0.2507,0.187
Pemukiman_08,Pemukiman,Training,1189.45,1373.2,1799.57,2280.96,3390.28,0.118,-0.2484,0.1956
Pemukiman_08,Pemukiman,Training,1225.53,1315.16,1530.0,2215.44,2974.7,0.183,-0.255,0.1463
Pemukiman_08,Pemukiman,Training,1089.25,1520.14,1534.62,2220.73,3159.23,0.1827,-0.1873,0.1744
Pemukiman_08,Pemukiman,Training,1141.18,1545.08,1465.94,2239.24,3149.22,0.2087,-0.1834,0.1689
Pemukiman_08,Pemukiman,Training,1194.57,1270.31,1704.5,2311.53,2964.89,0.1512,-0.2907,0.1238
Pemukiman_08,Pemukiman,Training,1270.75,1437.49,1446.33,2071.91,3327.66,0.1778,-0.1808,0.2326
Pemukiman_08,Pemukiman,Training,1230.94,1343.57,1496.98,2122.69,3011.1,0.1729,-0.2248,0.1731
Pemukiman_08,Pemukiman,Training,1115.4,1225.82,1736.8,2345.6,2845.35,0.1491,-0.3135,0.0963
Pemukiman_08,Pemukiman,Training,1213.63,1309.78,1568.61,2148.29,3014.43,0.156,-0.2425,0.1678
Pemukiman_08,Pemukiman,Training,1400.29,1355.97,1503.01,2085.61,3308.76,0.1623,-0.212,0.2267
Pemukiman_08,Pemukiman,Training,1034.79,1323.74,1773.62,2236.6,3138.38,0.1154,-0.2564,0.1678
Pemukiman_08,Pemukiman,Training,1413.21,1424.63,1515.02,2157.69,2872.91,0.175,-0.2046,0.1422
Pemukiman_08,Pemukiman,Training,1325.59,1457.46,1734.93,2381.95,3017.16,0.1572,-0.2408,0.1177
Pemukiman_08,Pemukiman,Training,1105.52,1394.83,1495.27,2224.74,3326.42,0.1961,-0.2293,0.1985
Pemukiman_08,Pemukiman,Training,1183.19,1415.0,1588.74,2320.41,2966.44,0.1872,-0.2424,0.1222
Pemukiman_08,Pemukiman,Training,980.36,1447.09,1718.54,2266.96,2971.95,0.1376,-0.2207,0.1346
Pemukiman_08,Pemukiman,Training,1086.5,1449.45,1616.98,2181.13,3464.49,0.1485,-0.2015,0.2273
Pemukiman_08,Pemukiman,Training,1105.32,1577.5,1603.81,1924.66,3064.16,0.0909,-0.0991,0.2284
Pemukiman_08,Pemukiman,Training,1295.95,1363.49,1423.03,2175.32,2928.57,0.2091,-0.2294,0.1476
Pemukiman_08,Pemukiman,Training,1249.18,1477.34,1473.25,2094.13,3251.33,0.174,-0.1727,0.2165
Pemukiman_08,Pemukiman,Training,1114.12,1291.78,1458.56,2252.81,3161.83,0.214,-0.2711,0.1679
Pemukiman_08,Pemukiman,Training,1131.6,1400.51,1783.26,2053.89,2709.65,0.0705,-0.1891,0.1377
Pemukiman_08,Pemukiman,Training,1245.51,1388.96,1514.8,2297.81,3267.85,0.2054,-0.2465,0.1743
Pemukiman_08,Pemukiman,Training,979.17,1334.74,1878.1,2287.51,3235.22,0.0983,-0.263,0.1716
Pemukiman_09,Pemukiman,Training,1317.29,1401.71,1695.6,2307.71,3207.81,0.1529,-0.2442,0.1632
Pemukiman_09,Pemukiman,Training,1167.8,1417.21,1529.4,2201.92,2866.3,0.1802,-0.2168,0.1311
Pemukiman_09,Pemukiman,Training,1120.94,1371.77,1486.76,2124.25,3067.21,0.1765,-0.2152,0.1816
Pemukiman_09,Pemukiman,Training,1240.23,1494.93,1544.35,2400.27,3287.72,0.217,-0.2324,0.156
Pemukiman_09,Pemukiman,Training,1250.41,1415.36,1638.29,2378.06,3344.72,0.1842,-0.2538,0.1689
Pemukiman_09,Pemukiman,Training,1333.49,1404.13,1666.6,2401.53,2975.26,0.1807,-0.2621,0.1067
Pemukiman_09,Pemukiman,Training,1168.16,1401.6,1707.95,2337.28,3053.83,0.1556,-0.2503,0.1329
Pemukiman_09,Pemukiman,Training,1049.14,1424.62,1489.8,1976.51,2847.23,0.1404,-0.1623,0.1805
Pemukiman_09,Pemukiman,Training,1232.64,1536.1,1604.67,2231.71,3336.58,0.1634,-0.1846,0.1984
Pemukiman_09,Pemukiman,Training,1045.55,1452.02,1598.61,2284.91,3003.3,0.1767,-0.2229,0.1358
Pemukiman_09,Pemukiman,Training,1118.21,1414.05,1797.9,2329.14,2998.46,0.1287,-0.2445,0.1256
Pemukiman_09,Pemukiman,Training,1065.9,1231.79,1757.93,2056.74,3034.9,0.0783,-0.2509,0.1921
Pemukiman_09,Pemukiman,Training,1332.12,1238.61,1779.07,2161.95,2870.28,0.0972,-0.2715,0.1408
Pemukiman_09,Pemukiman,Training,1175.26,1327.74,1652.9,2102.78,2717.67,0.1198,-0.2259,0.1276
Pemukiman_09,Pemukiman,Training,1177.94,1264.35,1624.52,2021.93,3002.4,0.109,-0.2305,0.1951
Pemukiman_09,Pemukiman,Training,1218.26,1378.75,1630.05,2302.04,2868.41,0.1709,-0.2508,0.1095
Pemukiman_09,Pemukiman,Training,1193.56,1067.05,1629.68,2154.88,2903.31,0.1388,-0.3376,0.148
Pemukiman_09,Pemukiman,Training,1231.57,1517.27,1542.88,2058.28,3133.01,0.1431,-0.1513,0.207
Pemukiman_09,Pemukiman,Training,1066.44,1333.96,1746.69,2209.33,2724.11,0.1169,-0.247,0.1043
Pemukiman_09,Pemukiman,Training,1020.3,1416.21,1703.49,1957.36,3189.94,0.0693,-0.1604,0.2395
Pemukiman_09,Pemukiman,Training,1333.03,1588.79,1639.75,2276.02,2673.36,0.1625,-0.1778,0.0803
Pemukiman_09,Pemukiman,Training,1409.98,1342.45,1487.98,2161.72,3402.33,0.1846,-0.2338,0.223
Pemukiman_09,Pemukiman,Training,1420.8,1412.54,1719.77,2206.48,2892.44,0.124,-0.2194,0.1345
Pemukiman_09,Pemukiman,Training,1347.67,1337.79,1784.26,2394.78,3222.81,0.1461,-0.2832,0.1474
Pemukiman_09,Pemukiman,Training,1382.9,1623.23,1578.97,2078.68,2727.15,0.1366,-0.123,0.1349
Pemukiman_09,Pemukiman,Training,1424.47,1356.03,1736.2,2088.81,3407.65,0.0922,-0.2127,0.2399
Pemukiman_09,Pemukiman,Training,1129.99,1280.83,1574.98,2120.23,3219.26,0.1476,-0.2468,0.2058
Pemukiman_09,Pemukiman,Training,1194.86,1462.77,1565.08,2100.23,2983.29,0.146,-0.1789,0.1737
Pemukiman_09,Pemukiman,Training,1404.49,1422.52,1361.95,2121.97,3119.37,0.2182,-0.1973,0.1903
Pemukiman_09,Pemukiman,Training,1384.54,1502.87,1489.39,2562.75,3093.77,0.2649,-0.2607,0.0939
Pemukiman_09,Pemukiman,Training,1324.63,1284.5,1312.22,1988.74,2449.93,0.2049,-0.2151,0.1039
Pemukiman_09,Pemukiman,Training,1411.21,1421.45,1489.04,2267.89,3137.87,0.2073,-0.2294,0.1609
Pemukiman_09,Pemukiman,Training,1262.09,1520.95,1565.21,2068.02,3265.56,0.1384,-0.1524,0.2245
Pemukiman_09,Pemukiman,Training,1280.23,1410.07,1861.31,2134.33,2920.03,0.0683,-0.2043,0.1555
Pemukiman_09,Pemukiman,Training,1241.81,1332.51,1659.46,2075.05,3019.95,0.1113,-0.2179,0.1855
Pemukiman_09,Pemukiman,Training,1389.08,1359.44,1504.14,2375.6,2889.79,0.2246,-0.2721,0.0977
Pemukiman_09,Pemukiman,Training,1130.71,1457.66,1712.61,2383.07,2950.56,0.1637,-0.2409,0.1064
Pemukiman_09,Pemukiman,Training,1259.6,1353.39,1527.32,2380.48,2990.09,0.2183,-0.2751,0.1135
Pemukiman_09,Pemukiman,Training,1227.82,1415.56,1471.51,2344.91,3212.06,0.2289,-0.2471,0.156
Pemukiman_09,Pemukiman,Training,1001.37,1427.74,1507.24,2364.56,2810.92,0.2214,-0.247,0.0862
Pemukiman_09,Pemukiman,Training,1164.35,1436.2,1606.52,2314.44,2796.32,0.1805,-0.2342,0.0943
Pemukiman_09,Pemukiman,Training,1365.19,1452.51,1763.17,2331.14,3097.68,0.1387,-0.2322,0.1412
Pemukiman_09,Pemukiman,Training,1071.58,1343.64,1790.75,2407.82,2976.08,0.147,-0.2837,0.1055
Pemukiman_09,Pemukiman,Training,918.17,1378.73,1565.48,2162.53,3205.71,0.1602,-0.2213,0.1943
Pemukiman_09,Pemukiman,Training,1287.62,1499.03,1653.49,1929.88,3031.76,0.0771,-0.1257,0.2221
Pemukiman_09,Pemukiman,Training,1430.41,1437.42,1644.14,2253.92,3183.08,0.1564,-0.2212,0.1709
Pemukiman_09,Pemukiman,Training,961.69,1376.05,1595.45,2392.22,3109.53,0.1998,-0.2697,0.1304
Pemukiman_09,Pemukiman,Training,1035.35,1443.01,1503.54,2017.48,2933.17,0.146,-0.166,0.185
Pemukiman_09,Pemukiman,Training,1254.25,1525.88,1657.95,2294.8,3194.61,0.1611,-0.2013,0.1639
Pemukiman_09,Pemukiman,Training,1210.13,1469.69,1309.75,2216.66,2891.01,0.2572,-0.2026,0.132
Pemukiman_10,Pemukiman,Training,1316.29,1385.28,1603.71,1974.24,3303.37,0.1036,-0.1753,0.2518
Pemukiman_10,Pemukiman,Training,1262.73,1455.69,1502.44,2083.95,3144.72,0.1621,-0.1775,0.2029
Pemukiman_10,Pemukiman,Training,1130.55,1443.49,1340.69,2126.87,3459.35,0.2267,-0.1914,0.2385
Pemukiman_10,Pemukiman,Training,1243.95,1416.68,1838.23,1849.61,2936.94,0.0031,-0.1325,0.2272
Pemukiman_10,Pemukiman,Training,1159.88,1485.84,1705.08,2070.1,3299.59,0.0967,-0.1643,0.229
Pemukiman_10,Pemukiman,Training,1159.67,1521.16,1476.08,2181.5,3001.97,0.1929,-0.1783,0.1583
Pemukiman_10,Pemukiman,Training,1305.6,1347.72,1594.91,2276.02,3209.05,0.176,-0.2562,0.1701
Pemukiman_10,Pemukiman,Training,1288.7,1421.11,1549.81,2147.55,3105.13,0.1617,-0.2036,0.1823
Pemukiman_10,Pemukiman,Training,1224.96,1385.28,1602.3,1972.41,3233.47,0.1035,-0.1749,0.2422
Pemukiman_10,Pemukiman,Training,1218.11,1500.19,1600.02,1939.24,3028.31,0.0958,-0.1277,0.2192
Pemukiman_10,Pemukiman,Training,1180.01,1474.29,1351.57,2206.18,3202.74,0.2402,-0.1989,0.1842
Pemukiman_10,Pemukiman,Training,1133.85,1407.46,1524.76,2090.56,3018.32,0.1565,-0.1953,0.1816
Pemukiman_10,Pemukiman,Training,1128.93,1468.36,1511.81,2064.56,3453.59,0.1546,-0.1688,0.2517
Pemukiman_10,Pemukiman,Training,1296.07,1213.85,1508.23,2236.37,3164.75,0.1945,-0.2964,0.1719
Pemukiman_10,Pemukiman,Training,1050.95,1515.86,1699.03,2272.29,3371.35,0.1443,-0.1997,0.1947
Pemukiman_10,Pemukiman,Training,1245.23,1444.86,1786.92,2365.18,2931.7,0.1393,-0.2416,0.107
Pemukiman_10,Pemukiman,Training,1263.32,1333.57,1660.5,2271.49,2823.31,0.1554,-0.2602,0.1083
Pemukiman_10,Pemukiman,Training,1187.82,1426.53,1547.65,2247.21,3261.18,0.1843,-0.2234,0.1841
Pemukiman_10,Pemukiman,Training,1196.94,1422.46,1766.01,2270.98,3140.16,0.1251,-0.2297,0.1606
Pemukiman_10,Pemukiman,Training,1104.19,1467.1,1639.62,2392.56,3109.38,0.1867,-0.2398,0.1303
Pemukiman_10,Pemukiman,Training,1018.37,1229.99,1688.28,2114.47,3187.35,0.1121,-0.2645,0.2024
Pemukiman_10,Pemukiman,Training,1211.42,1383.32,1588.44,2070.19,3096.84,0.1317,-0.1989,0.1987
Pemukiman_10,Pemukiman,Training,1141.55,1362.77,1561.16,2166.0,3284.43,0.1623,-0.2276,0.2052
Pemukiman_10,Pemukiman,Training,1187.02,1502.37,1784.54,2328.24,3206.89,0.1322,-0.2156,0.1587
Pemukiman_10,Pemukiman,Training,1232.68,1486.54,1610.72,2347.69,3222.82,0.1862,-0.2246,0.1571
Pemukiman_10,Pemukiman,Training,1164.02,1489.59,1610.98,2184.08,3004.76,0.151,-0.189,0.1582
Pemukiman_10,Pemukiman,Training,1216.6,1499.65,1706.67,2253.01,3219.93,0.138,-0.2008,0.1767
Pemukiman_10,Pemukiman,Training,1327.17,1385.0,1466.15,2395.17,2994.04,0.2406,-0.2672,0.1111
Pemukiman_10,Pemukiman,Training,1130.97,1220.38,1668.55,1956.78,2949.95,0.0795,-0.2318,0.2024
Pemukiman_10,Pemukiman,Training,1258.82,1472.19,1521.8,2179.88,2925.48,0.1778,-0.1938,0.146
Pemukiman_10,Pemukiman,Training,1145.16,1426.62,1539.8,2163.37,2807.06,0.1684,-0.2052,0.1295
Pemukiman_10,Pemukiman,Training,1313.3,1451.01,1695.15,2393.56,2934.96,0.1708,-0.2452,0.1016
Pemukiman_10,Pemukiman,Training,1164.16,1210.52,1976.85,2177.56,3307.75,0.0483,-0.2854,0.206
Pemukiman_10,Pemukiman,Training,1076.18,1499.64,1822.91,2190.96,2897.82,0.0917,-0.1873,0.1389
Pemukiman_10,Pemukiman,Training,1186.12,1177.32,1595.45,2323.15,3092.85,0.1857,-0.3273,0.1421
Pemukiman_10,Pemukiman,Training,1171.59,1452.76,1672.48,1951.01,3117.76,0.0769,-0.1464,0.2302
Pemukiman_10,Pemukiman,Training,1443.6,1266.5,1589.75,2491.26,3320.84,0.2209,-0.3259,0.1427
Pemukiman_10,Pemukiman,Training,1148.66,1420.61,1599.75,2087.79,3085.15,0.1323,-0.1902,0.1928
Pemukiman_10,Pemukiman,Training,1172.0,1411.27,1510.19,2008.51,3091.74,0.1416,-0.1746,0.2124
Pemukiman_10,Pemukiman,Training,1371.51,1408.22,1560.21,2313.11,3068.34,0.1944,-0.2432,0.1403
Pemukiman_10,Pemukiman,Training,1386.8,1399.61,1684.06,2086.81,3200.62,0.1068,-0.1971,0.2107
Pemukiman_10,Pemukiman,Training,1227.51,1394.35,1539.79,2104.3,3156.47,0.1549,-0.2029,0.2
Pemukiman_10,Pemukiman,Training,1262.89,1387.28,1634.47,2194.31,3119.71,0.1462,-0.2253,0.1741
Pemukiman_10,Pemukiman,Training,1179.96,1401.8,1923.76,2246.75,3229.06,0.0774,-0.2316,0.1794
Pemukiman_10,Pemukiman,Training,1243.8,1373.72,1755.28,2156.33,3311.01,0.1025,-0.2217,0.2112
Pemukiman_10,Pemukiman,Training,1166.58,1304.0,1643.85,2034.3,3207.13,0.1062,-0.2188,0.2238
Pemukiman_10,Pemukiman,Training,1080.58,1368.1,1428.19,2623.63,2769.21,0.295,-0.3145,0.027
Pemukiman_10,Pemukiman,Training,1200.98,1514.33,1724.37,2327.7,3036.55,0.1489,-0.2117,0.1321
Pemukiman_10,Pemukiman,Training,1335.11,1491.34,1625.48,2236.09,3039.22,0.1581,-0.1998,0.1522
Pemukiman_10,Pemukiman,Training,1109.03,1523.72,1757.46,2067.38,3069.24,0.081,-0.1514,0.195
Pemukiman_11,Pemukiman,Training,1185.66,1396.73,1607.72,2342.03,2950.56,0.1859,-0.2528,0.115
Pemukiman_11,Pemukiman,Training,1115.37,1523.66,1544.48,2010.54,3002.97,0.1311,-0.1378,0.198
Pemukiman_11,Pemukiman,Training,1166.99,1555.5,1710.98,2372.13,3263.99,0.1619,-0.2079,0.1582
Pemukiman_11,Pemukiman,Training,1294.62,1331.19,1576.17,2051.51,3057.9,0.131,-0.2129,0.197
Pemukiman_11,Pemukiman,Training,1268.41,1413.46,1757.38,2028.79,3200.05,0.0717,-0.1788,0.224
Pemukiman_11,Pemukiman,Training,1075.17,1409.42,1688.84,2167.82,3210.23,0.1242,-0.212,0.1938
Pemukiman_11,Pemukiman,Training,1104.03,1233.63,1666.84,2461.6,2900.79,0.1925,-0.3323,0.0819
Pemukiman_11,Pemukiman,Training,1322.22,1404.34,1439.72,2030.27,3103.16,0.1702,-0.1822,0.209
Pemukiman_11,Pemukiman,Training,1159.55,1268.71,1396.72,2072.99,3138.76,0.1949,-0.2407,0.2045
Pemukiman_11,Pemukiman,Training,1199.36,1349.88,1624.23,2356.0,3178.83,0.1839,-0.2715,0.1487
Pemukiman_11,Pemukiman,Training,1187.87,1492.81,1484.82,2166.26,3059.78,0.1866,-0.1841,0.171
Pemukiman_11,Pemukiman,Training,1076.3,1358.01,1351.0,2486.83,2912.52,0.296,-0.2936,0.0788
Pemukiman_11,Pemukiman,Training,1358.61,1403.81,1667.78,2126.68,3141.59,0.1209,-0.2048,0.1926
Pemukiman_11,Pemukiman,Training,1265.05,1466.46,1692.97,2144.75,3003.93,0.1177,-0.1878,0.1669
Pemukiman_11,Pemukiman,Training,1040.58,1452.32,1729.89,2442.4,3161.03,0.1708,-0.2542,0.1282
Pemukiman_11,Pemukiman,Training,1123.35,1230.29,1725.0,1930.56,3031.88,0.0562,-0.2215,0.2219
Pemukiman_11,Pemukiman,Training,1177.57,1393.05,1604.3,2220.72,2616.93,0.1612,-0.229,0.0819
Pemukiman_11,Pemukiman,Training,1201.47,1177.04,1687.87,2116.73,2668.59,0.1127,-0.2853,0.1153
Pemukiman_11,Pemukiman,Training,1118.58,1342.99,1742.88,2229.5,3168.89,0.1225,-0.2481,0.174
Pemukiman_11,Pemukiman,Training,1318.12,1390.39,1690.5,2302.58,2842.71,0.1533,-0.247,0.105
Pemukiman_11,Pemukiman,Training,1347.3,1257.97,1710.08,1972.44,3220.25,0.0712,-0.2212,0.2403
Pemukiman_11,Pemukiman,Training,1386.19,1378.7,1569.24,2291.57,3034.12,0.1871,-0.2487,0.1394
Pemukiman_11,Pemukiman,Training,1381.83,1419.22,1561.58,2118.96,2913.41,0.1514,-0.1978,0.1579
Pemukiman_11,Pemukiman,Training,1137.22,1364.93,1541.48,2101.27,3519.77,0.1537,-0.2124,0.2524
Pemukiman_11,Pemukiman,Training,1096.99,1414.66,1671.1,2294.52,3088.28,0.1572,-0.2372,0.1475
Pemukiman_11,Pemukiman,Training,1175.93,1445.15,1631.98,2161.16,2787.62,0.1395,-0.1985,0.1266
Pemukiman_11,Pemukiman,Training,1153.21,1285.34,1519.94,2204.98,3171.75,0.1839,-0.2635,0.1798
Pemukiman_11,Pemukiman,Training,1378.05,1346.26,1692.96,2245.89,3359.2,0.1404,-0.2504,0.1986
Pemukiman_11,Pemukiman,Training,1257.62,1299.15,1393.23,2246.69,2994.31,0.2345,-0.2672,0.1426
Pemukiman_11,Pemukiman,Training,1101.97,1273.24,1619.32,2426.16,3018.27,0.1994,-0.3116,0.1088
Pemukiman_11,Pemukiman,Training,1259.03,1389.77,1445.27,2310.22,2881.06,0.2303,-0.2488,0.11
Pemukiman_11,Pemukiman,Training,1202.16,1365.85,1707.17,2041.28,3178.17,0.0891,-0.1982,0.2178
Pemukiman_11,Pemukiman,Training,1116.02,1348.89,1163.78,2513.81,3210.11,0.3671,-0.3016,0.1216
Pemukiman_11,Pemukiman,Training,1123.27,1287.53,1540.52,2307.53,2721.58,0.1993,-0.2837,0.0823
Pemukiman_11,Pemukiman,Training,1185.84,1577.06,1463.93,2212.06,3540.66,0.2035,-0.1676,0.231
Pemukiman_11,Pemukiman,Training,1263.22,1412.59,1660.8,2139.87,3359.93,0.126,-0.2047,0.2218
Pemukiman_11,Pemukiman,Training,1160.07,1204.08,1553.04,2054.99,3043.76,0.1391,-0.2611,0.1939
Pemukiman_11,Pemukiman,Training,1174.09,1519.74,1683.44,2239.49,3099.41,0.1417,-0.1915,0.1611
Pemukiman_11,Pemukiman,Training,1094.11,1181.88,1613.58,2319.2,3078.33,0.1794,-0.3248,0.1406
Pemukiman_11,Pemukiman,Training,1146.51,1446.45,1590.0,2452.86,3346.55,0.2134,-0.2581,0.1541
Pemukiman_11,Pemukiman,Training,1295.95,1475.77,1445.18,2299.45,3175.27,0.2281,-0.2182,0.16
Pemukiman_11,Pemukiman,Training,1260.64,1449.26,1654.33,2605.13,3084.76,0.2232,-0.2851,0.0843
Pemukiman_11,Pemukiman,Training,1293.63,1352.9,1694.88,2340.9,3172.89,0.1601,-0.2675,0.1509
Pemukiman_11,Pemukiman,Training,1366.92,1311.57,1541.53,2231.86,3276.16,0.1829,-0.2597,0.1896
Pemukiman_11,Pemukiman,Training,1217.94,1528.58,1520.6,2028.91,3161.63,0.1432,-0.1406,0.2182
Pemukiman_11,Pemukiman,Training,1192.28,1454.29,1596.71,2149.0,3085.01,0.1474,-0.1928,0.1788
Pemukiman_11,Pemukiman,Training,1202.88,1369.5,1575.62,2139.46,3271.33,0.1518,-0.2194,0.2092
Pemukiman_11,Pemukiman,Training,1219.4,1625.68,1619.28,2117.37,3634.14,0.1333,-0.1314,0.2637
Pemukiman_11,Pemukiman,Training,1241.36,1499.01,1671.05,2293.45,3207.13,0.157,-0.2095,0.1661
Pemukiman_11,Pemukiman,Training,1089.79,1436.75,1441.02,2173.85,2954.88,0.2027,-0.2041,0.1523
Pemukiman_12,Pemukiman,Training,1235.75,1433.41,1657.74,2243.09,2978.63,0.1501,-0.2202,0.1409
Pemukiman_12,Pemukiman,Training,1173.9,1492.04,1728.14,2027.98,2793.81,0.0798,-0.1523,0.1588
Pemukiman_12,Pemukiman,Training,1127.31,1504.52,1745.79,2061.29,3161.46,0.0829,-0.1561,0.2106
Pemukiman_12,Pemukiman,Training,1383.44,1441.53,1770.58,2349.81,2917.96,0.1406,-0.2396,0.1079
Pemukiman_12,Pemukiman,Training,1181.0,1403.48,1612.5,2337.45,3181.74,0.1835,-0.2497,0.153
Pemukiman_12,Pemukiman,Training,906.38,1268.72,1337.51,2226.3,3148.1,0.2494,-0.274,0.1715
Pemukiman_12,Pemukiman,Training,1228.32,1304.11,1680.9,2307.44,2848.97,0.1571,-0.2778,0.105
Pemukiman_12,Pemukiman,Training,1053.4,1399.99,1815.01,2454.96,3212.68,0.1499,-0.2737,0.1337
Pemukiman_12,Pemukiman,Training,1127.0,1488.68,1545.71,2084.87,2671.21,0.1485,-0.1668,0.1233
Pemukiman_12,Pemukiman,Training,1210.24,1337.01,1611.57,1855.1,3133.97,0.0702,-0.1623,0.2563
Pemukiman_12,Pemukiman,Training,956.89,1508.79,1662.63,2158.2,3212.54,0.1297,-0.1771,0.1963
Pemukiman_12,Pemukiman,Training,1102.19,1407.24,1695.37,1735.86,3010.56,0.0118,-0.1046,0.2686
Pemukiman_12,Pemukiman,Training,1197.74,1380.37,1774.85,2031.41,2975.77,0.0674,-0.1908,0.1886
Pemukiman_12,Pemukiman,Training,1008.41,1551.03,1570.45,2134.24,3089.5,0.1522,-0.1583,0.1829
Pemukiman_12,Pemukiman,Training,1263.62,1434.74,1917.75,2268.09,3006.95,0.0837,-0.2251,0.1401
Pemukiman_12,Pemukiman,Training,1143.86,1360.72,1419.78,2205.98,3256.69,0.2168,-0.237,0.1923
Pemukiman_12,Pemukiman,Training,1138.66,1319.26,1781.91,1986.03,2686.44,0.0542,-0.2017,0.1499
Pemukiman_12,Pemukiman,Training,1084.71,1245.96,1646.35,2145.89,3056.06,0.1317,-0.2653,0.175
Pemukiman_12,Pemukiman,Training,1315.29,1330.87,1693.01,2426.7,3008.87,0.1781,-0.2916,0.1071
Pemukiman_12,Pemukiman,Training,1273.7,1375.82,1710.89,1964.28,2770.9,0.0689,-0.1762,0.1703
Pemukiman_12,Pemukiman,Training,1160.87,1311.11,1537.99,2167.07,3244.0,0.1698,-0.2461,0.199
Pemukiman_12,Pemukiman,Training,1159.23,1317.61,1557.82,2084.63,2913.2,0.1446,-0.2254,0.1658
Pemukiman_12,Pemukiman,Training,1038.7,1406.95,1531.76,2344.94,2810.52,0.2098,-0.25,0.0903
Pemukiman_12,Pemukiman,Training,1145.79,1581.29,1487.25,2164.52,2856.83,0.1855,-0.1557,0.1379
Pemukiman_12,Pemukiman,Training,1065.16,1554.73,1620.52,2220.05,2760.74,0.1561,-0.1763,0.1086
Pemukiman_12,Pemukiman,Training,1235.87,1515.74,1737.94,2300.25,2874.1,0.1392,-0.2056,0.1109
Pemukiman_12,Pemukiman,Training,1231.31,1466.76,1384.67,2031.81,3277.63,0.1894,-0.1615,0.2346
Pemukiman_12,Pemukiman,Training,1287.6,1245.14,1695.4,2214.3,3256.2,0.1327,-0.2801,0.1905
Pemukiman_12,Pemukiman,Training,1136.55,1464.52,1701.26,2147.3,3103.55,0.1159,-0.189,0.1821
Pemukiman_12,Pemukiman,Training,1135.15,1565.16,1585.57,2061.7,2956.83,0.1305,-0.1369,0.1784
Pemukiman_12,Pemukiman,Training,1212.68,1475.33,1439.7,2477.15,3161.74,0.2649,-0.2535,0.1214
Pemukiman_12,Pemukiman,Training,1246.65,1390.28,1602.31,2177.76,3303.56,0.1522,-0.2207,0.2054
Pemukiman_12,Pemukiman,Training,1199.21,1476.71,1547.94,2229.35,2939.22,0.1804,-0.2031,0.1373
Pemukiman_12,Pemukiman,Training,1321.65,1316.63,1561.0,2152.76,3029.21,0.1593,-0.241,0.1691
Pemukiman_12,Pemukiman,Training,1272.25,1368.33,1767.27,2077.23,3133.88,0.0806,-0.2057,0.2028
Pemukiman_12,Pemukiman,Training,1122.42,1442.1,1598.09,2176.74,3337.69,0.1533,-0.203,0.2105
Pemukiman_12,Pemukiman,Training,1134.57,1458.65,1507.72,2216.9,2860.88,0.1904,-0.2063,0.1268
Pemukiman_12,Pemukiman,Training,1133.75,1391.79,1817.76,2215.12,3430.93,0.0985,-0.2283,0.2153
Pemukiman_12,Pemukiman,Training,1222.03,1361.29,1784.72,2265.55,2971.46,0.1187,-0.2493,0.1348
Pemukiman_12,Pemukiman,Training,1247.06,1370.74,1361.32,2340.4,3318.99,0.2645,-0.2613,0.1729
Pemukiman_12,Pemukiman,Training,1383.79,1442.21,1570.15,2325.25,3269.96,0.1938,-0.2344,0.1688
Pemukiman_12,Pemukiman,Training,1363.83,1395.54,1580.13,2092.67,3207.49,0.1395,-0.1999,0.2103
Pemukiman_12,Pemukiman,Training,1045.17,1477.61,1670.54,2287.76,3127.65,0.1559,-0.2152,0.1551
Pemukiman_12,Pemukiman,Training,1353.3,1487.2,1527.15,2111.62,2924.07,0.1606,-0.1735,0.1613
Pemukiman_12,Pemukiman,Training,1255.13,1299.99,1730.01,2398.45,2924.2,0.1619,-0.297,0.0988
Pemukiman_12,Pemukiman,Training,1181.45,1401.66,1706.08,2441.4,2762.9,0.1773,-0.2705,0.0618
Pemukiman_12,Pemukiman,Training,1168.18,1373.4,1431.92,2127.23,3185.55,0.1954,-0.2153,0.1992
Pemukiman_12,Pemukiman,Training,1172.13,1245.54,1944.89,2239.93,3122.34,0.0705,-0.2853,0.1646
Pemukiman_12,Pemukiman,Training,1090.21,1426.07,1580.29,1916.72,2885.95,0.0962,-0.1468,0.2018
Pemukiman_12,Pemukiman,Training,1279.49,1594.4,1644.06,2365.46,3068.85,0.1799,-0.1947,0.1294
Pemukiman_14,Pemukiman,Training,1307.59,1414.58,1661.39,2254.81,3075.7,0.1515,-0.229,0.154
Pemukiman_14,Pemukiman,Training,1114.0,1391.79,1718.41,2133.78,3278.67,0.1078,-0.2105,0.2115
Pemukiman_14,Pemukiman,Training,1273.71,1370.11,1766.66,2146.67,3401.91,0.0971,-0.2208,0.2262
Pemukiman_14,Pemukiman,Training,1243.41,1398.41,1493.46,2186.76,3059.25,0.1884,-0.2199,0.1663
Pemukiman_14,Pemukiman,Training,1074.17,1378.24,1503.54,2287.9,3361.26,0.2069,-0.2481,0.19
Pemukiman_14,Pemukiman,Training,1077.31,1571.23,1584.57,2053.75,3251.55,0.129,-0.1331,0.2258
Pemukiman_14,Pemukiman,Training,1155.35,1391.83,1551.49,2077.49,3244.8,0.1449,-0.1976,0.2193
Pemukiman_14,Pemukiman,Training,1171.37,1256.33,1666.13,2019.16,2869.35,0.0958,-0.2329,0.1739
Pemukiman_14,Pemukiman,Training,1319.26,1280.37,1322.03,2293.43,3039.23,0.2687,-0.2835,0.1399
Pemukiman_14,Pemukiman,Training,1178.23,1368.55,1627.8,2087.09,3395.22,0.1236,-0.2079,0.2386
Pemukiman_14,Pemukiman,Training,1052.38,1444.49,1677.05,2086.05,2895.25,0.1087,-0.1817,0.1624
Pemukiman_14,Pemukiman,Training,1301.72,1300.91,1527.2,2333.1,3106.95,0.2088,-0.284,0.1423
Pemukiman_14,Pemukiman,Training,1020.29,1574.71,1536.4,2139.59,3151.16,0.1641,-0.1521,0.1912
Pemukiman_14,Pemukiman,Training,1262.51,1596.11,1400.79,2323.89,3248.6,0.2478,-0.1857,0.1659
Pemukiman_14,Pemukiman,Training,1186.28,1478.73,1712.11,1992.71,3449.95,0.0757,-0.1481,0.2677
Pemukiman_14,Pemukiman,Training,1044.12,1286.47,1568.59,2488.74,3038.35,0.2268,-0.3185,0.0994
Pemukiman_14,Pemukiman,Training,1196.81,1543.21,1563.96,2023.23,3016.55,0.128,-0.1346,0.1971
Pemukiman_14,Pemukiman,Training,1337.08,1407.09,1831.68,2310.69,2971.04,0.1156,-0.243,0.125
Pemukiman_14,Pemukiman,Training,1205.11,1314.68,1519.79,2871.86,3303.72,0.3079,-0.372,0.0699
Pemukiman_14,Pemukiman,Training,1286.11,1337.68,1788.35,2364.91,3476.32,0.1388,-0.2774,0.1903
Pemukiman_14,Pemukiman,Training,1383.31,1252.09,1466.82,2049.43,2911.21,0.1657,-0.2415,0.1737
Pemukiman_14,Pemukiman,Training,1232.35,1343.32,1848.71,2485.7,3098.71,0.147,-0.2983,0.1098
Pemukiman_14,Pemukiman,Training,1395.53,1548.81,1545.92,1898.62,3056.41,0.1024,-0.1015,0.2337
Pemukiman_14,Pemukiman,Training,1135.54,1420.65,1610.71,2209.45,3204.74,0.1567,-0.2173,0.1838
Pemukiman_14,Pemukiman,Training,1078.75,1441.14,1547.25,2230.0,3291.48,0.1808,-0.2149,0.1922
Pemukiman_14,Pemukiman,Training,1077.56,1371.87,1585.78,2122.86,3279.97,0.1448,-0.2149,0.2142
Pemukiman_14,Pemukiman,Training,1127.96,1344.46,1514.81,2363.81,3001.51,0.2189,-0.2749,0.1189
Pemukiman_14,Pemukiman,Training,1246.0,1597.57,1591.02,2366.81,3434.27,0.196,-0.194,0.184
Pemukiman_14,Pemukiman,Training,1302.72,1398.32,1677.05,2006.89,2943.99,0.0895,-0.1787,0.1893
Pemukiman_14,Pemukiman,Training,1139.53,1624.06,1502.49,2075.88,2891.22,0.1602,-0.1221,0.1641
Pemukiman_14,Pemukiman,Training,1255.98,1414.26,1730.41,2300.69,2823.92,0.1415,-0.2386,0.1021
Pemukiman_14,Pemukiman,Training,1119.27,1536.53,1575.6,2378.14,3070.06,0.203,-0.215,0.127
Pemukiman_14,Pemukiman,Training,1103.23,1369.67,1483.83,2115.17,3140.19,0.1754,-0.2139,0.195
Pemukiman_14,Pemukiman,Training,1251.16,1240.98,1597.92,2112.01,2970.32,0.1386,-0.2598,0.1689
Pemukiman_14,Pemukiman,Training,1213.27,1344.95,1765.86,2378.21,3336.37,0.1478,-0.2775,0.1677
Pemukiman_14,Pemukiman,Training,1150.51,1303.75,1609.84,2177.45,2978.24,0.1499,-0.251,0.1553
Pemukiman_14,Pemukiman,Training,1082.43,1395.85,1551.51,2303.25,3233.02,0.195,-0.2453,0.1679
Pemukiman_14,Pemukiman,Training,1310.08,1274.07,1648.13,2090.88,2855.92,0.1184,-0.2427,0.1547
Pemukiman_14,Pemukiman,Training,1157.14,1506.87,1555.32,2434.82,3209.78,0.2204,-0.2354,0.1373
Pemukiman_14,Pemukiman,Training,1160.59,1516.0,1653.45,2060.12,3471.76,0.1095,-0.1522,0.2552
Pemukiman_14,Pemukiman,Training,1225.95,1401.88,1497.34,2376.93,3203.46,0.227,-0.258,0.1481
Pemukiman_14,Pemukiman,Training,1262.92,1349.25,1700.09,2336.77,2966.24,0.1577,-0.2679,0.1187
Pemukiman_14,Pemukiman,Training,1058.3,1458.14,1411.2,2222.8,3010.55,0.2233,-0.2077,0.1505
Pemukiman_14,Pemukiman,Training,1321.87,1360.72,1732.87,2122.87,3300.0,0.1011,-0.2188,0.2171
Pemukiman_14,Pemukiman,Training,1406.03,1293.2,1635.04,2612.32,3113.32,0.2301,-0.3378,0.0875
Pemukiman_14,Pemukiman,Training,1206.18,1478.85,1604.93,1943.92,3326.46,0.0955,-0.1359,0.2623
Pemukiman_14,Pemukiman,Training,999.71,1358.32,1744.89,2146.52,2961.26,0.1032,-0.2249,0.1595
Pemukiman_14,Pemukiman,Training,1287.93,1314.89,1453.33,2241.18,3063.42,0.2132,-0.2605,0.155
Pemukiman_14,Pemukiman,Training,1075.63,1463.7,1655.74,2146.04,3041.73,0.129,-0.189,0.1727
Pemukiman_14,Pemukiman,Training,1247.04,1519.04,1566.06,2298.2,3213.04,0.1895,-0.2041,0.166
Pemukiman_16,Pemukiman,Training,1201.12,1171.67,1629.67,2314.21,2910.52,0.1736,-0.3278,0.1141
Pemukiman_16,Pemukiman,Training,1174.58,1284.45,1291.58,2354.05,3099.25,0.2914,-0.294,0.1367
Pemukiman_16,Pemukiman,Training,1359.77,1485.73,1557.49,2187.52,3213.24,0.1682,-0.1911,0.1899
Pemukiman_16,Pemukiman,Training,1296.69,1432.27,1732.67,2155.5,2900.57,0.1087,-0.2016,0.1474
Pemukiman_16,Pemukiman,Training,1193.52,1420.52,1455.82,1999.49,3189.48,0.1573,-0.1693,0.2293
Pemukiman_16,Pemukiman,Training,1159.36,1383.42,1556.84,2428.09,3352.35,0.2186,-0.2741,0.1599
Pemukiman_16,Pemukiman,Training,1076.26,1346.72,1702.0,2290.29,3091.71,0.1474,-0.2594,0.1489
Pemukiman_16,Pemukiman,Training,1086.24,1331.75,1537.99,2241.55,3440.75,0.1862,-0.2546,0.211
Pemukiman_16,Pemukiman,Training,1131.31,1297.4,1586.97,2354.76,2810.62,0.1948,-0.2895,0.0883
Pemukiman_16,Pemukiman,Training,1345.36,1382.8,1511.88,1959.97,3241.3,0.1291,-0.1727,0.2463
Pemukiman_16,Pemukiman,Training,1182.88,1417.07,1491.9,2152.14,3002.68,0.1812,-0.2059,0.165
Pemukiman_16,Pemukiman,Training,1189.94,1333.04,1415.9,2609.27,2827.32,0.2965,-0.3237,0.0401
Pemukiman_16,Pemukiman,Training,1218.15,1222.8,1360.35,2214.67,3134.87,0.239,-0.2885,0.172
Pemukiman_16,Pemukiman,Training,1326.15,1439.95,1582.02,2057.56,3399.8,0.1307,-0.1766,0.246
Pemukiman_16,Pemukiman,Training,1292.89,1275.37,1604.56,2221.61,3030.87,0.1613,-0.2706,0.1541
Pemukiman_16,Pemukiman,Training,1277.19,1483.17,1577.14,2157.87,3399.79,0.1555,-0.1853,0.2235
Pemukiman_16,Pemukiman,Training,1293.28,1407.24,1404.49,2251.6,3239.62,0.2317,-0.2308,0.1799
Pemukiman_16,Pemukiman,Training,924.55,1425.19,1550.0,2166.87,2918.52,0.166,-0.2065,0.1478
Pemukiman_16,Pemukiman,Training,1185.18,1539.2,1546.43,2344.84,2938.73,0.2052,-0.2074,0.1124
Pemukiman_16,Pemukiman,Training,1275.88,1400.17,1642.24,2201.07,3228.33,0.1454,-0.2224,0.1892
Pemukiman_16,Pemukiman,Training,943.24,1258.02,1650.05,1893.47,2993.88,0.0687,-0.2016,0.2252
Pemukiman_16,Pemukiman,Training,1194.57,1317.19,1517.01,2240.74,3301.86,0.1926,-0.2596,0.1914
Pemukiman_16,Pemukiman,Training,1104.16,1342.49,1512.25,1836.79,3128.34,0.0969,-0.1555,0.2601
Pemukiman_16,Pemukiman,Training,1293.47,1501.66,1495.51,2012.25,3104.32,0.1473,-0.1453,0.2134
Pemukiman_16,Pemukiman,Training,1282.93,1415.49,1634.72,2371.27,2952.17,0.1839,-0.2524,0.1091
Pemukiman_16,Pemukiman,Training,1178.0,1563.46,1576.38,2009.9,2966.13,0.1209,-0.1249,0.1922
Pemukiman_16,Pemukiman,Training,1106.18,1435.72,1492.49,2240.66,2952.79,0.2004,-0.2189,0.1371
Pemukiman_16,Pemukiman,Training,987.66,1430.66,1617.82,2277.66,2965.4,0.1694,-0.2284,0.1312
Pemukiman_16,Pemukiman,Training,1122.05,1440.15,1782.28,2201.68,3184.92,0.1053,-0.2091,0.1825
Pemukiman_16,Pemukiman,Training,1167.84,1245.64,1716.09,2336.26,3242.15,0.153,-0.3045,0.1624
Pemukiman_16,Pemukiman,Training,1181.81,1459.71,1707.25,2443.02,3297.71,0.1773,-0.252,0.1489
Pemukiman_16,Pemukiman,Training,1206.38,1269.17,1618.68,2238.49,3241.81,0.1607,-0.2763,0.1831
Pemukiman_16,Pemukiman,Training,1335.39,1390.48,1852.12,1936.11,3183.87,0.0222,-0.164,0.2437
Pemukiman_16,Pemukiman,Training,1120.15,1209.28,1575.79,1981.42,3067.71,0.114,-0.242,0.2151
Pemukiman_16,Pemukiman,Training,1203.48,1511.85,1419.09,2336.27,3119.62,0.2442,-0.2142,0.1436
Pemukiman_16,Pemukiman,Training,1302.88,1356.82,1440.13,2017.38,2841.64,0.167,-0.1958,0.1696
Pemukiman_16,Pemukiman,Training,1247.78,1547.69,1532.21,2294.37,2795.31,0.1992,-0.1943,0.0984
Pemukiman_16,Pemukiman,Training,1218.03,1466.86,1426.23,2169.42,3243.18,0.2067,-0.1932,0.1984
Pemukiman_16,Pemukiman,Training,906.62,1533.55,1642.44,2307.51,3017.46,0.1684,-0.2015,0.1333
Pemukiman_16,Pemukiman,Training,1027.73,1453.41,1590.09,2204.82,3317.52,0.162,-0.2054,0.2015
Pemukiman_16,Pemukiman,Training,1276.21,1592.12,1618.46,2096.32,3062.32,0.1286,-0.1367,0.1873
Pemukiman_16,Pemukiman,Training,1241.57,1501.59,1423.96,2201.28,3421.91,0.2144,-0.189,0.2171
Pemukiman_16,Pemukiman,Training,1175.98,1493.1,1659.17,2343.38,2938.05,0.1709,-0.2216,0.1126
Pemukiman_16,Pemukiman,Training,1119.46,1402.03,1416.13,2159.54,3150.58,0.2079,-0.2127,0.1866
Pemukiman_16,Pemukiman,Training,1378.46,1440.27,1675.03,2374.67,2907.07,0.1728,-0.2449,0.1008
Pemukiman_16,Pemukiman,Training,1183.49,1642.54,1590.51,2367.46,3292.75,0.1963,-0.1808,0.1635
Pemukiman_16,Pemukiman,Training,1052.19,1431.05,1617.61,2249.49,2949.18,0.1634,-0.2224,0.1346
Pemukiman_16,Pemukiman,Training,1088.31,1352.4,1588.26,2377.75,3463.46,0.1991,-0.2749,0.1859
Pemukiman_16,Pemukiman,Training,1339.66,1486.02,1479.48,2138.67,3141.99,0.1822,-0.1801,0.19
Pemukiman_16,Pemukiman,Training,1136.76,1457.72,1686.46,2280.44,3305.03,0.1497,-0.2201,0.1834
Pemukiman_17,Pemukiman,Training,1109.54,1493.28,1516.52,2058.86,3206.42,0.1517,-0.1592,0.2179
Pemukiman_17,Pemukiman,Training,1321.59,1448.8,1602.5,2246.52,3127.29,0.1673,-0.2159,0.1639
Pemukiman_17,Pemukiman,Training,1087.4,1275.74,1590.54,2211.98,3102.27,0.1634,-0.2684,0.1675
Pemukiman_17,Pemukiman,Training,1267.61,1378.45,1667.56,2178.31,3464.67,0.1328,-0.2249,0.228
Pemukiman_17,Pemukiman,Training,1208.07,1634.07,1642.24,2167.95,2920.11,0.138,-0.1404,0.1478
Pemukiman_17,Pemukiman,Training,1055.71,1300.86,1494.45,2259.22,2994.77,0.2037,-0.2692,0.14
Pemukiman_17,Pemukiman,Training,1218.69,1528.2,1589.46,2511.87,2864.84,0.2249,-0.2435,0.0656
Pemukiman_17,Pemukiman,Training,1184.94,1346.07,1712.38,1864.03,2811.38,0.0424,-0.1614,0.2026
Pemukiman_17,Pemukiman,Training,1189.27,1555.14,1627.1,1997.27,2860.57,0.1021,-0.1245,0.1777
Pemukiman_17,Pemukiman,Training,1367.3,1337.89,1486.84,2421.61,3302.22,0.2392,-0.2883,0.1539
Pemukiman_17,Pemukiman,Training,1327.41,1305.0,1416.99,2219.97,3167.03,0.2208,-0.2596,0.1758
Pemukiman_17,Pemukiman,Training,1236.46,1547.82,1391.95,2328.95,2880.67,0.2518,-0.2015,0.1059
Pemukiman_17,Pemukiman,Training,1285.57,1352.5,1502.32,2108.51,2810.88,0.1679,-0.2184,0.1428
Pemukiman_17,Pemukiman,Training,1204.04,1322.73,1694.36,2296.01,3437.63,0.1508,-0.269,0.1991
Pemukiman_17,Pemukiman,Training,1236.63,1452.07,1768.01,2105.85,2802.35,0.0872,-0.1838,0.1419
Pemukiman_17,Pemukiman,Training,1220.01,1257.74,1894.47,2418.32,3532.8,0.1215,-0.3157,0.1873
Pemukiman_17,Pemukiman,Training,1206.24,1455.06,1544.86,2332.44,2856.89,0.2031,-0.2317,0.1011
Pemukiman_17,Pemukiman,Training,945.69,1320.93,1425.34,2421.69,3463.14,0.259,-0.2941,0.177
Pemukiman_17,Pemukiman,Training,1059.71,1529.17,1714.17,1964.53,3021.95,0.0681,-0.1246,0.2121
Pemukiman_17,Pemukiman,Training,1141.98,1474.8,1452.55,2185.17,2962.81,0.2014,-0.1941,0.1511
Pemukiman_17,Pemukiman,Training,1247.33,1378.32,1535.77,2168.01,3507.21,0.1707,-0.2227,0.236
Pemukiman_17,Pemukiman,Training,1158.31,1295.9,1670.01,2178.47,2816.95,0.1321,-0.254,0.1278
Pemukiman_17,Pemukiman,Training,1423.15,1364.75,1554.66,2223.98,3446.02,0.1771,-0.2394,0.2155
Pemukiman_17,Pemukiman,Training,1032.03,1427.6,1850.47,2219.31,2852.93,0.0906,-0.2171,0.1249
Pemukiman_17,Pemukiman,Training,1138.16,1420.69,1759.7,2149.1,3265.33,0.0996,-0.204,0.2062
Pemukiman_17,Pemukiman,Training,1056.46,1255.63,1542.06,2415.7,3113.77,0.2207,-0.316,0.1262
Pemukiman_17,Pemukiman,Training,1228.98,1427.81,1733.1,2108.47,3237.66,0.0977,-0.1925,0.2112
Pemukiman_17,Pemukiman,Training,1116.91,1598.33,1503.95,2067.64,3209.93,0.1578,-0.128,0.2164
Pemukiman_17,Pemukiman,Training,1207.98,1432.69,1627.28,2036.44,3422.67,0.1117,-0.174,0.2539
Pemukiman_17,Pemukiman,Training,1289.35,1535.89,1536.6,2262.48,3139.47,0.1911,-0.1913,0.1623
Pemukiman_17,Pemukiman,Training,1312.8,1516.02,1623.17,1972.31,3455.93,0.0971,-0.1308,0.2733
Pemukiman_17,Pemukiman,Training,1255.6,1339.16,1648.79,1973.34,3311.07,0.0896,-0.1915,0.2531
Pemukiman_17,Pemukiman,Training,1052.88,1377.92,1629.33,2355.83,3121.31,0.1823,-0.2619,0.1398
Pemukiman_17,Pemukiman,Training,1263.5,1397.18,1596.14,2212.82,3062.19,0.1619,-0.2259,0.161
Pemukiman_17,Pemukiman,Training,1031.34,1323.17,1629.37,2162.63,3068.84,0.1406,-0.2408,0.1732
Pemukiman_17,Pemukiman,Training,1167.66,1313.64,1540.83,2153.98,3101.03,0.1659,-0.2423,0.1802
Pemukiman_17,Pemukiman,Training,1239.34,1381.94,1476.44,1990.29,3619.49,0.1482,-0.1804,0.2904
Pemukiman_17,Pemukiman,Training,1087.02,1348.14,1662.04,2254.13,3204.17,0.1512,-0.2515,0.1741
Pemukiman_17,Pemukiman,Training,1155.73,1423.86,1607.36,2153.18,3149.08,0.1451,-0.2039,0.1878
Pemukiman_17,Pemukiman,Training,1305.54,1397.78,1598.13,2360.22,3292.27,0.1925,-0.2561,0.1649
Pemukiman_17,Pemukiman,Training,1358.39,1224.38,1708.61,2290.24,2922.87,0.1454,-0.3033,0.1214
Pemukiman_17,Pemukiman,Training,1225.16,1505.11,1500.5,2266.38,3274.27,0.2033,-0.2018,0.1819
Pemukiman_17,Pemukiman,Training,1092.9,1385.77,1636.12,2080.58,2924.17,0.1196,-0.2004,0.1686
Pemukiman_17,Pemukiman,Training,1186.5,1480.16,1677.25,2070.79,3230.43,0.105,-0.1663,0.2188
Pemukiman_17,Pemukiman,Training,1116.41,1238.98,1555.94,2368.45,3231.19,0.207,-0.3131,0.1541
Pemukiman_17,Pemukiman,Training,1199.84,1358.33,1553.23,2216.32,2886.31,0.1759,-0.24,0.1313
Pemukiman_17,Pemukiman,Training,1165.19,1378.44,1437.87,2074.23,3182.1,0.1812,-0.2015,0.2108
Pemukiman_17,Pemukiman,Training,1200.95,1369.12,1490.63,2436.53,2932.4,0.2409,-0.2805,0.0924
Pemukiman_17,Pemukiman,Training,1225.16,1351.21,1604.35,2268.64,2825.95,0.1715,-0.2534,0.1094
Pemukiman_17,Pemukiman,Training,1199.34,1519.07,1811.38,2180.5,3108.34,0.0925,-0.1788,0.1754
Pemukiman_18,Pemukiman,Training,1421.13,1513.49,1525.93,2107.15,3291.31,0.16,-0.164,0.2194
Pemukiman_18,Pemukiman,Training,1098.9,1508.77,1640.12,2277.66,3048.65,0.1627,-0.2031,0.1448
Pemukiman_18,Pemukiman,Training,1137.02,1546.2,1570.39,2138.36,3083.97,0.1531,-0.1607,0.1811
Pemukiman_18,Pemukiman,Training,1219.3,1296.92,1532.22,2107.3,3269.06,0.158,-0.2381,0.2161
Pemukiman_18,Pemukiman,Training,1111.4,1224.42,1363.95,1979.44,3372.31,0.1841,-0.2357,0.2603
Pemukiman_18,Pemukiman,Training,1201.62,1450.12,1664.38,2208.43,3085.04,0.1405,-0.2073,0.1656
Pemukiman_18,Pemukiman,Training,1304.45,1414.6,1767.89,2293.12,2976.44,0.1293,-0.2369,0.1297
Pemukiman_18,Pemukiman,Training,1150.29,1327.25,1746.11,2139.24,2940.31,0.1012,-0.2342,0.1577
Pemukiman_18,Pemukiman,Training,1231.98,1390.28,1635.35,2483.47,3282.61,0.2059,-0.2822,0.1386
Pemukiman_18,Pemukiman,Training,1202.7,1259.16,1540.0,2306.66,2865.79,0.1993,-0.2938,0.1081
Pemukiman_18,Pemukiman,Training,1414.1,1401.44,1605.86,2100.0,3199.35,0.1333,-0.1995,0.2074
Pemukiman_18,Pemukiman,Training,1084.2,1616.49,1758.08,2347.64,2821.91,0.1436,-0.1844,0.0917
Pemukiman_18,Pemukiman,Training,1220.54,1520.91,1671.17,2049.68,2969.98,0.1017,-0.1481,0.1833
Pemukiman_18,Pemukiman,Training,1154.81,1339.66,1783.45,1911.85,3231.18,0.0347,-0.176,0.2565
Pemukiman_18,Pemukiman,Training,1070.77,1303.87,1358.83,2117.64,3402.15,0.2183,-0.2378,0.2327
Pemukiman_18,Pemukiman,Training,1226.48,1280.16,1722.06,2384.7,3120.81,0.1614,-0.3014,0.1337
Pemukiman_18,Pemukiman,Training,1403.47,1482.16,1681.92,2079.49,3225.48,0.1057,-0.1677,0.216
Pemukiman_18,Pemukiman,Training,1221.68,1451.98,1517.85,2219.21,2936.63,0.1877,-0.209,0.1391
Pemukiman_18,Pemukiman,Training,985.29,1499.83,1419.71,2216.08,3166.6,0.219,-0.1928,0.1766
Pemukiman_18,Pemukiman,Training,1232.66,1371.69,1632.55,2270.65,3246.99,0.1635,-0.2468,0.177
Pemukiman_18,Pemukiman,Training,1373.34,1423.42,1607.69,2063.99,3187.19,0.1243,-0.1837,0.2139
Pemukiman_18,Pemukiman,Training,1266.74,1380.77,1665.35,2156.12,3234.2,0.1284,-0.2192,0.2
Pemukiman_18,Pemukiman,Training,1291.26,1489.86,1614.14,2044.0,2977.62,0.1175,-0.1568,0.1859
Pemukiman_18,Pemukiman,Training,1259.52,1644.88,1559.11,2268.38,2988.79,0.1853,-0.1593,0.137
Pemukiman_18,Pemukiman,Training,1102.6,1332.37,1350.1,2403.02,2653.97,0.2805,-0.2866,0.0496
Pemukiman_18,Pemukiman,Training,1173.62,1282.19,1493.87,2406.48,3140.21,0.234,-0.3048,0.1323
Pemukiman_18,Pemukiman,Training,1103.46,1341.05,1508.14,2193.47,3134.58,0.1851,-0.2412,0.1766
Pemukiman_18,Pemukiman,Training,1389.56,1208.37,1595.82,2152.66,3289.31,0.1486,-0.281,0.2089
Pemukiman_18,Pemukiman,Training,1235.48,1459.04,1641.41,2060.2,3342.25,0.1131,-0.1708,0.2373
Pemukiman_18,Pemukiman,Training,1279.85,1491.55,1751.69,2262.65,3396.2,0.1273,-0.2054,0.2003
Pemukiman_18,Pemukiman,Training,1237.76,1378.09,1599.21,2196.42,2996.12,0.1573,-0.2289,0.154
Pemukiman_18,Pemukiman,Training,1363.19,1429.63,1611.37,2258.24,3695.97,0.1672,-0.2247,0.2415
Pemukiman_18,Pemukiman,Training,1086.83,1315.5,1434.33,2165.11,3149.1,0.203,-0.2441,0.1852
Pemukiman_18,Pemukiman,Training,1153.47,1346.03,1617.09,2124.68,3162.04,0.1357,-0.2244,0.1962
Pemukiman_18,Pemukiman,Training,1311.42,1467.7,1705.72,2362.89,3156.57,0.1615,-0.2337,0.1438
Pemukiman_18,Pemukiman,Training,1184.14,1322.77,1553.06,2121.45,3246.33,0.1547,-0.2319,0.2096
Pemukiman_18,Pemukiman,Training,1234.68,1469.68,1460.76,2414.76,3014.6,0.2462,-0.2433,0.1105
Pemukiman_18,Pemukiman,Training,1090.0,1356.08,1898.05,2141.84,3034.98,0.0603,-0.2246,0.1725
Pemukiman_18,Pemukiman,Training,1180.79,1385.14,1506.22,2221.48,3315.12,0.1919,-0.2319,0.1975
Pemukiman_18,Pemukiman,Training,1231.43,1288.88,1558.68,2117.27,3110.59,0.152,-0.2432,0.19
Pemukiman_18,Pemukiman,Training,1333.05,1385.11,1589.42,2466.65,3275.24,0.2163,-0.2808,0.1408
Pemukiman_18,Pemukiman,Training,1257.41,1595.81,1658.78,1902.02,3266.53,0.0683,-0.0875,0.264
Pemukiman_18,Pemukiman,Training,1040.8,1445.2,1394.35,2129.97,3027.24,0.2087,-0.1915,0.174
Pemukiman_18,Pemukiman,Training,1122.99,1365.11,1723.91,2092.91,3209.03,0.0967,-0.2105,0.2105
Pemukiman_18,Pemukiman,Training,1103.44,1381.05,1638.86,2050.52,2837.66,0.1116,-0.1951,0.161
Pemukiman_18,Pemukiman,Training,1249.19,1512.31,1590.51,2131.4,3131.14,0.1453,-0.1699,0.19
Pemukiman_18,Pemukiman,Training,1205.55,1424.29,1296.61,2039.63,2930.95,0.2227,-0.1776,0.1793
Pemukiman_18,Pemukiman,Training,1215.09,1418.59,1676.34,2238.64,2839.85,0.1436,-0.2242,0.1184
Pemukiman_18,Pemukiman,Training,1344.7,1527.19,1449.02,2249.91,2980.92,0.2165,-0.1913,0.1398
Pemukiman_18,Pemukiman,Training,1213.89,1505.33,1855.61,2312.69,3158.99,0.1097,-0.2115,0.1547
Pemukiman_19,Pemukiman,Training,1166.02,1418.21,1763.17,2193.29,2922.78,0.1087,-0.2146,0.1426
Pemukiman_19,Pemukiman,Training,1038.03,1451.3,1629.67,2103.11,3305.2,0.1268,-0.1834,0.2223
Pemukiman_19,Pemukiman,Training,1157.82,1386.54,1598.0,2147.36,3147.17,0.1467,-0.2153,0.1888
Pemukiman_19,Pemukiman,Training,1315.15,1285.75,1658.62,2225.82,3130.75,0.146,-0.2677,0.1689
Pemukiman_19,Pemukiman,Training,1287.18,1404.93,1657.63,2307.38,2999.13,0.1639,-0.2431,0.1304
Pemukiman_19,Pemukiman,Training,1229.92,1374.92,1584.08,2151.69,3194.22,0.1519,-0.2203,0.195
Pemukiman_19,Pemukiman,Training,1208.16,1439.45,1597.9,1959.38,3106.27,0.1016,-0.153,0.2264
Pemukiman_19,Pemukiman,Training,1206.35,1424.26,1528.75,2020.68,3224.92,0.1386,-0.1731,0.2296
Pemukiman_19,Pemukiman,Training,1172.64,1417.12,1566.22,2199.09,3010.14,0.1681,-0.2162,0.1557
Pemukiman_19,Pemukiman,Training,1103.19,1447.37,1527.63,2224.59,3182.09,0.1857,-0.2117,0.1771
Pemukiman_19,Pemukiman,Training,1141.32,1279.61,1891.13,2120.83,3224.68,0.0573,-0.2474,0.2065
Pemukiman_19,Pemukiman,Training,1393.95,1478.99,1563.95,2189.93,2933.48,0.1668,-0.1938,0.1451
Pemukiman_19,Pemukiman,Training,1288.17,1456.63,1538.27,2043.67,2835.75,0.1411,-0.1677,0.1623
Pemukiman_19,Pemukiman,Training,1298.65,1412.04,1625.8,2076.56,2807.3,0.1217,-0.1905,0.1496
Pemukiman_19,Pemukiman,Training,1296.26,1404.2,1708.87,2142.11,3052.64,0.1125,-0.2081,0.1753
Pemukiman_19,Pemukiman,Training,1271.33,1473.23,1695.71,2155.72,3222.91,0.1194,-0.1881,0.1984
Pemukiman_19,Pemukiman,Training,1310.91,1389.52,1538.38,2401.41,2969.11,0.2191,-0.2669,0.1057
Pemukiman_19,Pemukiman,Training,1262.95,1394.16,1379.01,2369.29,2548.43,0.2642,-0.2591,0.0364
Pemukiman_19,Pemukiman,Training,1001.59,1452.73,1663.25,2104.36,3129.56,0.1171,-0.1832,0.1959
Pemukiman_19,Pemukiman,Training,946.86,1470.7,1629.97,2193.15,3104.17,0.1473,-0.1972,0.172
Pemukiman_19,Pemukiman,Training,1249.33,1397.11,1375.11,2529.45,3340.16,0.2956,-0.2884,0.1381
Pemukiman_19,Pemukiman,Training,1071.51,1365.49,1571.68,2361.83,2668.15,0.2009,-0.2673,0.0609
Pemukiman_19,Pemukiman,Training,1150.1,1223.94,1565.79,2129.12,3115.94,0.1525,-0.27,0.1881
Pemukiman_19,Pemukiman,Training,1139.51,1324.9,1674.36,2268.2,3210.28,0.1506,-0.2625,0.172
Pemukiman_19,Pemukiman,Training,1182.31,1342.83,1585.74,2275.17,2664.64,0.1786,-0.2577,0.0788
Pemukiman_19,Pemukiman,Training,1239.41,1430.91,1607.46,2177.6,2586.78,0.1506,-0.2069,0.0859
Pemukiman_19,Pemukiman,Training,1156.01,1578.94,1601.55,2153.91,3103.38,0.1471,-0.154,0.1806
Pemukiman_19,Pemukiman,Training,1235.48,1465.88,1572.53,2263.74,3435.33,0.1802,-0.2139,0.2056
Pemukiman_19,Pemukiman,Training,1300.63,1634.03,1521.19,2451.43,2941.87,0.2342,-0.2001,0.0909
Pemukiman_19,Pemukiman,Training,1235.36,1473.25,1538.71,2213.19,3282.09,0.1798,-0.2007,0.1945
Pemukiman_19,Pemukiman,Training,1128.97,1566.94,1433.85,2490.95,3300.27,0.2693,-0.2277,0.1397
Pemukiman_19,Pemukiman,Training,1191.03,1359.73,1539.16,2179.63,3090.3,0.1722,-0.2317,0.1728
Pemukiman_19,Pemukiman,Training,1325.52,1596.87,1623.93,2073.16,2990.85,0.1215,-0.1298,0.1812
Pemukiman_19,Pemukiman,Training,1181.69,1296.99,1458.53,2514.57,3160.52,0.2658,-0.3194,0.1138
Pemukiman_19,Pemukiman,Training,1116.69,1481.66,1458.6,2035.6,2939.39,0.1651,-0.1575,0.1817
Pemukiman_19,Pemukiman,Training,1365.45,1374.71,1307.0,2381.51,3038.72,0.2913,-0.268,0.1213
Pemukiman_19,Pemukiman,Training,1015.06,1368.33,1662.52,2260.61,3459.68,0.1525,-0.2459,0.2096
Pemukiman_19,Pemukiman,Training,1114.72,1404.67,1516.05,1968.67,3277.11,0.1299,-0.1672,0.2494
Pemukiman_19,Pemukiman,Training,1246.33,1428.37,1651.21,2097.18,2898.86,0.119,-0.1897,0.1605
Pemukiman_19,Pemukiman,Training,1203.76,1516.12,1792.97,2319.31,3105.83,0.128,-0.2094,0.145
Pemukiman_19,Pemukiman,Training,1226.98,1401.16,1476.89,2203.7,2833.03,0.1975,-0.2226,0.1249
Pemukiman_19,Pemukiman,Training,1187.59,1563.61,1698.74,2061.53,3085.51,0.0965,-0.1374,0.1989
Pemukiman_19,Pemukiman,Training,1116.56,1393.75,1724.93,2297.95,3596.83,0.1424,-0.2449,0.2203
Pemukiman_19,Pemukiman,Training,1319.25,1420.4,1681.26,2169.63,2874.5,0.1268,-0.2087,0.1397
Pemukiman_19,Pemukiman,Training,1330.58,1500.9,1571.07,2241.09,3348.19,0.1758,-0.1978,0.1981
Pemukiman_19,Pemukiman,Training,1284.64,1253.69,1629.23,2174.86,3322.6,0.1434,-0.2687,0.2088
Pemukiman_19,Pemukiman,Training,1303.1,1531.86,1465.85,2082.38,3322.82,0.1738,-0.1523,0.2295
Pemukiman_19,Pemukiman,Training,1140.84,1247.86,1663.91,2117.92,3457.96,0.12,-0.2585,0.2403
Pemukiman_19,Pemukiman,Training,1229.62,1416.03,1555.69,2438.63,3171.71,0.221,-0.2653,0.1307
Pemukiman_19,Pemukiman,Training,1159.15,1320.59,1591.18,2053.35,3305.78,0.1268,-0.2172,0.2337
Pemukiman_21,Pemukiman,Training,1324.1,1431.98,1784.66,2336.69,2995.31,0.1339,-0.2401,0.1235
Pemukiman_21,Pemukiman,Training,1329.31,1426.39,1552.64,2241.76,3322.47,0.1816,-0.2223,0.1942
Pemukiman_21,Pemukiman,Training,1245.5,1582.24,1730.38,2278.47,2894.79,0.1367,-0.1803,0.1191
Pemukiman_21,Pemukiman,Training,1182.03,1407.17,1683.6,2295.6,3133.91,0.1538,-0.2399,0.1544
Pemukiman_21,Pemukiman,Training,1212.03,1472.05,1496.97,2454.33,2690.57,0.2423,-0.2502,0.0459
Pemukiman_21,Pemukiman,Training,1345.54,1395.48,1720.31,2254.58,3169.21,0.1344,-0.2354,0.1686
Pemukiman_21,Pemukiman,Training,1255.43,1480.91,1560.54,2355.22,2883.11,0.2029,-0.2279,0.1008
Pemukiman_21,Pemukiman,Training,1199.47,1483.6,1719.4,2269.12,3021.32,0.1378,-0.2093,0.1422
Pemukiman_21,Pemukiman,Training,1289.67,1333.06,1810.17,2187.3,2792.07,0.0943,-0.2427,0.1215
Pemukiman_21,Pemukiman,Training,1080.53,1404.36,1616.78,2495.45,2892.3,0.2137,-0.2798,0.0737
Pemukiman_21,Pemukiman,Training,1203.95,1294.06,1540.88,2452.6,2872.73,0.2283,-0.3092,0.0789
Pemukiman_21,Pemukiman,Training,1258.7,1439.29,1597.1,2277.92,2868.0,0.1757,-0.2256,0.1147
Pemukiman_21,Pemukiman,Training,1365.63,1592.48,1605.65,2563.47,3020.19,0.2297,-0.2336,0.0818
Pemukiman_21,Pemukiman,Training,1240.04,1543.19,1544.92,1992.77,2777.66,0.1266,-0.1271,0.1645
Pemukiman_21,Pemukiman,Training,1406.08,1347.1,1577.71,2033.09,3289.67,0.1261,-0.2029,0.2361
Pemukiman_21,Pemukiman,Training,1121.84,1350.87,1635.94,2040.39,3064.28,0.11,-0.2033,0.2006
Pemukiman_21,Pemukiman,Training,1340.22,1442.83,1615.67,2232.23,3022.17,0.1602,-0.2148,0.1503
Pemukiman_21,Pemukiman,Training,1399.62,1318.78,1625.31,2217.25,3301.75,0.154,-0.2541,0.1965
Pemukiman_21,Pemukiman,Training,1310.32,1396.8,1634.88,2249.28,2645.57,0.1582,-0.2338,0.081
Pemukiman_21,Pemukiman,Training,1041.1,1339.49,1532.61,2020.11,3249.92,0.1372,-0.2026,0.2334
Pemukiman_21,Pemukiman,Training,1200.21,1378.53,1449.26,2193.32,2574.66,0.2043,-0.2281,0.08
Pemukiman_21,Pemukiman,Training,1183.7,1406.32,1629.03,1965.38,3144.96,0.0936,-0.1658,0.2308
Pemukiman_21,Pemukiman,Training,1095.86,1318.75,1686.15,2502.12,3110.27,0.1948,-0.3097,0.1084
Pemukiman_21,Pemukiman,Training,1118.29,1418.87,1712.68,2293.15,3648.62,0.1449,-0.2355,0.2281
Pemukiman_21,Pemukiman,Training,1128.47,1425.22,1785.87,2422.92,2709.98,0.1514,-0.2593,0.0559
Pemukiman_21,Pemukiman,Training,1199.66,1548.45,1946.88,2305.57,3026.43,0.0843,-0.1964,0.1352
Pemukiman_21,Pemukiman,Training,1099.08,1621.87,1687.45,2072.79,3059.37,0.1025,-0.122,0.1922
Pemukiman_21,Pemukiman,Training,1231.02,1454.38,1492.05,2107.87,2769.41,0.1711,-0.1834,0.1356
Pemukiman_21,Pemukiman,Training,1303.98,1365.84,1655.96,2413.34,3143.97,0.1861,-0.2772,0.1315
Pemukiman_21,Pemukiman,Training,1188.7,1419.39,1607.58,2386.92,3162.17,0.1951,-0.2542,0.1397
Pemukiman_21,Pemukiman,Training,1145.56,1504.78,1747.66,1999.25,3406.56,0.0671,-0.1411,0.2603
Pemukiman_21,Pemukiman,Training,1236.47,1428.33,1720.79,2114.95,3290.83,0.1028,-0.1938,0.2175
Pemukiman_21,Pemukiman,Training,1162.32,1252.5,1480.27,2285.05,2910.91,0.2137,-0.2919,0.1204
Pemukiman_21,Pemukiman,Training,1361.01,1518.93,1760.01,2218.72,3151.57,0.1153,-0.1872,0.1737
Pemukiman_21,Pemukiman,Training,1080.63,1499.58,1645.58,2285.1,3437.66,0.1627,-0.2076,0.2014
Pemukiman_21,Pemukiman,Training,1139.4,1387.39,1639.2,2059.68,3062.48,0.1137,-0.195,0.1958
Pemukiman_21,Pemukiman,Training,1249.29,1367.46,1757.08,1973.36,3324.55,0.058,-0.1814,0.255
Pemukiman_21,Pemukiman,Training,1266.12,1343.12,1489.07,1887.96,2940.96,0.1181,-0.1686,0.2181
Pemukiman_21,Pemukiman,Training,1304.72,1394.39,1739.56,2107.02,3241.42,0.0955,-0.2035,0.2121
Pemukiman_21,Pemukiman,Training,1128.25,1303.44,1587.14,2100.26,2791.44,0.1392,-0.2341,0.1413
Pemukiman_21,Pemukiman,Training,1181.77,1410.64,1752.2,2340.52,3343.99,0.1437,-0.2479,0.1765
Pemukiman_21,Pemukiman,Training,1272.04,1433.26,1452.53,2222.48,3219.36,0.2095,-0.2159,0.1832
Pemukiman_21,Pemukiman,Training,1345.74,1468.63,1748.85,2045.2,3034.72,0.0781,-0.1641,0.1948
Pemukiman_21,Pemukiman,Training,1242.94,1516.1,1582.57,2187.63,3237.43,0.1605,-0.1813,0.1935
Pemukiman_21,Pemukiman,Training,1087.41,1560.74,1494.5,1912.21,3102.01,0.1226,-0.1012,0.2373
Pemukiman_21,Pemukiman,Training,1369.85,1458.65,1690.13,2206.21,3069.52,0.1325,-0.204,0.1636
Pemukiman_21,Pemukiman,Training,1045.51,1174.06,1623.55,2396.88,3168.83,0.1923,-0.3424,0.1387
Pemukiman_21,Pemukiman,Training,1262.36,1558.37,1639.45,2181.6,2936.3,0.1419,-0.1666,0.1475
Pemukiman_21,Pemukiman,Training,1402.22,1452.65,1486.77,2024.32,3350.61,0.1531,-0.1644,0.2468
Pemukiman_21,Pemukiman,Training,1096.26,1585.38,1269.22,2413.39,3197.38,0.3107,-0.2071,0.1397
Pemukiman_23,Pemukiman,Training,1232.18,1321.86,1682.96,2111.45,3249.91,0.1129,-0.23,0.2123
Pemukiman_23,Pemukiman,Training,1172.59,1227.9,1482.11,2135.44,3373.64,0.1806,-0.2698,0.2248
Pemukiman_23,Pemukiman,Training,1290.11,1562.39,1798.44,2119.79,3062.3,0.082,-0.1514,0.1819
Pemukiman_23,Pemukiman,Training,1158.87,1332.85,1379.02,2197.79,2842.89,0.2289,-0.245,0.128
Pemukiman_23,Pemukiman,Training,1196.58,1611.58,1538.88,2229.22,3281.33,0.1832,-0.1608,0.1909
Pemukiman_23,Pemukiman,Training,1228.03,1429.25,1556.51,2165.22,2908.0,0.1636,-0.2048,0.1464
Pemukiman_23,Pemukiman,Training,1284.6,1225.85,1716.53,1989.45,3292.52,0.0736,-0.2375,0.2467
Pemukiman_23,Pemukiman,Training,1164.62,1276.81,1669.52,2339.32,3012.38,0.1671,-0.2938,0.1258
Pemukiman_23,Pemukiman,Training,1272.06,1171.49,1441.53,2393.86,3055.27,0.2483,-0.3428,0.1214
Pemukiman_23,Pemukiman,Training,1013.78,1330.11,1489.19,2175.11,3025.85,0.1872,-0.2411,0.1636
Pemukiman_23,Pemukiman,Training,1217.89,1393.05,1763.17,2263.68,3191.53,0.1243,-0.2381,0.1701
Pemukiman_23,Pemukiman,Training,1316.52,1361.12,1448.57,2381.05,3127.17,0.2435,-0.2725,0.1355
Pemukiman_23,Pemukiman,Training,1213.94,1336.67,1525.98,2327.01,3296.93,0.2079,-0.2703,0.1725
Pemukiman_23,Pemukiman,Training,1278.38,1479.3,1668.28,2219.73,3064.92,0.1418,-0.2002,0.1599
Pemukiman_23,Pemukiman,Training,1321.03,1362.63,1644.4,2079.4,2968.14,0.1168,-0.2082,0.1761
Pemukiman_23,Pemukiman,Training,1176.38,1319.61,1695.74,1997.79,3119.85,0.0818,-0.2044,0.2193
Pemukiman_23,Pemukiman,Training,1213.25,1218.92,1547.08,2238.35,3185.75,0.1826,-0.2949,0.1747
Pemukiman_23,Pemukiman,Training,1179.57,1467.69,1586.88,2202.05,3150.33,0.1624,-0.2001,0.1772
Pemukiman_23,Pemukiman,Training,1292.7,1332.43,1541.58,2099.67,3033.56,0.1533,-0.2235,0.1819
Pemukiman_23,Pemukiman,Training,1342.62,1457.27,1464.27,2109.93,3174.55,0.1806,-0.183,0.2015
Pemukiman_23,Pemukiman,Training,1109.35,1327.47,1761.4,2107.99,3290.93,0.0896,-0.2272,0.2191
Pemukiman_23,Pemukiman,Training,1325.53,1326.65,1493.2,2158.58,2882.27,0.1822,-0.2387,0.1436
Pemukiman_23,Pemukiman,Training,1212.1,1379.43,1643.27,2409.54,3263.5,0.1891,-0.2719,0.1505
Pemukiman_23,Pemukiman,Training,1248.92,1203.4,1653.21,2458.39,2497.9,0.1958,-0.3427,0.008
Pemukiman_23,Pemukiman,Training,1268.94,1384.06,1498.02,2320.17,3441.94,0.2153,-0.2527,0.1947
Pemukiman_23,Pemukiman,Training,1277.52,1362.88,1486.78,2221.69,3274.63,0.1982,-0.2396,0.1916
Pemukiman_23,Pemukiman,Training,1161.29,1370.96,1938.64,2361.8,3330.03,0.0984,-0.2654,0.1701
Pemukiman_23,Pemukiman,Training,1053.97,1329.28,1608.96,2049.83,3420.08,0.1205,-0.2132,0.2505
Pemukiman_23,Pemukiman,Training,1341.03,1346.65,1814.07,2199.36,3617.88,0.096,-0.2405,0.2438
Pemukiman_23,Pemukiman,Training,1214.47,1457.62,1767.99,2391.65,3202.15,0.1499,-0.2427,0.1449
Pemukiman_23,Pemukiman,Training,1185.89,1451.41,1502.06,2222.82,2878.14,0.1935,-0.21,0.1285
Pemukiman_23,Pemukiman,Training,1021.91,1405.04,1751.47,2338.87,3083.62,0.1436,-0.2494,0.1373
Pemukiman_23,Pemukiman,Training,1374.7,1343.09,1369.86,1872.68,2863.76,0.1551,-0.1647,0.2092
Pemukiman_23,Pemukiman,Training,1281.66,1336.52,1655.32,2446.94,2879.98,0.193,-0.2935,0.0813
Pemukiman_23,Pemukiman,Training,1247.85,1453.9,1496.71,2403.13,3042.46,0.2324,-0.2461,0.1174
Pemukiman_23,Pemukiman,Training,1161.62,1611.16,1662.73,2338.79,3370.98,0.169,-0.1842,0.1808
Pemukiman_23,Pemukiman,Training,1134.95,1524.98,1539.77,2118.31,3045.6,0.1582,-0.1629,0.1796
Pemukiman_23,Pemukiman,Training,1137.79,1482.22,1632.07,2126.32,3234.9,0.1315,-0.1785,0.2068
Pemukiman_23,Pemukiman,Training,1172.48,1367.19,1605.84,2269.52,3177.97,0.1713,-0.2481,0.1668
Pemukiman_23,Pemukiman,Training,1163.68,1484.71,1573.31,2101.75,2806.4,0.1438,-0.172,0.1436
Pemukiman_23,Pemukiman,Training,1298.32,1401.24,1625.3,2356.87,3004.52,0.1837,-0.2543,0.1208
Pemukiman_23,Pemukiman,Training,1062.56,1406.98,1636.96,2160.57,3394.75,0.1379,-0.2112,0.2222
Pemukiman_23,Pemukiman,Training,951.38,1512.01,1694.94,2268.52,2432.82,0.1447,-0.2001,0.0349
Pemukiman_23,Pemukiman,Training,1328.39,1297.36,1539.08,2174.41,3181.48,0.1711,-0.2526,0.188
Pemukiman_23,Pemukiman,Training,1263.94,1489.28,1697.9,2237.94,3183.18,0.1372,-0.2009,0.1744
Pemukiman_23,Pemukiman,Training,1090.92,1324.9,1707.46,2325.58,3244.76,0.1533,-0.2741,0.165
Pemukiman_23,Pemukiman,Training,1148.56,1491.05,1460.65,2361.6,3047.83,0.2357,-0.226,0.1269
Pemukiman_23,Pemukiman,Training,1368.42,1247.86,1811.61,2145.78,3024.1,0.0844,-0.2646,0.1699
Pemukiman_23,Pemukiman,Training,1219.48,1330.29,1591.32,2089.36,2959.79,0.1353,-0.222,0.1724
Pemukiman_23,Pemukiman,Training,1248.69,1309.84,1507.82,1994.08,2999.21,0.1389,-0.2071,0.2013
Pemukiman_24,Pemukiman,Training,1331.16,1315.41,1512.2,2229.09,3025.84,0.1916,-0.2578,0.1516
Pemukiman_24,Pemukiman,Training,1422.82,1383.75,1640.23,2341.57,3284.92,0.1761,-0.2571,0.1677
Pemukiman_24,Pemukiman,Training,1223.33,1383.89,1842.88,2185.04,3011.66,0.0849,-0.2245,0.1591
Pemukiman_24,Pemukiman,Training,1135.42,1227.32,1698.59,1847.79,3098.86,0.0421,-0.2018,0.2529
Pemukiman_24,Pemukiman,Training,1179.51,1624.0,1380.2,2064.83,3072.78,0.1987,-0.1195,0.1962
Pemukiman_24,Pemukiman,Training,1180.25,1345.05,1590.28,2011.07,3171.44,0.1168,-0.1984,0.2239
Pemukiman_24,Pemukiman,Training,967.85,1397.42,1527.96,2352.44,3451.06,0.2125,-0.2547,0.1893
Pemukiman_24,Pemukiman,Training,1166.89,1539.07,1562.07,2055.08,3449.18,0.1363,-0.1436,0.2533
Pemukiman_24,Pemukiman,Training,1252.08,1400.44,1682.46,2241.13,3086.16,0.1424,-0.2309,0.1586
Pemukiman_24,Pemukiman,Training,1067.36,1372.95,1674.79,2181.58,3280.47,0.1314,-0.2275,0.2012
Pemukiman_24,Pemukiman,Training,1238.37,1312.19,1441.7,2176.42,2995.15,0.2031,-0.2477,0.1583
Pemukiman_24,Pemukiman,Training,1233.63,1328.19,1526.15,2357.96,3129.64,0.2142,-0.2794,0.1406
Pemukiman_24,Pemukiman,Training,1129.73,1401.76,1765.47,2244.07,3218.59,0.1194,-0.231,0.1784
Pemukiman_24,Pemukiman,Training,1124.78,1502.64,1878.17,2081.28,2863.62,0.0513,-0.1615,0.1582
Pemukiman_24,Pemukiman,Training,1217.55,1487.55,1589.03,2042.02,3078.28,0.1248,-0.1571,0.2024
Pemukiman_24,Pemukiman,Training,1259.81,1359.3,1672.87,2374.71,3148.05,0.1734,-0.2719,0.14
Pemukiman_24,Pemukiman,Training,1197.21,1482.93,1497.27,2056.79,3046.69,0.1574,-0.1621,0.194
Pemukiman_24,Pemukiman,Training,1150.81,1319.67,1819.66,2525.8,3029.26,0.1625,-0.3137,0.0906
Pemukiman_24,Pemukiman,Training,1209.17,1381.22,1732.9,2395.85,2744.55,0.1606,-0.2686,0.0678
Pemukiman_24,Pemukiman,Training,1247.6,1269.32,1810.99,2266.04,2935.33,0.1116,-0.2819,0.1287
Pemukiman_24,Pemukiman,Training,1175.87,1371.1,1663.01,2356.29,2870.36,0.1725,-0.2643,0.0984
Pemukiman_24,Pemukiman,Training,1383.88,1560.57,1494.96,2210.92,3442.16,0.1932,-0.1724,0.2178
Pemukiman_24,Pemukiman,Training,1323.29,1366.33,1697.72,2649.58,3121.03,0.219,-0.3195,0.0817
Pemukiman_24,Pemukiman,Training,1136.74,1417.24,1629.59,2121.32,3188.33,0.1311,-0.199,0.201
Pemukiman_24,Pemukiman,Training,1074.56,1333.45,1690.99,1936.77,3280.63,0.0677,-0.1845,0.2576
Pemukiman_24,Pemukiman,Training,998.8,1226.87,1540.12,2243.03,3365.05,0.1858,-0.2929,0.2001
Pemukiman_24,Pemukiman,Training,1205.76,1375.34,1669.55,2069.37,3127.88,0.1069,-0.2015,0.2037
Pemukiman_24,Pemukiman,Training,1080.06,1408.26,1584.42,2079.36,3133.01,0.1351,-0.1924,0.2021
Pemukiman_24,Pemukiman,Training,1215.85,1517.55,1407.32,2188.59,2947.95,0.2173,-0.1811,0.1478
Pemukiman_24,Pemukiman,Training,1286.98,1475.39,1660.95,2094.43,3277.09,0.1154,-0.1734,0.2202
Pemukiman_24,Pemukiman,Training,1046.99,1226.47,1446.9,2194.98,3235.03,0.2054,-0.2831,0.1915
Pemukiman_24,Pemukiman,Training,902.4,1532.27,1615.73,1964.83,3120.19,0.0975,-0.1237,0.2272
Pemukiman_24,Pemukiman,Training,1309.25,1459.94,1731.89,1995.06,3017.2,0.0706,-0.1549,0.2039
Pemukiman_24,Pemukiman,Training,1107.53,1571.76,1676.72,2627.05,3006.48,0.2208,-0.2513,0.0674
Pemukiman_24,Pemukiman,Training,1127.53,1385.72,1765.4,2145.08,3124.89,0.0971,-0.2151,0.1859
Pemukiman_24,Pemukiman,Training,1209.67,1403.95,1521.71,2179.41,3063.98,0.1777,-0.2164,0.1687
Pemukiman_24,Pemukiman,Training,1199.24,1494.35,1811.28,2073.93,3021.6,0.0676,-0.1624,0.186
Pemukiman_24,Pemukiman,Training,1117.5,1418.71,1535.4,2235.97,3320.73,0.1858,-0.2236,0.1952
Pemukiman_24,Pemukiman,Training,947.42,1449.18,1544.78,2269.06,2920.71,0.1899,-0.2205,0.1256
Pemukiman_24,Pemukiman,Training,1319.63,1491.33,1668.2,2318.98,2950.88,0.1632,-0.2172,0.1199
Pemukiman_24,Pemukiman,Training,1138.04,1475.24,1507.87,2416.85,3035.28,0.2316,-0.2419,0.1134
Pemukiman_24,Pemukiman,Training,1250.19,1609.92,1515.25,2210.31,3310.84,0.1866,-0.1572,0.1993
Pemukiman_24,Pemukiman,Training,1295.13,1367.22,1537.99,2165.03,3389.57,0.1693,-0.2259,0.2205
Pemukiman_24,Pemukiman,Training,1172.09,1407.81,1548.79,2305.83,3131.11,0.1964,-0.2418,0.1518
Pemukiman_24,Pemukiman,Training,1099.66,1303.12,1360.17,2075.3,3258.79,0.2082,-0.2286,0.2219
Pemukiman_24,Pemukiman,Training,1332.38,1468.56,1666.56,2181.02,3254.98,0.1337,-0.1952,0.1976
Pemukiman_24,Pemukiman,Training,1228.63,1580.44,1588.19,2401.45,3274.82,0.2038,-0.2062,0.1539
Pemukiman_24,Pemukiman,Training,1273.54,1198.85,1711.5,2180.87,3011.21,0.1206,-0.2906,0.1599
Pemukiman_24,Pemukiman,Training,1051.71,1399.44,1604.03,2004.55,2805.34,0.111,-0.1778,0.1665
Pemukiman_24,Pemukiman,Training,1248.66,1487.17,1622.83,2372.63,3082.72,0.1877,-0.2294,0.1302
Pemukiman_25,Pemukiman,Training,1194.56,1308.3,1412.77,2478.2,3326.26,0.2738,-0.309,0.1461
Pemukiman_25,Pemukiman,Training,1060.75,1415.58,1587.99,2158.9,3018.2,0.1524,-0.208,0.166
Pemukiman_25,Pemukiman,Training,1238.13,1481.82,1648.29,2181.92,3068.55,0.1393,-0.1911,0.1689
Pemukiman_25,Pemukiman,Training,1293.68,1446.34,1608.72,2194.61,3169.05,0.154,-0.2055,0.1817
Pemukiman_25,Pemukiman,Training,1153.17,1482.15,1470.9,2138.28,3222.22,0.1849,-0.1812,0.2022
Pemukiman_25,Pemukiman,Training,1086.71,1242.7,1607.57,1945.53,2840.24,0.0951,-0.2204,0.187
Pemukiman_25,Pemukiman,Training,1275.66,1379.52,1754.26,2019.28,3081.21,0.0702,-0.1882,0.2082
Pemukiman_25,Pemukiman,Training,1239.96,1282.95,1723.81,2276.6,2778.14,0.1382,-0.2792,0.0992
Pemukiman_25,Pemukiman,Training,1196.23,1438.6,1529.19,1978.02,3155.69,0.128,-0.1579,0.2294
Pemukiman_25,Pemukiman,Training,1421.12,1361.3,1788.31,2087.16,3143.11,0.0771,-0.2105,0.2019
Pemukiman_25,Pemukiman,Training,1277.15,1399.16,1564.27,2308.92,3478.29,0.1923,-0.2453,0.2021
Pemukiman_25,Pemukiman,Training,1230.06,1348.39,1577.23,2577.96,3126.98,0.2408,-0.3132,0.0962
Pemukiman_25,Pemukiman,Training,1140.56,1285.49,1380.89,2254.54,3230.93,0.2403,-0.2737,0.178
Pemukiman_25,Pemukiman,Training,1160.33,1398.5,1459.54,2219.94,3196.3,0.2067,-0.227,0.1803
Pemukiman_25,Pemukiman,Training,1146.48,1569.05,1499.55,2242.52,3269.66,0.1985,-0.1767,0.1863
Pemukiman_25,Pemukiman,Training,1192.27,1381.15,1428.54,2403.6,3066.02,0.2544,-0.2701,0.1211
Pemukiman_25,Pemukiman,Training,1253.74,1467.27,1524.6,2170.37,3366.9,0.1748,-0.1933,0.2161
Pemukiman_25,Pemukiman,Training,1088.28,1612.79,1510.62,2023.07,3126.46,0.145,-0.1128,0.2143
Pemukiman_25,Pemukiman,Training,1420.83,1208.9,1583.08,2271.44,3106.73,0.1786,-0.3053,0.1553
Pemukiman_25,Pemukiman,Training,1238.19,1328.2,1528.03,2177.74,2874.02,0.1753,-0.2423,0.1378
Pemukiman_25,Pemukiman,Training,1195.53,1361.13,1543.59,2248.08,2735.87,0.1858,-0.2457,0.0979
Pemukiman_25,Pemukiman,Training,1177.09,1631.74,1469.67,2392.83,3110.93,0.239,-0.1891,0.1305
Pemukiman_25,Pemukiman,Training,1139.7,1267.94,1616.76,2418.01,3022.16,0.1986,-0.312,0.1111
Pemukiman_25,Pemukiman,Training,1191.9,1501.04,1640.9,1964.16,3119.78,0.0897,-0.1336,0.2273
Pemukiman_25,Pemukiman,Training,1351.22,1396.31,1271.02,2258.23,3060.31,0.2797,-0.2359,0.1508
Pemukiman_25,Pemukiman,Training,1017.09,1232.08,1717.01,2090.14,2918.5,0.098,-0.2583,0.1654
Pemukiman_25,Pemukiman,Training,1196.44,1335.58,1612.01,2169.59,2860.0,0.1474,-0.2379,0.1373
Pemukiman_25,Pemukiman,Training,1148.88,1444.28,1605.03,2187.71,3487.48,0.1536,-0.2047,0.229
Pemukiman_25,Pemukiman,Training,1273.1,1485.24,1580.08,2233.02,3013.78,0.1712,-0.2011,0.1488
Pemukiman_25,Pemukiman,Training,1277.75,1388.96,1626.69,2224.09,3096.37,0.1551,-0.2311,0.1639
Pemukiman_25,Pemukiman,Training,1493.82,1333.34,1518.91,2304.11,2980.97,0.2054,-0.2669,0.1281
Pemukiman_25,Pemukiman,Training,1170.86,1291.36,1658.99,2275.64,3036.96,0.1567,-0.2759,0.1433
Pemukiman_25,Pemukiman,Training,1271.48,1214.19,1515.18,2174.5,2865.54,0.1787,-0.2834,0.1371
Pemukiman_25,Pemukiman,Training,1025.13,1369.21,1683.28,2392.32,2990.54,0.174,-0.272,0.1111
Pemukiman_25,Pemukiman,Training,1273.32,1463.65,1746.23,2147.47,2740.3,0.103,-0.1894,0.1213
Pemukiman_25,Pemukiman,Training,1207.02,1298.62,1513.18,2154.82,3032.21,0.1749,-0.2479,0.1692
Pemukiman_25,Pemukiman,Training,1214.16,1470.32,1555.87,2259.35,3102.96,0.1844,-0.2116,0.1573
Pemukiman_25,Pemukiman,Training,1293.55,1381.14,1590.53,2143.84,3067.55,0.1482,-0.2164,0.1772
Pemukiman_25,Pemukiman,Training,1121.65,1311.74,1693.09,2037.52,3036.18,0.0923,-0.2167,0.1968
Pemukiman_25,Pemukiman,Training,1301.53,1364.73,1699.45,2111.34,2889.77,0.1081,-0.2148,0.1557
Pemukiman_25,Pemukiman,Training,1040.52,1531.27,1463.58,2312.08,2900.01,0.2247,-0.2032,0.1128
Pemukiman_25,Pemukiman,Training,1331.74,1620.68,1397.62,2037.29,3254.63,0.1862,-0.1139,0.23
Pemukiman_25,Pemukiman,Training,1251.3,1477.69,1531.15,2498.13,3123.61,0.24,-0.2567,0.1113
Pemukiman_25,Pemukiman,Training,1078.3,1374.69,1455.57,2438.64,2967.93,0.2524,-0.279,0.0979
Pemukiman_25,Pemukiman,Training,1249.25,1352.93,1526.15,1913.46,3219.63,0.1126,-0.1716,0.2545
Pemukiman_25,Pemukiman,Training,1329.92,1308.4,1414.57,2320.5,2770.75,0.2425,-0.2789,0.0884
Pemukiman_25,Pemukiman,Training,1321.95,1309.56,1467.6,2237.27,2892.37,0.2077,-0.2616,0.1277
Pemukiman_25,Pemukiman,Training,1129.29,1435.4,1308.51,2446.36,3108.73,0.303,-0.2604,0.1192
Pemukiman_25,Pemukiman,Training,1070.7,1298.28,1719.0,2290.16,3377.36,0.1425,-0.2764,0.1918
Pemukiman_25,Pemukiman,Training,1131.73,1429.66,1651.19,2304.29,3325.46,0.1651,-0.2342,0.1814
Pemukiman_26,Pemukiman,Training,1128.27,1388.58,1526.78,2192.11,3239.69,0.1789,-0.2244,0.1929
Pemukiman_26,Pemukiman,Training,1034.6,1510.94,1463.3,2153.89,3348.79,0.1909,-0.1754,0.2171
Pemukiman_26,Pemukiman,Training,1232.8,1433.95,1458.32,2043.39,3288.25,0.1671,-0.1753,0.2335
Pemukiman_26,Pemukiman,Training,1141.09,1350.51,1715.67,2042.51,3153.85,0.087,-0.2039,0.2139
Pemukiman_26,Pemukiman,Training,1204.29,1399.73,1537.79,2113.02,2884.33,0.1576,-0.2031,0.1543
Pemukiman_26,Pemukiman,Training,1248.27,1333.19,1716.25,2166.32,2888.31,0.1159,-0.2381,0.1428
Pemukiman_26,Pemukiman,Training,1176.22,1358.91,1721.09,2144.65,3044.76,0.1096,-0.2243,0.1735
Pemukiman_26,Pemukiman,Training,1341.15,1450.83,1799.52,2388.86,2922.57,0.1407,-0.2443,0.1005
Pemukiman_26,Pemukiman,Training,1299.0,1552.53,1783.94,2348.21,3293.5,0.1366,-0.204,0.1676
Pemukiman_26,Pemukiman,Training,1169.73,1316.26,1557.73,1950.28,3368.56,0.1119,-0.1941,0.2667
Pemukiman_26,Pemukiman,Training,1171.67,1529.13,1452.22,2362.39,3001.02,0.2386,-0.2141,0.1191
Pemukiman_26,Pemukiman,Training,1071.56,1562.71,1732.88,2231.77,3106.79,0.1258,-0.1763,0.1639
Pemukiman_26,Pemukiman,Training,1243.95,1419.46,1504.93,2138.19,3492.14,0.1738,-0.202,0.2405
Pemukiman_26,Pemukiman,Training,1467.22,1556.27,1657.39,2149.34,2940.36,0.1292,-0.16,0.1554
Pemukiman_26,Pemukiman,Training,1126.77,1344.67,1858.14,2470.94,3249.26,0.1416,-0.2952,0.1361
Pemukiman_26,Pemukiman,Training,1103.94,1489.31,1571.37,1877.05,3157.42,0.0886,-0.1152,0.2543
Pemukiman_26,Pemukiman,Training,1115.81,1319.19,1569.95,2125.25,3093.15,0.1503,-0.234,0.1855
Pemukiman_26,Pemukiman,Training,1191.77,1212.42,1782.43,2052.49,2909.52,0.0704,-0.2573,0.1727
Pemukiman_26,Pemukiman,Training,1167.14,1389.17,1775.08,2240.41,3213.29,0.1159,-0.2345,0.1784
Pemukiman_26,Pemukiman,Training,1227.45,1423.15,1637.17,1910.09,3050.02,0.0769,-0.1461,0.2298
Pemukiman_26,Pemukiman,Training,1316.23,1794.23,1455.48,2263.46,2985.79,0.2173,-0.1156,0.1376
Pemukiman_26,Pemukiman,Training,1404.77,1264.62,1674.99,1988.92,3036.29,0.0857,-0.2226,0.2084
Pemukiman_26,Pemukiman,Training,1196.57,1506.97,1470.74,2299.51,3103.76,0.2198,-0.2082,0.1488
Pemukiman_26,Pemukiman,Training,1227.28,1495.83,1446.09,2321.59,2986.22,0.2324,-0.2163,0.1252
Pemukiman_26,Pemukiman,Training,1309.59,1433.46,1574.86,2111.5,3264.66,0.1456,-0.1913,0.2145
Pemukiman_26,Pemukiman,Training,1326.1,1346.71,1464.04,2304.13,2810.29,0.2229,-0.2622,0.099
Pemukiman_26,Pemukiman,Training,1069.45,1293.73,1550.15,1999.55,2712.24,0.1266,-0.2143,0.1513
Pemukiman_26,Pemukiman,Training,1086.46,1464.25,1447.41,2148.96,3489.34,0.1951,-0.1895,0.2377
Pemukiman_26,Pemukiman,Training,1195.08,1434.25,1486.48,2524.52,2991.74,0.2588,-0.2754,0.0847
Pemukiman_26,Pemukiman,Training,1177.19,1531.71,1578.19,2207.18,3043.66,0.1662,-0.1807,0.1593
Pemukiman_26,Pemukiman,Training,1172.52,1437.05,1666.35,2103.51,2946.78,0.116,-0.1882,0.167
Pemukiman_26,Pemukiman,Training,1139.09,1259.87,1409.15,2244.58,3287.72,0.2287,-0.281,0.1886
Pemukiman_26,Pemukiman,Training,1287.1,1161.8,1570.59,2034.69,3128.75,0.1287,-0.2731,0.2119
Pemukiman_26,Pemukiman,Training,1158.22,1459.19,1597.7,1915.6,2906.58,0.0905,-0.1352,0.2055
Pemukiman_26,Pemukiman,Training,1200.58,1409.01,1431.32,1969.53,3111.25,0.1583,-0.1659,0.2247
Pemukiman_26,Pemukiman,Training,1059.63,1233.14,1546.58,2126.73,2924.32,0.1579,-0.266,0.1579
Pemukiman_26,Pemukiman,Training,1129.63,1401.38,1513.58,2210.6,3023.91,0.1872,-0.224,0.1554
Pemukiman_26,Pemukiman,Training,1216.77,1487.82,1700.71,2393.23,3267.63,0.1692,-0.2333,0.1545
Pemukiman_26,Pemukiman,Training,1223.86,1356.66,1553.47,2068.33,3100.91,0.1422,-0.2078,0.1998
Pemukiman_26,Pemukiman,Training,1269.74,1327.43,1595.53,2098.4,3141.87,0.1361,-0.225,0.1991
Pemukiman_26,Pemukiman,Training,1145.06,1326.05,1518.4,2275.5,3080.65,0.1996,-0.2636,0.1503
Pemukiman_26,Pemukiman,Training,1157.16,1426.14,1550.26,2368.98,2905.23,0.2089,-0.2484,0.1017
Pemukiman_26,Pemukiman,Training,1181.3,1259.52,1558.38,1948.05,3249.26,0.1111,-0.2147,0.2504
Pemukiman_26,Pemukiman,Training,1276.65,1478.42,1603.46,2068.02,2939.93,0.1265,-0.1663,0.1741
Pemukiman_26,Pemukiman,Training,1353.02,1543.57,1614.71,2122.65,3373.72,0.1359,-0.158,0.2276
Pemukiman_26,Pemukiman,Training,1130.55,1422.88,1762.23,2074.55,3265.84,0.0814,-0.1863,0.2231
Pemukiman_26,Pemukiman,Training,1252.06,1396.05,1480.79,2091.33,3157.89,0.1709,-0.1994,0.2032
Pemukiman_26,Pemukiman,Training,1057.67,1413.07,1664.93,2347.78,2820.33,0.1702,-0.2485,0.0914
Pemukiman_26,Pemukiman,Training,1331.62,1569.54,1649.22,2044.29,3034.38,0.107,-0.1314,0.1949
Pemukiman_26,Pemukiman,Training,1195.24,1427.05,1602.64,2242.17,3081.85,0.1663,-0.2222,0.1577
Pemukiman_27,Pemukiman,Training,1226.51,1353.95,1559.42,2113.6,3483.45,0.1509,-0.2191,0.2447
Pemukiman_27,Pemukiman,Training,1346.39,1455.53,1759.04,2319.77,3136.25,0.1375,-0.2289,0.1496
Pemukiman_27,Pemukiman,Training,1049.44,1373.78,1559.8,2030.04,2802.77,0.131,-0.1928,0.1599
Pemukiman_27,Pemukiman,Training,1249.27,1432.45,1459.91,2088.12,3332.24,0.1771,-0.1862,0.2295
Pemukiman_27,Pemukiman,Training,1112.23,1417.08,1577.23,2275.95,2928.78,0.1813,-0.2326,0.1254
Pemukiman_27,Pemukiman,Training,1209.01,1416.87,1627.62,2211.86,3168.92,0.1522,-0.2191,0.1779
Pemukiman_27,Pemukiman,Training,1419.18,1656.13,1523.29,1852.26,3219.1,0.0975,-0.0559,0.2695
Pemukiman_27,Pemukiman,Training,1218.63,1506.1,1634.19,2208.79,3325.78,0.1495,-0.1892,0.2018
Pemukiman_27,Pemukiman,Training,1326.88,1261.34,1502.01,2184.16,3119.69,0.1851,-0.2678,0.1764
Pemukiman_27,Pemukiman,Training,1177.4,1443.42,1719.53,2458.41,3215.78,0.1769,-0.2601,0.1335
Pemukiman_27,Pemukiman,Training,1114.77,1385.26,1590.96,2277.2,3177.63,0.1774,-0.2435,0.1651
Pemukiman_27,Pemukiman,Training,1405.04,1353.85,1646.17,2553.21,2982.96,0.216,-0.307,0.0776
Pemukiman_27,Pemukiman,Training,1214.51,1305.51,1609.85,2082.97,3309.36,0.1281,-0.2294,0.2274
Pemukiman_27,Pemukiman,Training,1214.73,1306.46,1700.87,2226.95,3290.56,0.1339,-0.2605,0.1928
Pemukiman_27,Pemukiman,Training,1085.23,1436.88,1692.8,2136.49,2848.2,0.1159,-0.1958,0.1428
Pemukiman_27,Pemukiman,Training,1195.84,1522.81,1735.11,2135.74,2843.38,0.1035,-0.1675,0.1421
Pemukiman_27,Pemukiman,Training,1156.88,1353.15,1653.57,2184.25,2949.35,0.1383,-0.2349,0.149
Pemukiman_27,Pemukiman,Training,1310.43,1414.04,1652.25,1941.25,2615.15,0.0804,-0.1571,0.1479
Pemukiman_27,Pemukiman,Training,1056.25,1351.95,1669.16,1848.66,3418.57,0.051,-0.1552,0.2981
Pemukiman_27,Pemukiman,Training,1217.06,1536.03,1493.68,2275.58,3117.04,0.2074,-0.194,0.156
Pemukiman_27,Pemukiman,Training,1281.77,1376.62,1656.79,2365.33,2969.76,0.1762,-0.2642,0.1133
Pemukiman_27,Pemukiman,Training,1224.22,1211.21,1684.3,2493.2,2851.11,0.1936,-0.3461,0.067
Pemukiman_27,Pemukiman,Training,1190.86,1488.05,1603.77,2224.76,3021.8,0.1622,-0.1984,0.1519
Pemukiman_27,Pemukiman,Training,1157.18,1391.33,1605.0,2022.78,3086.8,0.1152,-0.185,0.2082
Pemukiman_27,Pemukiman,Training,1356.85,1358.09,1451.53,2177.29,2957.08,0.2,-0.2317,0.1519
Pemukiman_27,Pemukiman,Training,1066.17,1413.92,1514.77,2106.29,3130.69,0.1634,-0.1967,0.1956
Pemukiman_27,Pemukiman,Training,1046.68,1225.84,1680.5,1910.37,2904.66,0.064,-0.2183,0.2065
Pemukiman_27,Pemukiman,Training,1020.02,1351.39,1651.37,2216.85,3578.37,0.1462,-0.2425,0.2349
Pemukiman_27,Pemukiman,Training,1308.69,1306.88,1456.35,2606.0,3312.51,0.283,-0.332,0.1194
Pemukiman_27,Pemukiman,Training,1258.94,1407.49,1632.82,1977.69,3131.41,0.0955,-0.1684,0.2258
Pemukiman_27,Pemukiman,Training,1207.12,1309.59,1535.38,2427.28,3074.97,0.2251,-0.2991,0.1177
Pemukiman_27,Pemukiman,Training,1407.12,1225.93,1537.34,1967.91,2858.12,0.1228,-0.2323,0.1845
Pemukiman_27,Pemukiman,Training,1117.18,1431.53,1632.02,2098.11,2654.44,0.125,-0.1889,0.1171
Pemukiman_27,Pemukiman,Training,1347.77,1371.42,1466.05,2241.24,3140.89,0.2091,-0.2408,0.1672
Pemukiman_27,Pemukiman,Training,1167.73,1414.85,1461.4,2313.99,2900.63,0.2258,-0.2411,0.1125
Pemukiman_27,Pemukiman,Training,1139.44,1464.88,1744.48,2437.87,3311.16,0.1658,-0.2493,0.1519
Pemukiman_27,Pemukiman,Training,1167.59,1245.9,1768.61,2405.6,2965.6,0.1526,-0.3176,0.1043
Pemukiman_27,Pemukiman,Training,1292.12,1366.78,1780.15,2122.77,3495.73,0.0878,-0.2166,0.2444
Pemukiman_27,Pemukiman,Training,1278.61,1579.75,1544.34,2260.75,2906.14,0.1883,-0.1773,0.1249
Pemukiman_27,Pemukiman,Training,1284.4,1489.9,1887.64,2272.31,3244.82,0.0925,-0.208,0.1763
Pemukiman_27,Pemukiman,Training,1152.92,1454.14,1554.41,2217.38,3134.9,0.1758,-0.2079,0.1714
Pemukiman_27,Pemukiman,Training,1164.77,1406.29,1554.96,2143.04,3315.33,0.159,-0.2076,0.2148
Pemukiman_27,Pemukiman,Training,1217.54,1434.71,1425.12,2263.52,3206.08,0.2273,-0.2241,0.1723
Pemukiman_27,Pemukiman,Training,1160.17,1608.5,1325.29,2317.66,3242.56,0.2724,-0.1806,0.1663
Pemukiman_27,Pemukiman,Training,1254.16,1417.62,1666.08,2330.23,2954.82,0.1662,-0.2435,0.1182
Pemukiman_27,Pemukiman,Training,1229.92,1381.67,1468.75,2307.58,2987.13,0.2221,-0.251,0.1283
Pemukiman_27,Pemukiman,Training,1050.21,1346.09,1504.13,2354.27,3130.64,0.2203,-0.2725,0.1415
Pemukiman_27,Pemukiman,Training,1338.24,1333.34,1704.9,2625.94,3171.21,0.2127,-0.3265,0.0941
Pemukiman_27,Pemukiman,Training,1286.16,1469.35,1429.35,2287.87,3161.29,0.231,-0.2179,0.1603
Pemukiman_27,Pemukiman,Training,1174.03,1311.6,1683.28,2054.14,3526.73,0.0992,-0.2206,0.2639
Pemukiman_31,Pemukiman,Training,1234.83,1428.33,1487.62,2286.94,2801.98,0.2118,-0.2311,0.1012
Pemukiman_31,Pemukiman,Training,1134.58,1200.09,1787.04,2165.27,3533.38,0.0957,-0.2868,0.2401
Pemukiman_31,Pemukiman,Training,1280.29,1444.81,1529.65,2043.05,3204.59,0.1437,-0.1715,0.2213
Pemukiman_31,Pemukiman,Training,1192.85,1266.07,1417.98,2056.19,3464.19,0.1837,-0.2378,0.2551
Pemukiman_31,Pemukiman,Training,1421.33,1420.5,1617.87,2149.55,2913.1,0.1411,-0.2042,0.1508
Pemukiman_31,Pemukiman,Training,1337.52,1587.36,1492.79,2187.57,3010.03,0.1888,-0.159,0.1582
Pemukiman_31,Pemukiman,Training,1157.98,1518.59,1442.56,2269.97,3245.65,0.2229,-0.1983,0.1769
Pemukiman_31,Pemukiman,Training,1185.78,1489.31,1617.72,2382.57,2795.56,0.1912,-0.2307,0.0798
Pemukiman_31,Pemukiman,Training,1165.12,1392.82,1279.34,2037.11,2937.28,0.2285,-0.1878,0.181
Pemukiman_31,Pemukiman,Training,1294.82,1329.32,1501.83,2322.62,2776.42,0.2146,-0.272,0.089
Pemukiman_31,Pemukiman,Training,992.88,1363.84,1426.28,1988.55,3214.69,0.1647,-0.1863,0.2356
Pemukiman_31,Pemukiman,Training,1287.6,1478.89,1733.05,2386.17,2674.28,0.1586,-0.2347,0.0569
Pemukiman_31,Pemukiman,Training,1245.04,1347.04,1510.31,2284.06,2753.94,0.2039,-0.2581,0.0933
Pemukiman_31,Pemukiman,Training,1024.89,1463.36,1658.53,2220.51,2924.02,0.1449,-0.2055,0.1367
Pemukiman_31,Pemukiman,Training,1274.38,1468.03,1610.24,2023.4,3014.95,0.1137,-0.1591,0.1968
Pemukiman_31,Pemukiman,Training,1283.78,1532.72,1560.82,2162.55,3067.66,0.1616,-0.1704,0.1731
Pemukiman_31,Pemukiman,Training,1227.49,1341.89,1252.7,2378.92,3458.94,0.3101,-0.2787,0.185
Pemukiman_31,Pemukiman,Training,1138.76,1293.33,1583.55,2171.87,3299.1,0.1567,-0.2535,0.206
Pemukiman_31,Pemukiman,Training,1205.46,1320.74,1441.79,2329.85,3219.9,0.2355,-0.2764,0.1604
Pemukiman_31,Pemukiman,Training,1306.06,1303.18,1820.61,1938.45,3241.92,0.0313,-0.196,0.2516
Pemukiman_31,Pemukiman,Training,1009.04,1320.97,1787.32,2324.7,2990.76,0.1307,-0.2753,0.1253
Pemukiman_31,Pemukiman,Training,1148.12,1410.06,1661.7,2387.74,3008.75,0.1793,-0.2574,0.1151
Pemukiman_31,Pemukiman,Training,1038.82,1415.7,1545.11,2004.9,3159.53,0.1295,-0.1723,0.2236
Pemukiman_31,Pemukiman,Training,1178.69,1430.65,1492.67,2273.01,2836.58,0.2072,-0.2274,0.1103
Pemukiman_31,Pemukiman,Training,1117.23,1375.71,1809.02,2317.72,3315.44,0.1233,-0.2551,0.1771
Pemukiman_31,Pemukiman,Training,1341.71,1760.28,1604.99,2413.06,3302.53,0.2011,-0.1564,0.1556
Pemukiman_31,Pemukiman,Training,1299.6,1577.42,1549.68,2125.2,3163.95,0.1566,-0.1479,0.1964
Pemukiman_31,Pemukiman,Training,1181.73,1431.85,1787.53,2128.28,3039.06,0.087,-0.1956,0.1763
Pemukiman_31,Pemukiman,Training,1217.43,1377.17,1370.32,2112.98,3237.47,0.2132,-0.2108,0.2102
Pemukiman_31,Pemukiman,Training,1343.75,1284.54,1460.89,2204.54,2684.88,0.2029,-0.2637,0.0982
Pemukiman_31,Pemukiman,Training,1155.5,1226.4,1764.29,2084.6,3430.57,0.0832,-0.2592,0.244
Pemukiman_31,Pemukiman,Training,1311.35,1335.37,1471.36,2170.97,3079.07,0.1921,-0.2383,0.173
Pemukiman_31,Pemukiman,Training,1234.61,1322.35,1689.57,2239.8,3031.92,0.14,-0.2576,0.1503
Pemukiman_31,Pemukiman,Training,1128.8,1381.51,1501.97,2208.77,3117.09,0.1905,-0.2304,0.1705
Pemukiman_31,Pemukiman,Training,1226.17,1576.62,1584.11,2350.69,3145.92,0.1948,-0.1971,0.1447
Pemukiman_31,Pemukiman,Training,1176.18,1388.08,1592.94,2241.97,2908.14,0.1692,-0.2352,0.1294
Pemukiman_31,Pemukiman,Training,1053.47,1465.43,1707.77,2311.85,3130.99,0.1503,-0.2241,0.1505
Pemukiman_31,Pemukiman,Training,1276.72,1471.34,1694.52,2071.07,2880.61,0.1,-0.1693,0.1635
Pemukiman_31,Pemukiman,Training,1161.14,1398.26,1570.97,1918.5,3444.34,0.0996,-0.1569,0.2845
Pemukiman_31,Pemukiman,Training,1172.6,1417.27,1749.35,1848.25,2997.66,0.0275,-0.132,0.2372
Pemukiman_31,Pemukiman,Training,1161.29,1366.37,1579.18,2417.07,3234.69,0.2097,-0.2777,0.1447
Pemukiman_31,Pemukiman,Training,1295.8,1404.71,1432.08,1888.05,2794.12,0.1373,-0.1468,0.1935
Pemukiman_31,Pemukiman,Training,1235.98,1403.18,1574.78,2144.71,3502.34,0.1532,-0.209,0.2404
Pemukiman_31,Pemukiman,Training,1117.71,1492.78,1600.23,2190.86,3335.33,0.1558,-0.1895,0.2071
Pemukiman_31,Pemukiman,Training,1346.25,1376.05,1695.9,2254.58,3101.49,0.1414,-0.242,0.1581
Pemukiman_31,Pemukiman,Training,1220.43,1331.2,1563.27,2112.9,3280.28,0.1495,-0.227,0.2165
Pemukiman_31,Pemukiman,Training,1190.48,1270.23,1513.19,1720.11,3001.1,0.064,-0.1504,0.2713
Pemukiman_31,Pemukiman,Training,1203.76,1386.39,1837.62,2286.24,3206.09,0.1088,-0.245,0.1675
Pemukiman_31,Pemukiman,Training,1035.67,1363.54,1541.6,2082.09,2940.02,0.1492,-0.2085,0.1708
Pemukiman_31,Pemukiman,Training,1019.19,1272.41,1704.89,2178.56,2998.72,0.122,-0.2626,0.1584
Pemukiman_33,Pemukiman,Training,1090.08,1472.55,1705.82,2203.96,2854.5,0.1274,-0.1989,0.1286
Pemukiman_33,Pemukiman,Training,1204.38,1525.72,1809.14,2152.49,2768.03,0.0867,-0.1704,0.1251
Pemukiman_33,Pemukiman,Training,1284.04,1372.4,1713.16,2242.16,2923.31,0.1337,-0.2406,0.1319
Pemukiman_33,Pemukiman,Training,1205.82,1530.83,1582.1,2044.78,2782.27,0.1276,-0.1437,0.1528
Pemukiman_33,Pemukiman,Training,1122.78,1358.99,1698.4,2031.87,3410.75,0.0894,-0.1984,0.2533
Pemukiman_33,Pemukiman,Training,1066.28,1633.15,1807.06,2221.17,2770.46,0.1028,-0.1526,0.11
Pemukiman_33,Pemukiman,Training,1194.46,1361.32,1447.09,2243.65,2935.27,0.2158,-0.2448,0.1335
Pemukiman_33,Pemukiman,Training,1128.51,1379.63,1531.01,2511.72,2992.86,0.2426,-0.2909,0.0874
Pemukiman_33,Pemukiman,Training,1244.09,1414.55,1642.33,2264.36,3276.27,0.1592,-0.231,0.1826
Pemukiman_33,Pemukiman,Training,1226.64,1422.49,1607.02,2179.24,2917.64,0.1511,-0.2101,0.1449
Pemukiman_33,Pemukiman,Training,1193.91,1424.13,1648.26,2227.04,3053.41,0.1494,-0.2199,0.1565
Pemukiman_33,Pemukiman,Training,1194.29,1344.64,1637.59,2166.83,3136.11,0.1391,-0.2341,0.1828
Pemukiman_33,Pemukiman,Training,1300.08,1329.06,1671.6,2204.98,3504.24,0.1376,-0.2479,0.2276
Pemukiman_33,Pemukiman,Training,1178.37,1469.52,1601.84,1991.75,2995.86,0.1085,-0.1509,0.2013
Pemukiman_33,Pemukiman,Training,1288.05,1356.73,1333.57,2195.29,2881.53,0.2442,-0.2361,0.1352
Pemukiman_33,Pemukiman,Training,1213.18,1555.11,1692.33,2430.5,2987.7,0.179,-0.2196,0.1028
Pemukiman_33,Pemukiman,Training,1185.68,1295.56,1517.91,2060.97,2838.66,0.1517,-0.228,0.1587
Pemukiman_33,Pemukiman,Training,1336.59,1190.8,1764.42,2386.91,3199.96,0.15,-0.3343,0.1455
Pemukiman_33,Pemukiman,Training,1088.55,1241.78,1534.19,2293.77,3100.61,0.1984,-0.2975,0.1496
Pemukiman_33,Pemukiman,Training,1095.65,1514.82,1802.13,2166.01,3121.87,0.0917,-0.1769,0.1808
Pemukiman_33,Pemukiman,Training,1049.12,1358.56,1661.25,2253.23,2998.47,0.1512,-0.2477,0.1419
Pemukiman_33,Pemukiman,Training,1172.58,1355.28,1566.58,2263.49,2706.49,0.182,-0.251,0.0891
Pemukiman_33,Pemukiman,Training,1192.57,1435.0,1531.54,2128.1,3009.92,0.163,-0.1945,0.1716
Pemukiman_33,Pemukiman,Training,1152.1,1400.59,1615.48,1884.92,3230.58,0.077,-0.1474,0.2631
Pemukiman_33,Pemukiman,Training,1171.0,1593.3,1457.0,2069.9,3059.42,0.1738,-0.1301,0.1929
Pemukiman_33,Pemukiman,Training,1241.32,1204.92,1500.51,2288.7,2910.38,0.208,-0.3102,0.1196
Pemukiman_33,Pemukiman,Training,1337.0,1354.61,1492.08,2291.54,3421.52,0.2113,-0.257,0.1978
Pemukiman_33,Pemukiman,Training,1241.64,1526.04,1801.2,2061.72,3287.68,0.0674,-0.1493,0.2292
Pemukiman_33,Pemukiman,Training,1047.65,1442.49,1591.44,2386.44,3334.45,0.1999,-0.2465,0.1657
Pemukiman_33,Pemukiman,Training,1256.98,1429.84,1661.0,2209.27,3087.76,0.1417,-0.2142,0.1658
Pemukiman_33,Pemukiman,Training,1344.26,1556.29,1583.0,2235.65,3116.33,0.1709,-0.1792,0.1646
Pemukiman_33,Pemukiman,Training,1038.83,1366.36,1791.96,2087.53,3522.91,0.0762,-0.2088,0.2558
Pemukiman_33,Pemukiman,Training,1317.21,1440.15,1667.3,2062.42,3046.95,0.1059,-0.1777,0.1927
Pemukiman_33,Pemukiman,Training,1344.14,1338.55,1727.34,1993.44,2860.37,0.0715,-0.1965,0.1786
Pemukiman_33,Pemukiman,Training,1390.14,1398.82,1535.38,2404.41,3349.16,0.2206,-0.2644,0.1642
Pemukiman_33,Pemukiman,Training,1292.08,1343.01,1565.57,2246.74,3238.88,0.1787,-0.2518,0.1809
Pemukiman_33,Pemukiman,Training,1149.15,1417.07,1632.09,2393.02,3250.89,0.189,-0.2561,0.152
Pemukiman_33,Pemukiman,Training,1049.32,1378.64,1488.55,2285.21,3284.63,0.2111,-0.2474,0.1794
Pemukiman_33,Pemukiman,Training,1210.16,1373.19,1608.3,2231.34,2971.98,0.1623,-0.2381,0.1423
Pemukiman_33,Pemukiman,Training,1078.13,1194.99,1752.06,2274.45,3172.5,0.1297,-0.3111,0.1649
Pemukiman_33,Pemukiman,Training,1326.52,1274.45,1391.72,2257.63,3158.65,0.2373,-0.2784,0.1664
Pemukiman_33,Pemukiman,Training,1026.87,1435.95,1551.97,2078.94,3033.32,0.1451,-0.1829,0.1867
Pemukiman_33,Pemukiman,Training,955.85,1340.86,1515.48,2283.57,3068.35,0.2022,-0.2601,0.1466
Pemukiman_33,Pemukiman,Training,1263.89,1145.05,1499.31,2283.4,3038.23,0.2073,-0.332,0.1418
Pemukiman_33,Pemukiman,Training,1284.55,1219.54,1687.73,2104.13,2952.76,0.1098,-0.2661,0.1678
Pemukiman_33,Pemukiman,Training,1299.1,1516.19,1724.16,2505.8,3353.36,0.1848,-0.246,0.1447
Pemukiman_33,Pemukiman,Training,1120.46,1414.16,1556.78,2504.36,3320.97,0.2333,-0.2782,0.1402
Pemukiman_33,Pemukiman,Training,1181.11,1487.79,1452.14,2237.54,2912.42,0.2129,-0.2013,0.131
Pemukiman_33,Pemukiman,Training,1031.14,1478.45,1709.03,2268.58,3063.41,0.1407,-0.2109,0.1491
Pemukiman_33,Pemukiman,Training,1073.36,1283.87,1483.69,2164.95,3315.24,0.1867,-0.2555,0.2099
Pemukiman_34,Pemukiman,Training,1306.04,1235.14,1516.81,2091.98,2593.68,0.1594,-0.2575,0.1071
Pemukiman_34,Pemukiman,Training,1256.61,1375.38,1586.42,2401.88,3117.66,0.2045,-0.2718,0.1297
Pemukiman_34,Pemukiman,Training,1156.93,1457.21,1727.06,2244.47,3237.84,0.1303,-0.2127,0.1812
Pemukiman_34,Pemukiman,Training,1185.44,1391.81,1613.56,2087.03,2986.39,0.1279,-0.1998,0.1773
Pemukiman_34,Pemukiman,Training,1337.79,1600.8,1791.06,2001.51,2816.03,0.0555,-0.1112,0.1691
Pemukiman_34,Pemukiman,Training,1080.93,1413.44,1262.95,2111.68,3381.42,0.2515,-0.1981,0.2312
Pemukiman_34,Pemukiman,Training,1298.24,1349.09,1548.0,2285.09,3287.05,0.1923,-0.2576,0.1798
Pemukiman_34,Pemukiman,Training,1146.69,1376.56,1532.08,2000.3,3056.05,0.1326,-0.1847,0.2088
Pemukiman_34,Pemukiman,Training,1170.41,1273.94,1677.53,2272.5,3239.14,0.1506,-0.2816,0.1754
Pemukiman_34,Pemukiman,Training,1123.19,1201.64,1656.08,2100.38,2921.87,0.1183,-0.2722,0.1636
Pemukiman_34,Pemukiman,Training,1074.29,1372.47,1789.28,2124.18,2882.04,0.0856,-0.215,0.1514
Pemukiman_34,Pemukiman,Training,1265.19,1417.28,1345.68,2299.35,3525.69,0.2616,-0.2373,0.2105
Pemukiman_34,Pemukiman,Training,939.95,1276.43,1258.18,2188.7,3298.08,0.27,-0.2633,0.2022
Pemukiman_34,Pemukiman,Training,1210.55,1539.2,1699.67,2455.32,3332.04,0.1819,-0.2293,0.1515
Pemukiman_34,Pemukiman,Training,1159.71,1406.67,1495.76,2165.4,3112.37,0.1829,-0.2124,0.1794
Pemukiman_34,Pemukiman,Training,1191.51,1534.23,1560.38,2060.19,2926.08,0.138,-0.1463,0.1737
Pemukiman_34,Pemukiman,Training,1265.51,1259.69,1575.86,2399.13,3158.52,0.2071,-0.3114,0.1366
Pemukiman_34,Pemukiman,Training,1192.54,1396.41,1476.45,2071.43,3060.96,0.1677,-0.1947,0.1928
Pemukiman_34,Pemukiman,Training,1227.13,1494.82,1611.11,2402.92,3421.04,0.1973,-0.233,0.1748
Pemukiman_34,Pemukiman,Training,1279.53,1522.5,1481.11,2027.62,3203.59,0.1558,-0.1423,0.2248
Pemukiman_34,Pemukiman,Training,1065.88,1370.96,1692.54,2412.01,3049.16,0.1753,-0.2752,0.1167
Pemukiman_34,Pemukiman,Training,1135.01,1432.05,1471.17,2174.01,3098.4,0.1928,-0.2058,0.1753
Pemukiman_34,Pemukiman,Training,1197.2,1408.85,1499.86,2090.95,2950.58,0.1646,-0.1949,0.1705
Pemukiman_34,Pemukiman,Training,1037.99,1434.18,1707.36,2319.45,3047.5,0.152,-0.2358,0.1357
Pemukiman_34,Pemukiman,Training,1118.9,1474.43,1676.67,2232.61,3448.86,0.1422,-0.2045,0.2141
Pemukiman_34,Pemukiman,Training,1197.36,1374.31,1552.02,1965.87,3232.27,0.1176,-0.1771,0.2436
Pemukiman_34,Pemukiman,Training,1189.45,1450.99,1821.03,2141.39,2632.4,0.0809,-0.1922,0.1029
Pemukiman_34,Pemukiman,Training,1248.11,1416.69,1512.11,2259.59,3257.22,0.1982,-0.2293,0.1808
Pemukiman_34,Pemukiman,Training,1105.34,1369.87,1777.21,2091.76,3113.33,0.0813,-0.2085,0.1963
Pemukiman_34,Pemukiman,Training,937.56,1251.82,1618.9,2384.2,2827.59,0.1912,-0.3114,0.0851
Pemukiman_34,Pemukiman,Training,1207.46,1362.43,1714.37,2017.33,3186.02,0.0812,-0.1938,0.2246
Pemukiman_34,Pemukiman,Training,1134.63,1422.3,1608.27,2162.23,3195.56,0.1469,-0.2064,0.1929
Pemukiman_34,Pemukiman,Training,1204.37,1386.72,1557.23,2211.64,3144.41,0.1736,-0.2292,0.1742
Pemukiman_34,Pemukiman,Training,1101.09,1365.05,1473.38,2194.02,2981.53,0.1965,-0.2329,0.1522
Pemukiman_34,Pemukiman,Training,1277.08,1467.27,1489.27,2199.65,3227.7,0.1926,-0.1997,0.1894
Pemukiman_34,Pemukiman,Training,1182.47,1327.18,1468.91,2328.14,3280.54,0.2263,-0.2738,0.1698
Pemukiman_34,Pemukiman,Training,1179.21,1476.61,1244.17,2399.13,3068.61,0.317,-0.238,0.1224
Pemukiman_34,Pemukiman,Training,1214.18,1367.95,1767.48,2040.89,3394.89,0.0718,-0.1974,0.2491
Pemukiman_34,Pemukiman,Training,1239.63,1462.27,1560.5,2003.77,3286.1,0.1244,-0.1562,0.2424
Pemukiman_34,Pemukiman,Training,1231.14,1536.16,1576.75,2137.12,3377.62,0.1509,-0.1636,0.2249
Pemukiman_34,Pemukiman,Training,1391.19,1400.93,1509.67,2321.58,3049.2,0.2119,-0.2473,0.1355
Pemukiman_34,Pemukiman,Training,1259.93,1374.07,1787.68,2095.08,3196.11,0.0792,-0.2078,0.2081
Pemukiman_34,Pemukiman,Training,1151.13,1371.85,1550.55,2310.79,3283.67,0.1969,-0.255,0.1739
Pemukiman_34,Pemukiman,Training,1255.77,1389.2,1616.82,2334.66,3285.86,0.1817,-0.2539,0.1692
Pemukiman_34,Pemukiman,Training,930.97,1372.78,1573.09,2300.39,3086.65,0.1878,-0.2525,0.146
Pemukiman_34,Pemukiman,Training,1271.92,1292.13,1631.21,2335.03,2805.12,0.1775,-0.2875,0.0915
Pemukiman_34,Pemukiman,Training,1451.36,1519.09,1600.16,2075.74,3064.98,0.1294,-0.1548,0.1924
Pemukiman_34,Pemukiman,Training,1208.38,1444.07,1780.08,2128.59,3212.54,0.0892,-0.1916,0.2029
Pemukiman_34,Pemukiman,Training,1070.76,1358.64,1645.21,2303.69,2949.35,0.1668,-0.258,0.1229
Pemukiman_34,Pemukiman,Training,1155.92,1546.06,1739.43,2231.27,2652.67,0.1239,-0.1814,0.0863
Pemukiman_35,Pemukiman,Training,1451.11,1398.01,1562.49,2121.65,3175.27,0.1518,-0.2056,0.1989
Pemukiman_35,Pemukiman,Training,1238.66,1495.06,1488.87,2153.13,3506.11,0.1824,-0.1804,0.2391
Pemukiman_35,Pemukiman,Training,1222.46,1382.75,1487.01,2275.89,3306.2,0.2096,-0.2441,0.1846
Pemukiman_35,Pemukiman,Training,1287.46,1374.12,1643.35,2450.75,3314.18,0.1972,-0.2815,0.1498
Pemukiman_35,Pemukiman,Training,1121.58,1145.4,1635.61,2319.79,2882.16,0.173,-0.3389,0.1081
Pemukiman_35,Pemukiman,Training,1199.12,1373.63,1612.51,2118.3,3358.1,0.1356,-0.2133,0.2264
Pemukiman_35,Pemukiman,Training,1214.8,1312.1,1710.1,2010.37,3356.9,0.0807,-0.2102,0.2509
Pemukiman_35,Pemukiman,Training,1299.11,1538.98,1581.01,2125.58,3116.8,0.1469,-0.1601,0.1891
Pemukiman_35,Pemukiman,Training,1191.56,1334.73,1533.57,2145.04,2866.0,0.1662,-0.2329,0.1439
Pemukiman_35,Pemukiman,Training,1267.8,1394.77,1562.99,2033.45,2867.93,0.1308,-0.1863,0.1703
Pemukiman_35,Pemukiman,Training,1393.59,1337.27,1673.26,2224.4,2544.96,0.1414,-0.2491,0.0672
Pemukiman_35,Pemukiman,Training,1379.25,1468.41,1507.88,2195.75,2870.16,0.1857,-0.1985,0.1331
Pemukiman_35,Pemukiman,Training,1382.62,1309.23,1537.23,2090.57,3116.08,0.1525,-0.2298,0.197
Pemukiman_35,Pemukiman,Training,1337.03,1578.94,1552.12,2256.74,3116.38,0.185,-0.1767,0.16
Pemukiman_35,Pemukiman,Training,1101.84,1642.26,1763.53,2228.37,3416.38,0.1164,-0.1514,0.2105
Pemukiman_35,Pemukiman,Training,1321.21,1408.19,1639.12,2426.82,2910.77,0.1937,-0.2656,0.0907
Pemukiman_35,Pemukiman,Training,1367.37,1377.49,1782.96,2199.22,3167.52,0.1045,-0.2297,0.1804
Pemukiman_35,Pemukiman,Training,1196.57,1346.82,1567.59,2406.87,2637.17,0.2112,-0.2824,0.0457
Pemukiman_35,Pemukiman,Training,1076.1,1327.45,1470.6,2426.5,3351.54,0.2453,-0.2928,0.1601
Pemukiman_35,Pemukiman,Training,1259.2,1336.22,1760.21,1961.78,3528.4,0.0542,-0.1897,0.2853
Pemukiman_35,Pemukiman,Training,1131.54,1373.8,1548.48,2039.03,3485.02,0.1367,-0.1949,0.2618
Pemukiman_35,Pemukiman,Training,1278.89,1521.55,1453.16,2227.14,3204.21,0.2103,-0.1882,0.1799
Pemukiman_35,Pemukiman,Training,1227.08,1283.96,1729.06,2218.23,2909.01,0.1239,-0.2668,0.1347
Pemukiman_35,Pemukiman,Training,1014.47,1460.67,1894.05,2047.71,3134.09,0.039,-0.1673,0.2097
Pemukiman_35,Pemukiman,Training,1311.05,1273.03,1542.41,2070.98,3296.94,0.1463,-0.2386,0.2284
Pemukiman_35,Pemukiman,Training,1332.55,1415.9,1498.99,2133.58,2973.9,0.1747,-0.2022,0.1645
Pemukiman_35,Pemukiman,Training,1102.27,1389.8,1668.98,2273.54,3098.35,0.1533,-0.2412,0.1535
Pemukiman_35,Pemukiman,Training,1205.71,1391.84,1444.33,2224.02,2983.27,0.2125,-0.2301,0.1458
Pemukiman_35,Pemukiman,Training,1065.27,1437.07,1526.59,2234.16,3269.53,0.1881,-0.2171,0.1881
Pemukiman_35,Pemukiman,Training,1104.98,1409.21,1382.75,2429.88,2828.19,0.2746,-0.2659,0.0758
Pemukiman_35,Pemukiman,Training,1148.52,1533.84,1571.86,2020.39,3242.61,0.1249,-0.1369,0.2322
Pemukiman_35,Pemukiman,Training,1269.05,1336.68,1537.01,2134.69,3058.6,0.1628,-0.2299,0.1779
Pemukiman_35,Pemukiman,Training,1010.7,1381.86,1814.07,2065.6,2983.3,0.0648,-0.1983,0.1818
Pemukiman_35,Pemukiman,Training,1081.64,1461.22,1744.38,2377.05,2850.4,0.1535,-0.2386,0.0906
Pemukiman_35,Pemukiman,Training,1249.98,1543.38,1661.16,2271.76,3005.67,0.1553,-0.1909,0.1391
Pemukiman_35,Pemukiman,Training,1222.01,1523.63,1639.39,2012.76,3008.79,0.1022,-0.1383,0.1984
Pemukiman_35,Pemukiman,Training,1320.93,1432.47,1614.29,2116.9,3337.72,0.1347,-0.1928,0.2238
Pemukiman_35,Pemukiman,Training,1366.24,1526.32,1773.11,2146.19,2999.97,0.0952,-0.1688,0.1659
Pemukiman_35,Pemukiman,Training,1184.37,1403.86,1771.72,2374.88,3207.69,0.1455,-0.257,0.1492
Pemukiman_35,Pemukiman,Training,1056.88,1231.2,1628.86,2332.04,3084.09,0.1775,-0.3089,0.1389
Pemukiman_35,Pemukiman,Training,1391.49,1291.76,1455.0,2100.36,2959.54,0.1815,-0.2384,0.1698
Pemukiman_35,Pemukiman,Training,1252.63,1357.83,1414.26,2333.74,2748.01,0.2453,-0.2644,0.0815
Pemukiman_35,Pemukiman,Training,1092.88,1237.73,1624.85,2227.91,3483.29,0.1565,-0.2857,0.2198
Pemukiman_35,Pemukiman,Training,1291.38,1544.16,1634.63,2053.46,3125.62,0.1136,-0.1416,0.207
Pemukiman_35,Pemukiman,Training,1259.24,1470.38,1543.31,2273.32,2913.39,0.1913,-0.2145,0.1234
Pemukiman_35,Pemukiman,Training,1095.67,1288.42,1602.96,2023.32,3015.05,0.1159,-0.2219,0.1968
Pemukiman_35,Pemukiman,Training,1290.29,1297.09,1539.48,2210.74,3149.38,0.179,-0.2605,0.1751
Pemukiman_35,Pemukiman,Training,1150.07,1478.69,1670.85,2370.98,3083.68,0.1732,-0.2318,0.1307
Pemukiman_35,Pemukiman,Training,1148.72,1331.74,1636.84,2143.43,2986.17,0.134,-0.2336,0.1643
Pemukiman_35,Pemukiman,Training,1155.17,1331.63,1623.88,1988.11,3160.6,0.1008,-0.1978,0.2277
Pemukiman_37,Pemukiman,Training,1303.88,1506.89,1634.77,2078.96,3090.8,0.1196,-0.1595,0.1957
Pemukiman_37,Pemukiman,Training,1261.13,1423.46,1672.13,2351.84,2970.31,0.1689,-0.2459,0.1162
Pemukiman_37,Pemukiman,Training,1084.49,1396.25,1560.43,2317.88,2885.1,0.1953,-0.2481,0.109
Pemukiman_37,Pemukiman,Training,1302.04,1535.36,1600.04,2209.11,2946.49,0.1599,-0.1799,0.143
Pemukiman_37,Pemukiman,Training,1145.73,1359.17,1773.15,2189.22,2835.57,0.105,-0.2339,0.1286
Pemukiman_37,Pemukiman,Training,1225.54,1482.63,1596.95,2420.38,3255.5,0.205,-0.2403,0.1471
Pemukiman_37,Pemukiman,Training,1095.09,1344.86,1627.15,1950.07,3167.27,0.0903,-0.1837,0.2379
Pemukiman_37,Pemukiman,Training,1023.84,1502.34,1708.87,2275.72,2964.82,0.1423,-0.2047,0.1315
Pemukiman_37,Pemukiman,Training,1217.02,1348.66,1476.3,2149.19,3239.65,0.1856,-0.2289,0.2024
Pemukiman_37,Pemukiman,Training,1204.38,1545.07,1691.89,2298.8,2778.21,0.1521,-0.1961,0.0944
Pemukiman_37,Pemukiman,Training,1171.48,1293.56,1578.04,2096.01,3024.48,0.141,-0.2367,0.1813
Pemukiman_37,Pemukiman,Training,1306.12,1447.52,1720.85,1959.9,3111.59,0.0649,-0.1504,0.2271
Pemukiman_37,Pemukiman,Training,1296.67,1550.63,1414.23,2147.28,3306.85,0.2058,-0.1613,0.2126
Pemukiman_37,Pemukiman,Training,1180.77,1308.96,1414.0,2057.69,2762.22,0.1854,-0.2224,0.1462
Pemukiman_37,Pemukiman,Training,1205.85,1489.63,1448.68,2238.66,3269.05,0.2142,-0.2009,0.1871
Pemukiman_37,Pemukiman,Training,1199.73,1238.93,1646.35,2191.8,3068.7,0.1421,-0.2777,0.1667
Pemukiman_37,Pemukiman,Training,1145.32,1408.68,1661.18,2558.6,3122.47,0.2127,-0.2899,0.0993
Pemukiman_37,Pemukiman,Training,1351.11,1435.78,1588.06,2222.28,2855.65,0.1664,-0.215,0.1247
Pemukiman_37,Pemukiman,Training,1230.59,1200.79,1496.48,2216.48,3338.8,0.1939,-0.2972,0.202
Pemukiman_37,Pemukiman,Training,1343.06,1376.35,1618.69,2347.65,2834.1,0.1838,-0.2608,0.0939
Pemukiman_37,Pemukiman,Training,1240.47,1317.21,1579.38,2131.15,3187.07,0.1487,-0.236,0.1985
Pemukiman_37,Pemukiman,Training,1255.03,1489.11,1641.78,2225.75,3470.8,0.151,-0.1983,0.2186
Pemukiman_37,Pemukiman,Training,1047.56,1569.56,1565.22,2285.63,3034.87,0.1871,-0.1857,0.1408
Pemukiman_37,Pemukiman,Training,1129.75,1448.46,1725.06,2270.95,2991.58,0.1366,-0.2211,0.1369
Pemukiman_37,Pemukiman,Training,1561.14,1519.86,1712.0,2147.06,2974.97,0.1127,-0.171,0.1616
Pemukiman_37,Pemukiman,Training,1172.02,1508.14,1481.13,2039.77,3207.91,0.1587,-0.1498,0.2226
Pemukiman_37,Pemukiman,Training,1231.92,1322.97,1469.06,2415.68,3171.4,0.2437,-0.2923,0.1353
Pemukiman_37,Pemukiman,Training,1063.65,1270.64,1556.62,2309.93,3219.0,0.1948,-0.2903,0.1644
Pemukiman_37,Pemukiman,Training,1313.17,1250.97,1626.86,2413.89,3366.56,0.1948,-0.3173,0.1648
Pemukiman_37,Pemukiman,Training,1235.89,1634.8,1673.11,2356.41,3108.89,0.1696,-0.1808,0.1377
Pemukiman_37,Pemukiman,Training,1121.9,1312.48,1621.79,2168.27,2746.28,0.1442,-0.2459,0.1176
Pemukiman_37,Pemukiman,Training,1097.42,1368.16,1687.27,2197.59,3085.59,0.1314,-0.2326,0.1681
Pemukiman_37,Pemukiman,Training,1101.31,1402.32,1758.29,2223.34,2798.54,0.1168,-0.2264,0.1145
Pemukiman_37,Pemukiman,Training,1074.85,1458.88,1573.08,2188.81,2977.45,0.1637,-0.2001,0.1527
Pemukiman_37,Pemukiman,Training,1250.34,1369.91,1577.61,2072.32,3284.34,0.1355,-0.2041,0.2263
Pemukiman_37,Pemukiman,Training,1177.89,1460.79,1456.77,2460.08,3355.47,0.2562,-0.2549,0.154
Pemukiman_37,Pemukiman,Training,1009.02,1319.81,1657.32,2002.04,3073.68,0.0942,-0.2054,0.2111
Pemukiman_37,Pemukiman,Training,1242.66,1381.53,1664.66,2096.0,2651.16,0.1147,-0.2055,0.1169
Pemukiman_37,Pemukiman,Training,1298.21,1497.58,1900.44,1868.92,3250.17,-0.0084,-0.1103,0.2698
Pemukiman_37,Pemukiman,Training,1003.13,1575.65,1658.54,2057.21,3256.04,0.1073,-0.1326,0.2256
Pemukiman_37,Pemukiman,Training,1144.7,1430.04,1624.72,2461.63,3462.99,0.2048,-0.2651,0.169
Pemukiman_37,Pemukiman,Training,1140.27,1505.81,1642.58,1988.1,2960.75,0.0952,-0.138,0.1965
Pemukiman_37,Pemukiman,Training,1433.61,1435.79,1719.97,2168.19,2992.01,0.1153,-0.2032,0.1596
Pemukiman_37,Pemukiman,Training,1202.73,1373.39,1420.81,2049.5,3241.58,0.1812,-0.1975,0.2253
Pemukiman_37,Pemukiman,Training,1161.93,1402.57,1628.19,2246.96,3329.32,0.1597,-0.2314,0.1941
Pemukiman_37,Pemukiman,Training,1090.13,1457.03,1690.6,2347.88,2817.42,0.1628,-0.2341,0.0909
Pemukiman_37,Pemukiman,Training,1225.48,1571.61,1588.11,2272.52,3256.08,0.1773,-0.1823,0.1779
Pemukiman_37,Pemukiman,Training,1097.45,1583.38,1659.94,2277.93,2767.59,0.1569,-0.1799,0.0971
Pemukiman_37,Pemukiman,Training,1279.45,1450.64,1794.9,2153.31,2902.47,0.0908,-0.195,0.1482
Pemukiman_37,Pemukiman,Training,1131.78,1349.5,1465.74,2393.52,3365.54,0.2404,-0.2789,0.1688
Pemukiman_38,Pemukiman,Training,1180.42,1360.72,1382.14,2304.39,3430.69,0.2502,-0.2575,0.1964
Pemukiman_38,Pemukiman,Training,1136.28,1388.32,1652.11,2458.66,3139.96,0.1962,-0.2782,0.1217
Pemukiman_38,Pemukiman,Training,1219.54,1417.93,1429.0,1982.98,2938.4,0.1624,-0.1661,0.1941
Pemukiman_38,Pemukiman,Training,1301.29,1366.46,1536.45,2117.92,3072.47,0.1591,-0.2157,0.1839
Pemukiman_38,Pemukiman,Training,1370.21,1384.88,1505.64,2203.79,3451.02,0.1882,-0.2282,0.2206
Pemukiman_38,Pemukiman,Training,1149.72,1281.9,1539.88,2219.31,3237.65,0.1807,-0.2677,0.1866
Pemukiman_38,Pemukiman,Training,1300.69,1295.43,1485.9,2151.51,3236.9,0.183,-0.2484,0.2014
Pemukiman_38,Pemukiman,Training,1074.0,1339.27,1528.87,2341.26,3205.65,0.2099,-0.2722,0.1558
Pemukiman_38,Pemukiman,Training,1290.37,1533.87,1563.32,2021.89,2863.81,0.1279,-0.1372,0.1723
Pemukiman_38,Pemukiman,Training,1016.19,1354.12,1553.89,2318.13,3103.38,0.1974,-0.2625,0.1448
Pemukiman_38,Pemukiman,Training,1150.97,1388.4,1475.32,2353.81,2942.82,0.2294,-0.258,0.1112
Pemukiman_38,Pemukiman,Training,1086.01,1481.79,1668.9,1941.45,3271.0,0.0755,-0.1343,0.2551
Pemukiman_38,Pemukiman,Training,1125.84,1362.59,1622.44,2287.99,3189.1,0.1702,-0.2535,0.1645
Pemukiman_38,Pemukiman,Training,1195.02,1357.54,1649.47,2182.24,3461.07,0.139,-0.233,0.2266
Pemukiman_38,Pemukiman,Training,1258.64,1307.66,1542.69,2207.23,3359.89,0.1772,-0.2559,0.207
Pemukiman_38,Pemukiman,Training,1341.11,1360.39,1487.96,2040.78,3150.49,0.1567,-0.2,0.2138
Pemukiman_38,Pemukiman,Training,1430.38,1453.91,1408.73,2091.1,2975.22,0.195,-0.1797,0.1745
Pemukiman_38,Pemukiman,Training,1117.8,1361.21,1644.33,2302.3,3318.35,0.1667,-0.2569,0.1808
Pemukiman_38,Pemukiman,Training,1252.42,1204.58,1473.12,2176.29,3129.46,0.1927,-0.2874,0.1796
Pemukiman_38,Pemukiman,Training,1286.14,1404.32,1606.08,2235.67,3049.0,0.1639,-0.2284,0.1539
Pemukiman_38,Pemukiman,Training,1208.69,1512.58,1589.93,2195.47,3093.28,0.16,-0.1842,0.1698
Pemukiman_38,Pemukiman,Training,1329.78,1289.19,1813.1,2023.54,2969.16,0.0549,-0.2217,0.1894
Pemukiman_38,Pemukiman,Training,1274.47,1503.03,1431.58,2036.09,3155.57,0.1743,-0.1506,0.2156
Pemukiman_38,Pemukiman,Training,1434.44,1524.63,1570.23,1837.13,3116.33,0.0783,-0.093,0.2582
Pemukiman_38,Pemukiman,Training,1236.23,1361.73,1497.91,2223.87,2911.55,0.1951,-0.2404,0.1339
Pemukiman_38,Pemukiman,Training,1387.24,1551.67,1678.95,2213.46,2967.97,0.1373,-0.1758,0.1456
Pemukiman_38,Pemukiman,Training,1197.92,1563.93,1704.24,2230.55,3284.79,0.1338,-0.1757,0.1911
Pemukiman_38,Pemukiman,Training,1254.56,1439.63,1717.67,2277.55,3271.71,0.1401,-0.2254,0.1792
Pemukiman_38,Pemukiman,Training,1216.14,1374.59,1534.22,2099.9,2778.97,0.1557,-0.2088,0.1392
Pemukiman_38,Pemukiman,Training,1108.81,1305.91,1539.12,2434.34,3068.49,0.2253,-0.3017,0.1152
Pemukiman_38,Pemukiman,Training,1224.18,1427.33,1790.51,2113.66,3055.5,0.0828,-0.1938,0.1822
Pemukiman_38,Pemukiman,Training,1189.38,1513.65,1761.29,2271.19,3346.58,0.1264,-0.2001,0.1914
Pemukiman_38,Pemukiman,Training,1217.77,1382.74,1741.45,2273.14,2952.89,0.1324,-0.2436,0.1301
Pemukiman_38,Pemukiman,Training,1299.74,1379.15,1560.3,2333.95,3082.23,0.1987,-0.2571,0.1382
Pemukiman_38,Pemukiman,Training,1238.9,1466.19,1506.05,2257.73,3369.89,0.1997,-0.2126,0.1976
Pemukiman_38,Pemukiman,Training,1104.35,1444.99,1500.46,2353.21,3302.38,0.2213,-0.2391,0.1678
Pemukiman_38,Pemukiman,Training,1164.57,1620.96,1732.8,2306.04,3230.12,0.1419,-0.1745,0.1669
Pemukiman_38,Pemukiman,Training,1298.39,1300.44,1623.35,2257.48,3019.97,0.1634,-0.269,0.1445
Pemukiman_38,Pemukiman,Training,1246.48,1523.17,1549.39,2191.84,2935.88,0.1717,-0.18,0.1451
Pemukiman_38,Pemukiman,Training,1021.3,1477.89,1596.91,2207.14,2902.65,0.1604,-0.1979,0.1361
Pemukiman_38,Pemukiman,Training,1181.45,1509.66,1600.1,2204.38,3141.51,0.1588,-0.1871,0.1753
Pemukiman_38,Pemukiman,Training,1076.36,1462.49,1449.38,2059.06,2890.16,0.1738,-0.1694,0.1679
Pemukiman_38,Pemukiman,Training,1182.48,1364.75,1599.85,2064.21,3301.1,0.1267,-0.204,0.2305
Pemukiman_38,Pemukiman,Training,1283.4,1382.62,1542.6,2113.1,3037.97,0.1561,-0.209,0.1796
Pemukiman_38,Pemukiman,Training,1059.98,1304.04,1703.21,2245.27,3426.85,0.1373,-0.2652,0.2083
Pemukiman_38,Pemukiman,Training,1170.08,1363.85,1551.05,2152.13,2968.01,0.1623,-0.2242,0.1593
Pemukiman_38,Pemukiman,Training,1227.1,1402.91,1538.81,2387.67,3479.32,0.2162,-0.2598,0.1861
Pemukiman_38,Pemukiman,Training,1316.66,1455.81,1691.41,2478.46,3252.06,0.1887,-0.2599,0.135
Pemukiman_38,Pemukiman,Training,1141.48,1439.23,1675.15,2050.79,3043.01,0.1008,-0.1752,0.1948
Pemukiman_38,Pemukiman,Training,1310.04,1217.65,1449.95,2173.54,3170.74,0.1997,-0.2819,0.1866
Pemukiman_40,Pemukiman,Training,1220.19,1255.25,1359.74,2131.1,3073.19,0.221,-0.2586,0.181
Pemukiman_40,Pemukiman,Training,1209.44,1338.53,1752.87,1975.73,2872.35,0.0598,-0.1923,0.1849
Pemukiman_40,Pemukiman,Training,1248.66,1283.84,1455.96,2218.5,2889.3,0.2075,-0.2669,0.1313
Pemukiman_40,Pemukiman,Training,1186.69,1330.01,1496.6,1884.65,3127.91,0.1148,-0.1725,0.248
Pemukiman_40,Pemukiman,Training,1075.28,1383.18,1538.55,2169.02,3070.06,0.1701,-0.2212,0.172
Pemukiman_40,Pemukiman,Training,1219.36,1327.22,1749.12,1922.89,3054.68,0.0473,-0.1833,0.2274
Pemukiman_40,Pemukiman,Training,1283.62,1447.68,1483.02,2078.76,2898.64,0.1673,-0.179,0.1647
Pemukiman_40,Pemukiman,Training,1259.92,1326.01,1630.61,2239.65,3573.68,0.1574,-0.2562,0.2295
Pemukiman_40,Pemukiman,Training,1231.33,1318.89,1424.78,2158.62,3076.18,0.2048,-0.2415,0.1753
Pemukiman_40,Pemukiman,Training,978.93,1328.61,1635.68,2120.15,3293.72,0.129,-0.2295,0.2168
Pemukiman_40,Pemukiman,Training,1044.16,1467.69,1709.67,2343.47,2786.83,0.1564,-0.2298,0.0864
Pemukiman_40,Pemukiman,Training,1231.46,1333.12,1431.26,2137.92,2919.0,0.198,-0.2319,0.1545
Pemukiman_40,Pemukiman,Training,1292.08,1451.31,1461.71,2091.37,3023.86,0.1772,-0.1807,0.1823
Pemukiman_40,Pemukiman,Training,1192.76,1500.64,1682.89,2207.71,3047.87,0.1349,-0.1907,0.1599
Pemukiman_40,Pemukiman,Training,1022.66,1529.2,1546.35,2433.23,3139.22,0.2229,-0.2281,0.1267
Pemukiman_40,Pemukiman,Training,1402.53,1460.63,1428.16,2107.84,3066.17,0.1922,-0.1814,0.1852
Pemukiman_40,Pemukiman,Training,1112.62,1362.29,1435.97,2200.86,3147.48,0.2103,-0.2353,0.177
Pemukiman_40,Pemukiman,Training,1099.59,1594.03,1607.62,2077.49,2774.09,0.1275,-0.1317,0.1436
Pemukiman_40,Pemukiman,Training,1205.99,1373.95,1693.96,2178.49,2861.26,0.1251,-0.2265,0.1355
Pemukiman_40,Pemukiman,Training,1367.07,1443.56,1569.51,2224.7,3194.81,0.1727,-0.2129,0.179
Pemukiman_40,Pemukiman,Training,1057.11,1415.77,1545.99,2276.09,2951.96,0.191,-0.233,0.1293
Pemukiman_40,Pemukiman,Training,1139.53,1566.29,1747.71,1705.67,3331.35,-0.0122,-0.0426,0.3227
Pemukiman_40,Pemukiman,Training,1192.63,1329.18,1479.14,2057.63,2964.01,0.1636,-0.2151,0.1805
Pemukiman_40,Pemukiman,Training,1087.29,1264.54,1475.15,2248.51,3110.02,0.2077,-0.2801,0.1608
Pemukiman_40,Pemukiman,Training,1255.59,1393.36,1443.2,2274.17,2899.06,0.2235,-0.2402,0.1208
Pemukiman_40,Pemukiman,Training,1264.66,1283.41,1517.5,2145.79,3234.88,0.1715,-0.2515,0.2024
Pemukiman_40,Pemukiman,Training,1217.6,1402.0,1826.28,1924.45,2892.32,0.0262,-0.1571,0.2009
Pemukiman_40,Pemukiman,Training,1091.88,1222.93,1513.66,2303.17,2981.67,0.2068,-0.3064,0.1284
Pemukiman_40,Pemukiman,Training,1166.7,1227.74,1504.42,2130.75,3228.48,0.1723,-0.2689,0.2048
Pemukiman_40,Pemukiman,Training,1032.51,1354.5,1730.42,2133.24,2676.89,0.1043,-0.2233,0.113
Pemukiman_40,Pemukiman,Training,1327.92,1473.49,1704.33,1938.43,3402.49,0.0643,-0.1363,0.2741
Pemukiman_40,Pemukiman,Training,1122.67,1349.06,1515.67,2342.04,3064.04,0.2142,-0.269,0.1336
Pemukiman_40,Pemukiman,Training,1248.17,1407.59,1588.59,2057.98,3462.43,0.1287,-0.1877,0.2544
Pemukiman_40,Pemukiman,Training,1053.66,1441.23,1645.2,2373.15,3377.62,0.1812,-0.2443,0.1747
Pemukiman_40,Pemukiman,Training,1186.26,1453.04,1811.78,2190.22,2886.71,0.0946,-0.2023,0.1372
Pemukiman_40,Pemukiman,Training,1161.55,1269.54,1644.62,2359.67,3075.79,0.1786,-0.3004,0.1318
Pemukiman_40,Pemukiman,Training,1037.9,1502.17,1386.84,1968.11,3064.33,0.1733,-0.1343,0.2178
Pemukiman_40,Pemukiman,Training,1225.18,1442.22,1592.06,2464.01,3113.03,0.215,-0.2616,0.1164
Pemukiman_40,Pemukiman,Training,1303.47,1478.7,1444.86,2174.54,3524.66,0.2016,-0.1905,0.2369
Pemukiman_40,Pemukiman,Training,1149.56,1332.54,1620.47,2129.72,2941.26,0.1358,-0.2302,0.16
Pemukiman_40,Pemukiman,Training,1151.67,1543.2,1583.61,2000.79,2797.65,0.1164,-0.1291,0.1661
Pemukiman_40,Pemukiman,Training,1420.68,1377.67,1652.15,2084.29,3164.2,0.1157,-0.2041,0.2058
Pemukiman_40,Pemukiman,Training,1345.93,1334.77,1655.03,1989.14,3504.57,0.0917,-0.1969,0.2758
Pemukiman_40,Pemukiman,Training,1226.85,1358.72,1564.26,2123.49,3008.22,0.1516,-0.2196,0.1724
Pemukiman_40,Pemukiman,Training,955.25,1390.2,1583.21,2273.3,2995.37,0.1789,-0.2411,0.1371
Pemukiman_40,Pemukiman,Training,1122.9,1399.22,1406.52,2221.51,2727.64,0.2246,-0.2271,0.1023
Pemukiman_40,Pemukiman,Training,1312.08,1468.43,1488.86,2299.17,3122.3,0.2139,-0.2205,0.1518
Pemukiman_40,Pemukiman,Training,1099.1,1197.71,1637.97,2080.86,3318.99,0.1191,-0.2694,0.2293
Pemukiman_40,Pemukiman,Training,1201.4,1330.04,1815.74,2286.47,2368.98,0.1147,-0.2645,0.0177
Pemukiman_40,Pemukiman,Training,1151.36,1261.59,1504.02,2178.29,3170.81,0.1831,-0.2665,0.1855
Pemukiman_41,Pemukiman,Training,1226.14,1507.79,1676.39,2286.21,3140.3,0.1539,-0.2052,0.1574
Pemukiman_41,Pemukiman,Training,1328.68,1368.37,1565.16,1914.16,3311.23,0.1003,-0.1663,0.2674
Pemukiman_41,Pemukiman,Training,1192.31,1693.36,1551.34,2213.29,3209.3,0.1758,-0.1331,0.1837
Pemukiman_41,Pemukiman,Training,1089.81,1435.85,1604.16,2154.45,3334.52,0.1464,-0.2001,0.215
Pemukiman_41,Pemukiman,Training,1109.63,1427.49,1774.56,2094.01,3040.62,0.0826,-0.1893,0.1844
Pemukiman_41,Pemukiman,Training,1434.53,1447.44,1539.26,2320.39,2986.38,0.2024,-0.2317,0.1255
Pemukiman_41,Pemukiman,Training,1043.51,1537.24,1467.63,2567.76,3002.13,0.2726,-0.251,0.078
Pemukiman_41,Pemukiman,Training,1413.33,1263.13,1723.06,2274.96,3267.55,0.138,-0.286,0.1791
Pemukiman_41,Pemukiman,Training,1296.8,1350.23,1442.94,2192.36,3144.61,0.2062,-0.2377,0.1784
Pemukiman_41,Pemukiman,Training,1152.82,1427.76,1639.56,2063.5,3178.99,0.1145,-0.1821,0.2128
Pemukiman_41,Pemukiman,Training,1173.28,1330.0,1694.49,2083.45,3008.67,0.103,-0.2207,0.1817
Pemukiman_41,Pemukiman,Training,1207.21,1537.43,1623.13,2279.24,3040.47,0.1681,-0.1944,0.1431
Pemukiman_41,Pemukiman,Training,1192.15,1395.11,1635.2,2155.6,3368.0,0.1373,-0.2142,0.2195
Pemukiman_41,Pemukiman,Training,1162.68,1229.28,1929.14,2150.89,3362.63,0.0544,-0.2727,0.2198
Pemukiman_41,Pemukiman,Training,1340.48,1494.52,1576.24,2243.0,2845.1,0.1746,-0.2003,0.1183
Pemukiman_41,Pemukiman,Training,1399.01,1314.82,1569.53,2214.85,3078.51,0.1705,-0.255,0.1632
Pemukiman_41,Pemukiman,Training,1134.31,1539.43,1714.03,2248.31,3020.09,0.1348,-0.1871,0.1465
Pemukiman_41,Pemukiman,Training,1306.43,1353.55,1788.45,2216.68,3345.96,0.1069,-0.2418,0.203
Pemukiman_41,Pemukiman,Training,1188.62,1407.15,1747.05,2529.09,3412.07,0.1829,-0.285,0.1486
Pemukiman_41,Pemukiman,Training,1287.71,1458.93,1539.17,2244.28,2917.39,0.1864,-0.2121,0.1304
Pemukiman_41,Pemukiman,Training,1237.58,1444.01,1364.7,2205.81,3182.97,0.2356,-0.2087,0.1813
Pemukiman_41,Pemukiman,Training,1191.63,1435.8,1438.99,2083.62,3306.99,0.183,-0.1841,0.2269
Pemukiman_41,Pemukiman,Training,1200.06,1433.99,1534.42,2202.92,2639.6,0.1789,-0.2114,0.0902
Pemukiman_41,Pemukiman,Training,1284.6,1580.79,1472.2,2058.95,3188.18,0.1662,-0.1314,0.2152
Pemukiman_41,Pemukiman,Training,1347.39,1399.79,1452.48,2168.71,2894.01,0.1978,-0.2155,0.1433
Pemukiman_41,Pemukiman,Training,1133.12,1369.6,1488.48,2083.31,3114.91,0.1665,-0.2067,0.1985
Pemukiman_41,Pemukiman,Training,1221.5,1257.6,1647.57,2142.71,3244.05,0.1306,-0.2603,0.2045
Pemukiman_41,Pemukiman,Training,1278.05,1345.55,1673.7,2074.46,3364.75,0.1069,-0.2131,0.2372
Pemukiman_41,Pemukiman,Training,1120.09,1435.27,1577.49,2047.47,3280.18,0.1297,-0.1758,0.2314
Pemukiman_41,Pemukiman,Training,1138.59,1229.99,1254.16,2068.74,3375.18,0.2451,-0.2543,0.24
Pemukiman_41,Pemukiman,Training,1325.77,1328.14,1555.07,2130.26,2833.31,0.1561,-0.2319,0.1416
Pemukiman_41,Pemukiman,Training,1105.12,1498.11,1660.47,2240.96,2832.97,0.1488,-0.1987,0.1167
Pemukiman_41,Pemukiman,Training,1210.07,1169.62,1701.14,2238.79,2830.95,0.1365,-0.3137,0.1168
Pemukiman_41,Pemukiman,Training,1361.64,1220.38,1663.64,2283.28,2852.07,0.157,-0.3034,0.1108
Pemukiman_41,Pemukiman,Training,1196.21,1236.32,1258.44,2039.82,2976.68,0.2369,-0.2453,0.1868
Pemukiman_41,Pemukiman,Training,1264.43,1406.74,1611.23,2047.84,2994.0,0.1193,-0.1856,0.1877
Pemukiman_41,Pemukiman,Training,1107.01,1277.5,1528.76,2211.18,2985.47,0.1825,-0.2676,0.149
Pemukiman_41,Pemukiman,Training,1167.65,1469.49,1539.91,1999.91,3212.69,0.1299,-0.1529,0.2327
Pemukiman_41,Pemukiman,Training,1226.58,1432.87,1675.1,2268.5,3105.75,0.1505,-0.2258,0.1558
Pemukiman_41,Pemukiman,Training,1439.15,1271.5,1529.63,2345.1,3128.52,0.2105,-0.2969,0.1431
Pemukiman_41,Pemukiman,Training,1275.79,1416.98,1764.89,2048.87,3368.49,0.0745,-0.1823,0.2436
Pemukiman_41,Pemukiman,Training,1317.1,1278.97,1675.68,2193.54,2978.68,0.1338,-0.2634,0.1518
Pemukiman_41,Pemukiman,Training,1011.14,1298.92,1684.97,2322.08,3057.86,0.159,-0.2826,0.1368
Pemukiman_41,Pemukiman,Training,1281.7,1494.53,1618.56,2091.65,3188.21,0.1275,-0.1665,0.2077
Pemukiman_41,Pemukiman,Training,1248.7,1467.39,1703.85,1995.68,2998.01,0.0789,-0.1525,0.2007
Pemukiman_41,Pemukiman,Training,1010.14,1474.7,1574.52,2264.62,2804.86,0.1798,-0.2112,0.1066
Pemukiman_41,Pemukiman,Training,1340.1,1280.57,1692.95,2217.69,3062.11,0.1342,-0.2679,0.1599
Pemukiman_41,Pemukiman,Training,1172.98,1336.19,1755.42,2201.89,2846.16,0.1128,-0.2447,0.1276
Pemukiman_41,Pemukiman,Training,1161.6,1412.83,1707.74,2109.31,2992.44,0.1052,-0.1977,0.1731
Pemukiman_41,Pemukiman,Training,1202.34,1487.34,1435.75,2275.8,3007.19,0.2263,-0.2095,0.1384
Pemukiman_44,Pemukiman,Training,1111.63,1443.79,1761.04,2196.58,3200.73,0.11,-0.2068,0.186
Pemukiman_44,Pemukiman,Training,1275.81,1483.05,1485.58,2083.45,2961.99,0.1675,-0.1683,0.1741
Pemukiman_44,Pemukiman,Training,1392.86,1450.82,1655.6,2254.94,2835.84,0.1533,-0.217,0.1141
Pemukiman_44,Pemukiman,Training,1393.82,1447.92,1686.78,1935.17,3255.93,0.0686,-0.144,0.2544
Pemukiman_44,Pemukiman,Training,1164.38,1267.72,1485.55,2010.27,2843.64,0.1501,-0.2265,0.1717
Pemukiman_44,Pemukiman,Training,1206.05,1361.32,1640.09,2451.4,3074.1,0.1983,-0.2859,0.1127
Pemukiman_44,Pemukiman,Training,975.51,1375.8,1743.21,2187.11,3405.87,0.1129,-0.2277,0.2179
Pemukiman_44,Pemukiman,Training,1245.29,1216.17,1613.15,2244.55,3316.07,0.1637,-0.2972,0.1927
Pemukiman_44,Pemukiman,Training,1381.96,1490.77,1652.86,2301.43,3066.4,0.164,-0.2138,0.1425
Pemukiman_44,Pemukiman,Training,1053.71,1404.15,1643.83,2019.45,3365.32,0.1025,-0.1797,0.2499
Pemukiman_44,Pemukiman,Training,1300.54,1262.82,1763.9,2153.75,2944.3,0.0995,-0.2608,0.1551
Pemukiman_44,Pemukiman,Training,1307.93,1394.89,1827.9,2072.07,2753.67,0.0626,-0.1953,0.1412
Pemukiman_44,Pemukiman,Training,1171.96,1478.92,1488.74,2000.48,3145.79,0.1467,-0.1499,0.2225
Pemukiman_44,Pemukiman,Training,1053.63,1430.67,1559.13,2274.17,2823.23,0.1865,-0.2277,0.1077
Pemukiman_44,Pemukiman,Training,1329.82,1381.7,1691.62,2343.98,2868.51,0.1617,-0.2583,0.1006
Pemukiman_44,Pemukiman,Training,1288.23,1257.49,1435.58,2494.6,3322.37,0.2695,-0.3297,0.1423
Pemukiman_44,Pemukiman,Training,1407.37,1362.98,1612.29,2279.1,3097.56,0.1714,-0.2515,0.1522
Pemukiman_44,Pemukiman,Training,1125.39,1310.39,1625.66,2039.97,2881.03,0.113,-0.2178,0.1709
Pemukiman_44,Pemukiman,Training,1239.36,1390.48,1712.46,2136.26,2983.75,0.1101,-0.2115,0.1655
Pemukiman_44,Pemukiman,Training,1242.36,1318.8,1521.02,2107.23,3058.06,0.1616,-0.2301,0.1841
Pemukiman_44,Pemukiman,Training,1377.24,1262.32,1755.46,2310.67,3413.4,0.1365,-0.2934,0.1926
Pemukiman_44,Pemukiman,Training,1513.67,1543.15,1711.08,2003.13,2862.76,0.0786,-0.1297,0.1767
Pemukiman_44,Pemukiman,Training,1236.02,1230.19,1673.85,1879.76,3330.45,0.0579,-0.2089,0.2784
Pemukiman_44,Pemukiman,Training,1167.83,1412.66,1510.2,1915.22,3346.94,0.1182,-0.151,0.2721
Pemukiman_44,Pemukiman,Training,1333.57,1364.85,1679.43,2141.37,3157.7,0.1209,-0.2215,0.1918
Pemukiman_44,Pemukiman,Training,1275.91,1455.51,1760.92,2277.83,3105.62,0.128,-0.2203,0.1538
Pemukiman_44,Pemukiman,Training,1123.86,1352.15,1697.21,1974.73,3321.16,0.0756,-0.1871,0.2542
Pemukiman_44,Pemukiman,Training,1171.89,1318.14,1468.15,2301.16,3097.07,0.221,-0.2716,0.1474
Pemukiman_44,Pemukiman,Training,1358.88,1273.69,1530.62,2186.17,2949.63,0.1764,-0.2637,0.1487
Pemukiman_44,Pemukiman,Training,1200.61,1431.95,1658.14,2425.93,2839.31,0.188,-0.2576,0.0785
Pemukiman_44,Pemukiman,Training,1233.78,1335.31,1651.6,2264.7,2902.62,0.1566,-0.2582,0.1235
Pemukiman_44,Pemukiman,Training,1109.88,1451.16,1602.81,2167.06,3231.6,0.1497,-0.1979,0.1972
Pemukiman_44,Pemukiman,Training,1273.17,1347.04,1497.75,2010.71,3106.69,0.1462,-0.1977,0.2142
Pemukiman_44,Pemukiman,Training,1057.68,1409.94,1746.02,2146.98,2992.76,0.103,-0.2072,0.1646
Pemukiman_44,Pemukiman,Training,1399.78,1550.97,1508.25,2220.85,3165.74,0.1911,-0.1776,0.1754
Pemukiman_44,Pemukiman,Training,1220.37,1581.47,1610.47,2235.59,3237.73,0.1625,-0.1714,0.1831
Pemukiman_44,Pemukiman,Training,1318.99,1493.69,1664.57,1966.2,3002.37,0.0831,-0.1366,0.2085
Pemukiman_44,Pemukiman,Training,1281.94,1425.04,1699.14,2483.07,2864.61,0.1874,-0.2707,0.0713
Pemukiman_44,Pemukiman,Training,1313.79,1366.96,1712.24,2193.82,3525.4,0.1233,-0.2322,0.2328
Pemukiman_44,Pemukiman,Training,1213.01,1335.95,1650.38,2248.59,3327.62,0.1534,-0.2546,0.1935
Pemukiman_44,Pemukiman,Training,1244.81,1647.51,1586.63,2185.06,2979.22,0.1587,-0.1403,0.1538
Pemukiman_44,Pemukiman,Training,1208.57,1423.11,1633.75,2210.08,2978.04,0.1499,-0.2166,0.148
Pemukiman_44,Pemukiman,Training,1111.83,1362.48,1736.98,2403.52,3084.61,0.161,-0.2764,0.1241
Pemukiman_44,Pemukiman,Training,1105.84,1391.88,1851.0,2349.85,3210.15,0.1187,-0.256,0.1547
Pemukiman_44,Pemukiman,Training,1296.27,1554.06,1461.66,2141.19,2994.26,0.1886,-0.1589,0.1661
Pemukiman_44,Pemukiman,Training,1258.71,1416.01,1690.76,2123.97,3374.39,0.1136,-0.2,0.2274
Pemukiman_44,Pemukiman,Training,1193.07,1469.45,1743.45,2367.27,3172.17,0.1518,-0.234,0.1453
Pemukiman_44,Pemukiman,Training,1281.93,1574.17,1661.63,2090.55,3216.61,0.1143,-0.1409,0.2122
Pemukiman_44,Pemukiman,Training,1196.27,1165.2,1655.44,2217.5,3331.28,0.1451,-0.3111,0.2007
Pemukiman_44,Pemukiman,Training,1124.99,1249.43,1620.24,2257.03,3118.77,0.1642,-0.2874,0.1603
Pemukiman_45,Pemukiman,Training,1202.07,1293.13,1583.33,2147.74,3314.54,0.1513,-0.2484,0.2136
Pemukiman_45,Pemukiman,Training,1237.93,1372.2,1806.87,2159.66,3211.56,0.0889,-0.223,0.1958
Pemukiman_45,Pemukiman,Training,1183.31,1563.12,1610.42,2217.46,3072.03,0.1586,-0.1731,0.1616
Pemukiman_45,Pemukiman,Training,1219.65,1519.95,1701.5,2204.21,3440.27,0.1287,-0.1837,0.219
Pemukiman_45,Pemukiman,Training,1287.3,1356.18,1434.36,2137.75,3182.67,0.1969,-0.2237,0.1964
Pemukiman_45,Pemukiman,Training,1259.72,1535.91,1468.65,2134.13,2864.47,0.1847,-0.163,0.1461
Pemukiman_45,Pemukiman,Training,1066.12,1337.22,1643.99,2315.71,2910.33,0.1696,-0.2679,0.1138
Pemukiman_45,Pemukiman,Training,1119.07,1222.02,1625.72,2090.18,3432.61,0.125,-0.2621,0.2431
Pemukiman_45,Pemukiman,Training,1240.98,1382.86,1523.07,1975.8,2826.43,0.1294,-0.1765,0.1771
Pemukiman_45,Pemukiman,Training,1137.79,1330.11,1480.1,2256.56,3202.85,0.2078,-0.2583,0.1733
Pemukiman_45,Pemukiman,Training,1154.14,1593.52,1390.39,2208.72,3056.28,0.2274,-0.1618,0.161
Pemukiman_45,Pemukiman,Training,1144.93,1330.23,1599.16,2166.17,3021.62,0.1506,-0.2391,0.1649
Pemukiman_45,Pemukiman,Training,1070.13,1238.19,1565.38,2139.69,3060.59,0.155,-0.2669,0.1771
Pemukiman_45,Pemukiman,Training,1189.14,1347.75,1574.51,2071.97,3404.79,0.1364,-0.2118,0.2434
Pemukiman_45,Pemukiman,Training,1120.03,1362.9,1513.15,2088.91,3104.93,0.1598,-0.2103,0.1956
Pemukiman_45,Pemukiman,Training,1189.78,1354.05,1565.98,2092.03,3180.35,0.1438,-0.2141,0.2064
Pemukiman_45,Pemukiman,Training,1405.52,1312.52,1647.28,2206.74,3233.73,0.1452,-0.2541,0.1888
Pemukiman_45,Pemukiman,Training,1269.68,1420.54,1595.22,2134.83,2947.01,0.1447,-0.2009,0.1598
Pemukiman_45,Pemukiman,Training,1190.32,1271.54,1528.74,2366.03,3119.7,0.215,-0.3009,0.1374
Pemukiman_45,Pemukiman,Training,1289.27,1546.96,1578.76,2231.1,3039.63,0.1712,-0.1811,0.1534
Pemukiman_45,Pemukiman,Training,1118.74,1304.7,1701.18,2231.29,3469.32,0.1348,-0.262,0.2172
Pemukiman_45,Pemukiman,Training,1297.21,1326.88,1700.84,2154.24,3343.37,0.1176,-0.2377,0.2163
Pemukiman_45,Pemukiman,Training,1151.37,1294.76,1504.51,2088.3,2931.95,0.1625,-0.2346,0.168
Pemukiman_45,Pemukiman,Training,1142.74,1485.67,1815.53,2000.47,3352.7,0.0485,-0.1477,0.2526
Pemukiman_45,Pemukiman,Training,1152.23,1434.79,1401.5,2278.61,2698.94,0.2383,-0.2272,0.0844
Pemukiman_45,Pemukiman,Training,1231.39,1425.73,1622.92,2089.76,3209.91,0.1257,-0.1889,0.2114
Pemukiman_45,Pemukiman,Training,1239.11,1379.0,1680.62,2185.66,3205.76,0.1306,-0.2263,0.1892
Pemukiman_45,Pemukiman,Training,1187.41,1421.67,1668.97,2140.31,2853.23,0.1237,-0.2018,0.1428
Pemukiman_45,Pemukiman,Training,1227.61,1518.94,1635.9,2247.72,3091.56,0.1575,-0.1935,0.158
Pemukiman_45,Pemukiman,Training,1273.91,1381.41,1545.53,2365.79,2993.89,0.2097,-0.2627,0.1172
Pemukiman_45,Pemukiman,Training,1288.95,1510.59,1668.02,2012.61,3105.43,0.0936,-0.1425,0.2135
Pemukiman_45,Pemukiman,Training,1179.8,1350.4,1617.13,2315.38,3008.29,0.1776,-0.2632,0.1302
Pemukiman_45,Pemukiman,Training,1182.86,1375.89,1739.66,2161.43,2853.12,0.1081,-0.2221,0.1379
Pemukiman_45,Pemukiman,Training,1042.66,1436.27,1508.72,2300.31,2833.76,0.2078,-0.2312,0.1039
Pemukiman_45,Pemukiman,Training,1146.11,1266.94,1652.15,2297.33,3167.73,0.1634,-0.2891,0.1593
Pemukiman_45,Pemukiman,Training,1091.41,1325.42,1628.12,1946.84,3051.77,0.0892,-0.1899,0.221
Pemukiman_45,Pemukiman,Training,1351.69,1382.0,1421.37,2108.89,2973.86,0.1947,-0.2082,0.1702
Pemukiman_45,Pemukiman,Training,1414.03,1566.57,1687.71,2148.54,3340.13,0.1201,-0.1566,0.2171
Pemukiman_45,Pemukiman,Training,1086.65,1507.66,1711.36,2177.3,3327.84,0.1198,-0.1817,0.209
Pemukiman_45,Pemukiman,Training,1155.28,1273.49,1717.36,2187.21,3220.36,0.1203,-0.264,0.1911
Pemukiman_45,Pemukiman,Training,1382.09,1327.77,1582.79,2435.45,3233.75,0.2122,-0.2943,0.1408
Pemukiman_45,Pemukiman,Training,1130.02,1304.5,1536.63,2089.24,3147.47,0.1524,-0.2312,0.2021
Pemukiman_45,Pemukiman,Training,1207.84,1427.92,1499.1,2189.37,2688.86,0.1871,-0.2105,0.1024
Pemukiman_45,Pemukiman,Training,1214.5,1517.54,1429.03,2272.51,2977.8,0.2279,-0.1992,0.1343
Pemukiman_45,Pemukiman,Training,1280.25,1415.86,1648.56,2209.72,3365.67,0.1454,-0.219,0.2073
Pemukiman_45,Pemukiman,Training,1234.74,1329.46,1611.85,2144.67,3132.48,0.1418,-0.2347,0.1872
Pemukiman_45,Pemukiman,Training,1158.02,1332.32,1623.91,2208.37,3312.79,0.1525,-0.2474,0.2
Pemukiman_45,Pemukiman,Training,1158.5,1201.91,1556.34,1956.04,3183.13,0.1138,-0.2388,0.2388
Pemukiman_45,Pemukiman,Training,1032.61,1301.16,1556.52,2431.59,2885.42,0.2194,-0.3028,0.0854
Pemukiman_45,Pemukiman,Training,1201.24,1458.0,1778.09,2316.67,3318.78,0.1315,-0.2275,0.1778
Pemukiman_46,Pemukiman,Training,1286.43,1279.09,1643.16,2327.3,2908.7,0.1723,-0.2907,0.111
Pemukiman_46,Pemukiman,Training,1142.02,1319.68,1692.71,2189.61,3035.83,0.128,-0.2479,0.1619
Pemukiman_46,Pemukiman,Training,1071.83,1393.26,1531.89,2236.5,2871.41,0.187,-0.2323,0.1243
Pemukiman_46,Pemukiman,Training,1217.79,1356.1,1450.08,2000.91,2864.6,0.1596,-0.1921,0.1775
Pemukiman_46,Pemukiman,Training,1179.36,1412.1,1632.38,2246.13,2948.3,0.1582,-0.228,0.1352
Pemukiman_46,Pemukiman,Training,1305.84,1355.78,1654.02,2175.38,3175.12,0.1361,-0.2321,0.1869
Pemukiman_46,Pemukiman,Training,1178.57,1439.36,1599.11,2322.08,2936.26,0.1844,-0.2347,0.1168
Pemukiman_46,Pemukiman,Training,1023.01,1302.66,1728.27,2176.82,3118.41,0.1149,-0.2512,0.1778
Pemukiman_46,Pemukiman,Training,1094.64,1406.56,1477.26,2068.63,3019.5,0.1668,-0.1905,0.1869
Pemukiman_46,Pemukiman,Training,1244.51,1455.18,1669.49,1961.79,3098.67,0.0805,-0.1483,0.2247
Pemukiman_46,Pemukiman,Training,1180.32,1246.78,1601.92,2162.44,3202.31,0.1489,-0.2686,0.1938
Pemukiman_46,Pemukiman,Training,1208.12,1345.07,1711.09,1866.81,3087.15,0.0435,-0.1624,0.2463
Pemukiman_46,Pemukiman,Training,1023.67,1308.78,1662.98,2008.87,2815.26,0.0942,-0.211,0.1672
Pemukiman_46,Pemukiman,Training,1438.19,1264.07,1798.06,2174.17,2995.03,0.0947,-0.2647,0.1588
Pemukiman_46,Pemukiman,Training,1256.68,1533.66,1462.47,2123.46,3269.37,0.1843,-0.1613,0.2125
Pemukiman_46,Pemukiman,Training,1228.8,1510.19,1661.81,2471.23,3135.72,0.1958,-0.2414,0.1185
Pemukiman_46,Pemukiman,Training,1222.18,1432.17,1582.9,2327.21,3147.41,0.1904,-0.2381,0.1498
Pemukiman_46,Pemukiman,Training,1278.82,1494.45,1651.41,2275.26,2897.93,0.1589,-0.2071,0.1204
Pemukiman_46,Pemukiman,Training,1144.96,1484.34,1770.84,1908.94,2986.43,0.0375,-0.1251,0.2201
Pemukiman_46,Pemukiman,Training,1202.36,1312.07,1501.3,2271.24,3416.28,0.2041,-0.2677,0.2013
Pemukiman_46,Pemukiman,Training,996.82,1382.95,1655.59,2317.03,3163.83,0.1665,-0.2525,0.1545
Pemukiman_46,Pemukiman,Training,1376.14,1402.89,1757.44,2103.04,3111.6,0.0895,-0.1997,0.1934
Pemukiman_46,Pemukiman,Training,1078.73,1490.09,1585.55,2253.67,3037.33,0.174,-0.204,0.1481
Pemukiman_46,Pemukiman,Training,1258.64,1439.74,1480.64,2059.48,3094.45,0.1635,-0.1771,0.2008
Pemukiman_46,Pemukiman,Training,1265.96,1586.29,1636.36,2351.13,2777.43,0.1793,-0.1942,0.0831
Pemukiman_46,Pemukiman,Training,1401.3,1460.57,1594.05,2175.3,2878.56,0.1542,-0.1966,0.1392
Pemukiman_46,Pemukiman,Training,1117.87,1591.04,1481.32,2048.76,2959.56,0.1607,-0.1258,0.1819
Pemukiman_46,Pemukiman,Training,1080.18,1401.53,1730.67,2108.43,2825.34,0.0984,-0.2014,0.1453
Pemukiman_46,Pemukiman,Training,1229.19,1394.42,1720.33,2131.82,3047.97,0.1068,-0.2091,0.1769
Pemukiman_46,Pemukiman,Training,1185.05,1408.9,1552.89,2116.8,2729.92,0.1537,-0.2008,0.1265
Pemukiman_46,Pemukiman,Training,1143.46,1471.52,1702.03,2129.33,3359.9,0.1115,-0.1827,0.2242
Pemukiman_46,Pemukiman,Training,1197.13,1266.22,1401.71,2382.74,3025.4,0.2592,-0.306,0.1188
Pemukiman_46,Pemukiman,Training,1078.59,1174.07,1552.51,2260.71,2960.46,0.1857,-0.3164,0.134
Pemukiman_46,Pemukiman,Training,1094.68,1345.06,1749.18,1991.05,2971.66,0.0647,-0.1936,0.1976
Pemukiman_46,Pemukiman,Training,1321.08,1449.42,1621.5,2102.73,3106.1,0.1292,-0.1839,0.1926
Pemukiman_46,Pemukiman,Training,1146.22,1314.06,1470.39,2317.61,3087.92,0.2237,-0.2763,0.1425
Pemukiman_46,Pemukiman,Training,1231.45,1415.17,1652.91,2161.79,3003.67,0.1334,-0.2087,0.163
Pemukiman_46,Pemukiman,Training,1118.47,1258.6,1465.36,2145.19,2779.39,0.1883,-0.2605,0.1288
Pemukiman_46,Pemukiman,Training,1061.77,1504.21,1626.9,2132.22,3554.31,0.1344,-0.1727,0.2501
Pemukiman_46,Pemukiman,Training,1035.18,1497.56,1586.62,2317.76,3121.79,0.1873,-0.215,0.1478
Pemukiman_46,Pemukiman,Training,1012.78,1409.55,1640.27,1871.2,3488.81,0.0658,-0.1407,0.3018
Pemukiman_46,Pemukiman,Training,1231.12,1467.2,1460.14,2303.59,3317.9,0.2241,-0.2218,0.1804
Pemukiman_46,Pemukiman,Training,1225.36,1399.06,1492.77,2167.57,2997.59,0.1844,-0.2155,0.1607
Pemukiman_46,Pemukiman,Training,1257.2,1315.01,1667.76,2074.15,3047.53,0.1086,-0.224,0.1901
Pemukiman_46,Pemukiman,Training,1261.6,1329.62,1678.06,2282.95,3045.81,0.1527,-0.2639,0.1432
Pemukiman_46,Pemukiman,Training,1316.18,1407.78,1732.27,2469.02,3051.74,0.1754,-0.2737,0.1056
Pemukiman_46,Pemukiman,Training,1264.5,1336.24,1476.06,2170.68,2827.48,0.1905,-0.2379,0.1314
Pemukiman_46,Pemukiman,Training,1106.24,1459.14,1538.36,2306.58,3159.88,0.1998,-0.225,0.1561
Pemukiman_46,Pemukiman,Training,1385.12,1452.43,1733.71,2260.28,3162.28,0.1318,-0.2176,0.1663
Pemukiman_46,Pemukiman,Training,1316.47,1466.88,1625.21,2230.85,3207.65,0.1571,-0.2066,0.1796
Pemukiman_47,Pemukiman,Training,1132.86,1328.62,1771.05,2479.66,2914.22,0.1667,-0.3022,0.0806
Pemukiman_47,Pemukiman,Training,1133.1,1514.25,1664.02,2301.46,3279.32,0.1607,-0.2063,0.1752
Pemukiman_47,Pemukiman,Training,1175.93,1433.0,1630.26,2071.23,3163.02,0.1191,-0.1821,0.2086
Pemukiman_47,Pemukiman,Training,1323.77,1366.59,1618.31,2231.01,3043.07,0.1592,-0.2403,0.154
Pemukiman_47,Pemukiman,Training,1267.69,1331.99,1759.92,2293.93,2912.65,0.1317,-0.2653,0.1188
Pemukiman_47,Pemukiman,Training,1369.8,1416.81,1513.25,2365.68,3198.93,0.2198,-0.2509,0.1497
Pemukiman_47,Pemukiman,Training,1022.8,1347.43,1633.49,1876.06,3117.01,0.0691,-0.164,0.2485
Pemukiman_47,Pemukiman,Training,1215.8,1281.65,1632.48,2201.12,2861.74,0.1483,-0.264,0.1305
Pemukiman_47,Pemukiman,Training,1291.96,1483.79,1565.23,2170.21,3245.25,0.162,-0.1879,0.1985
Pemukiman_47,Pemukiman,Training,1179.93,1206.91,1658.43,2078.01,3022.03,0.1123,-0.2652,0.1851
Pemukiman_47,Pemukiman,Training,1345.79,1386.6,1600.21,2276.45,3201.07,0.1744,-0.2429,0.1688
Pemukiman_47,Pemukiman,Training,1108.08,1393.97,1604.34,2240.8,3157.84,0.1655,-0.233,0.1699
Pemukiman_47,Pemukiman,Training,1458.74,1282.41,1717.61,2377.51,3198.56,0.1611,-0.2992,0.1472
Pemukiman_47,Pemukiman,Training,1134.97,1566.47,1336.96,2097.51,3334.34,0.2214,-0.1449,0.2277
Pemukiman_47,Pemukiman,Training,1162.99,1559.65,1418.58,2033.18,2993.67,0.1781,-0.1318,0.1911
Pemukiman_47,Pemukiman,Training,1241.74,1377.8,1541.15,2413.06,3402.69,0.2205,-0.2731,0.1702
Pemukiman_47,Pemukiman,Training,1158.56,1229.02,1341.1,2235.89,3231.19,0.2502,-0.2906,0.1821
Pemukiman_47,Pemukiman,Training,1206.3,1392.91,1503.45,2298.25,3435.64,0.2091,-0.2453,0.1984
Pemukiman_47,Pemukiman,Training,978.31,1392.25,1483.56,1976.43,2874.0,0.1424,-0.1734,0.1851
Pemukiman_47,Pemukiman,Training,1237.97,1440.5,1775.23,2201.32,2748.36,0.1071,-0.2089,0.1105
Pemukiman_47,Pemukiman,Training,1176.18,1261.36,1455.18,2287.08,3138.84,0.2223,-0.2891,0.157
Pemukiman_47,Pemukiman,Training,1258.76,1364.25,1694.86,2137.99,3323.34,0.1156,-0.2209,0.217
Pemukiman_47,Pemukiman,Training,1234.46,1379.3,1625.45,2197.32,3419.22,0.1496,-0.2287,0.2176
Pemukiman_47,Pemukiman,Training,1224.54,1399.84,1571.38,2326.48,3241.58,0.1937,-0.2487,0.1643
Pemukiman_47,Pemukiman,Training,1172.62,1284.44,1491.76,2172.38,3369.79,0.1857,-0.2569,0.2161
Pemukiman_47,Pemukiman,Training,1174.98,1340.59,1388.71,2427.03,3213.81,0.2721,-0.2884,0.1395
Pemukiman_47,Pemukiman,Training,1279.6,1496.17,1580.23,2212.69,3397.72,0.1667,-0.1932,0.2112
Pemukiman_47,Pemukiman,Training,1217.96,1458.75,1704.47,2296.44,3074.37,0.148,-0.2231,0.1448
Pemukiman_47,Pemukiman,Training,1196.61,1477.76,1693.12,2375.23,3210.22,0.1677,-0.2329,0.1495
Pemukiman_47,Pemukiman,Training,1259.66,1355.38,1530.26,2317.09,2985.16,0.2045,-0.2619,0.126
Pemukiman_47,Pemukiman,Training,1197.93,1537.9,1746.47,2245.27,3040.77,0.125,-0.187,0.1505
Pemukiman_47,Pemukiman,Training,1187.66,1486.77,1595.62,2116.26,3343.15,0.1403,-0.1747,0.2247
Pemukiman_47,Pemukiman,Training,1218.16,1342.27,1657.47,2345.68,2898.47,0.1719,-0.2721,0.1054
Pemukiman_47,Pemukiman,Training,1179.95,1375.33,1654.27,2294.8,2989.71,0.1622,-0.2505,0.1315
Pemukiman_47,Pemukiman,Training,1050.72,1503.18,1465.61,2240.68,3073.6,0.2091,-0.197,0.1567
Pemukiman_47,Pemukiman,Training,1216.24,1565.12,1964.59,1954.98,3296.78,-0.0025,-0.1108,0.2555
Pemukiman_47,Pemukiman,Training,1184.38,1504.79,1714.87,2411.46,3156.99,0.1688,-0.2315,0.1339
Pemukiman_47,Pemukiman,Training,1111.04,1492.76,1614.16,2164.92,3004.76,0.1457,-0.1838,0.1625
Pemukiman_47,Pemukiman,Training,1300.63,1560.34,1456.56,2293.29,3025.52,0.2231,-0.1902,0.1377
Pemukiman_47,Pemukiman,Training,1053.27,1414.77,1500.02,1963.34,2943.65,0.1338,-0.1624,0.1998
Pemukiman_47,Pemukiman,Training,1097.22,1335.33,1440.89,2140.73,2957.35,0.1954,-0.2317,0.1602
Pemukiman_47,Pemukiman,Training,1237.56,1459.35,1631.22,2164.68,3047.51,0.1405,-0.1946,0.1694
Pemukiman_47,Pemukiman,Training,1116.29,1318.7,1684.43,1936.04,3083.86,0.0695,-0.1897,0.2287
Pemukiman_47,Pemukiman,Training,1167.65,1459.91,1429.0,2201.87,3168.6,0.2129,-0.2026,0.18
Pemukiman_47,Pemukiman,Training,1009.53,1292.57,1588.99,2277.12,3136.5,0.178,-0.2758,0.1587
Pemukiman_47,Pemukiman,Training,1256.05,1292.06,1409.35,2212.68,2854.13,0.2218,-0.2627,0.1266
Pemukiman_47,Pemukiman,Training,1113.47,1493.23,1622.69,2114.78,2960.39,0.1317,-0.1723,0.1666
Pemukiman_47,Pemukiman,Training,1262.09,1421.2,1454.25,1907.83,3476.36,0.1349,-0.1462,0.2913
Pemukiman_47,Pemukiman,Training,1077.75,1452.77,1781.28,2222.14,2979.91,0.1101,-0.2094,0.1457
Pemukiman_47,Pemukiman,Training,1057.4,1256.0,1645.2,2417.65,3020.91,0.1901,-0.3162,0.1109
Pemukiman_48,Pemukiman,Training,1144.43,1469.75,1517.69,2241.17,3108.36,0.1925,-0.2079,0.1621
Pemukiman_48,Pemukiman,Training,1159.05,1398.45,1811.58,2290.68,3318.5,0.1168,-0.2419,0.1832
Pemukiman_48,Pemukiman,Training,1108.13,1509.59,1676.68,1975.06,3207.96,0.0817,-0.1336,0.2379
Pemukiman_48,Pemukiman,Training,1148.67,1245.42,1615.57,2280.86,3130.32,0.1707,-0.2936,0.157
Pemukiman_48,Pemukiman,Training,1189.09,1366.94,1895.99,2022.61,3274.58,0.0323,-0.1934,0.2363
Pemukiman_48,Pemukiman,Training,1201.54,1314.55,1594.19,1991.06,2980.9,0.1107,-0.2047,0.1991
Pemukiman_48,Pemukiman,Training,1195.31,1244.89,1660.77,2055.44,2809.66,0.1062,-0.2456,0.155
Pemukiman_48,Pemukiman,Training,1091.96,1617.6,1362.63,2265.42,2949.67,0.2488,-0.1668,0.1312
Pemukiman_48,Pemukiman,Training,1164.99,1460.39,1666.58,2097.9,2828.44,0.1146,-0.1792,0.1483
Pemukiman_48,Pemukiman,Training,1262.21,1455.24,1565.8,2266.29,3010.83,0.1828,-0.2179,0.1411
Pemukiman_48,Pemukiman,Training,1117.3,1400.4,1662.28,2246.39,3201.83,0.1494,-0.232,0.1754
Pemukiman_48,Pemukiman,Training,1123.94,1558.19,1558.91,2182.16,2836.27,0.1666,-0.1668,0.1303
Pemukiman_48,Pemukiman,Training,1180.61,1453.22,1691.5,2434.29,3204.05,0.18,-0.2524,0.1365
Pemukiman_48,Pemukiman,Training,1227.69,1355.37,1520.59,2345.54,3290.21,0.2134,-0.2675,0.1676
Pemukiman_48,Pemukiman,Training,1092.3,1472.31,1678.05,2032.93,3208.09,0.0956,-0.1599,0.2242
Pemukiman_48,Pemukiman,Training,1095.05,1157.07,1580.79,2238.67,3076.99,0.1722,-0.3185,0.1577
Pemukiman_48,Pemukiman,Training,1486.71,1437.89,1617.66,2264.44,3011.74,0.1666,-0.2233,0.1416
Pemukiman_48,Pemukiman,Training,1292.95,1436.1,1637.82,2106.38,2787.13,0.1251,-0.1892,0.1391
Pemukiman_48,Pemukiman,Training,1149.86,1428.26,1546.64,2243.76,3053.53,0.1839,-0.2221,0.1529
Pemukiman_48,Pemukiman,Training,1243.06,1302.32,1623.15,2103.86,2792.34,0.129,-0.2353,0.1406
Pemukiman_48,Pemukiman,Training,1183.48,1553.63,1424.97,2217.91,3259.52,0.2177,-0.1761,0.1902
Pemukiman_48,Pemukiman,Training,1430.0,1350.71,1524.16,2025.0,3328.1,0.1411,-0.1997,0.2434
Pemukiman_48,Pemukiman,Training,1113.26,1362.94,1378.13,2332.6,3331.65,0.2572,-0.2624,0.1764
Pemukiman_48,Pemukiman,Training,1284.58,1239.47,1672.86,1949.1,3111.61,0.0763,-0.2226,0.2297
Pemukiman_48,Pemukiman,Training,1220.51,1431.02,1664.16,2198.79,2707.51,0.1384,-0.2115,0.1037
Pemukiman_48,Pemukiman,Training,1253.51,1409.76,1491.69,1964.59,3408.0,0.1368,-0.1644,0.2687
Pemukiman_48,Pemukiman,Training,1323.13,1470.6,1518.84,1822.45,3252.94,0.0909,-0.1068,0.2818
Pemukiman_48,Pemukiman,Training,1236.67,1362.53,1734.98,2327.2,3135.22,0.1458,-0.2614,0.1479
Pemukiman_48,Pemukiman,Training,1203.51,1405.1,1681.59,2071.38,3185.2,0.1039,-0.1917,0.2119
Pemukiman_48,Pemukiman,Training,1107.94,1533.66,1663.86,2096.77,3116.12,0.1151,-0.1551,0.1955
Pemukiman_48,Pemukiman,Training,1114.62,1550.41,1794.75,2304.43,3411.33,0.1243,-0.1956,0.1937
Pemukiman_48,Pemukiman,Training,1215.18,1476.35,1746.97,2199.14,3114.22,0.1146,-0.1967,0.1722
Pemukiman_48,Pemukiman,Training,1293.37,1464.65,1509.34,1871.98,3064.89,0.1072,-0.1221,0.2416
Pemukiman_48,Pemukiman,Training,990.31,1300.9,1495.09,2114.7,3264.09,0.1716,-0.2383,0.2137
Pemukiman_48,Pemukiman,Training,1303.77,1450.87,1675.9,2298.42,2600.63,0.1566,-0.2261,0.0617
Pemukiman_48,Pemukiman,Training,1201.02,1220.35,1661.1,1886.03,3063.91,0.0634,-0.2143,0.238
Pemukiman_48,Pemukiman,Training,1254.78,1288.22,1715.41,2275.99,3176.16,0.1404,-0.2771,0.1651
Pemukiman_48,Pemukiman,Training,1269.8,1364.08,1618.23,2201.51,3097.49,0.1527,-0.2349,0.1691
Pemukiman_48,Pemukiman,Training,1132.8,1275.75,1559.58,2141.21,2952.65,0.1572,-0.2533,0.1593
Pemukiman_48,Pemukiman,Training,1285.21,1282.78,1579.42,2374.95,3281.83,0.2012,-0.2986,0.1603
Pemukiman_48,Pemukiman,Training,1321.63,1340.92,1694.11,2040.55,3044.83,0.0928,-0.2069,0.1975
Pemukiman_48,Pemukiman,Training,1181.82,1342.42,1556.58,2125.99,2903.52,0.1546,-0.2259,0.1546
Pemukiman_48,Pemukiman,Training,1285.64,1381.75,1624.17,2224.57,3110.95,0.156,-0.2337,0.1661
Pemukiman_48,Pemukiman,Training,1209.28,1369.46,1770.21,2314.11,3103.68,0.1332,-0.2565,0.1457
Pemukiman_48,Pemukiman,Training,1155.29,1388.12,1650.11,2424.99,2825.39,0.1901,-0.2719,0.0763
Pemukiman_48,Pemukiman,Training,1265.98,1512.67,1421.59,2172.83,2887.1,0.209,-0.1791,0.1412
Pemukiman_48,Pemukiman,Training,1243.05,1364.16,1584.38,2138.34,3244.03,0.1488,-0.221,0.2054
Pemukiman_48,Pemukiman,Training,1222.9,1423.09,1619.27,2285.87,3047.61,0.1707,-0.2326,0.1428
Pemukiman_48,Pemukiman,Training,1370.08,1276.52,1392.89,1928.7,2684.08,0.1613,-0.2035,0.1638
Pemukiman_48,Pemukiman,Training,1267.32,1455.14,1744.93,2041.5,3249.09,0.0783,-0.1677,0.2283
Pemukiman_49,Pemukiman,Training,1205.68,1416.66,1675.07,2086.56,3617.45,0.1094,-0.1912,0.2684
Pemukiman_49,Pemukiman,Training,1333.19,1346.83,1469.11,2186.81,3136.45,0.1963,-0.2377,0.1784
Pemukiman_49,Pemukiman,Training,1306.56,1283.13,1634.26,1970.65,3187.27,0.0933,-0.2113,0.2359
Pemukiman_49,Pemukiman,Training,1189.25,1593.67,1414.48,2405.59,2759.23,0.2594,-0.203,0.0685
Pemukiman_49,Pemukiman,Training,1067.28,1232.29,1630.04,2023.95,2830.33,0.1078,-0.2431,0.1661
Pemukiman_49,Pemukiman,Training,1220.28,1445.18,1604.78,2175.67,3465.78,0.151,-0.2017,0.2287
Pemukiman_49,Pemukiman,Training,1214.58,1480.57,1617.15,2035.32,3209.98,0.1145,-0.1578,0.2239
Pemukiman_49,Pemukiman,Training,1134.42,1390.9,1636.65,1908.79,2778.1,0.0768,-0.1569,0.1855
Pemukiman_49,Pemukiman,Training,1290.95,1333.63,1526.04,2224.97,3022.87,0.1863,-0.2505,0.152
Pemukiman_49,Pemukiman,Training,1241.76,1394.89,1623.83,2094.72,3138.72,0.1266,-0.2005,0.1995
Pemukiman_49,Pemukiman,Training,1310.51,1343.23,1709.84,2192.27,3246.9,0.1236,-0.2401,0.1939
Pemukiman_49,Pemukiman,Training,1212.88,1396.66,1641.97,2382.04,3147.22,0.1839,-0.2608,0.1384
Pemukiman_49,Pemukiman,Training,1247.85,1363.15,1788.51,2296.05,3115.54,0.1243,-0.2549,0.1514
Pemukiman_49,Pemukiman,Training,1187.73,1497.79,1527.26,1932.57,3114.48,0.1171,-0.1267,0.2342
Pemukiman_49,Pemukiman,Training,1319.0,1559.13,1587.12,2206.54,3203.91,0.1633,-0.1719,0.1843
Pemukiman_49,Pemukiman,Training,1173.57,1451.64,1589.75,2351.71,3244.6,0.1933,-0.2367,0.1596
Pemukiman_49,Pemukiman,Training,1281.02,1379.47,1831.11,2272.59,3149.46,0.1076,-0.2446,0.1617
Pemukiman_49,Pemukiman,Training,1123.91,1390.29,1613.73,2081.85,3041.54,0.1267,-0.1992,0.1873
Pemukiman_49,Pemukiman,Training,1183.42,1405.59,1388.48,2179.71,3024.53,0.2217,-0.2159,0.1623
Pemukiman_49,Pemukiman,Training,1197.91,1503.53,1846.29,2301.76,2853.12,0.1098,-0.2098,0.107
Pemukiman_49,Pemukiman,Training,1165.46,1459.6,1657.99,2348.1,3080.53,0.1723,-0.2333,0.1349
Pemukiman_49,Pemukiman,Training,1163.65,1575.24,1607.04,2047.5,3395.03,0.1205,-0.1304,0.2476
Pemukiman_49,Pemukiman,Training,1050.39,1050.5,1692.33,2336.61,3182.8,0.1599,-0.3797,0.1533
Pemukiman_49,Pemukiman,Training,1069.75,1394.11,1566.62,2119.41,3382.41,0.15,-0.2064,0.2296
Pemukiman_49,Pemukiman,Training,1095.33,1431.61,1743.29,2257.22,3348.22,0.1285,-0.2238,0.1946
Pemukiman_49,Pemukiman,Training,1256.37,1442.93,1644.02,2292.02,3022.89,0.1646,-0.2273,0.1375
Pemukiman_49,Pemukiman,Training,1069.81,1495.4,1739.41,2237.8,2990.32,0.1253,-0.1989,0.1439
Pemukiman_49,Pemukiman,Training,1044.23,1408.58,1438.13,1976.65,3095.85,0.1577,-0.1678,0.2206
Pemukiman_49,Pemukiman,Training,1123.62,1434.53,1580.88,2109.0,2759.02,0.1431,-0.1903,0.1335
Pemukiman_49,Pemukiman,Training,1114.71,1318.39,1452.96,2150.64,2870.55,0.1936,-0.2399,0.1434
Pemukiman_49,Pemukiman,Training,1183.63,1424.04,1500.86,2263.81,2827.73,0.2027,-0.2277,0.1108
Pemukiman_49,Pemukiman,Training,1088.78,1388.68,1682.44,2330.11,3422.48,0.1614,-0.2532,0.1899
Pemukiman_49,Pemukiman,Training,1162.34,1387.25,1476.08,2011.94,3145.71,0.1536,-0.1838,0.2198
Pemukiman_49,Pemukiman,Training,1122.41,1523.24,1424.51,2272.95,2898.85,0.2295,-0.1975,0.121
Pemukiman_49,Pemukiman,Training,1117.96,1453.91,1518.89,2122.63,2937.57,0.1658,-0.187,0.161
Pemukiman_49,Pemukiman,Training,1378.5,1338.25,1606.19,2169.71,3144.28,0.1492,-0.237,0.1834
Pemukiman_49,Pemukiman,Training,1138.53,1379.92,1647.27,2070.55,3317.86,0.1139,-0.2002,0.2315
Pemukiman_49,Pemukiman,Training,1318.55,1460.65,1608.39,1751.41,3184.86,0.0426,-0.0905,0.2904
Pemukiman_49,Pemukiman,Training,1160.87,1375.37,1372.31,2274.04,2810.28,0.2473,-0.2462,0.1055
Pemukiman_49,Pemukiman,Training,1211.84,1490.47,1543.68,2382.41,2950.6,0.2136,-0.2303,0.1065
Pemukiman_49,Pemukiman,Training,1260.04,1269.52,1723.74,2331.4,3193.67,0.1499,-0.2949,0.1561
Pemukiman_49,Pemukiman,Training,1160.67,1259.8,1553.12,2366.55,3125.99,0.2075,-0.3052,0.1383
Pemukiman_49,Pemukiman,Training,1044.7,1287.53,1750.38,2273.19,2853.2,0.1299,-0.2768,0.1131
Pemukiman_49,Pemukiman,Training,1023.42,1337.5,1377.84,2176.62,3590.33,0.2247,-0.2388,0.2451
Pemukiman_49,Pemukiman,Training,1040.3,1381.4,1757.43,2312.36,3070.25,0.1364,-0.252,0.1408
Pemukiman_49,Pemukiman,Training,1185.37,1284.41,1567.88,2236.52,3321.02,0.1758,-0.2704,0.1951
Pemukiman_49,Pemukiman,Training,1137.98,1381.02,1486.09,2233.8,3256.76,0.201,-0.2359,0.1863
Pemukiman_49,Pemukiman,Training,1262.96,1282.98,1617.62,2098.4,3302.21,0.1294,-0.2412,0.2229
Pemukiman_49,Pemukiman,Training,1183.87,1248.05,1573.62,2268.77,3148.8,0.1809,-0.2902,0.1624
Pemukiman_49,Pemukiman,Training,1148.82,1341.47,1481.5,2140.79,2928.86,0.182,-0.2295,0.1554
Pemukiman_50,Pemukiman,Training,1297.01,1309.89,1614.67,2208.15,3289.13,0.1552,-0.2553,0.1966
Pemukiman_50,Pemukiman,Training,1308.94,1469.6,1642.35,2042.7,2886.23,0.1086,-0.1632,0.1711
Pemukiman_50,Pemukiman,Training,1115.43,1475.19,1608.8,2330.3,3300.56,0.1832,-0.2247,0.1723
Pemukiman_50,Pemukiman,Training,1127.4,1403.21,1598.44,2150.83,2993.03,0.1473,-0.2104,0.1637
Pemukiman_50,Pemukiman,Training,1318.48,1405.2,1601.58,2079.58,3235.04,0.1299,-0.1935,0.2174
Pemukiman_50,Pemukiman,Training,1099.49,1445.49,1657.87,2138.12,3163.53,0.1265,-0.1933,0.1934
Pemukiman_50,Pemukiman,Training,1218.57,1396.06,1601.55,2209.27,3125.98,0.1595,-0.2256,0.1718
Pemukiman_50,Pemukiman,Training,1206.02,1289.61,1581.73,2239.74,3119.46,0.1722,-0.2692,0.1642
Pemukiman_50,Pemukiman,Training,1295.38,1462.01,1495.55,2175.01,3037.73,0.1851,-0.196,0.1655
Pemukiman_50,Pemukiman,Training,1199.57,1399.7,1673.38,2226.6,3346.11,0.1419,-0.228,0.2009
Pemukiman_50,Pemukiman,Training,1224.1,1316.94,1543.93,2290.57,2777.17,0.1947,-0.2699,0.096
Pemukiman_50,Pemukiman,Training,1065.41,1401.07,1714.11,2396.06,3056.58,0.1659,-0.262,0.1211
Pemukiman_50,Pemukiman,Training,1306.08,1407.23,1416.23,2198.79,2976.22,0.2165,-0.2195,0.1502
Pemukiman_50,Pemukiman,Training,1291.82,1397.43,1446.65,1975.04,3095.8,0.1544,-0.1713,0.221
Pemukiman_50,Pemukiman,Training,957.98,1348.18,1627.72,2041.45,3298.8,0.1128,-0.2045,0.2354
Pemukiman_50,Pemukiman,Training,1319.1,1298.33,1564.23,2349.2,3099.74,0.2006,-0.2881,0.1377
Pemukiman_50,Pemukiman,Training,1060.55,1385.67,1497.65,2366.23,3221.19,0.2248,-0.2614,0.153
Pemukiman_50,Pemukiman,Training,1168.62,1414.21,1443.03,2086.93,3410.66,0.1824,-0.1921,0.2408
Pemukiman_50,Pemukiman,Training,1205.35,1493.01,1627.84,2397.14,2700.23,0.1911,-0.2324,0.0595
Pemukiman_50,Pemukiman,Training,1181.18,1564.48,1714.74,2398.81,3098.65,0.1663,-0.2105,0.1273
Pemukiman_50,Pemukiman,Training,1146.29,1297.28,1468.37,2321.06,3202.64,0.225,-0.2829,0.1596
Pemukiman_50,Pemukiman,Training,1193.34,1450.82,1617.09,2344.33,3290.54,0.1836,-0.2354,0.1679
Pemukiman_50,Pemukiman,Training,1093.41,1427.36,1399.74,2219.95,3220.86,0.2266,-0.2173,0.184
Pemukiman_50,Pemukiman,Training,1068.63,1358.35,1601.14,2235.09,3044.28,0.1653,-0.244,0.1533
Pemukiman_50,Pemukiman,Training,1082.77,1394.6,1401.73,2165.1,3011.73,0.214,-0.2165,0.1635
Pemukiman_50,Pemukiman,Training,1186.57,1344.07,1419.08,2145.05,3286.16,0.2037,-0.2296,0.2101
Pemukiman_50,Pemukiman,Training,1326.15,1643.93,1803.0,2020.46,3018.31,0.0569,-0.1028,0.198
Pemukiman_50,Pemukiman,Training,1197.72,1391.44,1608.34,2561.14,2883.59,0.2285,-0.2959,0.0592
Pemukiman_50,Pemukiman,Training,1128.65,1564.38,1526.08,2259.04,3306.93,0.1936,-0.1817,0.1883
Pemukiman_50,Pemukiman,Training,1248.65,1419.18,1712.63,2066.04,3000.73,0.0935,-0.1856,0.1845
Pemukiman_50,Pemukiman,Training,1253.56,1193.06,1769.99,2245.51,3130.61,0.1184,-0.3061,0.1646
Pemukiman_50,Pemukiman,Training,1036.95,1271.34,1552.17,2321.11,2684.68,0.1985,-0.2922,0.0726
Pemukiman_50,Pemukiman,Training,1278.84,1364.0,1573.19,2238.04,3153.86,0.1744,-0.2427,0.1699
Pemukiman_50,Pemukiman,Training,1128.76,1462.49,1321.67,2132.44,3130.74,0.2347,-0.1864,0.1897
Pemukiman_50,Pemukiman,Training,1165.51,1217.31,1690.96,2012.74,3086.5,0.0869,-0.2463,0.2106
Pemukiman_50,Pemukiman,Training,1215.3,1401.98,1740.28,2192.01,3185.49,0.1149,-0.2198,0.1847
Pemukiman_50,Pemukiman,Training,1194.41,1461.3,1767.22,2220.63,3256.37,0.1137,-0.2062,0.1891
Pemukiman_50,Pemukiman,Training,1345.53,1535.72,1553.77,2355.46,3149.75,0.2051,-0.2107,0.1443
Pemukiman_50,Pemukiman,Training,1311.72,1456.86,1633.08,2265.1,3151.05,0.1621,-0.2172,0.1636
Pemukiman_50,Pemukiman,Training,1229.43,1384.12,1569.79,2464.48,3195.51,0.2218,-0.2807,0.1292
Pemukiman_50,Pemukiman,Training,1142.67,1372.26,1726.75,2089.57,2803.59,0.0951,-0.2072,0.1459
Pemukiman_50,Pemukiman,Training,1059.16,1227.1,1444.14,2022.87,3377.05,0.1669,-0.2449,0.2508
Pemukiman_50,Pemukiman,Training,1195.38,1363.67,1426.79,2178.53,2752.53,0.2085,-0.23,0.1164
Pemukiman_50,Pemukiman,Training,1163.06,1606.45,1679.66,2168.53,3239.62,0.127,-0.1489,0.1981
Pemukiman_50,Pemukiman,Training,1147.85,1319.93,1804.5,2028.66,3029.18,0.0585,-0.2116,0.1978
Pemukiman_50,Pemukiman,Training,1230.6,1306.38,1678.07,2154.01,3232.78,0.1242,-0.245,0.2003
Pemukiman_50,Pemukiman,Training,1258.6,1375.7,1805.28,2100.2,3369.77,0.0755,-0.2084,0.2321
Pemukiman_50,Pemukiman,Training,1317.49,1577.09,1620.89,2081.71,3515.36,0.1245,-0.1379,0.2561
Pemukiman_50,Pemukiman,Training,1166.53,1318.65,1577.23,2052.75,3205.23,0.131,-0.2177,0.2192
Pemukiman_50,Pemukiman,Training,1139.43,1371.25,1716.13,2293.55,3103.12,0.144,-0.2517,0.15
Hutan_mangrove_01,Hutan mangrove,Training,255.13,500.49,337.07,3599.44,949.08,0.8287,-0.7559,-0.5827
Hutan_mangrove_01,Hutan mangrove,Training,246.22,516.79,324.9,3467.14,826.57,0.8286,-0.7406,-0.615
Hutan_mangrove_01,Hutan mangrove,Training,233.05,551.49,371.78,3363.08,943.75,0.8009,-0.7182,-0.5617
Hutan_mangrove_01,Hutan mangrove,Training,238.28,472.7,305.43,3813.82,763.61,0.8517,-0.7794,-0.6664
Hutan_mangrove_01,Hutan mangrove,Training,248.44,462.15,373.28,3526.44,886.55,0.8086,-0.7683,-0.5982
Hutan_mangrove_01,Hutan mangrove,Training,246.98,512.1,350.39,3590.48,848.16,0.8222,-0.7504,-0.6178
Hutan_mangrove_01,Hutan mangrove,Training,202.76,455.26,371.55,3532.72,833.6,0.8097,-0.7717,-0.6182
Hutan_mangrove_01,Hutan mangrove,Training,207.83,431.21,328.9,3795.37,844.29,0.8405,-0.796,-0.6361
Hutan_mangrove_01,Hutan mangrove,Training,262.01,475.88,369.17,3522.61,776.81,0.8103,-0.762,-0.6386
Hutan_mangrove_01,Hutan mangrove,Training,241.93,573.36,403.7,3707.04,886.29,0.8036,-0.7321,-0.6141
Hutan_mangrove_01,Hutan mangrove,Training,259.12,512.67,348.8,3697.01,920.82,0.8276,-0.7564,-0.6012
Hutan_mangrove_01,Hutan mangrove,Training,240.52,452.19,336.2,3775.89,896.85,0.8365,-0.7861,-0.6161
Hutan_mangrove_01,Hutan mangrove,Training,259.01,488.68,318.21,3547.5,797.75,0.8354,-0.7579,-0.6328
Hutan_mangrove_01,Hutan mangrove,Training,217.41,548.23,337.4,3436.87,1061.8,0.8212,-0.7249,-0.528
Hutan_mangrove_01,Hutan mangrove,Training,274.45,485.14,362.83,3548.13,830.73,0.8145,-0.7594,-0.6206
Hutan_mangrove_01,Hutan mangrove,Training,264.24,487.03,352.26,3824.7,991.12,0.8313,-0.7741,-0.5884
Hutan_mangrove_01,Hutan mangrove,Training,233.5,519.44,316.16,3699.09,914.85,0.8425,-0.7537,-0.6034
Hutan_mangrove_01,Hutan mangrove,Training,261.37,488.1,412.52,3401.71,997.16,0.7837,-0.749,-0.5466
Hutan_mangrove_01,Hutan mangrove,Training,219.05,520.17,367.27,3612.09,850.47,0.8154,-0.7482,-0.6188
Hutan_mangrove_01,Hutan mangrove,Training,254.23,510.68,403.7,3408.09,844.41,0.7882,-0.7394,-0.6029
Hutan_mangrove_01,Hutan mangrove,Training,258.54,489.76,347.0,3835.48,617.97,0.8341,-0.7735,-0.7225
Hutan_mangrove_01,Hutan mangrove,Training,232.06,430.31,314.13,4129.02,959.82,0.8586,-0.8112,-0.6228
Hutan_mangrove_01,Hutan mangrove,Training,278.55,496.78,372.76,3211.36,1003.83,0.792,-0.7321,-0.5237
Hutan_mangrove_01,Hutan mangrove,Training,225.4,478.75,365.15,3669.62,908.46,0.819,-0.7692,-0.6031
Hutan_mangrove_01,Hutan mangrove,Training,209.11,503.99,378.82,3482.85,1031.49,0.8038,-0.7472,-0.543
Hutan_mangrove_01,Hutan mangrove,Training,223.82,500.26,396.06,3450.09,1005.4,0.794,-0.7467,-0.5487
Hutan_mangrove_01,Hutan mangrove,Training,309.24,506.84,334.19,3430.0,1030.46,0.8224,-0.7425,-0.538
Hutan_mangrove_01,Hutan mangrove,Training,288.3,557.97,349.01,3828.32,895.12,0.8329,-0.7456,-0.621
Hutan_mangrove_01,Hutan mangrove,Training,223.51,544.97,399.02,3375.47,796.06,0.7886,-0.722,-0.6183
Hutan_mangrove_01,Hutan mangrove,Training,251.2,538.25,315.99,3649.94,840.96,0.8406,-0.743,-0.6255
Hutan_mangrove_01,Hutan mangrove,Training,271.02,468.08,373.15,3565.19,806.29,0.8105,-0.7679,-0.6311
Hutan_mangrove_01,Hutan mangrove,Training,251.91,422.48,333.23,3674.23,722.82,0.8337,-0.7937,-0.6712
Hutan_mangrove_01,Hutan mangrove,Training,172.87,406.43,389.81,3583.11,846.75,0.8038,-0.7963,-0.6177
Hutan_mangrove_01,Hutan mangrove,Training,278.35,483.82,358.05,3605.67,852.9,0.8193,-0.7634,-0.6174
Hutan_mangrove_01,Hutan mangrove,Training,258.82,530.93,344.45,3498.68,865.75,0.8207,-0.7365,-0.6033
Hutan_mangrove_01,Hutan mangrove,Training,181.06,511.32,313.73,3738.54,890.96,0.8452,-0.7594,-0.6151
Hutan_mangrove_01,Hutan mangrove,Training,253.15,528.01,322.2,3681.23,926.76,0.839,-0.7491,-0.5978
Hutan_mangrove_01,Hutan mangrove,Training,244.46,462.87,367.86,3754.76,911.36,0.8215,-0.7805,-0.6094
Hutan_mangrove_01,Hutan mangrove,Training,217.89,478.9,348.19,3751.47,741.65,0.8301,-0.7736,-0.6699
Hutan_mangrove_01,Hutan mangrove,Training,233.09,483.89,347.5,3313.71,878.25,0.8102,-0.7452,-0.581
Hutan_mangrove_01,Hutan mangrove,Training,240.69,458.5,346.46,3480.94,949.56,0.819,-0.7672,-0.5714
Hutan_mangrove_01,Hutan mangrove,Training,223.44,503.59,325.75,3468.05,929.73,0.8283,-0.7464,-0.5772
Hutan_mangrove_01,Hutan mangrove,Training,257.04,483.32,341.92,3280.21,1040.28,0.8112,-0.7432,-0.5184
Hutan_mangrove_01,Hutan mangrove,Training,270.62,526.06,302.15,3468.99,866.55,0.8398,-0.7366,-0.6003
Hutan_mangrove_01,Hutan mangrove,Training,192.07,535.6,393.62,4053.63,795.41,0.823,-0.7666,-0.6719
Hutan_mangrove_01,Hutan mangrove,Training,253.52,552.91,342.39,3475.26,713.4,0.8206,-0.7255,-0.6594
Hutan_mangrove_01,Hutan mangrove,Training,283.98,499.23,328.12,3662.45,915.3,0.8356,-0.7601,-0.6001
Hutan_mangrove_01,Hutan mangrove,Training,255.05,491.32,398.67,3570.59,1061.93,0.7991,-0.7581,-0.5415
Hutan_mangrove_01,Hutan mangrove,Training,266.92,514.05,346.6,3814.27,911.3,0.8334,-0.7625,-0.6143
Hutan_mangrove_01,Hutan mangrove,Training,222.04,461.38,362.67,3400.38,893.78,0.8072,-0.7611,-0.5837
Hutan_mangrove_03,Hutan mangrove,Training,253.99,569.45,368.6,3802.95,919.08,0.8233,-0.7395,-0.6107
Hutan_mangrove_03,Hutan mangrove,Training,201.53,427.44,412.48,3483.0,838.32,0.7882,-0.7814,-0.612
Hutan_mangrove_03,Hutan mangrove,Training,257.37,522.02,370.31,3990.37,1050.07,0.8302,-0.7686,-0.5833
Hutan_mangrove_03,Hutan mangrove,Training,225.67,538.75,338.48,3569.75,790.6,0.8268,-0.7377,-0.6374
Hutan_mangrove_03,Hutan mangrove,Training,199.21,498.74,321.32,3804.12,871.89,0.8442,-0.7682,-0.6271
Hutan_mangrove_03,Hutan mangrove,Training,259.26,554.7,305.44,3440.58,918.09,0.8369,-0.7223,-0.5787
Hutan_mangrove_03,Hutan mangrove,Training,259.38,544.14,376.01,3621.33,930.34,0.8119,-0.7387,-0.5912
Hutan_mangrove_03,Hutan mangrove,Training,259.93,441.21,345.31,3654.66,945.86,0.8273,-0.7846,-0.5888
Hutan_mangrove_03,Hutan mangrove,Training,222.27,449.25,342.96,4032.82,818.08,0.8432,-0.7995,-0.6627
Hutan_mangrove_03,Hutan mangrove,Training,285.22,563.39,351.36,3450.43,951.28,0.8152,-0.7193,-0.5678
Hutan_mangrove_03,Hutan mangrove,Training,255.85,465.64,330.24,3699.79,993.34,0.8361,-0.7764,-0.5767
Hutan_mangrove_03,Hutan mangrove,Training,240.32,497.23,370.06,3562.05,870.07,0.8118,-0.755,-0.6074
Hutan_mangrove_03,Hutan mangrove,Training,227.34,469.09,430.07,3556.84,1036.51,0.7843,-0.767,-0.5487
Hutan_mangrove_03,Hutan mangrove,Training,300.52,492.66,361.05,3622.55,738.78,0.8187,-0.7606,-0.6612
Hutan_mangrove_03,Hutan mangrove,Training,203.44,501.95,337.25,4016.15,876.34,0.8451,-0.7778,-0.6418
Hutan_mangrove_03,Hutan mangrove,Training,308.53,480.94,407.37,3711.41,956.33,0.8022,-0.7706,-0.5902
Hutan_mangrove_03,Hutan mangrove,Training,234.65,523.08,400.78,3568.14,866.06,0.798,-0.7443,-0.6094
Hutan_mangrove_03,Hutan mangrove,Training,242.6,564.8,375.66,3918.49,931.36,0.825,-0.748,-0.6159
Hutan_mangrove_03,Hutan mangrove,Training,251.18,516.96,382.1,3545.63,1036.87,0.8054,-0.7455,-0.5475
Hutan_mangrove_03,Hutan mangrove,Training,260.97,403.75,376.5,3320.09,985.92,0.7963,-0.7832,-0.5421
Hutan_mangrove_03,Hutan mangrove,Training,277.05,513.2,366.31,3841.75,850.44,0.8259,-0.7643,-0.6375
Hutan_mangrove_03,Hutan mangrove,Training,273.8,546.52,402.8,3356.73,940.85,0.7857,-0.72,-0.5621
Hutan_mangrove_03,Hutan mangrove,Training,221.16,459.84,360.77,3617.04,1014.5,0.8186,-0.7744,-0.5619
Hutan_mangrove_03,Hutan mangrove,Training,239.61,494.64,356.35,3410.4,827.69,0.8108,-0.7467,-0.6094
Hutan_mangrove_03,Hutan mangrove,Training,283.48,478.04,385.47,3733.61,745.25,0.8128,-0.773,-0.6672
Hutan_mangrove_03,Hutan mangrove,Training,265.91,520.9,362.69,3568.79,805.99,0.8155,-0.7453,-0.6315
Hutan_mangrove_03,Hutan mangrove,Training,290.39,495.94,323.5,3700.64,825.72,0.8392,-0.7636,-0.6352
Hutan_mangrove_03,Hutan mangrove,Training,221.53,484.98,330.04,3399.31,980.64,0.823,-0.7503,-0.5522
Hutan_mangrove_03,Hutan mangrove,Training,246.59,550.09,324.36,3219.94,914.88,0.817,-0.7082,-0.5575
Hutan_mangrove_03,Hutan mangrove,Training,305.68,521.24,446.46,3673.05,923.56,0.7832,-0.7515,-0.5982
Hutan_mangrove_03,Hutan mangrove,Training,185.34,517.12,355.06,3510.37,886.32,0.8163,-0.7432,-0.5968
Hutan_mangrove_03,Hutan mangrove,Training,247.96,492.8,412.69,3518.41,916.93,0.79,-0.7543,-0.5865
Hutan_mangrove_03,Hutan mangrove,Training,237.88,531.34,355.3,3538.42,707.4,0.8175,-0.7389,-0.6668
Hutan_mangrove_03,Hutan mangrove,Training,257.3,487.62,348.18,3339.86,1043.33,0.8112,-0.7452,-0.5239
Hutan_mangrove_03,Hutan mangrove,Training,275.7,557.23,384.41,3730.31,785.77,0.8132,-0.7401,-0.652
Hutan_mangrove_03,Hutan mangrove,Training,305.3,462.89,341.95,3755.52,975.65,0.8331,-0.7805,-0.5876
Hutan_mangrove_03,Hutan mangrove,Training,267.17,483.99,331.79,4157.6,896.07,0.8522,-0.7915,-0.6454
Hutan_mangrove_03,Hutan mangrove,Training,245.15,471.46,357.34,3643.57,898.38,0.8214,-0.7709,-0.6044
Hutan_mangrove_03,Hutan mangrove,Training,261.45,570.54,332.15,3609.48,835.22,0.8315,-0.727,-0.6242
Hutan_mangrove_03,Hutan mangrove,Training,258.84,477.26,334.24,3278.9,909.78,0.815,-0.7459,-0.5656
Hutan_mangrove_03,Hutan mangrove,Training,262.89,574.42,364.09,3501.07,764.03,0.8116,-0.7181,-0.6417
Hutan_mangrove_03,Hutan mangrove,Training,213.36,448.17,406.34,3663.32,841.7,0.8003,-0.782,-0.6263
Hutan_mangrove_03,Hutan mangrove,Training,221.2,465.76,331.72,3889.58,897.01,0.8428,-0.7861,-0.6252
Hutan_mangrove_03,Hutan mangrove,Training,206.58,592.42,315.8,3470.02,1031.01,0.8332,-0.7083,-0.5419
Hutan_mangrove_03,Hutan mangrove,Training,262.45,481.2,313.06,3387.33,809.35,0.8308,-0.7512,-0.6143
Hutan_mangrove_03,Hutan mangrove,Training,250.21,507.64,345.54,3591.37,794.93,0.8245,-0.7523,-0.6375
Hutan_mangrove_03,Hutan mangrove,Training,258.79,551.22,345.12,3559.9,908.3,0.8232,-0.7318,-0.5934
Hutan_mangrove_03,Hutan mangrove,Training,283.55,464.21,393.53,3692.67,902.87,0.8074,-0.7767,-0.6071
Hutan_mangrove_03,Hutan mangrove,Training,286.4,452.72,365.66,3694.67,806.45,0.8199,-0.7817,-0.6417
Hutan_mangrove_03,Hutan mangrove,Training,263.82,511.33,344.64,3789.82,842.82,0.8333,-0.7622,-0.6361
Hutan_mangrove_05,Hutan mangrove,Training,245.76,452.7,346.41,3632.56,951.88,0.8259,-0.7784,-0.5847
Hutan_mangrove_05,Hutan mangrove,Training,252.31,464.76,410.36,3782.41,955.27,0.8043,-0.7811,-0.5967
Hutan_mangrove_05,Hutan mangrove,Training,280.14,509.78,388.59,3612.51,900.17,0.8058,-0.7527,-0.601
Hutan_mangrove_05,Hutan mangrove,Training,269.06,563.05,395.36,3730.43,951.66,0.8083,-0.7377,-0.5935
Hutan_mangrove_05,Hutan mangrove,Training,270.88,539.42,388.96,3547.95,1031.81,0.8024,-0.7361,-0.5494
Hutan_mangrove_05,Hutan mangrove,Training,260.29,526.04,391.46,3764.35,991.6,0.8116,-0.7548,-0.583
Hutan_mangrove_05,Hutan mangrove,Training,238.32,559.93,370.87,3627.73,1010.11,0.8145,-0.7326,-0.5644
Hutan_mangrove_05,Hutan mangrove,Training,327.63,453.24,325.89,4190.77,942.67,0.8557,-0.8048,-0.6327
Hutan_mangrove_05,Hutan mangrove,Training,255.73,495.38,386.25,4174.47,833.48,0.8306,-0.7878,-0.6671
Hutan_mangrove_05,Hutan mangrove,Training,247.09,485.97,371.99,3868.93,1062.09,0.8246,-0.7768,-0.5692
Hutan_mangrove_05,Hutan mangrove,Training,273.0,600.77,332.76,3416.4,1046.93,0.8225,-0.7009,-0.5309
Hutan_mangrove_05,Hutan mangrove,Training,253.68,444.96,340.52,3656.24,835.38,0.8296,-0.783,-0.628
Hutan_mangrove_05,Hutan mangrove,Training,219.56,491.69,318.06,3739.73,705.62,0.8432,-0.7676,-0.6825
Hutan_mangrove_05,Hutan mangrove,Training,252.71,520.78,347.28,3840.51,762.94,0.8341,-0.7612,-0.6685
Hutan_mangrove_05,Hutan mangrove,Training,228.97,486.8,371.38,3648.07,1114.34,0.8152,-0.7645,-0.532
Hutan_mangrove_05,Hutan mangrove,Training,225.83,444.2,403.67,3285.21,968.31,0.7811,-0.7618,-0.5447
Hutan_mangrove_05,Hutan mangrove,Training,220.64,417.23,338.76,3797.89,777.82,0.8362,-0.802,-0.66
Hutan_mangrove_05,Hutan mangrove,Training,267.28,530.51,311.85,3549.89,1057.71,0.8385,-0.74,-0.5409
Hutan_mangrove_05,Hutan mangrove,Training,269.52,489.54,362.46,3449.24,1011.37,0.8098,-0.7514,-0.5465
Hutan_mangrove_05,Hutan mangrove,Training,283.4,504.84,356.92,3380.26,764.8,0.809,-0.7401,-0.631
Hutan_mangrove_05,Hutan mangrove,Training,238.7,496.5,381.88,3802.93,918.48,0.8175,-0.769,-0.6109
Hutan_mangrove_05,Hutan mangrove,Training,285.72,462.26,382.32,3426.11,1023.97,0.7992,-0.7622,-0.5398
Hutan_mangrove_05,Hutan mangrove,Training,249.6,420.07,371.9,3778.1,854.34,0.8208,-0.7999,-0.6311
Hutan_mangrove_05,Hutan mangrove,Training,238.86,493.62,292.25,3079.76,1030.16,0.8267,-0.7237,-0.4987
Hutan_mangrove_05,Hutan mangrove,Training,225.28,574.21,391.11,3944.78,834.97,0.8196,-0.7459,-0.6506
Hutan_mangrove_05,Hutan mangrove,Training,201.75,456.52,336.61,3077.89,852.46,0.8028,-0.7417,-0.5662
Hutan_mangrove_05,Hutan mangrove,Training,243.95,448.22,318.79,3551.47,935.63,0.8353,-0.7759,-0.583
Hutan_mangrove_05,Hutan mangrove,Training,223.28,511.69,354.11,3610.31,834.8,0.8214,-0.7517,-0.6244
Hutan_mangrove_05,Hutan mangrove,Training,210.0,567.86,368.91,3821.26,891.64,0.8239,-0.7412,-0.6216
Hutan_mangrove_05,Hutan mangrove,Training,245.08,519.63,294.96,3354.78,820.22,0.8384,-0.7318,-0.6071
Hutan_mangrove_05,Hutan mangrove,Training,236.36,464.81,359.98,3617.92,1039.29,0.819,-0.7723,-0.5537
Hutan_mangrove_05,Hutan mangrove,Training,324.21,449.49,354.42,3632.02,898.58,0.8222,-0.7797,-0.6033
Hutan_mangrove_05,Hutan mangrove,Training,217.46,463.31,357.21,3392.02,915.93,0.8094,-0.7597,-0.5748
Hutan_mangrove_05,Hutan mangrove,Training,242.62,505.67,321.4,3634.64,811.9,0.8375,-0.7557,-0.6348
Hutan_mangrove_05,Hutan mangrove,Training,254.82,553.58,357.83,3670.81,981.72,0.8224,-0.7379,-0.578
Hutan_mangrove_05,Hutan mangrove,Training,207.89,568.76,318.33,3793.53,974.69,0.8452,-0.7392,-0.5912
Hutan_mangrove_05,Hutan mangrove,Training,222.94,540.36,364.93,4015.8,919.34,0.8334,-0.7628,-0.6274
Hutan_mangrove_05,Hutan mangrove,Training,246.74,479.41,297.7,3529.99,872.41,0.8444,-0.7609,-0.6037
Hutan_mangrove_05,Hutan mangrove,Training,257.86,443.08,342.83,3726.78,967.55,0.8315,-0.7875,-0.5878
Hutan_mangrove_05,Hutan mangrove,Training,194.21,528.26,342.6,3559.3,663.55,0.8244,-0.7415,-0.6857
Hutan_mangrove_05,Hutan mangrove,Training,294.81,507.07,304.06,3682.54,934.45,0.8475,-0.7579,-0.5952
Hutan_mangrove_05,Hutan mangrove,Training,286.68,487.61,350.36,3458.58,959.79,0.816,-0.7529,-0.5655
Hutan_mangrove_05,Hutan mangrove,Training,226.5,464.28,347.97,3330.31,1060.21,0.8108,-0.7553,-0.517
Hutan_mangrove_05,Hutan mangrove,Training,307.82,481.86,308.4,3674.05,851.79,0.8451,-0.7681,-0.6236
Hutan_mangrove_05,Hutan mangrove,Training,285.24,468.51,366.34,3625.08,832.37,0.8164,-0.7711,-0.6265
Hutan_mangrove_05,Hutan mangrove,Training,257.2,535.14,352.61,3621.4,812.72,0.8225,-0.7425,-0.6334
Hutan_mangrove_05,Hutan mangrove,Training,284.33,541.78,337.68,3572.66,1041.42,0.8273,-0.7366,-0.5486
Hutan_mangrove_05,Hutan mangrove,Training,215.99,524.17,333.24,3991.18,906.34,0.8459,-0.7678,-0.6299
Hutan_mangrove_05,Hutan mangrove,Training,287.81,469.55,312.54,3548.46,926.27,0.8381,-0.7663,-0.586
Hutan_mangrove_05,Hutan mangrove,Training,234.68,530.33,343.7,3142.08,955.28,0.8028,-0.7112,-0.5337
Hutan_mangrove_10,Hutan mangrove,Training,205.59,499.78,376.08,3191.95,893.56,0.7892,-0.7292,-0.5626
Hutan_mangrove_10,Hutan mangrove,Training,213.53,474.34,274.85,3906.4,864.42,0.8685,-0.7834,-0.6376
Hutan_mangrove_10,Hutan mangrove,Training,225.78,513.13,318.73,3349.81,1051.03,0.8262,-0.7343,-0.5223
Hutan_mangrove_10,Hutan mangrove,Training,304.26,476.32,382.02,3678.33,758.62,0.8118,-0.7707,-0.658
Hutan_mangrove_10,Hutan mangrove,Training,222.16,562.04,307.2,4101.82,842.86,0.8607,-0.759,-0.6591
Hutan_mangrove_10,Hutan mangrove,Training,297.42,487.78,374.0,3906.91,1039.0,0.8253,-0.778,-0.5799
Hutan_mangrove_10,Hutan mangrove,Training,232.47,465.7,347.56,3313.89,923.93,0.8102,-0.7536,-0.564
Hutan_mangrove_10,Hutan mangrove,Training,225.38,543.31,332.9,3216.7,1040.09,0.8124,-0.711,-0.5113
Hutan_mangrove_10,Hutan mangrove,Training,255.5,501.17,382.83,3791.75,823.81,0.8166,-0.7665,-0.643
Hutan_mangrove_10,Hutan mangrove,Training,236.51,455.48,306.07,3727.29,939.22,0.8482,-0.7822,-0.5975
Hutan_mangrove_10,Hutan mangrove,Training,272.82,551.26,373.23,3789.96,692.2,0.8207,-0.746,-0.6911
Hutan_mangrove_10,Hutan mangrove,Training,240.79,538.58,314.95,3620.17,951.95,0.8399,-0.741,-0.5836
Hutan_mangrove_10,Hutan mangrove,Training,263.29,514.75,367.97,3639.76,753.71,0.8164,-0.7522,-0.6569
Hutan_mangrove_10,Hutan mangrove,Training,265.21,511.39,306.51,3903.54,953.38,0.8544,-0.7683,-0.6074
Hutan_mangrove_10,Hutan mangrove,Training,208.59,467.31,333.08,3475.75,929.31,0.8251,-0.763,-0.5781
Hutan_mangrove_10,Hutan mangrove,Training,220.71,545.13,381.37,3736.25,904.42,0.8148,-0.7454,-0.6102
Hutan_mangrove_10,Hutan mangrove,Training,278.12,488.96,328.27,3861.82,931.75,0.8433,-0.7752,-0.6112
Hutan_mangrove_10,Hutan mangrove,Training,229.48,483.29,327.91,4044.88,900.41,0.85,-0.7865,-0.6359
Hutan_mangrove_10,Hutan mangrove,Training,254.73,528.85,313.54,3841.24,839.22,0.8491,-0.758,-0.6414
Hutan_mangrove_10,Hutan mangrove,Training,304.9,487.49,381.13,3050.7,782.49,0.7779,-0.7244,-0.5917
Hutan_mangrove_10,Hutan mangrove,Training,241.19,418.77,368.03,3668.85,800.92,0.8177,-0.7951,-0.6416
Hutan_mangrove_10,Hutan mangrove,Training,249.52,532.26,286.91,3319.83,866.49,0.8409,-0.7237,-0.586
Hutan_mangrove_10,Hutan mangrove,Training,250.71,497.66,376.68,3704.99,969.66,0.8154,-0.7632,-0.5851
Hutan_mangrove_10,Hutan mangrove,Training,208.3,505.79,340.79,3921.66,917.44,0.8401,-0.7715,-0.6208
Hutan_mangrove_10,Hutan mangrove,Training,229.93,534.1,366.9,3419.25,865.15,0.8062,-0.7298,-0.5961
Hutan_mangrove_10,Hutan mangrove,Training,240.06,549.1,356.1,3759.89,850.67,0.827,-0.7451,-0.631
Hutan_mangrove_10,Hutan mangrove,Training,260.04,552.13,339.17,3625.33,763.67,0.8289,-0.7357,-0.652
Hutan_mangrove_10,Hutan mangrove,Training,227.03,486.62,318.17,3890.83,816.2,0.8488,-0.7777,-0.6532
Hutan_mangrove_10,Hutan mangrove,Training,273.6,507.47,350.93,3926.96,673.94,0.8359,-0.7711,-0.707
Hutan_mangrove_10,Hutan mangrove,Training,244.11,456.78,291.16,3337.16,901.72,0.8395,-0.7592,-0.5745
Hutan_mangrove_10,Hutan mangrove,Training,228.24,535.86,343.58,3528.56,867.97,0.8225,-0.7363,-0.6052
Hutan_mangrove_10,Hutan mangrove,Training,247.05,483.26,324.46,3817.62,837.59,0.8433,-0.7753,-0.6401
Hutan_mangrove_10,Hutan mangrove,Training,238.49,517.18,359.56,3403.44,975.5,0.8089,-0.7362,-0.5545
Hutan_mangrove_10,Hutan mangrove,Training,266.13,507.12,337.06,3510.52,879.82,0.8248,-0.7476,-0.5992
Hutan_mangrove_10,Hutan mangrove,Training,213.05,498.43,376.76,3792.8,861.91,0.8193,-0.7677,-0.6297
Hutan_mangrove_10,Hutan mangrove,Training,281.92,576.24,340.51,3752.13,673.72,0.8336,-0.7337,-0.6956
Hutan_mangrove_10,Hutan mangrove,Training,212.26,503.64,319.8,4048.62,959.79,0.8536,-0.7787,-0.6167
Hutan_mangrove_10,Hutan mangrove,Training,278.97,498.84,319.9,3485.86,925.44,0.8319,-0.7496,-0.5804
Hutan_mangrove_10,Hutan mangrove,Training,230.86,526.85,371.34,3601.1,717.44,0.813,-0.7447,-0.6677
Hutan_mangrove_10,Hutan mangrove,Training,301.44,491.49,431.28,3743.56,879.0,0.7934,-0.7679,-0.6197
Hutan_mangrove_10,Hutan mangrove,Training,263.43,419.23,380.78,4164.73,691.08,0.8325,-0.8171,-0.7154
Hutan_mangrove_10,Hutan mangrove,Training,241.38,495.79,376.26,4063.31,938.29,0.8305,-0.7825,-0.6248
Hutan_mangrove_10,Hutan mangrove,Training,314.25,506.82,363.54,3672.21,1022.03,0.8198,-0.7574,-0.5646
Hutan_mangrove_10,Hutan mangrove,Training,237.33,532.73,313.08,3537.41,836.33,0.8374,-0.7382,-0.6176
Hutan_mangrove_10,Hutan mangrove,Training,252.64,487.36,383.96,3406.69,726.87,0.7974,-0.7497,-0.6483
Hutan_mangrove_10,Hutan mangrove,Training,209.28,539.77,320.91,3687.53,870.52,0.8399,-0.7446,-0.618
Hutan_mangrove_10,Hutan mangrove,Training,274.73,490.77,432.93,4017.59,868.48,0.8054,-0.7823,-0.6445
Hutan_mangrove_10,Hutan mangrove,Training,236.44,625.29,317.63,3587.89,902.24,0.8373,-0.7032,-0.5981
Hutan_mangrove_10,Hutan mangrove,Training,249.93,430.45,364.9,3386.52,1043.6,0.8055,-0.7745,-0.5289
Hutan_mangrove_10,Hutan mangrove,Training,206.32,502.38,283.52,3126.04,816.06,0.8337,-0.7231,-0.586
Hutan_mangrove_11,Hutan mangrove,Training,229.05,558.63,348.78,3884.33,862.02,0.8352,-0.7485,-0.6368
Hutan_mangrove_11,Hutan mangrove,Training,268.18,470.98,326.2,3199.41,933.58,0.815,-0.7434,-0.5482
Hutan_mangrove_11,Hutan mangrove,Training,257.86,531.09,356.45,4045.76,917.6,0.8381,-0.7679,-0.6302
Hutan_mangrove_11,Hutan mangrove,Training,279.75,487.04,322.75,3757.89,891.09,0.8418,-0.7705,-0.6167
Hutan_mangrove_11,Hutan mangrove,Training,274.96,514.12,326.21,3836.35,812.88,0.8433,-0.7636,-0.6503
Hutan_mangrove_11,Hutan mangrove,Training,268.76,551.26,338.46,3854.32,939.76,0.8386,-0.7497,-0.6079
Hutan_mangrove_11,Hutan mangrove,Training,275.56,466.53,356.43,3290.22,1071.13,0.8045,-0.7516,-0.5088
Hutan_mangrove_11,Hutan mangrove,Training,189.58,485.81,322.05,3748.43,1092.39,0.8418,-0.7705,-0.5487
Hutan_mangrove_11,Hutan mangrove,Training,269.65,618.45,308.66,3313.74,810.69,0.8296,-0.6854,-0.6069
Hutan_mangrove_11,Hutan mangrove,Training,253.64,458.92,327.45,3736.51,776.08,0.8389,-0.7812,-0.656
Hutan_mangrove_11,Hutan mangrove,Training,216.0,484.06,340.87,3822.2,809.94,0.8362,-0.7752,-0.6503
Hutan_mangrove_11,Hutan mangrove,Training,228.39,523.27,374.04,3914.32,946.91,0.8256,-0.7642,-0.6104
Hutan_mangrove_11,Hutan mangrove,Training,253.91,523.0,341.98,3539.55,722.59,0.8238,-0.7425,-0.6609
Hutan_mangrove_11,Hutan mangrove,Training,276.8,508.46,373.31,2980.52,895.29,0.7774,-0.7085,-0.538
Hutan_mangrove_11,Hutan mangrove,Training,224.32,560.05,368.43,3651.53,856.81,0.8167,-0.734,-0.6199
Hutan_mangrove_11,Hutan mangrove,Training,261.92,462.87,347.01,3472.76,1126.65,0.8183,-0.7648,-0.5101
Hutan_mangrove_11,Hutan mangrove,Training,294.1,542.52,305.29,3790.11,918.77,0.8509,-0.7496,-0.6098
Hutan_mangrove_11,Hutan mangrove,Training,286.7,512.9,349.8,3651.43,719.44,0.8252,-0.7537,-0.6708
Hutan_mangrove_11,Hutan mangrove,Training,226.98,514.93,384.18,3478.89,895.92,0.8011,-0.7421,-0.5904
Hutan_mangrove_11,Hutan mangrove,Training,201.97,558.37,383.41,3743.46,940.68,0.8142,-0.7404,-0.5984
Hutan_mangrove_11,Hutan mangrove,Training,296.58,467.8,322.61,3833.53,999.43,0.8448,-0.7825,-0.5864
Hutan_mangrove_11,Hutan mangrove,Training,214.2,478.75,400.67,3690.57,978.72,0.8041,-0.7703,-0.5808
Hutan_mangrove_11,Hutan mangrove,Training,215.23,526.27,307.41,3164.44,972.68,0.8229,-0.7148,-0.5298
Hutan_mangrove_11,Hutan mangrove,Training,293.03,489.85,333.6,3976.39,880.52,0.8452,-0.7806,-0.6374
Hutan_mangrove_11,Hutan mangrove,Training,248.03,567.76,339.39,3456.11,981.55,0.8212,-0.7178,-0.5576
Hutan_mangrove_11,Hutan mangrove,Training,228.64,494.22,310.43,3640.79,906.81,0.8429,-0.761,-0.6012
Hutan_mangrove_11,Hutan mangrove,Training,279.04,534.29,366.55,3686.74,892.67,0.8191,-0.7468,-0.6101
Hutan_mangrove_11,Hutan mangrove,Training,268.29,455.51,279.53,3855.62,967.42,0.8648,-0.7887,-0.5988
Hutan_mangrove_11,Hutan mangrove,Training,246.19,542.98,328.06,3444.79,815.59,0.8261,-0.7277,-0.6171
Hutan_mangrove_11,Hutan mangrove,Training,267.03,436.68,326.99,3663.74,779.58,0.8361,-0.787,-0.6491
Hutan_mangrove_11,Hutan mangrove,Training,230.19,411.54,368.17,3448.68,790.07,0.8071,-0.7868,-0.6272
Hutan_mangrove_11,Hutan mangrove,Training,211.15,483.27,302.6,4027.32,661.53,0.8602,-0.7857,-0.7178
Hutan_mangrove_11,Hutan mangrove,Training,236.48,504.28,326.74,3646.67,820.04,0.8355,-0.757,-0.6328
Hutan_mangrove_11,Hutan mangrove,Training,295.9,455.24,279.46,3314.33,938.65,0.8445,-0.7585,-0.5586
Hutan_mangrove_11,Hutan mangrove,Training,246.46,530.09,365.05,3460.02,851.09,0.8091,-0.7343,-0.6052
Hutan_mangrove_11,Hutan mangrove,Training,238.44,575.37,370.72,4016.17,984.08,0.831,-0.7494,-0.6064
Hutan_mangrove_11,Hutan mangrove,Training,248.09,459.23,356.05,3586.61,890.64,0.8194,-0.773,-0.6022
Hutan_mangrove_11,Hutan mangrove,Training,243.73,417.9,387.83,3588.9,758.57,0.805,-0.7914,-0.651
Hutan_mangrove_11,Hutan mangrove,Training,264.45,465.77,366.86,3793.96,1001.96,0.8237,-0.7813,-0.5822
Hutan_mangrove_11,Hutan mangrove,Training,245.17,483.45,331.23,3441.04,898.28,0.8244,-0.7536,-0.586
Hutan_mangrove_11,Hutan mangrove,Training,243.72,466.99,315.69,3576.07,856.58,0.8378,-0.769,-0.6135
Hutan_mangrove_11,Hutan mangrove,Training,215.76,533.22,403.16,3811.77,827.98,0.8087,-0.7546,-0.6431
Hutan_mangrove_11,Hutan mangrove,Training,248.49,561.62,314.79,3772.17,755.19,0.846,-0.7408,-0.6664
Hutan_mangrove_11,Hutan mangrove,Training,300.52,482.79,416.87,3980.17,889.36,0.8104,-0.7836,-0.6347
Hutan_mangrove_11,Hutan mangrove,Training,228.42,507.79,344.6,3511.66,734.19,0.8213,-0.7473,-0.6542
Hutan_mangrove_11,Hutan mangrove,Training,234.56,455.58,366.55,3818.04,974.07,0.8248,-0.7868,-0.5935
Hutan_mangrove_11,Hutan mangrove,Training,260.27,465.88,356.16,3774.41,841.38,0.8275,-0.7803,-0.6354
Hutan_mangrove_11,Hutan mangrove,Training,253.57,494.18,399.87,3787.34,960.92,0.809,-0.7692,-0.5953
Hutan_mangrove_11,Hutan mangrove,Training,198.5,506.91,345.35,3564.0,743.66,0.8233,-0.751,-0.6547
Hutan_mangrove_11,Hutan mangrove,Training,217.37,497.28,383.43,3470.08,860.01,0.801,-0.7493,-0.6028
Hutan_mangrove_12,Hutan mangrove,Training,303.43,488.13,346.14,3574.65,765.45,0.8234,-0.7597,-0.6473
Hutan_mangrove_12,Hutan mangrove,Training,267.15,473.88,349.1,3697.76,1094.26,0.8275,-0.7728,-0.5433
Hutan_mangrove_12,Hutan mangrove,Training,210.47,534.6,376.06,3459.59,959.95,0.8039,-0.7323,-0.5656
Hutan_mangrove_12,Hutan mangrove,Training,299.3,469.4,357.24,3689.06,953.42,0.8234,-0.7742,-0.5893
Hutan_mangrove_12,Hutan mangrove,Training,273.08,506.65,365.4,3399.48,916.4,0.8059,-0.7406,-0.5753
Hutan_mangrove_12,Hutan mangrove,Training,235.71,450.81,334.73,3659.28,943.58,0.8324,-0.7806,-0.59
Hutan_mangrove_12,Hutan mangrove,Training,211.95,462.49,371.74,3711.79,988.71,0.8179,-0.7784,-0.5793
Hutan_mangrove_12,Hutan mangrove,Training,291.03,521.52,337.56,3625.27,1065.99,0.8296,-0.7485,-0.5455
Hutan_mangrove_12,Hutan mangrove,Training,332.93,518.52,366.07,3759.66,902.38,0.8225,-0.7576,-0.6129
Hutan_mangrove_12,Hutan mangrove,Training,284.92,540.32,360.63,3530.04,747.93,0.8146,-0.7345,-0.6503
Hutan_mangrove_12,Hutan mangrove,Training,271.97,508.51,327.87,3351.42,966.14,0.8218,-0.7365,-0.5525
Hutan_mangrove_12,Hutan mangrove,Training,201.96,511.99,375.31,3720.98,860.93,0.8168,-0.7581,-0.6242
Hutan_mangrove_12,Hutan mangrove,Training,212.52,523.48,386.02,3474.0,950.69,0.8,-0.7381,-0.5703
Hutan_mangrove_12,Hutan mangrove,Training,297.45,513.55,338.09,3828.99,826.24,0.8377,-0.7635,-0.645
Hutan_mangrove_12,Hutan mangrove,Training,211.05,532.49,337.82,3530.37,837.31,0.8253,-0.7379,-0.6166
Hutan_mangrove_12,Hutan mangrove,Training,235.82,556.12,399.87,3994.9,1009.01,0.818,-0.7556,-0.5967
Hutan_mangrove_12,Hutan mangrove,Training,263.99,442.71,344.37,4074.49,856.44,0.8441,-0.804,-0.6526
Hutan_mangrove_12,Hutan mangrove,Training,295.42,502.2,269.66,3740.91,1026.63,0.8655,-0.7633,-0.5693
Hutan_mangrove_12,Hutan mangrove,Training,248.53,549.32,299.97,3295.18,920.49,0.8331,-0.7142,-0.5633
Hutan_mangrove_12,Hutan mangrove,Training,264.31,554.26,369.17,3337.4,921.3,0.8008,-0.7152,-0.5673
Hutan_mangrove_12,Hutan mangrove,Training,268.02,425.03,348.69,3526.17,834.53,0.82,-0.7849,-0.6172
Hutan_mangrove_12,Hutan mangrove,Training,264.96,454.01,362.51,3723.09,1008.38,0.8225,-0.7826,-0.5738
Hutan_mangrove_12,Hutan mangrove,Training,216.3,439.79,358.37,3537.02,1190.27,0.816,-0.7788,-0.4964
Hutan_mangrove_12,Hutan mangrove,Training,263.75,502.33,344.82,3332.03,956.39,0.8124,-0.738,-0.554
Hutan_mangrove_12,Hutan mangrove,Training,247.63,496.87,352.83,3648.67,726.07,0.8236,-0.7603,-0.6681
Hutan_mangrove_12,Hutan mangrove,Training,275.11,466.14,345.86,3882.9,1077.94,0.8364,-0.7856,-0.5654
Hutan_mangrove_12,Hutan mangrove,Training,198.99,501.21,358.19,3268.34,980.26,0.8025,-0.7341,-0.5385
Hutan_mangrove_12,Hutan mangrove,Training,253.49,507.77,322.47,3690.84,983.82,0.8393,-0.7581,-0.5791
Hutan_mangrove_12,Hutan mangrove,Training,253.82,479.44,336.92,3648.49,904.88,0.8309,-0.7677,-0.6025
Hutan_mangrove_12,Hutan mangrove,Training,277.14,480.79,313.45,3679.06,852.25,0.843,-0.7688,-0.6238
Hutan_mangrove_12,Hutan mangrove,Training,273.51,500.3,369.64,3376.85,914.34,0.8027,-0.7419,-0.5739
Hutan_mangrove_12,Hutan mangrove,Training,229.02,451.19,324.17,3480.22,1024.47,0.8296,-0.7705,-0.5452
Hutan_mangrove_12,Hutan mangrove,Training,232.87,449.14,353.94,3606.42,850.79,0.8213,-0.7785,-0.6182
Hutan_mangrove_12,Hutan mangrove,Training,245.16,539.05,370.12,3728.53,781.63,0.8194,-0.7474,-0.6534
Hutan_mangrove_12,Hutan mangrove,Training,336.6,542.05,365.51,3343.85,994.77,0.8029,-0.721,-0.5414
Hutan_mangrove_12,Hutan mangrove,Training,234.97,492.23,299.58,3326.87,943.85,0.8348,-0.7422,-0.558
Hutan_mangrove_12,Hutan mangrove,Training,280.19,527.4,369.52,3585.75,859.33,0.8131,-0.7436,-0.6134
Hutan_mangrove_12,Hutan mangrove,Training,258.67,532.86,350.15,3866.26,878.49,0.8339,-0.7577,-0.6297
Hutan_mangrove_12,Hutan mangrove,Training,220.59,499.59,353.18,3581.95,1028.07,0.8205,-0.7552,-0.554
Hutan_mangrove_12,Hutan mangrove,Training,274.16,442.76,396.03,2996.89,1115.1,0.7666,-0.7426,-0.4576
Hutan_mangrove_12,Hutan mangrove,Training,241.38,492.42,348.2,3684.75,899.97,0.8273,-0.7642,-0.6074
Hutan_mangrove_12,Hutan mangrove,Training,246.0,552.36,366.97,3389.06,974.07,0.8046,-0.7197,-0.5535
Hutan_mangrove_12,Hutan mangrove,Training,265.72,478.19,373.76,3565.33,877.83,0.8102,-0.7635,-0.6049
Hutan_mangrove_12,Hutan mangrove,Training,242.53,402.88,334.2,3756.9,897.76,0.8366,-0.8063,-0.6143
Hutan_mangrove_12,Hutan mangrove,Training,211.44,538.59,341.04,3331.25,1120.6,0.8143,-0.7216,-0.4966
Hutan_mangrove_12,Hutan mangrove,Training,218.4,535.18,326.92,3629.88,809.78,0.8348,-0.743,-0.6352
Hutan_mangrove_12,Hutan mangrove,Training,212.82,520.89,362.16,3851.82,896.56,0.8281,-0.7618,-0.6224
Hutan_mangrove_12,Hutan mangrove,Training,316.61,510.73,367.0,3301.15,838.59,0.7999,-0.732,-0.5949
Hutan_mangrove_12,Hutan mangrove,Training,265.59,496.63,355.63,3420.37,912.19,0.8116,-0.7464,-0.5789
Hutan_mangrove_12,Hutan mangrove,Training,253.56,452.78,369.28,3225.99,918.42,0.7946,-0.7538,-0.5568
Hutan_mangrove_13,Hutan mangrove,Training,302.97,527.22,370.23,3402.57,1076.91,0.8037,-0.7317,-0.5192
Hutan_mangrove_13,Hutan mangrove,Training,291.3,466.26,335.76,3876.02,1079.61,0.8406,-0.7852,-0.5643
Hutan_mangrove_13,Hutan mangrove,Training,212.06,459.85,345.69,3122.36,901.9,0.8006,-0.7433,-0.5518
Hutan_mangrove_13,Hutan mangrove,Training,285.57,442.45,353.81,3472.01,1063.99,0.815,-0.7739,-0.5309
Hutan_mangrove_13,Hutan mangrove,Training,232.91,560.76,332.08,3769.66,925.19,0.8381,-0.741,-0.6059
Hutan_mangrove_13,Hutan mangrove,Training,245.85,468.38,359.69,3503.08,831.02,0.8138,-0.7641,-0.6165
Hutan_mangrove_13,Hutan mangrove,Training,294.18,521.9,369.31,3513.85,881.4,0.8098,-0.7414,-0.5989
Hutan_mangrove_13,Hutan mangrove,Training,242.54,513.49,369.25,3593.34,820.74,0.8136,-0.7499,-0.6281
Hutan_mangrove_13,Hutan mangrove,Training,272.82,501.34,306.77,3130.24,929.79,0.8215,-0.7239,-0.542
Hutan_mangrove_13,Hutan mangrove,Training,225.12,517.24,326.73,3629.3,862.16,0.8348,-0.7505,-0.6161
Hutan_mangrove_13,Hutan mangrove,Training,302.56,538.01,390.42,3605.29,982.24,0.8046,-0.7403,-0.5718
Hutan_mangrove_13,Hutan mangrove,Training,252.75,558.78,347.82,3292.55,700.14,0.8089,-0.7098,-0.6493
Hutan_mangrove_13,Hutan mangrove,Training,300.05,519.14,366.33,3927.72,734.83,0.8294,-0.7665,-0.6848
Hutan_mangrove_13,Hutan mangrove,Training,239.24,490.56,372.27,3447.62,779.86,0.8051,-0.7509,-0.6311
Hutan_mangrove_13,Hutan mangrove,Training,213.69,545.98,327.72,3478.56,963.45,0.8278,-0.7287,-0.5662
Hutan_mangrove_13,Hutan mangrove,Training,229.03,431.8,302.55,3587.5,949.73,0.8444,-0.7851,-0.5814
Hutan_mangrove_13,Hutan mangrove,Training,243.93,517.22,301.61,3260.03,1125.39,0.8306,-0.7261,-0.4868
Hutan_mangrove_13,Hutan mangrove,Training,286.98,530.76,330.21,3547.64,899.83,0.8297,-0.7397,-0.5954
Hutan_mangrove_13,Hutan mangrove,Training,289.43,516.11,365.78,3563.12,979.27,0.8138,-0.747,-0.5688
Hutan_mangrove_13,Hutan mangrove,Training,259.07,501.76,327.71,3575.01,792.05,0.8321,-0.7538,-0.6373
Hutan_mangrove_13,Hutan mangrove,Training,248.8,503.56,277.86,3549.33,782.41,0.8548,-0.7515,-0.6388
Hutan_mangrove_13,Hutan mangrove,Training,264.96,525.49,337.21,3720.78,959.11,0.8338,-0.7525,-0.5901
Hutan_mangrove_13,Hutan mangrove,Training,243.11,561.37,328.25,3923.7,877.48,0.8456,-0.7497,-0.6345
Hutan_mangrove_13,Hutan mangrove,Training,224.7,485.94,317.02,3772.6,739.72,0.845,-0.7718,-0.6721
Hutan_mangrove_13,Hutan mangrove,Training,291.69,462.57,375.1,3605.33,927.08,0.8115,-0.7726,-0.5909
Hutan_mangrove_13,Hutan mangrove,Training,232.3,514.11,354.05,3279.26,803.75,0.8051,-0.7289,-0.6063
Hutan_mangrove_13,Hutan mangrove,Training,233.77,469.8,387.58,3601.54,822.13,0.8057,-0.7692,-0.6283
Hutan_mangrove_13,Hutan mangrove,Training,235.28,479.82,341.36,3363.43,818.61,0.8157,-0.7503,-0.6085
Hutan_mangrove_13,Hutan mangrove,Training,273.0,507.41,345.43,3600.58,895.44,0.8249,-0.753,-0.6017
Hutan_mangrove_13,Hutan mangrove,Training,243.73,520.68,363.29,3254.21,886.84,0.7991,-0.7241,-0.5717
Hutan_mangrove_13,Hutan mangrove,Training,204.83,525.42,373.03,3465.63,888.32,0.8056,-0.7367,-0.5919
Hutan_mangrove_13,Hutan mangrove,Training,186.66,538.91,371.29,3853.02,1048.65,0.8242,-0.7546,-0.5721
Hutan_mangrove_13,Hutan mangrove,Training,213.28,535.52,394.38,3271.19,882.88,0.7848,-0.7186,-0.5749
Hutan_mangrove_13,Hutan mangrove,Training,239.1,534.22,278.18,3999.51,888.75,0.8699,-0.7643,-0.6364
Hutan_mangrove_13,Hutan mangrove,Training,277.48,497.59,364.76,3089.29,861.51,0.7888,-0.7225,-0.5639
Hutan_mangrove_13,Hutan mangrove,Training,275.43,511.55,300.89,3613.51,818.13,0.8463,-0.752,-0.6308
Hutan_mangrove_13,Hutan mangrove,Training,222.84,439.17,368.56,3844.86,1112.01,0.8251,-0.795,-0.5513
Hutan_mangrove_13,Hutan mangrove,Training,205.78,530.69,375.0,3472.29,808.24,0.8051,-0.7349,-0.6224
Hutan_mangrove_13,Hutan mangrove,Training,217.43,478.91,356.08,3899.22,1010.53,0.8326,-0.7812,-0.5884
Hutan_mangrove_13,Hutan mangrove,Training,201.54,468.45,388.99,3439.16,894.31,0.7968,-0.7602,-0.5873
Hutan_mangrove_13,Hutan mangrove,Training,198.84,546.12,292.62,3238.58,1005.08,0.8343,-0.7114,-0.5263
Hutan_mangrove_13,Hutan mangrove,Training,307.6,488.38,348.59,3799.82,928.94,0.8319,-0.7722,-0.6071
Hutan_mangrove_13,Hutan mangrove,Training,238.8,480.58,303.0,3651.25,890.81,0.8467,-0.7674,-0.6078
Hutan_mangrove_13,Hutan mangrove,Training,236.86,459.93,322.98,3736.04,988.17,0.8409,-0.7808,-0.5817
Hutan_mangrove_13,Hutan mangrove,Training,240.19,482.7,324.39,3806.1,903.1,0.8429,-0.7749,-0.6165
Hutan_mangrove_13,Hutan mangrove,Training,261.04,514.34,340.77,3343.62,800.39,0.815,-0.7334,-0.6137
Hutan_mangrove_13,Hutan mangrove,Training,283.84,470.97,337.69,3350.43,778.39,0.8169,-0.7535,-0.6229
Hutan_mangrove_13,Hutan mangrove,Training,226.93,567.54,369.74,3484.11,1008.29,0.8081,-0.7198,-0.5511
Hutan_mangrove_13,Hutan mangrove,Training,245.43,554.17,416.35,3826.2,909.46,0.8037,-0.747,-0.6159
Hutan_mangrove_13,Hutan mangrove,Training,270.98,500.6,294.92,3455.98,804.84,0.8427,-0.747,-0.6222
Hutan_mangrove_15,Hutan mangrove,Training,235.77,489.12,360.67,3576.13,981.06,0.8168,-0.7594,-0.5694
Hutan_mangrove_15,Hutan mangrove,Training,262.91,484.95,294.3,3929.79,831.39,0.8607,-0.7803,-0.6508
Hutan_mangrove_15,Hutan mangrove,Training,260.73,423.34,349.66,3622.06,914.86,0.8239,-0.7907,-0.5967
Hutan_mangrove_15,Hutan mangrove,Training,340.41,474.76,374.62,3715.11,832.14,0.8168,-0.7734,-0.634
Hutan_mangrove_15,Hutan mangrove,Training,274.17,493.43,376.26,4031.41,915.08,0.8293,-0.7819,-0.63
Hutan_mangrove_15,Hutan mangrove,Training,241.57,542.06,391.9,3405.68,854.7,0.7936,-0.7254,-0.5988
Hutan_mangrove_15,Hutan mangrove,Training,270.26,494.72,321.37,3718.95,967.15,0.8409,-0.7652,-0.5872
Hutan_mangrove_15,Hutan mangrove,Training,239.97,502.45,332.7,3359.05,850.29,0.8198,-0.7398,-0.596
Hutan_mangrove_15,Hutan mangrove,Training,252.22,441.0,337.28,3619.32,1019.47,0.8295,-0.7828,-0.5605
Hutan_mangrove_15,Hutan mangrove,Training,240.62,450.16,343.71,3475.35,955.22,0.82,-0.7706,-0.5688
Hutan_mangrove_15,Hutan mangrove,Training,239.86,391.58,460.75,3631.32,908.92,0.7748,-0.8053,-0.5996
Hutan_mangrove_15,Hutan mangrove,Training,203.76,441.42,347.24,3673.96,970.21,0.8273,-0.7855,-0.5822
Hutan_mangrove_15,Hutan mangrove,Training,257.12,452.56,274.87,3577.95,846.6,0.8573,-0.7754,-0.6173
Hutan_mangrove_15,Hutan mangrove,Training,212.12,533.12,302.73,3735.73,758.99,0.8501,-0.7502,-0.6623
Hutan_mangrove_15,Hutan mangrove,Training,254.02,537.36,339.86,3971.78,1091.79,0.8424,-0.7617,-0.5688
Hutan_mangrove_15,Hutan mangrove,Training,257.12,521.66,381.82,3719.77,943.72,0.8138,-0.754,-0.5953
Hutan_mangrove_15,Hutan mangrove,Training,234.28,432.51,308.3,4124.12,932.25,0.8609,-0.8102,-0.6313
Hutan_mangrove_15,Hutan mangrove,Training,242.63,550.53,327.52,3728.28,907.72,0.8385,-0.7427,-0.6084
Hutan_mangrove_15,Hutan mangrove,Training,263.8,486.54,321.06,3418.97,821.61,0.8283,-0.7508,-0.6125
Hutan_mangrove_15,Hutan mangrove,Training,249.91,437.75,312.58,3629.82,887.23,0.8414,-0.7848,-0.6072
Hutan_mangrove_15,Hutan mangrove,Training,255.71,498.2,425.57,3627.88,862.09,0.79,-0.7585,-0.616
Hutan_mangrove_15,Hutan mangrove,Training,253.03,540.8,348.51,3750.64,939.6,0.83,-0.748,-0.5993
Hutan_mangrove_15,Hutan mangrove,Training,241.29,504.44,397.97,3653.48,801.4,0.8035,-0.7574,-0.6402
Hutan_mangrove_15,Hutan mangrove,Training,240.41,415.43,354.12,3888.65,765.86,0.8331,-0.807,-0.6709
Hutan_mangrove_15,Hutan mangrove,Training,254.49,539.42,382.73,3881.56,713.17,0.8205,-0.756,-0.6896
Hutan_mangrove_15,Hutan mangrove,Training,265.15,439.78,320.05,3780.65,915.8,0.8439,-0.7916,-0.61
Hutan_mangrove_15,Hutan mangrove,Training,271.79,462.84,394.21,3751.43,988.93,0.8098,-0.7803,-0.5828
Hutan_mangrove_15,Hutan mangrove,Training,217.59,546.86,340.52,3465.53,962.55,0.8211,-0.7274,-0.5653
Hutan_mangrove_15,Hutan mangrove,Training,267.5,466.13,411.69,3999.16,960.5,0.8133,-0.7912,-0.6127
Hutan_mangrove_15,Hutan mangrove,Training,262.91,513.19,303.5,3624.82,909.95,0.8455,-0.752,-0.5987
Hutan_mangrove_15,Hutan mangrove,Training,232.72,487.63,278.56,3358.6,992.18,0.8468,-0.7464,-0.5439
Hutan_mangrove_15,Hutan mangrove,Training,301.94,462.26,355.49,3841.64,847.98,0.8306,-0.7852,-0.6384
Hutan_mangrove_15,Hutan mangrove,Training,270.29,498.65,385.71,3317.86,789.54,0.7917,-0.7387,-0.6156
Hutan_mangrove_15,Hutan mangrove,Training,258.39,503.85,348.31,3726.68,806.94,0.829,-0.7618,-0.644
Hutan_mangrove_15,Hutan mangrove,Training,208.92,480.0,338.35,3537.58,1026.9,0.8254,-0.7611,-0.55
Hutan_mangrove_15,Hutan mangrove,Training,273.11,521.33,356.66,3504.48,814.61,0.8153,-0.741,-0.6228
Hutan_mangrove_15,Hutan mangrove,Training,214.09,472.22,348.71,3345.9,916.95,0.8112,-0.7526,-0.5698
Hutan_mangrove_15,Hutan mangrove,Training,244.17,484.11,384.85,3058.66,861.63,0.7765,-0.7267,-0.5604
Hutan_mangrove_15,Hutan mangrove,Training,179.43,509.54,372.87,3302.76,777.69,0.7971,-0.7327,-0.6188
Hutan_mangrove_15,Hutan mangrove,Training,199.05,502.55,339.78,3538.7,863.2,0.8248,-0.7513,-0.6078
Hutan_mangrove_15,Hutan mangrove,Training,220.79,545.27,358.17,3339.37,829.95,0.8063,-0.7193,-0.6019
Hutan_mangrove_15,Hutan mangrove,Training,223.84,556.24,371.34,3572.17,1070.72,0.8117,-0.7305,-0.5388
Hutan_mangrove_15,Hutan mangrove,Training,293.56,490.77,337.68,3520.28,804.73,0.8249,-0.7553,-0.6279
Hutan_mangrove_15,Hutan mangrove,Training,302.02,459.74,376.05,3751.92,869.51,0.8178,-0.7817,-0.6237
Hutan_mangrove_15,Hutan mangrove,Training,304.3,437.64,347.61,3492.41,996.06,0.819,-0.7773,-0.5562
Hutan_mangrove_15,Hutan mangrove,Training,260.61,430.91,387.18,3706.8,796.45,0.8109,-0.7917,-0.6463
Hutan_mangrove_15,Hutan mangrove,Training,239.51,448.0,344.87,3633.03,866.54,0.8266,-0.7804,-0.6148
Hutan_mangrove_15,Hutan mangrove,Training,236.49,435.49,360.12,3176.62,903.11,0.7964,-0.7589,-0.5573
Hutan_mangrove_15,Hutan mangrove,Training,196.03,502.02,349.82,3688.74,986.23,0.8268,-0.7604,-0.5781
Hutan_mangrove_15,Hutan mangrove,Training,281.43,435.6,348.25,4042.41,911.91,0.8414,-0.8054,-0.6319
Hutan_mangrove_16,Hutan mangrove,Training,225.06,496.81,338.49,3341.18,986.91,0.816,-0.7411,-0.544
Hutan_mangrove_16,Hutan mangrove,Training,267.53,446.62,347.2,3475.38,739.84,0.8183,-0.7722,-0.649
Hutan_mangrove_16,Hutan mangrove,Training,207.56,449.36,348.25,3499.25,804.08,0.819,-0.7724,-0.6263
Hutan_mangrove_16,Hutan mangrove,Training,238.24,529.9,360.7,3820.41,877.17,0.8275,-0.7564,-0.6265
Hutan_mangrove_16,Hutan mangrove,Training,298.08,513.92,335.33,3620.45,775.19,0.8305,-0.7514,-0.6473
Hutan_mangrove_16,Hutan mangrove,Training,240.81,517.2,368.35,3509.76,1173.39,0.81,-0.7431,-0.4989
Hutan_mangrove_16,Hutan mangrove,Training,244.83,432.86,386.4,3733.57,923.17,0.8124,-0.7922,-0.6035
Hutan_mangrove_16,Hutan mangrove,Training,236.05,515.73,398.57,3644.36,753.0,0.8028,-0.7521,-0.6575
Hutan_mangrove_16,Hutan mangrove,Training,146.4,515.38,320.42,3578.06,819.09,0.8356,-0.7482,-0.6274
Hutan_mangrove_16,Hutan mangrove,Training,223.57,469.39,329.75,3770.77,957.36,0.8392,-0.7786,-0.595
Hutan_mangrove_16,Hutan mangrove,Training,213.76,457.13,361.37,3831.55,1003.71,0.8276,-0.7868,-0.5848
Hutan_mangrove_16,Hutan mangrove,Training,219.91,539.57,296.71,3555.37,948.7,0.8459,-0.7365,-0.5787
Hutan_mangrove_16,Hutan mangrove,Training,187.64,583.71,389.8,3742.34,803.5,0.8113,-0.7301,-0.6465
Hutan_mangrove_16,Hutan mangrove,Training,247.96,531.62,316.32,3560.3,991.04,0.8368,-0.7402,-0.5645
Hutan_mangrove_16,Hutan mangrove,Training,205.16,513.3,297.36,3392.35,849.54,0.8388,-0.7372,-0.5995
Hutan_mangrove_16,Hutan mangrove,Training,265.41,471.97,353.77,3448.81,846.94,0.8139,-0.7592,-0.6057
Hutan_mangrove_16,Hutan mangrove,Training,287.52,453.99,372.77,3599.77,842.44,0.8123,-0.776,-0.6207
Hutan_mangrove_16,Hutan mangrove,Training,213.47,454.15,327.84,3566.99,960.35,0.8317,-0.7741,-0.5758
Hutan_mangrove_16,Hutan mangrove,Training,240.99,490.67,347.48,3704.89,964.48,0.8285,-0.7661,-0.5869
Hutan_mangrove_16,Hutan mangrove,Training,208.39,488.72,386.82,3310.45,907.43,0.7908,-0.7427,-0.5697
Hutan_mangrove_16,Hutan mangrove,Training,244.87,477.33,397.72,3608.1,1051.11,0.8014,-0.7663,-0.5488
Hutan_mangrove_16,Hutan mangrove,Training,250.17,518.41,332.68,3475.46,940.93,0.8253,-0.7404,-0.5739
Hutan_mangrove_16,Hutan mangrove,Training,262.83,523.92,361.3,3305.99,819.36,0.803,-0.7264,-0.6028
Hutan_mangrove_16,Hutan mangrove,Training,275.5,421.66,358.78,3575.39,984.96,0.8176,-0.789,-0.568
Hutan_mangrove_16,Hutan mangrove,Training,262.5,473.44,328.72,3484.99,958.01,0.8276,-0.7608,-0.5688
Hutan_mangrove_16,Hutan mangrove,Training,180.93,506.3,323.51,3641.98,934.45,0.8368,-0.7559,-0.5916
Hutan_mangrove_16,Hutan mangrove,Training,200.13,490.93,354.67,3619.35,887.78,0.8215,-0.7611,-0.6061
Hutan_mangrove_16,Hutan mangrove,Training,213.37,457.25,308.66,3721.89,888.44,0.8468,-0.7812,-0.6146
Hutan_mangrove_16,Hutan mangrove,Training,248.45,431.78,348.99,3739.4,715.82,0.8293,-0.793,-0.6787
Hutan_mangrove_16,Hutan mangrove,Training,233.94,437.19,337.39,3401.78,938.09,0.8195,-0.7722,-0.5677
Hutan_mangrove_16,Hutan mangrove,Training,255.08,551.66,348.38,3674.47,844.23,0.8268,-0.7389,-0.6263
Hutan_mangrove_16,Hutan mangrove,Training,216.91,533.39,387.3,3755.24,913.12,0.813,-0.7513,-0.6088
Hutan_mangrove_16,Hutan mangrove,Training,220.78,545.67,367.39,4045.47,784.56,0.8335,-0.7623,-0.6751
Hutan_mangrove_16,Hutan mangrove,Training,275.88,521.96,339.74,3900.04,940.23,0.8397,-0.7639,-0.6115
Hutan_mangrove_16,Hutan mangrove,Training,221.89,495.27,321.53,3496.93,970.38,0.8316,-0.7519,-0.5656
Hutan_mangrove_16,Hutan mangrove,Training,279.68,508.85,327.5,3683.95,972.34,0.8367,-0.7573,-0.5824
Hutan_mangrove_16,Hutan mangrove,Training,190.84,504.66,344.29,3809.82,938.57,0.8342,-0.7661,-0.6047
Hutan_mangrove_16,Hutan mangrove,Training,264.53,480.72,350.05,3807.61,893.51,0.8316,-0.7758,-0.6199
Hutan_mangrove_16,Hutan mangrove,Training,255.24,438.56,347.94,3157.36,848.39,0.8015,-0.7561,-0.5764
Hutan_mangrove_16,Hutan mangrove,Training,251.91,530.68,320.03,3682.21,1046.85,0.8401,-0.7481,-0.5573
Hutan_mangrove_16,Hutan mangrove,Training,230.78,438.12,358.7,3337.76,818.1,0.8059,-0.7679,-0.6063
Hutan_mangrove_16,Hutan mangrove,Training,277.7,575.08,319.98,3437.77,856.01,0.8297,-0.7134,-0.6013
Hutan_mangrove_16,Hutan mangrove,Training,233.57,577.33,334.08,3514.69,1061.62,0.8264,-0.7178,-0.536
Hutan_mangrove_16,Hutan mangrove,Training,267.3,539.44,322.82,3483.36,796.03,0.8304,-0.7318,-0.628
Hutan_mangrove_16,Hutan mangrove,Training,274.04,549.01,332.01,3519.87,867.95,0.8276,-0.7301,-0.6044
Hutan_mangrove_16,Hutan mangrove,Training,203.58,473.05,373.2,3407.41,909.3,0.8026,-0.7562,-0.5787
Hutan_mangrove_16,Hutan mangrove,Training,210.76,494.24,333.1,3331.23,979.04,0.8182,-0.7416,-0.5457
Hutan_mangrove_16,Hutan mangrove,Training,275.4,461.22,343.51,3609.75,718.52,0.8262,-0.7734,-0.668
Hutan_mangrove_16,Hutan mangrove,Training,208.09,551.45,318.05,3876.8,765.46,0.8484,-0.7509,-0.6702
Hutan_mangrove_16,Hutan mangrove,Training,269.76,487.55,344.88,4008.31,774.58,0.8416,-0.7831,-0.6761
Hutan_mangrove_18,Hutan mangrove,Training,260.54,547.83,349.74,3821.84,951.66,0.8323,-0.7493,-0.6013
Hutan_mangrove_18,Hutan mangrove,Training,283.89,564.59,367.3,3622.83,909.73,0.8159,-0.7303,-0.5986
Hutan_mangrove_18,Hutan mangrove,Training,235.9,479.85,377.06,3387.99,1061.48,0.7997,-0.7519,-0.5229
Hutan_mangrove_18,Hutan mangrove,Training,245.45,614.48,329.21,3655.04,864.82,0.8347,-0.7122,-0.6173
Hutan_mangrove_18,Hutan mangrove,Training,226.21,542.55,316.83,3451.26,958.63,0.8318,-0.7283,-0.5652
Hutan_mangrove_18,Hutan mangrove,Training,272.35,444.32,367.45,3628.36,808.23,0.8161,-0.7818,-0.6357
Hutan_mangrove_18,Hutan mangrove,Training,226.33,418.66,401.52,3823.39,771.09,0.8099,-0.8026,-0.6643
Hutan_mangrove_18,Hutan mangrove,Training,273.97,477.04,377.44,3490.86,863.66,0.8049,-0.7596,-0.6033
Hutan_mangrove_18,Hutan mangrove,Training,241.35,473.71,391.98,3797.68,910.99,0.8129,-0.7782,-0.6131
Hutan_mangrove_18,Hutan mangrove,Training,280.74,434.92,313.15,3704.4,973.55,0.8441,-0.7899,-0.5838
Hutan_mangrove_18,Hutan mangrove,Training,258.38,424.69,318.13,3691.65,1142.65,0.8413,-0.7937,-0.5273
Hutan_mangrove_18,Hutan mangrove,Training,286.54,563.09,360.19,3673.15,796.65,0.8214,-0.7342,-0.6435
Hutan_mangrove_18,Hutan mangrove,Training,278.55,497.07,370.78,3606.75,927.91,0.8136,-0.7578,-0.5907
Hutan_mangrove_18,Hutan mangrove,Training,247.37,508.98,380.0,3321.43,750.71,0.7947,-0.7342,-0.6313
Hutan_mangrove_18,Hutan mangrove,Training,262.78,557.62,400.78,3330.63,859.71,0.7852,-0.7132,-0.5897
Hutan_mangrove_18,Hutan mangrove,Training,205.62,477.98,383.69,3597.16,862.61,0.8072,-0.7654,-0.6132
Hutan_mangrove_18,Hutan mangrove,Training,266.35,468.2,397.79,3601.6,859.82,0.8011,-0.7699,-0.6146
Hutan_mangrove_18,Hutan mangrove,Training,267.61,537.57,397.88,3553.81,1008.61,0.7986,-0.7372,-0.5579
Hutan_mangrove_18,Hutan mangrove,Training,253.04,475.54,326.7,3358.66,825.83,0.8227,-0.7519,-0.6053
Hutan_mangrove_18,Hutan mangrove,Training,283.47,528.27,312.76,3215.79,788.77,0.8227,-0.7178,-0.6061
Hutan_mangrove_18,Hutan mangrove,Training,226.7,487.87,385.19,3479.5,1068.05,0.8007,-0.7541,-0.5303
Hutan_mangrove_18,Hutan mangrove,Training,199.59,486.05,373.57,3786.39,866.43,0.8204,-0.7725,-0.6276
Hutan_mangrove_18,Hutan mangrove,Training,280.05,532.49,329.54,3669.28,970.36,0.8352,-0.7465,-0.5817
Hutan_mangrove_18,Hutan mangrove,Training,231.68,567.77,324.94,3631.7,775.02,0.8357,-0.7296,-0.6483
Hutan_mangrove_18,Hutan mangrove,Training,253.1,457.32,341.18,3250.95,979.98,0.81,-0.7534,-0.5368
Hutan_mangrove_18,Hutan mangrove,Training,260.69,543.5,339.57,3849.45,903.93,0.8379,-0.7526,-0.6197
Hutan_mangrove_18,Hutan mangrove,Training,253.4,584.56,335.46,3870.04,947.97,0.8405,-0.7375,-0.6065
Hutan_mangrove_18,Hutan mangrove,Training,232.84,447.37,319.01,3848.75,1073.44,0.8469,-0.7917,-0.5638
Hutan_mangrove_18,Hutan mangrove,Training,252.74,505.76,373.29,3616.13,1009.97,0.8129,-0.7546,-0.5634
Hutan_mangrove_18,Hutan mangrove,Training,258.75,505.42,329.02,3392.04,584.09,0.8232,-0.7406,-0.7062
Hutan_mangrove_18,Hutan mangrove,Training,287.02,494.14,337.99,3170.62,835.99,0.8073,-0.7303,-0.5827
Hutan_mangrove_18,Hutan mangrove,Training,226.85,468.21,359.99,3626.89,763.87,0.8194,-0.7713,-0.6521
Hutan_mangrove_18,Hutan mangrove,Training,211.06,448.01,404.32,3928.4,814.77,0.8134,-0.7953,-0.6564
Hutan_mangrove_18,Hutan mangrove,Training,190.7,505.12,351.41,3669.72,974.14,0.8252,-0.758,-0.5805
Hutan_mangrove_18,Hutan mangrove,Training,263.55,455.34,358.82,3787.84,827.6,0.8269,-0.7854,-0.6414
Hutan_mangrove_18,Hutan mangrove,Training,259.0,477.89,409.89,3308.1,1015.59,0.7795,-0.7475,-0.5302
Hutan_mangrove_18,Hutan mangrove,Training,199.88,571.72,315.75,3641.73,737.08,0.8404,-0.7286,-0.6633
Hutan_mangrove_18,Hutan mangrove,Training,209.5,535.91,380.84,3652.66,974.11,0.8112,-0.7441,-0.5789
Hutan_mangrove_18,Hutan mangrove,Training,281.35,472.63,308.03,3596.99,842.28,0.8422,-0.7677,-0.6205
Hutan_mangrove_18,Hutan mangrove,Training,261.66,521.92,329.55,3754.9,965.41,0.8386,-0.7559,-0.591
Hutan_mangrove_18,Hutan mangrove,Training,271.7,483.69,373.4,3714.4,964.02,0.8173,-0.7696,-0.5879
Hutan_mangrove_18,Hutan mangrove,Training,300.33,513.11,331.79,3355.7,1012.79,0.82,-0.7347,-0.5363
Hutan_mangrove_18,Hutan mangrove,Training,260.72,566.8,289.11,3800.35,873.89,0.8586,-0.7404,-0.6261
Hutan_mangrove_18,Hutan mangrove,Training,239.39,469.41,376.99,3734.98,785.76,0.8166,-0.7767,-0.6524
Hutan_mangrove_18,Hutan mangrove,Training,254.95,528.24,355.34,3843.72,871.0,0.8308,-0.7583,-0.6305
Hutan_mangrove_18,Hutan mangrove,Training,182.37,507.47,355.42,3668.46,1010.7,0.8233,-0.757,-0.568
Hutan_mangrove_18,Hutan mangrove,Training,191.43,490.46,322.32,3334.23,892.77,0.8237,-0.7435,-0.5776
Hutan_mangrove_18,Hutan mangrove,Training,271.05,512.04,329.37,3568.0,992.99,0.831,-0.749,-0.5646
Hutan_mangrove_18,Hutan mangrove,Training,270.49,477.89,331.48,3222.37,857.06,0.8135,-0.7417,-0.5798
Hutan_mangrove_18,Hutan mangrove,Training,197.93,582.68,324.35,3843.98,1081.81,0.8444,-0.7367,-0.5608
Hutan_mangrove_19,Hutan mangrove,Training,256.49,496.0,310.33,3488.99,1060.4,0.8366,-0.7511,-0.5338
Hutan_mangrove_19,Hutan mangrove,Training,260.54,501.13,389.36,3753.18,885.21,0.812,-0.7644,-0.6183
Hutan_mangrove_19,Hutan mangrove,Training,256.49,469.28,333.17,3554.61,955.75,0.8286,-0.7668,-0.5762
Hutan_mangrove_19,Hutan mangrove,Training,212.58,503.05,338.3,3401.8,861.55,0.8191,-0.7423,-0.5958
Hutan_mangrove_19,Hutan mangrove,Training,180.36,469.7,317.02,3538.42,672.02,0.8355,-0.7656,-0.6808
Hutan_mangrove_19,Hutan mangrove,Training,255.73,536.38,346.48,3709.73,848.73,0.8292,-0.7474,-0.6276
Hutan_mangrove_19,Hutan mangrove,Training,203.36,500.07,370.41,3308.63,853.48,0.7986,-0.7374,-0.5899
Hutan_mangrove_19,Hutan mangrove,Training,242.59,614.06,356.7,3180.77,684.71,0.7983,-0.6764,-0.6457
Hutan_mangrove_19,Hutan mangrove,Training,271.91,599.4,341.57,3525.02,943.08,0.8233,-0.7093,-0.5779
Hutan_mangrove_19,Hutan mangrove,Training,226.05,398.23,381.12,3465.1,1005.01,0.8018,-0.7938,-0.5503
Hutan_mangrove_19,Hutan mangrove,Training,227.17,504.87,375.64,3835.48,923.3,0.8216,-0.7674,-0.612
Hutan_mangrove_19,Hutan mangrove,Training,255.5,524.79,363.93,3315.94,772.79,0.8022,-0.7267,-0.622
Hutan_mangrove_19,Hutan mangrove,Training,186.73,530.66,338.13,3780.44,940.37,0.8358,-0.7538,-0.6016
Hutan_mangrove_19,Hutan mangrove,Training,219.93,495.19,336.36,3465.97,991.53,0.8231,-0.75,-0.5551
Hutan_mangrove_19,Hutan mangrove,Training,325.32,544.65,349.19,3877.09,1071.29,0.8348,-0.7536,-0.567
Hutan_mangrove_19,Hutan mangrove,Training,208.23,548.99,373.09,3861.39,981.33,0.8238,-0.751,-0.5947
Hutan_mangrove_19,Hutan mangrove,Training,243.17,581.31,360.19,3504.45,950.6,0.8136,-0.7154,-0.5732
Hutan_mangrove_19,Hutan mangrove,Training,279.17,503.79,361.79,3619.44,833.99,0.8183,-0.7556,-0.6255
Hutan_mangrove_19,Hutan mangrove,Training,225.35,443.89,395.54,3550.85,557.24,0.7995,-0.7778,-0.7287
Hutan_mangrove_19,Hutan mangrove,Training,261.9,515.03,294.0,3416.87,812.37,0.8415,-0.738,-0.6158
Hutan_mangrove_19,Hutan mangrove,Training,227.73,548.51,345.53,3506.01,1012.24,0.8206,-0.7294,-0.5519
Hutan_mangrove_19,Hutan mangrove,Training,264.86,430.36,331.5,3670.83,806.61,0.8343,-0.7901,-0.6397
Hutan_mangrove_19,Hutan mangrove,Training,310.89,504.52,327.4,3352.95,992.75,0.8221,-0.7384,-0.5431
Hutan_mangrove_19,Hutan mangrove,Training,230.56,515.2,315.45,3615.44,836.41,0.8395,-0.7505,-0.6242
Hutan_mangrove_19,Hutan mangrove,Training,240.54,468.15,380.77,3491.98,885.65,0.8034,-0.7636,-0.5954
Hutan_mangrove_19,Hutan mangrove,Training,247.15,564.49,376.71,3773.95,742.21,0.8185,-0.7398,-0.6713
Hutan_mangrove_19,Hutan mangrove,Training,230.31,547.54,314.87,3618.48,793.47,0.8399,-0.7371,-0.6403
Hutan_mangrove_19,Hutan mangrove,Training,221.05,567.23,371.58,3816.29,978.37,0.8225,-0.7412,-0.5919
Hutan_mangrove_19,Hutan mangrove,Training,245.82,472.34,337.94,3557.8,1077.63,0.8265,-0.7656,-0.535
Hutan_mangrove_19,Hutan mangrove,Training,209.91,477.85,322.61,3832.46,1085.38,0.8447,-0.7783,-0.5586
Hutan_mangrove_19,Hutan mangrove,Training,259.26,515.64,352.74,3696.25,977.32,0.8258,-0.7551,-0.5818
Hutan_mangrove_19,Hutan mangrove,Training,262.77,519.95,373.26,3208.78,900.2,0.7916,-0.7211,-0.5618
Hutan_mangrove_19,Hutan mangrove,Training,259.16,516.65,344.87,3635.37,828.01,0.8267,-0.7511,-0.629
Hutan_mangrove_19,Hutan mangrove,Training,196.75,539.33,315.97,3564.7,825.09,0.8372,-0.7372,-0.6241
Hutan_mangrove_19,Hutan mangrove,Training,297.61,496.81,340.69,3764.53,1115.65,0.834,-0.7668,-0.5428
Hutan_mangrove_19,Hutan mangrove,Training,262.17,484.9,370.9,3254.01,904.64,0.7954,-0.7406,-0.5649
Hutan_mangrove_19,Hutan mangrove,Training,309.82,506.31,353.23,3604.54,860.45,0.8215,-0.7537,-0.6146
Hutan_mangrove_19,Hutan mangrove,Training,259.43,531.01,340.05,3052.03,946.56,0.7995,-0.7036,-0.5266
Hutan_mangrove_19,Hutan mangrove,Training,313.99,484.95,305.87,3749.03,1074.38,0.8491,-0.7709,-0.5545
Hutan_mangrove_19,Hutan mangrove,Training,265.88,568.99,373.81,3755.51,848.2,0.8189,-0.7369,-0.6315
Hutan_mangrove_19,Hutan mangrove,Training,258.56,498.82,348.09,3544.15,922.56,0.8211,-0.7532,-0.5869
Hutan_mangrove_19,Hutan mangrove,Training,211.11,532.47,323.67,3544.94,933.06,0.8327,-0.7388,-0.5833
Hutan_mangrove_19,Hutan mangrove,Training,222.18,421.34,338.51,3285.16,971.23,0.8132,-0.7726,-0.5436
Hutan_mangrove_19,Hutan mangrove,Training,215.39,559.41,349.83,3613.02,701.94,0.8234,-0.7319,-0.6746
Hutan_mangrove_19,Hutan mangrove,Training,254.35,496.79,311.03,3619.2,860.21,0.8417,-0.7586,-0.6159
Hutan_mangrove_19,Hutan mangrove,Training,243.5,501.04,335.86,3654.22,891.34,0.8317,-0.7588,-0.6078
Hutan_mangrove_19,Hutan mangrove,Training,264.18,478.85,318.05,3444.05,1044.27,0.8309,-0.7559,-0.5347
Hutan_mangrove_19,Hutan mangrove,Training,278.68,548.54,388.48,3497.41,929.58,0.8001,-0.7288,-0.58
Hutan_mangrove_19,Hutan mangrove,Training,252.28,526.38,341.32,3620.45,907.23,0.8277,-0.7461,-0.5993
Hutan_mangrove_19,Hutan mangrove,Training,265.97,526.23,352.81,3627.28,922.59,0.8227,-0.7466,-0.5945
Hutan_mangrove_21,Hutan mangrove,Training,190.58,457.8,332.39,3632.93,1002.42,0.8324,-0.7762,-0.5675
Hutan_mangrove_21,Hutan mangrove,Training,270.82,452.83,338.85,3616.8,873.78,0.8287,-0.7775,-0.6108
Hutan_mangrove_21,Hutan mangrove,Training,241.92,431.09,315.42,3511.35,590.68,0.8352,-0.7813,-0.712
Hutan_mangrove_21,Hutan mangrove,Training,269.22,445.09,370.61,3731.76,845.63,0.8193,-0.7869,-0.6305
Hutan_mangrove_21,Hutan mangrove,Training,280.02,529.73,340.73,3507.21,1009.72,0.8229,-0.7376,-0.5529
Hutan_mangrove_21,Hutan mangrove,Training,256.96,541.79,278.33,3621.67,742.26,0.8573,-0.7397,-0.6598
Hutan_mangrove_21,Hutan mangrove,Training,249.23,528.55,402.17,3393.6,847.43,0.7881,-0.7305,-0.6004
Hutan_mangrove_21,Hutan mangrove,Training,247.13,461.02,379.36,3584.58,912.2,0.8086,-0.7721,-0.5943
Hutan_mangrove_21,Hutan mangrove,Training,268.61,497.13,325.47,3586.14,814.38,0.8336,-0.7565,-0.6299
Hutan_mangrove_21,Hutan mangrove,Training,253.24,539.88,314.75,3262.88,904.92,0.824,-0.7161,-0.5658
Hutan_mangrove_21,Hutan mangrove,Training,226.97,501.27,359.61,3128.39,968.98,0.7938,-0.7238,-0.527
Hutan_mangrove_21,Hutan mangrove,Training,214.91,499.11,330.22,3478.57,1069.4,0.8266,-0.749,-0.5297
Hutan_mangrove_21,Hutan mangrove,Training,259.58,536.19,354.53,3736.4,941.74,0.8267,-0.749,-0.5974
Hutan_mangrove_21,Hutan mangrove,Training,257.63,544.29,354.7,4102.73,996.05,0.8409,-0.7657,-0.6093
Hutan_mangrove_21,Hutan mangrove,Training,215.81,492.94,361.91,3609.79,968.69,0.8178,-0.7597,-0.5769
Hutan_mangrove_21,Hutan mangrove,Training,273.91,445.62,388.43,3490.7,840.41,0.7997,-0.7736,-0.6119
Hutan_mangrove_21,Hutan mangrove,Training,232.03,532.34,341.99,3454.02,857.6,0.8198,-0.7329,-0.6022
Hutan_mangrove_21,Hutan mangrove,Training,196.16,466.31,312.81,3540.78,966.42,0.8377,-0.7673,-0.5712
Hutan_mangrove_21,Hutan mangrove,Training,266.62,550.27,381.02,3483.71,901.91,0.8028,-0.7272,-0.5887
Hutan_mangrove_21,Hutan mangrove,Training,249.02,413.96,313.48,3563.2,882.71,0.8383,-0.7918,-0.6029
Hutan_mangrove_21,Hutan mangrove,Training,265.37,518.55,296.88,3714.09,917.86,0.852,-0.755,-0.6037
Hutan_mangrove_21,Hutan mangrove,Training,268.7,542.67,345.71,3874.03,811.06,0.8361,-0.7543,-0.6538
Hutan_mangrove_21,Hutan mangrove,Training,221.63,517.15,338.94,3657.56,1099.3,0.8304,-0.7522,-0.5378
Hutan_mangrove_21,Hutan mangrove,Training,261.8,508.49,323.92,3226.0,892.75,0.8175,-0.7277,-0.5665
Hutan_mangrove_21,Hutan mangrove,Training,282.01,487.08,362.04,3913.83,1040.15,0.8307,-0.7786,-0.5801
Hutan_mangrove_21,Hutan mangrove,Training,262.86,506.8,304.44,3461.36,871.92,0.8383,-0.7446,-0.5976
Hutan_mangrove_21,Hutan mangrove,Training,224.43,509.94,407.35,3933.91,924.39,0.8123,-0.7705,-0.6195
Hutan_mangrove_21,Hutan mangrove,Training,273.38,470.86,393.92,3256.37,991.28,0.7842,-0.7473,-0.5333
Hutan_mangrove_21,Hutan mangrove,Training,264.87,469.77,343.74,3350.46,790.84,0.8139,-0.7541,-0.6181
Hutan_mangrove_21,Hutan mangrove,Training,202.27,530.7,386.16,3124.4,1083.83,0.78,-0.7096,-0.4849
Hutan_mangrove_21,Hutan mangrove,Training,249.64,511.59,305.83,3890.58,920.03,0.8542,-0.7676,-0.6175
Hutan_mangrove_21,Hutan mangrove,Training,284.16,548.83,390.05,3457.38,879.2,0.7972,-0.726,-0.5945
Hutan_mangrove_21,Hutan mangrove,Training,231.65,535.8,359.99,3835.21,1011.27,0.8284,-0.7548,-0.5827
Hutan_mangrove_21,Hutan mangrove,Training,198.18,554.03,378.53,3518.77,934.98,0.8057,-0.7279,-0.5801
Hutan_mangrove_21,Hutan mangrove,Training,246.29,524.64,338.86,3705.36,906.73,0.8324,-0.7519,-0.6068
Hutan_mangrove_21,Hutan mangrove,Training,237.03,507.61,431.19,3449.18,875.01,0.7778,-0.7434,-0.5953
Hutan_mangrove_21,Hutan mangrove,Training,229.96,477.47,374.47,3757.49,899.41,0.8187,-0.7745,-0.6137
Hutan_mangrove_21,Hutan mangrove,Training,280.79,531.74,345.13,3262.55,982.98,0.8087,-0.7197,-0.5369
Hutan_mangrove_21,Hutan mangrove,Training,255.09,500.89,336.02,3763.82,934.85,0.8361,-0.7651,-0.6021
Hutan_mangrove_21,Hutan mangrove,Training,242.9,450.98,382.04,3733.08,925.54,0.8143,-0.7844,-0.6027
Hutan_mangrove_21,Hutan mangrove,Training,170.3,498.48,342.76,3463.93,975.42,0.8199,-0.7484,-0.5606
Hutan_mangrove_21,Hutan mangrove,Training,271.45,517.47,381.14,3375.09,854.63,0.7971,-0.7341,-0.5959
Hutan_mangrove_21,Hutan mangrove,Training,252.24,475.12,371.82,3485.12,1029.84,0.8072,-0.7601,-0.5438
Hutan_mangrove_21,Hutan mangrove,Training,222.07,585.28,410.88,3579.15,1014.62,0.794,-0.7189,-0.5583
Hutan_mangrove_21,Hutan mangrove,Training,237.99,540.53,344.72,3317.2,546.72,0.8117,-0.7198,-0.717
Hutan_mangrove_21,Hutan mangrove,Training,241.94,511.16,389.91,3608.06,1000.29,0.8049,-0.7518,-0.5659
Hutan_mangrove_21,Hutan mangrove,Training,236.38,486.51,381.62,3057.77,901.3,0.7781,-0.7255,-0.5447
Hutan_mangrove_21,Hutan mangrove,Training,238.0,554.42,334.15,3713.65,992.15,0.8349,-0.7402,-0.5783
Hutan_mangrove_21,Hutan mangrove,Training,205.22,494.43,337.05,3808.18,967.51,0.8374,-0.7702,-0.5948
Hutan_mangrove_21,Hutan mangrove,Training,243.0,458.1,381.14,3585.12,738.16,0.8078,-0.7734,-0.6585
Hutan_mangrove_22,Hutan mangrove,Training,204.03,517.51,311.73,4009.12,806.29,0.8557,-0.7714,-0.6651
Hutan_mangrove_22,Hutan mangrove,Training,249.99,506.36,328.12,3107.24,919.09,0.809,-0.7197,-0.5435
Hutan_mangrove_22,Hutan mangrove,Training,227.4,504.66,346.33,3657.92,1056.19,0.827,-0.7575,-0.5519
Hutan_mangrove_22,Hutan mangrove,Training,233.61,481.25,300.03,3557.06,940.99,0.8444,-0.7617,-0.5816
Hutan_mangrove_22,Hutan mangrove,Training,235.5,516.66,344.67,3313.5,931.2,0.8116,-0.7302,-0.5612
Hutan_mangrove_22,Hutan mangrove,Training,243.83,504.91,332.99,3455.81,915.74,0.8242,-0.745,-0.581
Hutan_mangrove_22,Hutan mangrove,Training,243.08,568.97,373.96,3719.9,882.25,0.8173,-0.7347,-0.6166
Hutan_mangrove_22,Hutan mangrove,Training,189.22,467.7,330.58,3539.5,896.66,0.8292,-0.7666,-0.5957
Hutan_mangrove_22,Hutan mangrove,Training,269.68,510.93,384.78,3531.38,925.72,0.8035,-0.7472,-0.5846
Hutan_mangrove_22,Hutan mangrove,Training,260.32,509.83,388.46,3776.83,768.06,0.8135,-0.7621,-0.662
Hutan_mangrove_22,Hutan mangrove,Training,246.57,499.44,414.55,3527.45,801.75,0.7897,-0.7519,-0.6296
Hutan_mangrove_22,Hutan mangrove,Training,263.15,519.88,347.79,3551.54,994.89,0.8216,-0.7446,-0.5623
Hutan_mangrove_22,Hutan mangrove,Training,224.39,486.36,334.34,3840.66,928.55,0.8398,-0.7752,-0.6106
Hutan_mangrove_22,Hutan mangrove,Training,218.05,461.42,406.2,3838.31,984.16,0.8086,-0.7854,-0.5918
Hutan_mangrove_22,Hutan mangrove,Training,250.37,560.34,316.9,3765.65,855.67,0.8448,-0.7409,-0.6297
Hutan_mangrove_22,Hutan mangrove,Training,242.53,529.03,345.69,3504.37,850.48,0.8204,-0.7377,-0.6094
Hutan_mangrove_22,Hutan mangrove,Training,190.41,530.53,319.8,4008.85,871.24,0.8522,-0.7663,-0.6429
Hutan_mangrove_22,Hutan mangrove,Training,289.28,427.64,371.94,3817.48,1030.36,0.8224,-0.7985,-0.5749
Hutan_mangrove_22,Hutan mangrove,Training,204.16,471.89,367.3,3632.66,929.34,0.8164,-0.7701,-0.5926
Hutan_mangrove_22,Hutan mangrove,Training,239.19,562.03,428.25,3622.88,945.34,0.7886,-0.7314,-0.5861
Hutan_mangrove_22,Hutan mangrove,Training,251.69,551.36,374.87,3365.4,838.73,0.7995,-0.7185,-0.601
Hutan_mangrove_22,Hutan mangrove,Training,219.72,607.79,369.06,3468.95,832.44,0.8077,-0.7018,-0.6129
Hutan_mangrove_22,Hutan mangrove,Training,274.16,536.2,373.94,3506.38,930.58,0.8073,-0.7347,-0.5805
Hutan_mangrove_22,Hutan mangrove,Training,253.33,462.55,322.21,3690.63,919.65,0.8394,-0.7773,-0.601
Hutan_mangrove_22,Hutan mangrove,Training,266.6,531.64,394.98,3429.3,963.02,0.7934,-0.7316,-0.5615
Hutan_mangrove_22,Hutan mangrove,Training,272.48,487.51,353.66,3536.96,1110.86,0.8182,-0.7577,-0.522
Hutan_mangrove_22,Hutan mangrove,Training,253.15,518.06,342.08,3494.48,769.8,0.8217,-0.7418,-0.639
Hutan_mangrove_22,Hutan mangrove,Training,283.0,530.74,340.97,3401.92,917.99,0.8178,-0.7301,-0.575
Hutan_mangrove_22,Hutan mangrove,Training,235.07,491.12,312.09,3647.76,923.7,0.8424,-0.7627,-0.5959
Hutan_mangrove_22,Hutan mangrove,Training,282.84,493.97,339.99,3257.51,1010.1,0.811,-0.7367,-0.5266
Hutan_mangrove_22,Hutan mangrove,Training,276.78,501.15,310.12,3332.8,845.29,0.8297,-0.7386,-0.5954
Hutan_mangrove_22,Hutan mangrove,Training,278.96,511.61,305.2,3688.93,816.09,0.8472,-0.7564,-0.6377
Hutan_mangrove_22,Hutan mangrove,Training,234.33,538.87,372.97,3840.48,897.69,0.823,-0.7539,-0.6211
Hutan_mangrove_22,Hutan mangrove,Training,276.49,476.55,342.27,3528.22,902.39,0.8231,-0.762,-0.5927
Hutan_mangrove_22,Hutan mangrove,Training,211.41,491.0,393.55,3359.64,767.07,0.7903,-0.745,-0.6282
Hutan_mangrove_22,Hutan mangrove,Training,212.54,606.47,363.95,3540.54,906.83,0.8136,-0.7075,-0.5922
Hutan_mangrove_22,Hutan mangrove,Training,256.83,474.38,334.48,3565.31,827.52,0.8285,-0.7651,-0.6232
Hutan_mangrove_22,Hutan mangrove,Training,238.09,514.12,320.09,4174.19,975.32,0.8576,-0.7807,-0.6212
Hutan_mangrove_22,Hutan mangrove,Training,211.9,400.88,329.37,3750.56,949.05,0.8385,-0.8069,-0.5961
Hutan_mangrove_22,Hutan mangrove,Training,246.67,475.94,322.88,3511.43,798.76,0.8316,-0.7613,-0.6294
Hutan_mangrove_22,Hutan mangrove,Training,238.03,553.24,326.86,3734.39,976.34,0.839,-0.7419,-0.5855
Hutan_mangrove_22,Hutan mangrove,Training,217.61,466.27,382.07,3396.33,894.25,0.7978,-0.7586,-0.5832
Hutan_mangrove_22,Hutan mangrove,Training,311.2,539.19,352.56,3784.96,894.41,0.8296,-0.7506,-0.6177
Hutan_mangrove_22,Hutan mangrove,Training,280.55,418.15,345.82,3141.01,916.14,0.8016,-0.765,-0.5484
Hutan_mangrove_22,Hutan mangrove,Training,242.91,554.43,371.35,3484.26,859.38,0.8074,-0.7254,-0.6043
Hutan_mangrove_22,Hutan mangrove,Training,261.42,477.1,349.03,3889.67,817.09,0.8353,-0.7815,-0.6528
Hutan_mangrove_22,Hutan mangrove,Training,236.57,487.7,444.74,3733.81,1013.21,0.7871,-0.7689,-0.5731
Hutan_mangrove_22,Hutan mangrove,Training,273.04,533.42,364.21,3680.36,754.93,0.8199,-0.7468,-0.6596
Hutan_mangrove_22,Hutan mangrove,Training,260.74,495.67,366.36,3584.41,976.32,0.8145,-0.757,-0.5719
Hutan_mangrove_22,Hutan mangrove,Training,278.2,383.51,336.98,3191.37,923.89,0.809,-0.7854,-0.551
Hutan_mangrove_23,Hutan mangrove,Training,240.98,554.23,356.22,3493.18,993.86,0.8149,-0.7261,-0.557
Hutan_mangrove_23,Hutan mangrove,Training,240.45,480.08,361.81,3954.85,985.36,0.8324,-0.7835,-0.6011
Hutan_mangrove_23,Hutan mangrove,Training,267.01,610.04,328.03,3433.96,914.56,0.8256,-0.6983,-0.5794
Hutan_mangrove_23,Hutan mangrove,Training,295.45,462.33,402.64,3283.39,887.88,0.7815,-0.7531,-0.5743
Hutan_mangrove_23,Hutan mangrove,Training,255.2,464.69,331.36,3775.26,1044.16,0.8386,-0.7808,-0.5667
Hutan_mangrove_23,Hutan mangrove,Training,186.56,507.21,346.6,3623.63,868.32,0.8254,-0.7544,-0.6134
Hutan_mangrove_23,Hutan mangrove,Training,211.29,561.69,384.78,3577.12,851.17,0.8058,-0.7286,-0.6156
Hutan_mangrove_23,Hutan mangrove,Training,231.72,396.57,360.61,3771.67,913.79,0.8255,-0.8097,-0.6099
Hutan_mangrove_23,Hutan mangrove,Training,247.41,505.34,324.4,3490.1,883.37,0.8299,-0.747,-0.596
Hutan_mangrove_23,Hutan mangrove,Training,270.9,555.15,343.13,3370.15,903.56,0.8152,-0.7171,-0.5772
Hutan_mangrove_23,Hutan mangrove,Training,310.34,461.69,376.58,3893.91,864.0,0.8236,-0.788,-0.6368
Hutan_mangrove_23,Hutan mangrove,Training,228.98,523.0,360.6,3752.85,1107.37,0.8247,-0.7554,-0.5443
Hutan_mangrove_23,Hutan mangrove,Training,255.01,452.31,352.0,3653.14,1026.72,0.8242,-0.7797,-0.5612
Hutan_mangrove_23,Hutan mangrove,Training,244.1,483.64,308.86,3720.43,1234.82,0.8467,-0.7699,-0.5016
Hutan_mangrove_23,Hutan mangrove,Training,243.32,518.08,333.57,3318.12,943.42,0.8173,-0.7299,-0.5572
Hutan_mangrove_23,Hutan mangrove,Training,250.85,404.58,398.3,3691.51,907.39,0.8052,-0.8025,-0.6054
Hutan_mangrove_23,Hutan mangrove,Training,237.34,516.21,363.54,3688.29,1006.8,0.8206,-0.7544,-0.5711
Hutan_mangrove_23,Hutan mangrove,Training,288.86,580.22,324.89,3473.85,936.12,0.8289,-0.7138,-0.5755
Hutan_mangrove_23,Hutan mangrove,Training,226.63,475.28,364.26,3798.19,1027.59,0.825,-0.7776,-0.5741
Hutan_mangrove_23,Hutan mangrove,Training,244.22,518.53,357.28,3603.88,818.4,0.8196,-0.7484,-0.6299
Hutan_mangrove_23,Hutan mangrove,Training,221.7,526.67,325.02,3209.08,896.82,0.8161,-0.718,-0.5632
Hutan_mangrove_23,Hutan mangrove,Training,293.66,388.21,341.35,3748.55,717.65,0.8331,-0.8123,-0.6786
Hutan_mangrove_23,Hutan mangrove,Training,243.6,454.42,319.78,3511.47,787.69,0.8331,-0.7708,-0.6336
Hutan_mangrove_23,Hutan mangrove,Training,213.81,497.63,416.81,3766.7,1001.05,0.8007,-0.7666,-0.5801
Hutan_mangrove_23,Hutan mangrove,Training,273.92,472.1,359.32,3841.49,982.83,0.8289,-0.7811,-0.5926
Hutan_mangrove_23,Hutan mangrove,Training,255.84,520.8,423.89,3784.68,868.48,0.7986,-0.7581,-0.6267
Hutan_mangrove_23,Hutan mangrove,Training,247.78,457.83,420.41,3952.85,908.32,0.8077,-0.7924,-0.6263
Hutan_mangrove_23,Hutan mangrove,Training,315.42,525.3,337.07,3799.42,939.86,0.837,-0.7571,-0.6034
Hutan_mangrove_23,Hutan mangrove,Training,275.14,445.24,325.69,3927.46,1069.31,0.8468,-0.7964,-0.572
Hutan_mangrove_23,Hutan mangrove,Training,292.45,588.75,367.32,3711.56,808.68,0.8199,-0.7262,-0.6422
Hutan_mangrove_23,Hutan mangrove,Training,232.58,420.47,340.36,3147.12,1008.1,0.8048,-0.7643,-0.5148
Hutan_mangrove_23,Hutan mangrove,Training,261.65,418.95,344.3,4032.88,887.43,0.8427,-0.8118,-0.6393
Hutan_mangrove_23,Hutan mangrove,Training,220.05,428.58,297.33,3717.83,856.61,0.8519,-0.7933,-0.6255
Hutan_mangrove_23,Hutan mangrove,Training,239.47,482.81,345.79,3330.02,931.61,0.8119,-0.7467,-0.5628
Hutan_mangrove_23,Hutan mangrove,Training,207.32,469.77,380.32,3682.77,968.57,0.8128,-0.7737,-0.5835
Hutan_mangrove_23,Hutan mangrove,Training,314.51,497.61,350.64,3541.85,855.66,0.8198,-0.7536,-0.6108
Hutan_mangrove_23,Hutan mangrove,Training,219.68,503.36,360.65,3690.37,906.44,0.8219,-0.7599,-0.6056
Hutan_mangrove_23,Hutan mangrove,Training,277.79,501.18,337.72,3396.06,745.1,0.8191,-0.7428,-0.6401
Hutan_mangrove_23,Hutan mangrove,Training,293.81,472.04,322.23,3508.14,872.16,0.8318,-0.7628,-0.6018
Hutan_mangrove_23,Hutan mangrove,Training,299.16,486.87,429.0,3614.01,1105.7,0.7878,-0.7626,-0.5315
Hutan_mangrove_23,Hutan mangrove,Training,276.82,514.44,397.34,3846.89,963.47,0.8128,-0.7641,-0.5994
Hutan_mangrove_23,Hutan mangrove,Training,319.53,480.06,320.15,3451.23,1075.23,0.8302,-0.7558,-0.5249
Hutan_mangrove_23,Hutan mangrove,Training,293.52,478.99,279.36,3554.71,798.67,0.8543,-0.7625,-0.6331
Hutan_mangrove_23,Hutan mangrove,Training,235.18,457.82,301.71,4014.3,831.63,0.8602,-0.7953,-0.6568
Hutan_mangrove_23,Hutan mangrove,Training,292.38,491.15,316.08,3712.0,860.89,0.8431,-0.7663,-0.6235
Hutan_mangrove_23,Hutan mangrove,Training,243.79,505.8,325.63,3243.35,894.87,0.8175,-0.7302,-0.5675
Hutan_mangrove_23,Hutan mangrove,Training,278.92,463.94,354.62,3931.21,891.02,0.8345,-0.7889,-0.6305
Hutan_mangrove_23,Hutan mangrove,Training,252.58,502.21,329.53,3381.46,801.07,0.8224,-0.7414,-0.6169
Hutan_mangrove_23,Hutan mangrove,Training,261.05,530.31,374.15,3516.72,1009.33,0.8077,-0.7379,-0.554
Hutan_mangrove_23,Hutan mangrove,Training,259.22,502.83,249.82,3420.17,747.89,0.8639,-0.7437,-0.6411
Hutan_mangrove_24,Hutan mangrove,Training,268.81,503.8,317.84,3666.96,757.65,0.8405,-0.7584,-0.6575
Hutan_mangrove_24,Hutan mangrove,Training,218.69,471.59,366.2,3907.88,841.4,0.8286,-0.7846,-0.6457
Hutan_mangrove_24,Hutan mangrove,Training,289.67,501.9,357.08,3585.96,880.27,0.8189,-0.7544,-0.6058
Hutan_mangrove_24,Hutan mangrove,Training,263.18,529.61,323.46,3558.35,1066.93,0.8333,-0.7409,-0.5387
Hutan_mangrove_24,Hutan mangrove,Training,255.32,511.47,385.02,3489.73,896.6,0.8013,-0.7443,-0.5912
Hutan_mangrove_24,Hutan mangrove,Training,274.51,549.56,279.05,3437.93,800.16,0.8499,-0.7244,-0.6224
Hutan_mangrove_24,Hutan mangrove,Training,246.29,463.09,369.92,3637.93,988.92,0.8154,-0.7742,-0.5725
Hutan_mangrove_24,Hutan mangrove,Training,278.59,527.16,339.93,3622.94,853.91,0.8284,-0.746,-0.6185
Hutan_mangrove_24,Hutan mangrove,Training,209.06,538.15,347.48,3269.43,953.69,0.8079,-0.7173,-0.5483
Hutan_mangrove_24,Hutan mangrove,Training,243.28,417.61,308.79,3445.87,921.05,0.8355,-0.7838,-0.5782
Hutan_mangrove_24,Hutan mangrove,Training,273.64,530.15,368.09,3592.44,1072.22,0.8141,-0.7428,-0.5403
Hutan_mangrove_24,Hutan mangrove,Training,271.0,508.88,367.0,3512.21,894.28,0.8108,-0.7469,-0.5941
Hutan_mangrove_24,Hutan mangrove,Training,187.54,484.53,402.8,3632.64,910.67,0.8004,-0.7646,-0.5991
Hutan_mangrove_24,Hutan mangrove,Training,279.96,514.31,326.41,3605.2,786.48,0.834,-0.7503,-0.6418
Hutan_mangrove_24,Hutan mangrove,Training,255.51,466.49,377.85,3487.75,817.53,0.8045,-0.7641,-0.6202
Hutan_mangrove_24,Hutan mangrove,Training,246.62,514.62,313.78,3485.32,910.52,0.8348,-0.7427,-0.5857
Hutan_mangrove_24,Hutan mangrove,Training,290.15,398.85,368.45,3515.62,850.54,0.8103,-0.7962,-0.6104
Hutan_mangrove_24,Hutan mangrove,Training,229.57,485.44,368.62,3481.91,1065.86,0.8085,-0.7553,-0.5313
Hutan_mangrove_24,Hutan mangrove,Training,268.72,507.92,345.02,3861.77,1033.6,0.836,-0.7675,-0.5777
Hutan_mangrove_24,Hutan mangrove,Training,215.16,471.92,369.04,3806.07,869.97,0.8232,-0.7794,-0.6279
Hutan_mangrove_24,Hutan mangrove,Training,227.73,503.14,394.3,3609.03,773.61,0.803,-0.7553,-0.647
Hutan_mangrove_24,Hutan mangrove,Training,253.29,531.31,346.96,3876.8,986.58,0.8357,-0.7589,-0.5943
Hutan_mangrove_24,Hutan mangrove,Training,248.15,501.73,294.75,3866.25,867.05,0.8583,-0.7703,-0.6336
Hutan_mangrove_24,Hutan mangrove,Training,238.0,478.01,363.7,3351.69,801.58,0.8042,-0.7504,-0.614
Hutan_mangrove_24,Hutan mangrove,Training,248.42,474.94,360.06,3470.22,1059.5,0.812,-0.7592,-0.5322
Hutan_mangrove_24,Hutan mangrove,Training,270.8,527.24,331.85,4129.25,856.1,0.8512,-0.7735,-0.6566
Hutan_mangrove_24,Hutan mangrove,Training,228.59,528.27,355.86,3419.96,1119.58,0.8115,-0.7324,-0.5067
Hutan_mangrove_24,Hutan mangrove,Training,279.27,500.16,422.03,3778.37,898.81,0.7991,-0.7662,-0.6157
Hutan_mangrove_24,Hutan mangrove,Training,318.44,526.36,368.46,3515.0,904.94,0.8102,-0.7395,-0.5905
Hutan_mangrove_24,Hutan mangrove,Training,237.68,557.59,301.72,3900.49,812.27,0.8564,-0.7499,-0.6553
Hutan_mangrove_24,Hutan mangrove,Training,248.26,488.19,334.4,3751.75,899.48,0.8363,-0.7697,-0.6132
Hutan_mangrove_24,Hutan mangrove,Training,229.97,506.16,329.12,3481.69,750.27,0.8273,-0.7461,-0.6454
Hutan_mangrove_24,Hutan mangrove,Training,236.49,519.77,351.11,3999.31,1161.28,0.8386,-0.77,-0.5499
Hutan_mangrove_24,Hutan mangrove,Training,236.07,466.67,383.89,3673.75,1013.59,0.8108,-0.7746,-0.5675
Hutan_mangrove_24,Hutan mangrove,Training,261.96,492.23,344.34,3695.21,878.89,0.8295,-0.7649,-0.6157
Hutan_mangrove_24,Hutan mangrove,Training,286.59,447.91,386.42,3187.85,914.51,0.7838,-0.7536,-0.5542
Hutan_mangrove_24,Hutan mangrove,Training,240.07,439.35,288.2,3358.55,904.57,0.8419,-0.7686,-0.5756
Hutan_mangrove_24,Hutan mangrove,Training,231.93,458.36,390.57,3328.92,967.91,0.79,-0.7579,-0.5495
Hutan_mangrove_24,Hutan mangrove,Training,223.33,455.09,331.88,3736.38,762.85,0.8368,-0.7829,-0.6609
Hutan_mangrove_24,Hutan mangrove,Training,258.62,461.57,326.58,3688.14,1117.35,0.8373,-0.7775,-0.535
Hutan_mangrove_24,Hutan mangrove,Training,222.67,528.8,340.62,3495.56,1007.14,0.8224,-0.7372,-0.5527
Hutan_mangrove_24,Hutan mangrove,Training,224.69,453.84,363.81,3950.85,975.0,0.8314,-0.7939,-0.6041
Hutan_mangrove_24,Hutan mangrove,Training,207.79,475.39,379.39,3947.84,922.87,0.8247,-0.7851,-0.6211
Hutan_mangrove_24,Hutan mangrove,Training,232.62,565.84,347.76,3466.72,822.51,0.8177,-0.7194,-0.6165
Hutan_mangrove_24,Hutan mangrove,Training,214.15,613.34,392.63,3455.62,1073.18,0.7959,-0.6985,-0.5261
Hutan_mangrove_24,Hutan mangrove,Training,266.0,518.96,328.46,3486.89,895.76,0.8278,-0.7409,-0.5912
Hutan_mangrove_24,Hutan mangrove,Training,191.03,480.53,350.13,3888.09,838.35,0.8348,-0.78,-0.6453
Hutan_mangrove_24,Hutan mangrove,Training,274.36,417.58,385.01,3401.92,913.03,0.7967,-0.7813,-0.5768
Hutan_mangrove_24,Hutan mangrove,Training,262.19,508.41,346.8,3326.87,811.05,0.8112,-0.7349,-0.608
Hutan_mangrove_24,Hutan mangrove,Training,279.89,476.1,346.9,3271.74,985.86,0.8083,-0.7459,-0.5369
Hutan_mangrove_25,Hutan mangrove,Training,210.42,536.64,318.12,3823.19,901.02,0.8464,-0.7538,-0.6186
Hutan_mangrove_25,Hutan mangrove,Training,233.24,564.02,347.93,3520.4,990.91,0.8201,-0.7238,-0.5607
Hutan_mangrove_25,Hutan mangrove,Training,205.59,398.91,384.74,3416.01,986.46,0.7975,-0.7909,-0.5519
Hutan_mangrove_25,Hutan mangrove,Training,251.38,453.44,368.22,3509.76,792.27,0.8101,-0.7712,-0.6317
Hutan_mangrove_25,Hutan mangrove,Training,218.46,430.69,362.09,3394.21,896.53,0.8072,-0.7748,-0.5821
Hutan_mangrove_25,Hutan mangrove,Training,244.55,462.34,304.31,4157.42,895.15,0.8636,-0.7998,-0.6457
Hutan_mangrove_25,Hutan mangrove,Training,304.7,546.6,340.37,3639.81,915.19,0.829,-0.7389,-0.5982
Hutan_mangrove_25,Hutan mangrove,Training,305.33,533.19,325.78,3677.36,980.43,0.8372,-0.7467,-0.579
Hutan_mangrove_25,Hutan mangrove,Training,214.74,519.77,390.36,3411.36,828.07,0.7946,-0.7356,-0.6093
Hutan_mangrove_25,Hutan mangrove,Training,284.81,485.83,320.54,3794.1,957.69,0.8442,-0.773,-0.5969
Hutan_mangrove_25,Hutan mangrove,Training,252.83,544.98,385.87,3581.78,1097.43,0.8055,-0.7359,-0.5309
Hutan_mangrove_25,Hutan mangrove,Training,297.5,420.63,319.1,3103.84,867.53,0.8136,-0.7613,-0.5631
Hutan_mangrove_25,Hutan mangrove,Training,213.66,467.43,382.72,3213.94,912.97,0.7872,-0.7461,-0.5576
Hutan_mangrove_25,Hutan mangrove,Training,253.71,496.7,353.92,3108.9,819.04,0.7956,-0.7245,-0.583
Hutan_mangrove_25,Hutan mangrove,Training,296.29,452.13,400.0,3290.5,747.3,0.7832,-0.7584,-0.6298
Hutan_mangrove_25,Hutan mangrove,Training,221.45,545.16,333.62,3675.99,907.36,0.8336,-0.7417,-0.6041
Hutan_mangrove_25,Hutan mangrove,Training,248.37,550.96,373.15,3348.56,872.44,0.7995,-0.7174,-0.5866
Hutan_mangrove_25,Hutan mangrove,Training,302.3,512.78,304.76,3283.85,989.01,0.8301,-0.7299,-0.5371
Hutan_mangrove_25,Hutan mangrove,Training,271.07,463.15,372.43,3951.87,1045.79,0.8278,-0.7902,-0.5815
Hutan_mangrove_25,Hutan mangrove,Training,298.13,522.22,344.67,3511.45,898.26,0.8212,-0.7411,-0.5926
Hutan_mangrove_25,Hutan mangrove,Training,223.72,485.63,388.25,3246.0,745.93,0.7863,-0.7397,-0.6263
Hutan_mangrove_25,Hutan mangrove,Training,274.92,485.99,292.23,3586.51,879.59,0.8493,-0.7613,-0.6061
Hutan_mangrove_25,Hutan mangrove,Training,237.07,527.43,310.0,3602.86,878.9,0.8415,-0.7446,-0.6078
Hutan_mangrove_25,Hutan mangrove,Training,251.13,430.71,334.32,3604.35,954.12,0.8302,-0.7865,-0.5814
Hutan_mangrove_25,Hutan mangrove,Training,305.39,532.24,363.83,3879.72,869.62,0.8285,-0.7587,-0.6338
Hutan_mangrove_25,Hutan mangrove,Training,296.62,544.77,336.62,4023.27,944.69,0.8456,-0.7615,-0.6197
Hutan_mangrove_25,Hutan mangrove,Training,315.79,512.13,333.14,3431.14,864.43,0.823,-0.7403,-0.5975
Hutan_mangrove_25,Hutan mangrove,Training,232.86,550.86,349.13,3244.92,921.3,0.8057,-0.7098,-0.5577
Hutan_mangrove_25,Hutan mangrove,Training,253.77,481.26,358.03,3590.3,963.38,0.8186,-0.7636,-0.5769
Hutan_mangrove_25,Hutan mangrove,Training,267.25,514.6,311.03,4066.18,744.4,0.8579,-0.7753,-0.6905
Hutan_mangrove_25,Hutan mangrove,Training,246.14,456.22,361.89,3630.45,883.12,0.8187,-0.7767,-0.6087
Hutan_mangrove_25,Hutan mangrove,Training,295.53,544.34,340.19,3776.91,1056.47,0.8347,-0.7481,-0.5628
Hutan_mangrove_25,Hutan mangrove,Training,283.04,494.55,302.29,3671.42,966.86,0.8479,-0.7626,-0.5831
Hutan_mangrove_25,Hutan mangrove,Training,226.91,500.9,347.51,3905.3,1085.38,0.8366,-0.7726,-0.565
Hutan_mangrove_25,Hutan mangrove,Training,285.26,496.58,384.43,3742.73,892.51,0.8137,-0.7657,-0.6149
Hutan_mangrove_25,Hutan mangrove,Training,312.77,470.48,368.12,3784.7,871.25,0.8227,-0.7789,-0.6257
Hutan_mangrove_25,Hutan mangrove,Training,266.77,537.82,357.34,3703.95,910.54,0.824,-0.7464,-0.6054
Hutan_mangrove_25,Hutan mangrove,Training,273.93,490.84,340.65,3604.52,1018.37,0.8273,-0.7603,-0.5594
Hutan_mangrove_25,Hutan mangrove,Training,197.58,463.63,418.27,3660.54,859.3,0.7949,-0.7752,-0.6198
Hutan_mangrove_25,Hutan mangrove,Training,273.85,468.6,286.92,3678.06,826.92,0.8553,-0.774,-0.6329
Hutan_mangrove_25,Hutan mangrove,Training,253.04,513.18,354.26,3224.02,902.63,0.802,-0.7254,-0.5625
Hutan_mangrove_25,Hutan mangrove,Training,263.34,444.0,304.42,3364.81,974.68,0.8341,-0.7669,-0.5508
Hutan_mangrove_25,Hutan mangrove,Training,190.05,533.19,361.76,3543.35,751.94,0.8147,-0.7384,-0.6499
Hutan_mangrove_25,Hutan mangrove,Training,226.11,531.28,387.7,3373.1,1014.19,0.7938,-0.7279,-0.5377
Hutan_mangrove_25,Hutan mangrove,Training,270.58,499.73,327.86,3472.09,1082.29,0.8274,-0.7484,-0.5247
Hutan_mangrove_25,Hutan mangrove,Training,255.35,553.19,357.25,3500.41,958.41,0.8148,-0.7271,-0.5701
Hutan_mangrove_25,Hutan mangrove,Training,314.74,474.24,377.42,3641.91,755.05,0.8122,-0.7696,-0.6566
Hutan_mangrove_25,Hutan mangrove,Training,205.84,481.92,360.42,3793.24,742.91,0.8265,-0.7745,-0.6724
Hutan_mangrove_25,Hutan mangrove,Training,269.58,495.26,350.1,3729.49,1074.61,0.8284,-0.7655,-0.5526
Hutan_mangrove_25,Hutan mangrove,Training,259.11,445.73,344.39,3787.47,988.5,0.8333,-0.7894,-0.5861
Hutan_mangrove_27,Hutan mangrove,Training,233.48,459.44,361.01,3492.7,903.03,0.8126,-0.7675,-0.5891
Hutan_mangrove_27,Hutan mangrove,Training,259.52,549.68,373.6,3450.18,785.5,0.8046,-0.7252,-0.6291
Hutan_mangrove_27,Hutan mangrove,Training,301.22,436.69,336.42,3741.95,1063.88,0.835,-0.791,-0.5573
Hutan_mangrove_27,Hutan mangrove,Training,244.31,501.09,323.75,3627.86,784.98,0.8361,-0.7573,-0.6442
Hutan_mangrove_27,Hutan mangrove,Training,227.49,530.56,336.99,3801.79,884.65,0.8372,-0.7551,-0.6225
Hutan_mangrove_27,Hutan mangrove,Training,208.93,546.73,310.54,3467.61,880.03,0.8356,-0.7276,-0.5952
Hutan_mangrove_27,Hutan mangrove,Training,280.17,478.94,322.2,3635.79,878.6,0.8372,-0.7672,-0.6108
Hutan_mangrove_27,Hutan mangrove,Training,235.98,508.66,313.89,3221.2,1113.87,0.8224,-0.7272,-0.4861
Hutan_mangrove_27,Hutan mangrove,Training,253.13,506.97,326.54,3797.49,846.65,0.8416,-0.7644,-0.6354
Hutan_mangrove_27,Hutan mangrove,Training,166.42,477.32,341.56,3562.58,880.1,0.825,-0.7637,-0.6038
Hutan_mangrove_27,Hutan mangrove,Training,230.65,470.34,341.06,3238.0,704.24,0.8094,-0.7463,-0.6427
Hutan_mangrove_27,Hutan mangrove,Training,252.94,504.59,376.38,3543.78,780.64,0.808,-0.7507,-0.639
Hutan_mangrove_27,Hutan mangrove,Training,191.81,464.39,362.68,3917.12,905.41,0.8305,-0.788,-0.6245
Hutan_mangrove_27,Hutan mangrove,Training,213.59,464.8,324.54,3510.68,1012.09,0.8308,-0.7662,-0.5524
Hutan_mangrove_27,Hutan mangrove,Training,285.97,493.11,355.49,3424.54,729.01,0.8119,-0.7483,-0.649
Hutan_mangrove_27,Hutan mangrove,Training,303.65,407.1,294.92,3995.21,901.66,0.8625,-0.8151,-0.6317
Hutan_mangrove_27,Hutan mangrove,Training,216.22,527.31,373.19,3306.81,846.72,0.7972,-0.7249,-0.5923
Hutan_mangrove_27,Hutan mangrove,Training,276.29,467.32,358.46,3913.46,660.75,0.8322,-0.7866,-0.7111
Hutan_mangrove_27,Hutan mangrove,Training,239.76,510.47,296.24,3483.49,1004.45,0.8432,-0.7444,-0.5524
Hutan_mangrove_27,Hutan mangrove,Training,228.87,440.63,383.92,3697.79,893.11,0.8119,-0.7871,-0.6109
Hutan_mangrove_27,Hutan mangrove,Training,247.05,541.13,358.84,3742.03,830.74,0.825,-0.7473,-0.6367
Hutan_mangrove_27,Hutan mangrove,Training,192.48,524.88,383.03,3550.6,988.78,0.8053,-0.7424,-0.5644
Hutan_mangrove_27,Hutan mangrove,Training,239.94,496.37,402.57,3535.87,864.94,0.7956,-0.7538,-0.6069
Hutan_mangrove_27,Hutan mangrove,Training,193.9,527.6,328.7,3632.39,868.5,0.834,-0.7463,-0.6141
Hutan_mangrove_27,Hutan mangrove,Training,236.63,495.29,348.77,3858.74,1052.02,0.8342,-0.7725,-0.5715
Hutan_mangrove_27,Hutan mangrove,Training,269.52,550.86,375.62,3708.82,1045.51,0.8161,-0.7414,-0.5602
Hutan_mangrove_27,Hutan mangrove,Training,210.75,472.62,325.37,3533.69,968.59,0.8314,-0.7641,-0.5697
Hutan_mangrove_27,Hutan mangrove,Training,216.55,520.11,332.39,3523.65,920.04,0.8276,-0.7428,-0.5859
Hutan_mangrove_27,Hutan mangrove,Training,300.44,471.51,347.6,3362.79,827.81,0.8126,-0.7541,-0.6049
Hutan_mangrove_27,Hutan mangrove,Training,217.38,509.79,362.76,3751.15,824.64,0.8236,-0.7607,-0.6396
Hutan_mangrove_27,Hutan mangrove,Training,265.24,504.52,348.27,3326.89,915.33,0.8105,-0.7366,-0.5685
Hutan_mangrove_27,Hutan mangrove,Training,255.55,504.07,362.0,3752.81,790.2,0.824,-0.7632,-0.6521
Hutan_mangrove_27,Hutan mangrove,Training,243.5,520.63,341.95,3811.07,909.02,0.8353,-0.7596,-0.6148
Hutan_mangrove_27,Hutan mangrove,Training,191.35,533.58,346.49,3210.66,874.77,0.8052,-0.715,-0.5718
Hutan_mangrove_27,Hutan mangrove,Training,211.95,530.13,348.92,3396.78,981.08,0.8137,-0.73,-0.5518
Hutan_mangrove_27,Hutan mangrove,Training,263.76,490.57,312.63,3414.66,814.25,0.8322,-0.7488,-0.6149
Hutan_mangrove_27,Hutan mangrove,Training,272.39,432.76,348.58,3544.94,1003.55,0.8209,-0.7824,-0.5587
Hutan_mangrove_27,Hutan mangrove,Training,256.98,521.41,334.24,3329.18,867.45,0.8175,-0.7292,-0.5866
Hutan_mangrove_27,Hutan mangrove,Training,273.31,531.0,337.08,3410.64,794.33,0.8201,-0.7306,-0.6222
Hutan_mangrove_27,Hutan mangrove,Training,245.9,505.46,394.2,3627.13,961.38,0.8039,-0.7554,-0.581
Hutan_mangrove_27,Hutan mangrove,Training,226.59,501.67,354.2,3569.08,897.82,0.8194,-0.7535,-0.598
Hutan_mangrove_27,Hutan mangrove,Training,253.79,519.24,385.07,3101.58,1011.37,0.7791,-0.7132,-0.5082
Hutan_mangrove_27,Hutan mangrove,Training,198.68,512.35,420.67,3590.64,918.0,0.7903,-0.7503,-0.5928
Hutan_mangrove_27,Hutan mangrove,Training,240.69,526.69,360.87,3451.27,888.56,0.8107,-0.7352,-0.5905
Hutan_mangrove_27,Hutan mangrove,Training,216.45,495.24,337.42,3630.04,829.01,0.8299,-0.7599,-0.6282
Hutan_mangrove_27,Hutan mangrove,Training,243.57,500.35,352.35,3660.34,882.58,0.8244,-0.7595,-0.6114
Hutan_mangrove_27,Hutan mangrove,Training,226.4,503.28,344.63,3825.42,1015.07,0.8347,-0.7675,-0.5806
Hutan_mangrove_27,Hutan mangrove,Training,208.84,524.69,374.53,3303.92,957.95,0.7964,-0.7259,-0.5505
Hutan_mangrove_27,Hutan mangrove,Training,276.88,462.01,342.91,3640.99,957.05,0.8279,-0.7748,-0.5837
Hutan_mangrove_27,Hutan mangrove,Training,220.35,546.28,289.12,3891.22,955.03,0.8617,-0.7538,-0.6059
Hutan_mangrove_29,Hutan mangrove,Training,271.96,435.54,329.71,3299.03,918.93,0.8183,-0.7668,-0.5643
Hutan_mangrove_29,Hutan mangrove,Training,210.3,420.76,342.88,3114.0,925.87,0.8016,-0.7619,-0.5416
Hutan_mangrove_29,Hutan mangrove,Training,212.27,466.38,281.59,3963.02,753.71,0.8673,-0.7894,-0.6804
Hutan_mangrove_29,Hutan mangrove,Training,239.08,428.33,324.93,3985.4,929.75,0.8492,-0.8059,-0.6217
Hutan_mangrove_29,Hutan mangrove,Training,228.29,498.63,333.18,3579.67,974.39,0.8297,-0.7555,-0.5721
Hutan_mangrove_29,Hutan mangrove,Training,240.07,508.8,357.09,3528.25,826.41,0.8162,-0.7479,-0.6204
Hutan_mangrove_29,Hutan mangrove,Training,234.24,527.97,373.47,3349.69,873.9,0.7994,-0.7277,-0.5862
Hutan_mangrove_29,Hutan mangrove,Training,227.41,532.0,335.86,4084.2,921.79,0.848,-0.7695,-0.6317
Hutan_mangrove_29,Hutan mangrove,Training,285.46,459.42,350.35,3735.56,796.67,0.8285,-0.781,-0.6484
Hutan_mangrove_29,Hutan mangrove,Training,250.61,542.07,340.18,3412.61,1080.3,0.8187,-0.7259,-0.5191
Hutan_mangrove_29,Hutan mangrove,Training,214.85,506.24,328.75,3393.9,974.17,0.8234,-0.7404,-0.554
Hutan_mangrove_29,Hutan mangrove,Training,243.83,516.24,282.35,3710.69,827.94,0.8586,-0.7557,-0.6352
Hutan_mangrove_29,Hutan mangrove,Training,193.63,575.39,368.03,3650.0,1024.94,0.8168,-0.7277,-0.5615
Hutan_mangrove_29,Hutan mangrove,Training,257.43,468.06,344.75,3450.76,849.96,0.8183,-0.7611,-0.6047
Hutan_mangrove_29,Hutan mangrove,Training,212.27,461.2,376.84,3673.06,849.7,0.8139,-0.7769,-0.6243
Hutan_mangrove_29,Hutan mangrove,Training,219.16,483.78,299.48,3627.86,994.55,0.8475,-0.7647,-0.5697
Hutan_mangrove_29,Hutan mangrove,Training,321.01,455.87,377.11,3444.41,787.15,0.8026,-0.7662,-0.628
Hutan_mangrove_29,Hutan mangrove,Training,216.13,505.63,322.08,3466.49,855.96,0.83,-0.7454,-0.6039
Hutan_mangrove_29,Hutan mangrove,Training,227.8,467.5,277.13,3619.13,906.77,0.8577,-0.7712,-0.5993
Hutan_mangrove_29,Hutan mangrove,Training,226.08,514.42,391.91,3605.19,1033.03,0.8039,-0.7503,-0.5546
Hutan_mangrove_29,Hutan mangrove,Training,317.14,601.22,314.35,3339.73,855.56,0.8279,-0.6949,-0.5921
Hutan_mangrove_29,Hutan mangrove,Training,253.86,563.47,368.82,3335.28,838.83,0.8009,-0.7109,-0.5981
Hutan_mangrove_29,Hutan mangrove,Training,248.74,440.43,350.41,3338.54,734.93,0.81,-0.7669,-0.6392
Hutan_mangrove_29,Hutan mangrove,Training,221.59,516.44,362.12,3621.26,999.16,0.8182,-0.7504,-0.5675
Hutan_mangrove_29,Hutan mangrove,Training,276.57,508.18,351.99,3628.5,885.24,0.8231,-0.7543,-0.6078
Hutan_mangrove_29,Hutan mangrove,Training,184.77,545.42,361.93,3332.41,1042.78,0.8041,-0.7187,-0.5233
Hutan_mangrove_29,Hutan mangrove,Training,232.3,495.69,380.71,3648.43,1033.54,0.811,-0.7608,-0.5585
Hutan_mangrove_29,Hutan mangrove,Training,239.44,567.65,326.67,3889.88,673.49,0.8451,-0.7453,-0.7048
Hutan_mangrove_29,Hutan mangrove,Training,216.99,511.92,337.99,3583.56,904.17,0.8276,-0.75,-0.597
Hutan_mangrove_29,Hutan mangrove,Training,214.27,455.36,356.96,3453.41,1034.1,0.8126,-0.767,-0.5391
Hutan_mangrove_29,Hutan mangrove,Training,244.24,528.75,363.29,3467.74,701.97,0.8103,-0.7354,-0.6633
Hutan_mangrove_29,Hutan mangrove,Training,285.55,460.84,337.89,3566.81,894.9,0.8269,-0.7712,-0.5989
Hutan_mangrove_29,Hutan mangrove,Training,278.86,500.23,346.18,3824.06,960.07,0.834,-0.7686,-0.5986
Hutan_mangrove_29,Hutan mangrove,Training,227.93,454.11,325.29,3589.17,775.39,0.8338,-0.7754,-0.6447
Hutan_mangrove_29,Hutan mangrove,Training,252.72,494.83,273.72,3290.64,611.42,0.8464,-0.7386,-0.6866
Hutan_mangrove_29,Hutan mangrove,Training,239.68,542.96,293.28,3309.1,883.63,0.8372,-0.7181,-0.5785
Hutan_mangrove_29,Hutan mangrove,Training,218.09,457.25,366.25,3491.12,751.33,0.8101,-0.7684,-0.6458
Hutan_mangrove_29,Hutan mangrove,Training,187.37,588.34,383.85,3500.64,908.79,0.8024,-0.7122,-0.5878
Hutan_mangrove_29,Hutan mangrove,Training,235.34,520.42,324.37,3480.5,945.54,0.8295,-0.7399,-0.5727
Hutan_mangrove_29,Hutan mangrove,Training,293.62,529.66,387.02,3531.27,837.7,0.8025,-0.7391,-0.6165
Hutan_mangrove_29,Hutan mangrove,Training,191.85,502.89,361.37,3534.0,822.33,0.8145,-0.7509,-0.6225
Hutan_mangrove_29,Hutan mangrove,Training,287.3,525.27,389.38,3390.21,829.18,0.794,-0.7317,-0.607
Hutan_mangrove_29,Hutan mangrove,Training,286.1,498.11,332.93,3490.11,898.89,0.8258,-0.7502,-0.5904
Hutan_mangrove_29,Hutan mangrove,Training,280.09,493.58,373.72,3702.82,812.17,0.8167,-0.7648,-0.6402
Hutan_mangrove_29,Hutan mangrove,Training,223.63,481.99,309.89,3486.89,1051.34,0.8368,-0.7571,-0.5367
Hutan_mangrove_29,Hutan mangrove,Training,249.06,469.34,407.47,3395.26,803.81,0.7857,-0.7571,-0.6171
Hutan_mangrove_29,Hutan mangrove,Training,286.88,526.45,346.1,3783.02,930.06,0.8324,-0.7557,-0.6053
Hutan_mangrove_29,Hutan mangrove,Training,214.41,404.1,332.98,3838.68,857.15,0.8404,-0.8095,-0.6349
Hutan_mangrove_29,Hutan mangrove,Training,263.8,507.38,299.19,3510.59,935.89,0.8429,-0.7474,-0.579
Hutan_mangrove_29,Hutan mangrove,Training,226.39,485.5,361.75,3615.98,1004.69,0.8181,-0.7633,-0.5651
Hutan_mangrove_30,Hutan mangrove,Training,261.51,461.77,335.67,3604.47,1033.84,0.8296,-0.7729,-0.5542
Hutan_mangrove_30,Hutan mangrove,Training,235.79,430.7,363.22,3433.77,771.47,0.8087,-0.7771,-0.6331
Hutan_mangrove_30,Hutan mangrove,Training,250.56,538.91,332.78,3709.25,968.19,0.8353,-0.7463,-0.586
Hutan_mangrove_30,Hutan mangrove,Training,273.75,470.71,316.37,3383.35,979.1,0.829,-0.7557,-0.5511
Hutan_mangrove_30,Hutan mangrove,Training,270.02,461.71,413.98,3363.2,999.95,0.7808,-0.7586,-0.5416
Hutan_mangrove_30,Hutan mangrove,Training,295.59,504.39,326.91,3435.47,873.79,0.8262,-0.744,-0.5945
Hutan_mangrove_30,Hutan mangrove,Training,282.43,452.0,294.84,3679.65,958.16,0.8516,-0.7812,-0.5868
Hutan_mangrove_30,Hutan mangrove,Training,309.04,444.71,345.96,3855.6,912.09,0.8353,-0.7932,-0.6174
Hutan_mangrove_30,Hutan mangrove,Training,244.14,531.6,332.02,3787.31,774.64,0.8388,-0.7538,-0.6604
Hutan_mangrove_30,Hutan mangrove,Training,204.42,489.06,273.1,3618.63,726.74,0.8597,-0.7619,-0.6655
Hutan_mangrove_30,Hutan mangrove,Training,258.47,507.42,347.96,3696.01,920.42,0.8279,-0.7586,-0.6012
Hutan_mangrove_30,Hutan mangrove,Training,241.21,573.24,361.8,3769.82,1007.31,0.8249,-0.736,-0.5783
Hutan_mangrove_30,Hutan mangrove,Training,270.04,582.51,354.98,3598.47,835.04,0.8204,-0.7214,-0.6233
Hutan_mangrove_30,Hutan mangrove,Training,242.31,470.75,370.32,3399.29,907.38,0.8035,-0.7567,-0.5786
Hutan_mangrove_30,Hutan mangrove,Training,266.79,506.01,323.12,3753.77,891.47,0.8415,-0.7624,-0.6162
Hutan_mangrove_30,Hutan mangrove,Training,163.82,460.67,392.03,3926.55,952.61,0.8184,-0.79,-0.6095
Hutan_mangrove_30,Hutan mangrove,Training,273.52,468.87,342.2,3871.78,942.59,0.8376,-0.784,-0.6084
Hutan_mangrove_30,Hutan mangrove,Training,251.95,492.53,385.23,3846.85,964.97,0.8179,-0.773,-0.5989
Hutan_mangrove_30,Hutan mangrove,Training,251.99,485.73,370.79,3357.58,810.54,0.8011,-0.7472,-0.6111
Hutan_mangrove_30,Hutan mangrove,Training,206.47,549.41,328.38,3688.88,887.44,0.8365,-0.7407,-0.6122
Hutan_mangrove_30,Hutan mangrove,Training,336.93,517.68,294.14,3858.6,861.28,0.8583,-0.7634,-0.635
Hutan_mangrove_30,Hutan mangrove,Training,243.97,473.1,355.87,3640.15,835.45,0.8219,-0.77,-0.6267
Hutan_mangrove_30,Hutan mangrove,Training,234.76,504.05,279.72,3282.87,1067.0,0.843,-0.7338,-0.5094
Hutan_mangrove_30,Hutan mangrove,Training,259.83,479.0,299.12,3587.61,998.52,0.8461,-0.7644,-0.5645
Hutan_mangrove_30,Hutan mangrove,Training,329.18,575.68,323.39,3490.92,752.85,0.8304,-0.7169,-0.6452
Hutan_mangrove_30,Hutan mangrove,Training,224.75,491.49,338.99,4052.0,768.46,0.8456,-0.7837,-0.6812
Hutan_mangrove_30,Hutan mangrove,Training,248.65,417.46,359.93,3304.82,1010.26,0.8036,-0.7757,-0.5318
Hutan_mangrove_30,Hutan mangrove,Training,241.27,443.92,286.92,3384.7,923.94,0.8437,-0.7681,-0.5711
Hutan_mangrove_30,Hutan mangrove,Training,262.65,480.06,377.77,3350.14,607.29,0.7973,-0.7493,-0.6931
Hutan_mangrove_30,Hutan mangrove,Training,258.48,551.6,388.98,3314.04,845.53,0.7899,-0.7146,-0.5935
Hutan_mangrove_30,Hutan mangrove,Training,271.71,474.92,353.16,3442.38,791.06,0.8139,-0.7575,-0.6263
Hutan_mangrove_30,Hutan mangrove,Training,223.11,538.23,350.41,3879.81,952.04,0.8343,-0.7563,-0.6059
Hutan_mangrove_30,Hutan mangrove,Training,298.19,532.72,372.78,3573.49,1200.92,0.8111,-0.7405,-0.4969
Hutan_mangrove_30,Hutan mangrove,Training,253.38,421.06,358.04,3383.9,1001.7,0.8086,-0.7787,-0.5432
Hutan_mangrove_30,Hutan mangrove,Training,271.77,492.34,323.36,3632.21,835.88,0.8365,-0.7613,-0.6258
Hutan_mangrove_30,Hutan mangrove,Training,273.63,522.24,438.08,3502.07,869.66,0.7776,-0.7405,-0.6021
Hutan_mangrove_30,Hutan mangrove,Training,245.36,495.56,380.81,3539.2,1097.24,0.8057,-0.7544,-0.5267
Hutan_mangrove_30,Hutan mangrove,Training,267.47,480.57,327.76,3828.99,902.85,0.8423,-0.777,-0.6184
Hutan_mangrove_30,Hutan mangrove,Training,250.27,476.06,348.16,3459.43,1036.17,0.8171,-0.7581,-0.539
Hutan_mangrove_30,Hutan mangrove,Training,271.51,493.01,344.32,3620.28,899.45,0.8263,-0.7603,-0.602
Hutan_mangrove_30,Hutan mangrove,Training,221.29,423.97,326.07,3571.73,826.22,0.8327,-0.7878,-0.6243
Hutan_mangrove_30,Hutan mangrove,Training,274.58,490.83,406.21,3476.47,914.07,0.7908,-0.7526,-0.5836
Hutan_mangrove_30,Hutan mangrove,Training,241.33,517.59,381.97,3733.82,696.92,0.8144,-0.7565,-0.6854
Hutan_mangrove_30,Hutan mangrove,Training,265.0,459.56,340.71,3751.65,788.02,0.8335,-0.7817,-0.6528
Hutan_mangrove_30,Hutan mangrove,Training,284.68,485.86,415.13,3615.11,1070.53,0.794,-0.763,-0.5431
Hutan_mangrove_30,Hutan mangrove,Training,285.93,475.56,310.95,3625.0,841.74,0.842,-0.7681,-0.6231
Hutan_mangrove_30,Hutan mangrove,Training,297.39,490.13,340.99,3292.9,941.92,0.8123,-0.7409,-0.5552
Hutan_mangrove_30,Hutan mangrove,Training,214.77,517.7,367.4,3435.07,995.66,0.8068,-0.7381,-0.5506
Hutan_mangrove_30,Hutan mangrove,Training,241.75,441.15,396.36,3396.84,950.71,0.791,-0.7701,-0.5626
Hutan_mangrove_30,Hutan mangrove,Training,262.77,515.57,361.16,3386.56,1069.13,0.8073,-0.7358,-0.5201
Hutan_mangrove_31,Hutan mangrove,Training,278.69,519.0,310.01,3384.76,965.75,0.8322,-0.7341,-0.556
Hutan_mangrove_31,Hutan mangrove,Training,189.89,513.55,310.06,3409.03,758.89,0.8333,-0.7382,-0.6358
Hutan_mangrove_31,Hutan mangrove,Training,257.38,544.65,360.44,3700.72,916.8,0.8225,-0.7434,-0.6029
Hutan_mangrove_31,Hutan mangrove,Training,270.48,518.68,268.55,3799.39,980.12,0.868,-0.7598,-0.5899
Hutan_mangrove_31,Hutan mangrove,Training,239.13,421.03,357.27,3671.87,855.95,0.8227,-0.7943,-0.6219
Hutan_mangrove_31,Hutan mangrove,Training,255.6,542.87,421.93,3632.32,933.39,0.7919,-0.74,-0.5911
Hutan_mangrove_31,Hutan mangrove,Training,225.29,479.94,345.92,3859.1,981.9,0.8355,-0.7788,-0.5943
Hutan_mangrove_31,Hutan mangrove,Training,307.88,440.39,310.29,3842.46,1044.89,0.8506,-0.7943,-0.5724
Hutan_mangrove_31,Hutan mangrove,Training,250.99,321.38,327.69,3673.81,810.06,0.8362,-0.8391,-0.6387
Hutan_mangrove_31,Hutan mangrove,Training,255.55,575.94,392.78,3777.96,893.56,0.8116,-0.7354,-0.6174
Hutan_mangrove_31,Hutan mangrove,Training,235.16,530.31,350.76,3613.13,744.88,0.823,-0.744,-0.6582
Hutan_mangrove_31,Hutan mangrove,Training,228.56,530.07,316.97,3658.46,941.25,0.8405,-0.7469,-0.5907
Hutan_mangrove_31,Hutan mangrove,Training,264.13,522.41,368.83,3462.77,753.23,0.8075,-0.7378,-0.6427
Hutan_mangrove_31,Hutan mangrove,Training,223.79,529.2,313.97,3371.07,795.39,0.8296,-0.7286,-0.6182
Hutan_mangrove_31,Hutan mangrove,Training,194.62,454.12,380.01,3442.31,725.11,0.8012,-0.7669,-0.652
Hutan_mangrove_31,Hutan mangrove,Training,234.65,520.42,295.08,3809.73,755.9,0.8562,-0.7596,-0.6689
Hutan_mangrove_31,Hutan mangrove,Training,238.14,483.67,333.16,3585.74,977.86,0.83,-0.7623,-0.5715
Hutan_mangrove_31,Hutan mangrove,Training,248.78,475.77,363.72,3645.6,833.05,0.8186,-0.7691,-0.628
Hutan_mangrove_31,Hutan mangrove,Training,251.27,469.91,324.03,3777.28,944.7,0.842,-0.7787,-0.5999
Hutan_mangrove_31,Hutan mangrove,Training,273.11,525.41,323.38,3820.28,870.24,0.8439,-0.7582,-0.6289
Hutan_mangrove_31,Hutan mangrove,Training,277.88,495.0,359.39,3675.51,981.32,0.8219,-0.7626,-0.5785
Hutan_mangrove_31,Hutan mangrove,Training,200.96,436.94,370.15,3678.4,822.44,0.8171,-0.7877,-0.6345
Hutan_mangrove_31,Hutan mangrove,Training,260.93,443.68,447.93,3888.55,962.23,0.7934,-0.7952,-0.6033
Hutan_mangrove_31,Hutan mangrove,Training,252.27,475.25,310.69,3574.96,814.02,0.8401,-0.7653,-0.6291
Hutan_mangrove_31,Hutan mangrove,Training,225.96,443.33,357.49,3517.06,953.51,0.8155,-0.7761,-0.5734
Hutan_mangrove_31,Hutan mangrove,Training,263.71,509.18,429.78,3781.22,773.94,0.7959,-0.7626,-0.6602
Hutan_mangrove_31,Hutan mangrove,Training,263.76,497.84,309.75,3287.24,945.32,0.8278,-0.7369,-0.5533
Hutan_mangrove_31,Hutan mangrove,Training,270.93,458.15,379.11,3662.68,1019.59,0.8124,-0.7776,-0.5645
Hutan_mangrove_31,Hutan mangrove,Training,282.69,493.66,399.07,3352.69,1139.03,0.7873,-0.7433,-0.4928
Hutan_mangrove_31,Hutan mangrove,Training,223.64,498.08,332.98,3517.11,1192.36,0.827,-0.7519,-0.4936
Hutan_mangrove_31,Hutan mangrove,Training,236.12,534.04,342.94,3806.04,845.58,0.8347,-0.7539,-0.6364
Hutan_mangrove_31,Hutan mangrove,Training,257.68,525.15,328.35,4206.7,968.09,0.8552,-0.778,-0.6258
Hutan_mangrove_31,Hutan mangrove,Training,243.22,472.11,352.75,3332.48,1078.23,0.8086,-0.7518,-0.5111
Hutan_mangrove_31,Hutan mangrove,Training,262.94,496.48,381.38,3441.27,784.4,0.8005,-0.7478,-0.6287
Hutan_mangrove_31,Hutan mangrove,Training,246.1,505.1,365.92,3275.22,854.37,0.799,-0.7328,-0.5862
Hutan_mangrove_31,Hutan mangrove,Training,157.5,452.71,371.46,3811.43,785.8,0.8224,-0.7877,-0.6581
Hutan_mangrove_31,Hutan mangrove,Training,240.26,501.02,382.34,3936.4,915.31,0.8229,-0.7742,-0.6227
Hutan_mangrove_31,Hutan mangrove,Training,242.18,442.25,353.24,4056.48,1029.02,0.8398,-0.8034,-0.5953
Hutan_mangrove_31,Hutan mangrove,Training,255.25,512.14,329.34,3521.43,914.76,0.8289,-0.7461,-0.5876
Hutan_mangrove_31,Hutan mangrove,Training,254.52,540.43,378.86,3714.52,800.09,0.8149,-0.746,-0.6456
Hutan_mangrove_31,Hutan mangrove,Training,221.16,464.48,357.07,3154.21,899.37,0.7966,-0.7433,-0.5563
Hutan_mangrove_31,Hutan mangrove,Training,292.26,526.67,339.48,3446.38,980.57,0.8207,-0.7349,-0.557
Hutan_mangrove_31,Hutan mangrove,Training,259.18,490.14,332.33,3616.8,869.7,0.8317,-0.7613,-0.6123
Hutan_mangrove_31,Hutan mangrove,Training,273.53,549.65,308.98,3330.32,1034.81,0.8302,-0.7167,-0.5259
Hutan_mangrove_31,Hutan mangrove,Training,254.97,454.73,379.5,3675.17,1120.32,0.8128,-0.7798,-0.5328
Hutan_mangrove_31,Hutan mangrove,Training,242.94,544.35,306.53,3907.13,994.42,0.8545,-0.7554,-0.5942
Hutan_mangrove_31,Hutan mangrove,Training,298.13,544.42,347.03,3342.35,839.79,0.8119,-0.7199,-0.5984
Hutan_mangrove_31,Hutan mangrove,Training,197.17,463.16,362.78,3589.49,877.64,0.8164,-0.7714,-0.6071
Hutan_mangrove_31,Hutan mangrove,Training,226.21,429.1,355.46,3683.42,800.84,0.824,-0.7913,-0.6428
Hutan_mangrove_31,Hutan mangrove,Training,234.0,561.69,384.78,3273.43,891.54,0.7896,-0.7071,-0.5719
Hutan_mangrove_32,Hutan mangrove,Training,293.65,491.34,341.93,3840.4,998.71,0.8365,-0.7731,-0.5872
Hutan_mangrove_32,Hutan mangrove,Training,278.06,489.52,369.89,3928.84,895.01,0.8279,-0.7784,-0.6289
Hutan_mangrove_32,Hutan mangrove,Training,237.9,549.2,411.36,4065.3,862.55,0.8162,-0.762,-0.6499
Hutan_mangrove_32,Hutan mangrove,Training,241.78,458.83,353.54,3363.69,847.34,0.8098,-0.7599,-0.5976
Hutan_mangrove_32,Hutan mangrove,Training,271.03,515.6,295.68,3945.46,791.3,0.8606,-0.7688,-0.6659
Hutan_mangrove_32,Hutan mangrove,Training,221.17,450.44,330.16,3402.7,812.76,0.8231,-0.7662,-0.6144
Hutan_mangrove_32,Hutan mangrove,Training,176.07,505.2,356.96,4093.77,948.63,0.8396,-0.7803,-0.6237
Hutan_mangrove_32,Hutan mangrove,Training,235.1,451.97,347.11,3698.72,849.67,0.8284,-0.7822,-0.6264
Hutan_mangrove_32,Hutan mangrove,Training,251.83,575.89,338.48,3184.91,987.35,0.8079,-0.6937,-0.5267
Hutan_mangrove_32,Hutan mangrove,Training,259.43,431.64,362.83,3380.47,944.13,0.8061,-0.7735,-0.5634
Hutan_mangrove_32,Hutan mangrove,Training,307.22,492.92,382.5,3329.73,748.06,0.7939,-0.7421,-0.6331
Hutan_mangrove_32,Hutan mangrove,Training,310.52,512.31,369.1,3853.44,847.22,0.8252,-0.7653,-0.6395
Hutan_mangrove_32,Hutan mangrove,Training,274.75,526.94,311.16,3932.86,1030.69,0.8534,-0.7637,-0.5847
Hutan_mangrove_32,Hutan mangrove,Training,211.49,508.01,343.07,3912.03,758.94,0.8387,-0.7701,-0.675
Hutan_mangrove_32,Hutan mangrove,Training,358.07,493.02,372.15,3905.25,880.4,0.826,-0.7758,-0.6321
Hutan_mangrove_32,Hutan mangrove,Training,246.55,479.89,323.44,3659.81,886.47,0.8376,-0.7682,-0.61
Hutan_mangrove_32,Hutan mangrove,Training,234.72,481.96,367.29,3424.54,875.3,0.8063,-0.7533,-0.5929
Hutan_mangrove_32,Hutan mangrove,Training,276.96,509.89,318.51,3594.75,943.7,0.8372,-0.7516,-0.5841
Hutan_mangrove_32,Hutan mangrove,Training,279.68,469.78,333.24,3447.06,835.45,0.8237,-0.7601,-0.6098
Hutan_mangrove_32,Hutan mangrove,Training,262.15,523.78,381.53,3579.94,759.47,0.8074,-0.7447,-0.65
Hutan_mangrove_32,Hutan mangrove,Training,270.08,506.37,351.8,3317.65,880.42,0.8083,-0.7352,-0.5806
Hutan_mangrove_32,Hutan mangrove,Training,214.19,519.28,337.1,3485.7,746.28,0.8236,-0.7407,-0.6473
Hutan_mangrove_32,Hutan mangrove,Training,280.81,489.66,352.61,3438.19,734.94,0.814,-0.7507,-0.6478
Hutan_mangrove_32,Hutan mangrove,Training,234.05,485.14,358.78,3521.89,828.17,0.8151,-0.7579,-0.6192
Hutan_mangrove_32,Hutan mangrove,Training,204.9,501.94,326.1,3890.58,915.01,0.8453,-0.7715,-0.6192
Hutan_mangrove_32,Hutan mangrove,Training,266.86,490.05,356.04,3404.04,782.18,0.8106,-0.7483,-0.6263
Hutan_mangrove_32,Hutan mangrove,Training,250.45,522.82,291.63,3490.2,1084.21,0.8458,-0.7394,-0.526
Hutan_mangrove_32,Hutan mangrove,Training,264.38,561.51,330.98,3499.26,996.67,0.8272,-0.7234,-0.5566
Hutan_mangrove_32,Hutan mangrove,Training,268.71,496.22,312.12,3854.51,1151.02,0.8502,-0.7719,-0.5401
Hutan_mangrove_32,Hutan mangrove,Training,202.84,556.14,335.95,3526.64,926.96,0.826,-0.7276,-0.5837
Hutan_mangrove_32,Hutan mangrove,Training,213.83,498.51,301.66,3704.74,1123.37,0.8494,-0.7628,-0.5347
Hutan_mangrove_32,Hutan mangrove,Training,230.81,493.25,346.42,3817.02,940.56,0.8336,-0.7711,-0.6046
Hutan_mangrove_32,Hutan mangrove,Training,277.61,479.75,363.01,2859.08,966.75,0.7747,-0.7126,-0.4946
Hutan_mangrove_32,Hutan mangrove,Training,213.47,486.9,372.36,3262.06,1008.94,0.7951,-0.7402,-0.5275
Hutan_mangrove_32,Hutan mangrove,Training,246.27,558.12,322.91,3201.19,897.11,0.8167,-0.7031,-0.5622
Hutan_mangrove_32,Hutan mangrove,Training,267.61,526.84,315.94,3242.58,868.77,0.8224,-0.7205,-0.5774
Hutan_mangrove_32,Hutan mangrove,Training,265.49,518.63,397.16,3517.84,715.51,0.7971,-0.743,-0.662
Hutan_mangrove_32,Hutan mangrove,Training,285.9,507.81,358.47,3768.76,1026.36,0.8263,-0.7625,-0.5719
Hutan_mangrove_32,Hutan mangrove,Training,249.31,547.06,366.56,3455.77,876.68,0.8082,-0.7267,-0.5953
Hutan_mangrove_32,Hutan mangrove,Training,268.5,471.65,376.59,3634.8,938.16,0.8122,-0.7703,-0.5897
Hutan_mangrove_32,Hutan mangrove,Training,293.22,514.26,352.14,3581.83,886.53,0.821,-0.7489,-0.6032
Hutan_mangrove_32,Hutan mangrove,Training,259.37,554.53,331.65,3448.76,1028.5,0.8245,-0.723,-0.5406
Hutan_mangrove_32,Hutan mangrove,Training,233.02,508.64,332.25,3230.51,919.82,0.8135,-0.7279,-0.5567
Hutan_mangrove_32,Hutan mangrove,Training,283.46,497.52,305.55,3624.0,824.4,0.8445,-0.7586,-0.6293
Hutan_mangrove_32,Hutan mangrove,Training,171.41,496.76,365.53,3859.1,1075.69,0.827,-0.7719,-0.564
Hutan_mangrove_32,Hutan mangrove,Training,269.53,537.34,311.46,3956.8,1026.74,0.8541,-0.7609,-0.5879
Hutan_mangrove_32,Hutan mangrove,Training,238.99,527.27,367.43,3923.45,884.89,0.8287,-0.7631,-0.6319
Hutan_mangrove_32,Hutan mangrove,Training,227.61,480.4,376.9,3177.63,600.29,0.7879,-0.7373,-0.6822
Hutan_mangrove_32,Hutan mangrove,Training,276.83,510.99,350.55,3312.78,729.01,0.8086,-0.7327,-0.6393
Hutan_mangrove_32,Hutan mangrove,Training,230.96,514.47,332.43,3798.02,804.59,0.839,-0.7614,-0.6504
Hutan_mangrove_33,Hutan mangrove,Training,234.42,528.13,338.69,3527.98,835.65,0.8248,-0.7396,-0.617
Hutan_mangrove_33,Hutan mangrove,Training,225.13,514.17,364.51,3649.97,838.38,0.8184,-0.7531,-0.6264
Hutan_mangrove_33,Hutan mangrove,Training,243.96,563.84,307.37,4014.9,909.97,0.8578,-0.7537,-0.6305
Hutan_mangrove_33,Hutan mangrove,Training,244.6,538.14,287.98,3903.67,1085.77,0.8626,-0.7577,-0.5648
Hutan_mangrove_33,Hutan mangrove,Training,282.64,415.91,372.93,3962.12,1054.27,0.8279,-0.81,-0.5797
Hutan_mangrove_33,Hutan mangrove,Training,207.76,540.65,403.87,3606.48,754.73,0.7986,-0.7393,-0.6539
Hutan_mangrove_33,Hutan mangrove,Training,274.86,542.15,345.82,3338.04,998.19,0.8122,-0.7206,-0.5396
Hutan_mangrove_33,Hutan mangrove,Training,226.94,515.89,396.74,3235.06,990.78,0.7815,-0.7249,-0.5311
Hutan_mangrove_33,Hutan mangrove,Training,243.8,492.77,365.43,3430.3,782.5,0.8075,-0.7488,-0.6285
Hutan_mangrove_33,Hutan mangrove,Training,196.47,549.27,338.85,3725.39,851.5,0.8333,-0.743,-0.6279
Hutan_mangrove_33,Hutan mangrove,Training,215.15,526.09,359.84,3547.88,930.19,0.8158,-0.7417,-0.5846
Hutan_mangrove_33,Hutan mangrove,Training,221.19,542.42,388.77,3767.05,862.8,0.8129,-0.7483,-0.6273
Hutan_mangrove_33,Hutan mangrove,Training,251.78,562.75,388.43,4038.65,821.95,0.8245,-0.7554,-0.6618
Hutan_mangrove_33,Hutan mangrove,Training,223.89,505.37,362.21,3568.7,861.03,0.8157,-0.7519,-0.6112
Hutan_mangrove_33,Hutan mangrove,Training,288.02,496.37,313.54,3358.07,924.71,0.8292,-0.7424,-0.5682
Hutan_mangrove_33,Hutan mangrove,Training,340.08,460.96,340.55,4129.06,851.57,0.8476,-0.7991,-0.658
Hutan_mangrove_33,Hutan mangrove,Training,263.66,575.04,321.46,3531.96,851.56,0.8332,-0.72,-0.6115
Hutan_mangrove_33,Hutan mangrove,Training,204.46,562.77,332.44,3407.23,855.56,0.8222,-0.7165,-0.5986
Hutan_mangrove_33,Hutan mangrove,Training,277.86,504.52,326.25,3690.01,981.26,0.8375,-0.7594,-0.5799
Hutan_mangrove_33,Hutan mangrove,Training,249.29,490.61,380.48,3560.58,1060.82,0.8069,-0.7578,-0.5409
Hutan_mangrove_33,Hutan mangrove,Training,227.27,468.76,322.89,3547.45,900.25,0.8331,-0.7666,-0.5952
Hutan_mangrove_33,Hutan mangrove,Training,210.23,503.87,366.96,3277.59,847.88,0.7986,-0.7335,-0.589
Hutan_mangrove_33,Hutan mangrove,Training,267.02,456.42,340.52,3839.4,1079.52,0.8371,-0.7875,-0.5611
Hutan_mangrove_33,Hutan mangrove,Training,263.2,493.23,334.96,3800.37,1013.34,0.838,-0.7702,-0.579
Hutan_mangrove_33,Hutan mangrove,Training,215.31,536.42,331.79,3410.9,884.64,0.8227,-0.7282,-0.5881
Hutan_mangrove_33,Hutan mangrove,Training,279.75,512.38,358.47,3677.54,946.77,0.8224,-0.7554,-0.5905
Hutan_mangrove_33,Hutan mangrove,Training,246.58,525.28,330.21,3743.22,985.7,0.8379,-0.7539,-0.5831
Hutan_mangrove_33,Hutan mangrove,Training,270.97,530.04,363.95,3858.16,672.84,0.8276,-0.7584,-0.703
Hutan_mangrove_33,Hutan mangrove,Training,275.61,579.02,331.34,3438.58,1028.63,0.8242,-0.7118,-0.5395
Hutan_mangrove_33,Hutan mangrove,Training,222.2,473.33,355.1,3424.23,987.5,0.8121,-0.7571,-0.5523
Hutan_mangrove_33,Hutan mangrove,Training,226.28,514.43,358.53,3966.06,1016.53,0.8342,-0.7704,-0.592
Hutan_mangrove_33,Hutan mangrove,Training,234.11,449.42,375.14,3456.25,866.43,0.8042,-0.7699,-0.5991
Hutan_mangrove_33,Hutan mangrove,Training,218.21,527.16,330.61,3592.29,898.05,0.8314,-0.7441,-0.6
Hutan_mangrove_33,Hutan mangrove,Training,255.51,526.47,342.72,3436.89,714.05,0.8186,-0.7343,-0.656
Hutan_mangrove_33,Hutan mangrove,Training,253.08,493.72,328.69,3613.76,985.6,0.8333,-0.7596,-0.5714
Hutan_mangrove_33,Hutan mangrove,Training,283.36,438.59,339.17,3811.43,1059.6,0.8366,-0.7936,-0.5649
Hutan_mangrove_33,Hutan mangrove,Training,225.48,555.13,309.5,3852.62,871.82,0.8513,-0.7481,-0.6309
Hutan_mangrove_33,Hutan mangrove,Training,296.88,481.44,340.7,3570.65,746.29,0.8258,-0.7624,-0.6542
Hutan_mangrove_33,Hutan mangrove,Training,197.13,520.41,379.65,3733.67,774.6,0.8154,-0.7553,-0.6564
Hutan_mangrove_33,Hutan mangrove,Training,264.41,460.39,362.23,3848.89,936.75,0.828,-0.7863,-0.6085
Hutan_mangrove_33,Hutan mangrove,Training,294.06,494.0,343.5,3614.82,765.74,0.8264,-0.7595,-0.6504
Hutan_mangrove_33,Hutan mangrove,Training,237.91,487.39,341.48,3659.02,751.97,0.8293,-0.7649,-0.659
Hutan_mangrove_33,Hutan mangrove,Training,215.63,545.28,289.78,3735.6,862.64,0.856,-0.7452,-0.6248
Hutan_mangrove_33,Hutan mangrove,Training,254.8,562.32,346.06,3737.59,905.86,0.8305,-0.7384,-0.6098
Hutan_mangrove_33,Hutan mangrove,Training,246.72,490.67,371.03,3439.05,786.8,0.8052,-0.7503,-0.6276
Hutan_mangrove_33,Hutan mangrove,Training,252.23,507.71,295.28,3597.69,777.31,0.8483,-0.7527,-0.6447
Hutan_mangrove_33,Hutan mangrove,Training,268.81,427.85,407.75,3525.6,813.5,0.7927,-0.7836,-0.625
Hutan_mangrove_33,Hutan mangrove,Training,241.51,522.25,376.71,3539.65,756.13,0.8076,-0.7429,-0.648
Hutan_mangrove_33,Hutan mangrove,Training,213.63,511.46,379.62,3845.84,916.81,0.8203,-0.7652,-0.615
Hutan_mangrove_33,Hutan mangrove,Training,279.02,576.49,385.71,3802.85,819.34,0.8158,-0.7367,-0.6455
Hutan_mangrove_34,Hutan mangrove,Training,278.88,518.45,369.52,3877.44,935.86,0.826,-0.7641,-0.6111
Hutan_mangrove_34,Hutan mangrove,Training,246.92,457.21,341.1,3646.83,927.76,0.8289,-0.7772,-0.5944
Hutan_mangrove_34,Hutan mangrove,Training,257.32,538.38,375.96,3586.34,815.27,0.8102,-0.7389,-0.6296
Hutan_mangrove_34,Hutan mangrove,Training,261.5,589.85,359.64,3534.9,953.58,0.8153,-0.714,-0.5751
Hutan_mangrove_34,Hutan mangrove,Training,267.87,523.39,391.19,3684.94,1032.54,0.8081,-0.7513,-0.5622
Hutan_mangrove_34,Hutan mangrove,Training,256.91,560.5,386.2,3802.8,978.92,0.8156,-0.7431,-0.5906
Hutan_mangrove_34,Hutan mangrove,Training,319.05,543.06,324.52,3654.1,873.53,0.8369,-0.7412,-0.6141
Hutan_mangrove_34,Hutan mangrove,Training,311.93,550.06,410.96,3432.8,1010.17,0.7862,-0.7238,-0.5453
Hutan_mangrove_34,Hutan mangrove,Training,209.06,436.31,338.09,3932.72,800.74,0.8417,-0.8003,-0.6617
Hutan_mangrove_34,Hutan mangrove,Training,249.5,547.55,375.39,4087.56,900.34,0.8318,-0.7637,-0.639
Hutan_mangrove_34,Hutan mangrove,Training,236.75,456.22,338.96,3357.21,720.36,0.8166,-0.7607,-0.6467
Hutan_mangrove_34,Hutan mangrove,Training,308.9,501.96,427.74,3415.36,857.12,0.7774,-0.7437,-0.5988
Hutan_mangrove_34,Hutan mangrove,Training,226.74,474.37,376.21,3724.59,987.54,0.8165,-0.7741,-0.5809
Hutan_mangrove_34,Hutan mangrove,Training,290.27,544.29,319.75,3484.76,912.15,0.8319,-0.7298,-0.5851
Hutan_mangrove_34,Hutan mangrove,Training,361.84,530.9,353.2,3748.12,839.69,0.8278,-0.7519,-0.6339
Hutan_mangrove_34,Hutan mangrove,Training,257.87,538.19,349.13,3433.56,892.21,0.8154,-0.729,-0.5875
Hutan_mangrove_34,Hutan mangrove,Training,240.41,445.71,332.85,3293.58,776.32,0.8164,-0.7616,-0.6185
Hutan_mangrove_34,Hutan mangrove,Training,215.77,538.14,394.67,3262.06,1058.02,0.7841,-0.7168,-0.5102
Hutan_mangrove_34,Hutan mangrove,Training,216.2,529.88,357.76,3739.89,783.43,0.8254,-0.7518,-0.6536
Hutan_mangrove_34,Hutan mangrove,Training,195.63,467.88,362.81,4030.52,797.03,0.8348,-0.792,-0.6698
Hutan_mangrove_34,Hutan mangrove,Training,247.03,470.04,349.48,3175.23,1049.8,0.8017,-0.7421,-0.5031
Hutan_mangrove_34,Hutan mangrove,Training,250.72,536.69,343.03,3641.94,1012.89,0.8278,-0.7431,-0.5648
Hutan_mangrove_34,Hutan mangrove,Training,253.95,506.71,326.18,3482.43,798.72,0.8287,-0.746,-0.6269
Hutan_mangrove_34,Hutan mangrove,Training,227.86,550.05,404.26,3325.6,939.52,0.7832,-0.7162,-0.5594
Hutan_mangrove_34,Hutan mangrove,Training,240.47,555.88,354.05,3598.36,825.52,0.8208,-0.7324,-0.6268
Hutan_mangrove_34,Hutan mangrove,Training,204.05,530.44,360.59,3683.04,840.07,0.8217,-0.7482,-0.6285
Hutan_mangrove_34,Hutan mangrove,Training,245.63,531.64,379.46,3340.74,836.67,0.796,-0.7254,-0.5994
Hutan_mangrove_34,Hutan mangrove,Training,208.3,508.05,376.53,3538.68,833.71,0.8077,-0.7489,-0.6186
Hutan_mangrove_34,Hutan mangrove,Training,239.94,592.25,385.76,3760.82,932.01,0.8139,-0.7279,-0.6028
Hutan_mangrove_34,Hutan mangrove,Training,249.62,463.73,318.15,3475.06,804.62,0.8323,-0.7645,-0.624
Hutan_mangrove_34,Hutan mangrove,Training,231.77,495.92,349.24,3463.52,949.52,0.8168,-0.7495,-0.5697
Hutan_mangrove_34,Hutan mangrove,Training,244.33,508.59,327.66,3752.43,846.52,0.8394,-0.7613,-0.6319
Hutan_mangrove_34,Hutan mangrove,Training,298.26,491.0,347.16,3730.59,981.19,0.8297,-0.7674,-0.5835
Hutan_mangrove_34,Hutan mangrove,Training,277.59,571.02,369.86,3585.26,847.04,0.813,-0.7252,-0.6178
Hutan_mangrove_34,Hutan mangrove,Training,245.99,559.36,308.39,3419.82,878.1,0.8346,-0.7189,-0.5914
Hutan_mangrove_34,Hutan mangrove,Training,225.03,483.65,404.19,3534.42,941.16,0.7948,-0.7593,-0.5794
Hutan_mangrove_34,Hutan mangrove,Training,200.25,455.9,377.98,3966.97,922.14,0.826,-0.7938,-0.6228
Hutan_mangrove_34,Hutan mangrove,Training,240.82,519.85,272.08,3650.41,795.39,0.8613,-0.7507,-0.6422
Hutan_mangrove_34,Hutan mangrove,Training,273.82,412.31,331.15,3590.99,823.82,0.8311,-0.794,-0.6268
Hutan_mangrove_34,Hutan mangrove,Training,238.74,536.18,349.27,3395.27,994.04,0.8135,-0.7272,-0.5471
Hutan_mangrove_34,Hutan mangrove,Training,257.53,511.7,323.22,3039.53,809.39,0.8078,-0.7118,-0.5794
Hutan_mangrove_34,Hutan mangrove,Training,219.76,475.47,324.74,3624.79,988.09,0.8356,-0.7681,-0.5716
Hutan_mangrove_34,Hutan mangrove,Training,282.28,533.49,323.07,3612.96,1056.52,0.8358,-0.7427,-0.5475
Hutan_mangrove_34,Hutan mangrove,Training,202.46,553.93,320.12,3664.63,941.28,0.8393,-0.7374,-0.5913
Hutan_mangrove_34,Hutan mangrove,Training,255.7,589.14,340.98,3239.31,935.64,0.8095,-0.6922,-0.5518
Hutan_mangrove_34,Hutan mangrove,Training,244.9,522.19,376.46,3592.59,943.63,0.8103,-0.7462,-0.584
Hutan_mangrove_34,Hutan mangrove,Training,254.33,571.68,338.88,3448.84,988.07,0.8211,-0.7156,-0.5546
Hutan_mangrove_34,Hutan mangrove,Training,222.12,515.69,344.91,3577.71,1143.73,0.8241,-0.748,-0.5155
Hutan_mangrove_34,Hutan mangrove,Training,287.02,540.86,365.92,3447.87,926.15,0.8081,-0.7288,-0.5765
Hutan_mangrove_34,Hutan mangrove,Training,267.5,507.96,352.84,3512.56,927.35,0.8174,-0.7473,-0.5823
Hutan_mangrove_37,Hutan mangrove,Training,315.11,492.76,306.55,3489.14,984.71,0.8385,-0.7525,-0.5598
Hutan_mangrove_37,Hutan mangrove,Training,226.82,440.71,327.45,3482.66,791.73,0.8281,-0.7753,-0.6295
Hutan_mangrove_37,Hutan mangrove,Training,256.52,496.84,373.69,3501.91,955.81,0.8072,-0.7515,-0.5712
Hutan_mangrove_37,Hutan mangrove,Training,235.23,454.82,333.71,3243.98,1078.82,0.8134,-0.7541,-0.5009
Hutan_mangrove_37,Hutan mangrove,Training,254.27,468.18,338.67,3060.9,1043.44,0.8008,-0.7347,-0.4915
Hutan_mangrove_37,Hutan mangrove,Training,290.1,504.3,359.58,3321.11,780.5,0.8046,-0.7363,-0.6194
Hutan_mangrove_37,Hutan mangrove,Training,199.08,493.56,381.83,3515.69,934.77,0.8041,-0.7538,-0.5799
Hutan_mangrove_37,Hutan mangrove,Training,279.37,435.04,405.37,3854.61,951.39,0.8097,-0.7972,-0.6041
Hutan_mangrove_37,Hutan mangrove,Training,277.72,538.84,358.78,3914.22,854.73,0.8321,-0.758,-0.6415
Hutan_mangrove_37,Hutan mangrove,Training,263.85,552.87,269.26,3696.35,972.46,0.8642,-0.7398,-0.5834
Hutan_mangrove_37,Hutan mangrove,Training,198.75,511.27,326.19,3687.3,890.5,0.8375,-0.7565,-0.6109
Hutan_mangrove_37,Hutan mangrove,Training,221.61,544.39,337.45,3659.39,1031.4,0.8311,-0.741,-0.5602
Hutan_mangrove_37,Hutan mangrove,Training,222.5,500.32,335.14,3540.12,1115.61,0.827,-0.7523,-0.5208
Hutan_mangrove_37,Hutan mangrove,Training,263.7,512.54,365.72,3694.66,717.42,0.8199,-0.7563,-0.6748
Hutan_mangrove_37,Hutan mangrove,Training,318.9,441.43,401.98,3735.96,918.08,0.8057,-0.7887,-0.6055
Hutan_mangrove_37,Hutan mangrove,Training,240.84,604.21,368.13,3603.89,846.47,0.8146,-0.7128,-0.6196
Hutan_mangrove_37,Hutan mangrove,Training,230.35,502.02,322.08,3749.52,835.44,0.8418,-0.7638,-0.6356
Hutan_mangrove_37,Hutan mangrove,Training,280.15,539.3,348.34,3727.67,963.04,0.8291,-0.7472,-0.5894
Hutan_mangrove_37,Hutan mangrove,Training,206.13,569.27,342.33,3753.03,972.36,0.8328,-0.7366,-0.5885
Hutan_mangrove_37,Hutan mangrove,Training,175.31,473.72,375.21,3613.7,968.9,0.8119,-0.7682,-0.5771
Hutan_mangrove_37,Hutan mangrove,Training,252.77,549.18,353.42,3913.3,802.0,0.8343,-0.7539,-0.6598
Hutan_mangrove_37,Hutan mangrove,Training,246.17,476.26,361.66,3538.69,877.05,0.8146,-0.7628,-0.6028
Hutan_mangrove_37,Hutan mangrove,Training,228.86,481.57,349.69,3155.3,669.82,0.8005,-0.7352,-0.6498
Hutan_mangrove_37,Hutan mangrove,Training,251.77,389.23,344.21,3517.02,954.2,0.8217,-0.8007,-0.5732
Hutan_mangrove_37,Hutan mangrove,Training,229.84,562.78,375.44,3267.3,871.57,0.7939,-0.7061,-0.5788
Hutan_mangrove_37,Hutan mangrove,Training,295.82,472.09,348.41,3908.91,845.94,0.8363,-0.7845,-0.6442
Hutan_mangrove_37,Hutan mangrove,Training,283.69,463.6,263.37,3870.28,943.87,0.8726,-0.7861,-0.6079
Hutan_mangrove_37,Hutan mangrove,Training,265.14,456.28,319.6,3853.1,924.32,0.8468,-0.7882,-0.613
Hutan_mangrove_37,Hutan mangrove,Training,246.48,508.84,395.26,3759.21,852.54,0.8097,-0.7616,-0.6303
Hutan_mangrove_37,Hutan mangrove,Training,207.9,523.52,322.28,3339.88,1031.57,0.824,-0.729,-0.528
Hutan_mangrove_37,Hutan mangrove,Training,276.17,515.43,312.85,3993.64,1002.89,0.8547,-0.7714,-0.5986
Hutan_mangrove_37,Hutan mangrove,Training,240.89,479.39,352.35,3494.75,1121.19,0.8168,-0.7587,-0.5142
Hutan_mangrove_37,Hutan mangrove,Training,238.43,457.28,397.65,3474.81,978.64,0.7946,-0.7674,-0.5605
Hutan_mangrove_37,Hutan mangrove,Training,270.26,497.66,320.81,3589.4,783.01,0.8359,-0.7565,-0.6418
Hutan_mangrove_37,Hutan mangrove,Training,249.29,530.91,401.53,3360.67,874.95,0.7865,-0.7271,-0.5869
Hutan_mangrove_37,Hutan mangrove,Training,234.26,510.95,304.35,3395.69,730.8,0.8355,-0.7384,-0.6458
Hutan_mangrove_37,Hutan mangrove,Training,206.85,473.58,400.13,3676.47,906.5,0.8037,-0.7718,-0.6044
Hutan_mangrove_37,Hutan mangrove,Training,290.41,515.34,364.33,3495.93,836.27,0.8112,-0.7431,-0.6139
Hutan_mangrove_37,Hutan mangrove,Training,210.67,475.96,341.58,3675.84,896.32,0.8299,-0.7707,-0.6079
Hutan_mangrove_37,Hutan mangrove,Training,239.05,463.53,361.97,3490.49,935.38,0.8121,-0.7655,-0.5773
Hutan_mangrove_37,Hutan mangrove,Training,192.6,513.46,372.41,3736.3,880.33,0.8187,-0.7584,-0.6186
Hutan_mangrove_37,Hutan mangrove,Training,277.46,449.08,347.32,3557.45,1003.64,0.8221,-0.7758,-0.5599
Hutan_mangrove_37,Hutan mangrove,Training,189.39,457.67,402.42,3065.28,981.44,0.7679,-0.7402,-0.5149
Hutan_mangrove_37,Hutan mangrove,Training,228.99,510.19,392.41,3664.51,1043.45,0.8065,-0.7556,-0.5567
Hutan_mangrove_37,Hutan mangrove,Training,235.23,485.59,373.61,3503.33,959.73,0.8073,-0.7565,-0.5699
Hutan_mangrove_37,Hutan mangrove,Training,285.51,534.73,302.63,3524.9,928.18,0.8419,-0.7366,-0.5831
Hutan_mangrove_37,Hutan mangrove,Training,242.68,503.17,358.85,3484.16,880.66,0.8132,-0.7476,-0.5965
Hutan_mangrove_37,Hutan mangrove,Training,214.57,480.89,304.2,3625.63,880.68,0.8452,-0.7658,-0.6091
Hutan_mangrove_37,Hutan mangrove,Training,222.53,571.41,342.64,3663.04,836.14,0.8289,-0.7301,-0.6283
Hutan_mangrove_37,Hutan mangrove,Training,237.57,512.98,340.03,3600.73,980.68,0.8274,-0.7506,-0.5719
Hutan_mangrove_38,Hutan mangrove,Training,234.46,446.71,304.21,3916.46,993.11,0.8558,-0.7952,-0.5954
Hutan_mangrove_38,Hutan mangrove,Training,269.67,482.56,310.01,3537.89,890.66,0.8389,-0.7599,-0.5978
Hutan_mangrove_38,Hutan mangrove,Training,216.05,441.21,298.09,3744.63,779.46,0.8525,-0.7892,-0.6554
Hutan_mangrove_38,Hutan mangrove,Training,259.28,484.09,367.69,3673.88,876.81,0.818,-0.7672,-0.6146
Hutan_mangrove_38,Hutan mangrove,Training,253.91,495.59,331.54,3815.62,857.69,0.8401,-0.7701,-0.6329
Hutan_mangrove_38,Hutan mangrove,Training,247.39,443.39,358.22,3465.67,852.32,0.8126,-0.7731,-0.6052
Hutan_mangrove_38,Hutan mangrove,Training,224.81,495.04,289.81,3750.12,896.13,0.8565,-0.7668,-0.6143
Hutan_mangrove_38,Hutan mangrove,Training,235.98,438.07,362.99,3460.45,1030.61,0.8101,-0.7753,-0.541
Hutan_mangrove_38,Hutan mangrove,Training,264.59,561.39,354.11,3837.12,946.28,0.831,-0.7447,-0.6043
Hutan_mangrove_38,Hutan mangrove,Training,236.47,507.49,324.98,4055.13,889.91,0.8516,-0.7775,-0.6401
Hutan_mangrove_38,Hutan mangrove,Training,250.79,515.6,317.39,3890.7,797.47,0.8492,-0.766,-0.6598
Hutan_mangrove_38,Hutan mangrove,Training,212.46,493.34,311.62,3943.63,876.93,0.8535,-0.7776,-0.6362
Hutan_mangrove_38,Hutan mangrove,Training,153.36,508.0,366.61,3507.28,764.41,0.8107,-0.747,-0.6421
Hutan_mangrove_38,Hutan mangrove,Training,246.9,480.73,320.73,3365.96,915.62,0.826,-0.7501,-0.5723
Hutan_mangrove_38,Hutan mangrove,Training,277.09,518.46,298.16,3735.41,977.25,0.8522,-0.7562,-0.5853
Hutan_mangrove_38,Hutan mangrove,Training,291.81,462.0,348.3,3724.86,847.24,0.829,-0.7793,-0.6294
Hutan_mangrove_38,Hutan mangrove,Training,266.56,499.04,324.61,3432.53,1024.93,0.8272,-0.7461,-0.5401
Hutan_mangrove_38,Hutan mangrove,Training,220.11,453.28,360.33,3593.27,768.84,0.8177,-0.776,-0.6475
Hutan_mangrove_38,Hutan mangrove,Training,234.42,467.33,330.75,4155.49,869.74,0.8525,-0.7978,-0.6539
Hutan_mangrove_38,Hutan mangrove,Training,223.56,580.87,376.65,3759.46,816.69,0.8179,-0.7323,-0.6431
Hutan_mangrove_38,Hutan mangrove,Training,285.74,532.65,354.41,3222.41,898.01,0.8018,-0.7163,-0.5641
Hutan_mangrove_38,Hutan mangrove,Training,301.9,508.82,338.71,3549.74,884.07,0.8258,-0.7493,-0.6012
Hutan_mangrove_38,Hutan mangrove,Training,226.01,498.35,393.28,3892.48,824.57,0.8165,-0.773,-0.6504
Hutan_mangrove_38,Hutan mangrove,Training,288.28,530.45,369.0,3695.02,806.96,0.8184,-0.7489,-0.6415
Hutan_mangrove_38,Hutan mangrove,Training,237.83,533.32,313.79,3371.03,930.62,0.8297,-0.7268,-0.5673
Hutan_mangrove_38,Hutan mangrove,Training,226.31,532.96,327.37,3653.76,932.81,0.8355,-0.7454,-0.5932
Hutan_mangrove_38,Hutan mangrove,Training,235.54,490.41,329.6,3595.91,803.83,0.8321,-0.76,-0.6346
Hutan_mangrove_38,Hutan mangrove,Training,243.29,529.94,315.9,3492.84,951.83,0.8341,-0.7365,-0.5717
Hutan_mangrove_38,Hutan mangrove,Training,187.67,574.22,381.36,3261.57,689.58,0.7906,-0.7006,-0.6509
Hutan_mangrove_38,Hutan mangrove,Training,250.89,455.19,378.84,3686.68,912.34,0.8136,-0.7802,-0.6032
Hutan_mangrove_38,Hutan mangrove,Training,232.89,564.0,372.6,3732.7,1020.01,0.8185,-0.7375,-0.5708
Hutan_mangrove_38,Hutan mangrove,Training,219.43,551.39,342.06,3673.64,884.35,0.8296,-0.739,-0.612
Hutan_mangrove_38,Hutan mangrove,Training,193.66,538.29,295.27,3387.37,854.72,0.8396,-0.7258,-0.597
Hutan_mangrove_38,Hutan mangrove,Training,191.39,455.98,357.34,3523.74,873.58,0.8159,-0.7709,-0.6027
Hutan_mangrove_38,Hutan mangrove,Training,222.55,501.85,340.24,3238.99,879.91,0.8099,-0.7317,-0.5727
Hutan_mangrove_38,Hutan mangrove,Training,212.74,535.91,338.25,4154.74,996.69,0.8494,-0.7715,-0.613
Hutan_mangrove_38,Hutan mangrove,Training,246.09,523.18,287.31,3811.72,817.97,0.8598,-0.7586,-0.6466
Hutan_mangrove_38,Hutan mangrove,Training,252.69,470.9,331.36,3560.15,907.68,0.8297,-0.7664,-0.5937
Hutan_mangrove_38,Hutan mangrove,Training,249.19,499.92,301.23,4113.05,923.2,0.8635,-0.7833,-0.6334
Hutan_mangrove_38,Hutan mangrove,Training,263.13,486.4,323.78,3633.23,928.93,0.8364,-0.7639,-0.5928
Hutan_mangrove_38,Hutan mangrove,Training,289.05,583.1,394.31,3211.36,853.96,0.7813,-0.6927,-0.5799
Hutan_mangrove_38,Hutan mangrove,Training,260.07,483.99,348.69,3128.07,991.42,0.7994,-0.732,-0.5187
Hutan_mangrove_38,Hutan mangrove,Training,193.74,437.1,319.56,3578.54,737.73,0.836,-0.7823,-0.6582
Hutan_mangrove_38,Hutan mangrove,Training,218.19,545.96,346.63,3695.38,776.38,0.8285,-0.7426,-0.6528
Hutan_mangrove_38,Hutan mangrove,Training,248.38,494.57,326.14,3588.76,710.79,0.8334,-0.7578,-0.6694
Hutan_mangrove_38,Hutan mangrove,Training,263.16,484.02,342.28,3787.39,943.2,0.8342,-0.7734,-0.6012
Hutan_mangrove_38,Hutan mangrove,Training,240.45,455.34,389.86,3305.17,962.94,0.789,-0.7578,-0.5488
Hutan_mangrove_38,Hutan mangrove,Training,202.08,536.71,380.32,3179.23,944.93,0.7863,-0.7111,-0.5418
Hutan_mangrove_38,Hutan mangrove,Training,261.0,528.12,360.96,3388.29,878.28,0.8075,-0.7303,-0.5883
Hutan_mangrove_38,Hutan mangrove,Training,299.94,455.69,359.69,3853.28,800.92,0.8292,-0.7885,-0.6558
Hutan_mangrove_39,Hutan mangrove,Training,207.5,449.36,361.85,3319.59,886.46,0.8034,-0.7615,-0.5785
Hutan_mangrove_39,Hutan mangrove,Training,291.14,497.95,326.67,3627.59,893.13,0.8348,-0.7586,-0.6049
Hutan_mangrove_39,Hutan mangrove,Training,263.58,564.77,361.9,4047.43,945.53,0.8358,-0.7551,-0.6213
Hutan_mangrove_39,Hutan mangrove,Training,226.98,591.53,346.26,3367.92,1132.37,0.8135,-0.7012,-0.4968
Hutan_mangrove_39,Hutan mangrove,Training,228.01,469.1,333.46,3636.22,993.09,0.832,-0.7715,-0.571
Hutan_mangrove_39,Hutan mangrove,Training,170.54,537.06,333.36,3509.16,1071.52,0.8265,-0.7345,-0.5322
Hutan_mangrove_39,Hutan mangrove,Training,256.4,517.91,348.54,3768.0,1061.8,0.8307,-0.7583,-0.5603
Hutan_mangrove_39,Hutan mangrove,Training,175.75,543.38,396.41,3710.23,832.26,0.8069,-0.7445,-0.6336
Hutan_mangrove_39,Hutan mangrove,Training,215.43,594.47,322.85,3933.88,939.05,0.8483,-0.7374,-0.6146
Hutan_mangrove_39,Hutan mangrove,Training,311.37,487.27,301.77,3600.48,751.36,0.8453,-0.7616,-0.6547
Hutan_mangrove_39,Hutan mangrove,Training,330.31,525.18,373.34,3771.33,830.64,0.8198,-0.7555,-0.639
Hutan_mangrove_39,Hutan mangrove,Training,246.04,504.41,408.32,3345.44,827.14,0.7824,-0.738,-0.6035
Hutan_mangrove_39,Hutan mangrove,Training,239.11,473.05,306.23,3004.97,717.32,0.815,-0.728,-0.6146
Hutan_mangrove_39,Hutan mangrove,Training,282.97,499.67,375.07,3471.85,890.17,0.805,-0.7484,-0.5919
Hutan_mangrove_39,Hutan mangrove,Training,298.39,562.11,378.26,3644.53,951.8,0.8119,-0.7328,-0.5858
Hutan_mangrove_39,Hutan mangrove,Training,261.12,493.32,337.87,3846.92,770.44,0.8385,-0.7727,-0.6663
Hutan_mangrove_39,Hutan mangrove,Training,294.62,488.98,310.58,3479.99,812.56,0.8361,-0.7536,-0.6214
Hutan_mangrove_39,Hutan mangrove,Training,232.73,476.24,330.99,3532.25,893.52,0.8286,-0.7624,-0.5962
Hutan_mangrove_39,Hutan mangrove,Training,272.92,490.2,359.78,3601.66,954.06,0.8184,-0.7604,-0.5812
Hutan_mangrove_39,Hutan mangrove,Training,251.4,474.13,322.45,3646.25,1027.34,0.8375,-0.7699,-0.5604
Hutan_mangrove_39,Hutan mangrove,Training,243.13,471.97,342.31,3476.49,833.3,0.8207,-0.7609,-0.6133
Hutan_mangrove_39,Hutan mangrove,Training,206.69,490.22,357.07,3361.98,812.17,0.808,-0.7455,-0.6109
Hutan_mangrove_39,Hutan mangrove,Training,221.56,444.53,321.33,3556.47,765.79,0.8343,-0.7778,-0.6457
Hutan_mangrove_39,Hutan mangrove,Training,245.87,471.86,322.13,3682.99,835.99,0.8391,-0.7729,-0.63
Hutan_mangrove_39,Hutan mangrove,Training,235.9,551.92,322.4,3944.49,865.22,0.8489,-0.7545,-0.6402
Hutan_mangrove_39,Hutan mangrove,Training,215.92,477.84,352.06,3875.99,979.88,0.8335,-0.7805,-0.5964
Hutan_mangrove_39,Hutan mangrove,Training,251.92,550.4,293.57,3654.88,930.99,0.8513,-0.7382,-0.594
Hutan_mangrove_39,Hutan mangrove,Training,259.66,435.59,319.49,3563.38,1011.48,0.8354,-0.7821,-0.5578
Hutan_mangrove_39,Hutan mangrove,Training,307.46,473.42,310.7,3779.47,1161.44,0.8481,-0.7774,-0.5299
Hutan_mangrove_39,Hutan mangrove,Training,283.21,470.05,435.83,3751.1,820.9,0.7918,-0.7773,-0.6409
Hutan_mangrove_39,Hutan mangrove,Training,308.03,465.2,331.37,3759.86,897.51,0.838,-0.7798,-0.6146
Hutan_mangrove_39,Hutan mangrove,Training,251.11,501.55,383.43,3088.63,928.45,0.7791,-0.7206,-0.5377
Hutan_mangrove_39,Hutan mangrove,Training,241.29,469.9,327.35,3019.84,820.16,0.8044,-0.7307,-0.5728
Hutan_mangrove_39,Hutan mangrove,Training,288.71,533.28,344.26,3289.52,982.19,0.8105,-0.721,-0.5401
Hutan_mangrove_39,Hutan mangrove,Training,289.3,541.37,320.94,3409.73,1065.59,0.8279,-0.726,-0.5238
Hutan_mangrove_39,Hutan mangrove,Training,213.72,519.13,296.67,3533.93,958.52,0.8451,-0.7438,-0.5733
Hutan_mangrove_39,Hutan mangrove,Training,249.1,520.96,313.21,3419.6,948.18,0.8322,-0.7356,-0.5658
Hutan_mangrove_39,Hutan mangrove,Training,270.91,508.79,378.41,3235.41,853.38,0.7906,-0.7282,-0.5826
Hutan_mangrove_39,Hutan mangrove,Training,304.68,551.34,369.01,3565.82,1003.48,0.8124,-0.7322,-0.5608
Hutan_mangrove_39,Hutan mangrove,Training,262.87,439.3,379.87,3409.47,975.97,0.7995,-0.7717,-0.5549
Hutan_mangrove_39,Hutan mangrove,Training,201.52,563.96,341.75,3355.95,831.15,0.8152,-0.7123,-0.603
Hutan_mangrove_39,Hutan mangrove,Training,239.89,499.77,389.54,3615.43,682.91,0.8055,-0.7571,-0.6822
Hutan_mangrove_39,Hutan mangrove,Training,213.11,610.3,354.06,3809.17,869.17,0.8299,-0.7238,-0.6284
Hutan_mangrove_39,Hutan mangrove,Training,219.86,480.75,353.85,3498.75,1091.85,0.8163,-0.7584,-0.5243
Hutan_mangrove_39,Hutan mangrove,Training,231.51,457.81,374.26,3805.04,903.0,0.8209,-0.7852,-0.6164
Hutan_mangrove_39,Hutan mangrove,Training,231.94,423.97,386.62,3791.08,856.01,0.8149,-0.7988,-0.6316
Hutan_mangrove_39,Hutan mangrove,Training,251.79,490.93,398.86,3371.66,837.99,0.7884,-0.7458,-0.6019
Hutan_mangrove_39,Hutan mangrove,Training,228.5,512.41,351.68,3644.01,811.94,0.824,-0.7534,-0.6356
Hutan_mangrove_39,Hutan mangrove,Training,294.55,481.84,385.63,4290.61,812.67,0.8351,-0.7981,-0.6815
Hutan_mangrove_39,Hutan mangrove,Training,260.27,494.74,410.93,3538.26,924.87,0.7919,-0.7547,-0.5856
Hutan_mangrove_40,Hutan mangrove,Training,256.81,495.98,372.66,3620.55,948.19,0.8134,-0.759,-0.5849
Hutan_mangrove_40,Hutan mangrove,Training,256.41,475.82,341.93,3722.19,955.14,0.8317,-0.7733,-0.5916
Hutan_mangrove_40,Hutan mangrove,Training,287.35,574.37,334.37,3629.67,880.66,0.8313,-0.7268,-0.6095
Hutan_mangrove_40,Hutan mangrove,Training,216.78,522.58,373.34,3363.06,862.55,0.8002,-0.731,-0.5918
Hutan_mangrove_40,Hutan mangrove,Training,235.84,439.66,348.91,3348.05,915.9,0.8112,-0.7678,-0.5704
Hutan_mangrove_40,Hutan mangrove,Training,258.07,515.72,363.24,3936.81,819.14,0.8311,-0.7683,-0.6555
Hutan_mangrove_40,Hutan mangrove,Training,227.25,526.21,346.04,3847.57,956.17,0.835,-0.7594,-0.6019
Hutan_mangrove_40,Hutan mangrove,Training,307.54,496.35,305.54,3674.95,892.83,0.8465,-0.762,-0.6091
Hutan_mangrove_40,Hutan mangrove,Training,266.03,526.5,333.96,3378.02,885.41,0.8201,-0.7303,-0.5847
Hutan_mangrove_40,Hutan mangrove,Training,178.56,503.23,337.78,3789.57,701.42,0.8363,-0.7655,-0.6876
Hutan_mangrove_40,Hutan mangrove,Training,250.19,563.05,370.26,3815.75,933.97,0.8231,-0.7428,-0.6067
Hutan_mangrove_40,Hutan mangrove,Training,200.15,506.66,362.25,3362.79,887.34,0.8055,-0.7381,-0.5824
Hutan_mangrove_40,Hutan mangrove,Training,162.97,486.64,336.91,3908.49,839.68,0.8413,-0.7786,-0.6463
Hutan_mangrove_40,Hutan mangrove,Training,242.01,496.83,332.29,3758.35,700.76,0.8375,-0.7665,-0.6857
Hutan_mangrove_40,Hutan mangrove,Training,284.1,499.52,389.05,2995.61,656.38,0.7701,-0.7142,-0.6405
Hutan_mangrove_40,Hutan mangrove,Training,241.24,520.24,333.35,3728.45,998.13,0.8359,-0.7551,-0.5777
Hutan_mangrove_40,Hutan mangrove,Training,269.98,504.13,352.87,3464.75,894.46,0.8151,-0.746,-0.5896
Hutan_mangrove_40,Hutan mangrove,Training,219.27,468.61,365.43,3498.17,826.24,0.8108,-0.7637,-0.6179
Hutan_mangrove_40,Hutan mangrove,Training,263.48,515.2,343.54,3567.23,941.59,0.8243,-0.7476,-0.5823
Hutan_mangrove_40,Hutan mangrove,Training,279.07,508.04,314.24,3551.29,859.29,0.8374,-0.7497,-0.6104
Hutan_mangrove_40,Hutan mangrove,Training,218.41,519.92,367.25,3759.77,800.91,0.822,-0.757,-0.6488
Hutan_mangrove_40,Hutan mangrove,Training,254.72,499.75,359.22,3628.54,898.75,0.8198,-0.7579,-0.603
Hutan_mangrove_40,Hutan mangrove,Training,246.02,544.27,324.15,3561.9,1008.14,0.8332,-0.7349,-0.5588
Hutan_mangrove_40,Hutan mangrove,Training,225.67,469.6,372.02,3286.74,966.06,0.7966,-0.75,-0.5457
Hutan_mangrove_40,Hutan mangrove,Training,235.31,516.4,313.38,3860.72,778.28,0.8498,-0.764,-0.6645
Hutan_mangrove_40,Hutan mangrove,Training,271.75,452.98,404.25,3584.3,1095.09,0.7973,-0.7756,-0.532
Hutan_mangrove_40,Hutan mangrove,Training,225.43,482.29,386.32,3286.24,830.07,0.7896,-0.744,-0.5967
Hutan_mangrove_40,Hutan mangrove,Training,264.85,459.25,365.65,3637.49,748.64,0.8173,-0.7758,-0.6586
Hutan_mangrove_40,Hutan mangrove,Training,279.03,449.5,373.14,3628.26,854.5,0.8135,-0.7795,-0.6188
Hutan_mangrove_40,Hutan mangrove,Training,216.84,513.17,323.82,3865.75,1024.45,0.8454,-0.7656,-0.581
Hutan_mangrove_40,Hutan mangrove,Training,299.26,511.24,337.87,3534.68,862.99,0.8255,-0.7473,-0.6075
Hutan_mangrove_40,Hutan mangrove,Training,257.44,517.46,386.95,3604.43,759.68,0.8061,-0.7489,-0.6519
Hutan_mangrove_40,Hutan mangrove,Training,237.78,562.23,303.3,3762.61,860.94,0.8508,-0.74,-0.6276
Hutan_mangrove_40,Hutan mangrove,Training,223.5,515.82,396.83,3674.9,873.75,0.8051,-0.7538,-0.6158
Hutan_mangrove_40,Hutan mangrove,Training,211.12,496.05,310.04,3531.82,893.69,0.8386,-0.7537,-0.5961
Hutan_mangrove_40,Hutan mangrove,Training,179.18,555.53,312.84,3559.09,953.38,0.8384,-0.73,-0.5774
Hutan_mangrove_40,Hutan mangrove,Training,289.26,468.31,274.72,3837.31,775.05,0.8664,-0.7825,-0.6639
Hutan_mangrove_40,Hutan mangrove,Training,260.78,516.86,252.44,3244.74,853.92,0.8556,-0.7252,-0.5833
Hutan_mangrove_40,Hutan mangrove,Training,172.48,446.48,353.69,3580.53,930.27,0.8202,-0.7783,-0.5875
Hutan_mangrove_40,Hutan mangrove,Training,263.48,432.73,311.45,3767.5,1052.43,0.8473,-0.794,-0.5633
Hutan_mangrove_40,Hutan mangrove,Training,220.98,510.36,374.21,3652.26,875.12,0.8141,-0.7548,-0.6134
Hutan_mangrove_40,Hutan mangrove,Training,230.78,579.41,352.89,3685.57,932.43,0.8252,-0.7283,-0.5962
Hutan_mangrove_40,Hutan mangrove,Training,225.63,502.03,340.33,3525.17,931.7,0.8239,-0.7507,-0.5819
Hutan_mangrove_40,Hutan mangrove,Training,222.53,451.81,365.08,3483.05,865.5,0.8103,-0.7704,-0.6019
Hutan_mangrove_40,Hutan mangrove,Training,192.14,538.52,365.72,3755.78,938.73,0.8225,-0.7492,-0.6001
Hutan_mangrove_40,Hutan mangrove,Training,204.52,509.16,331.73,3388.17,950.0,0.8216,-0.7387,-0.562
Hutan_mangrove_40,Hutan mangrove,Training,299.76,559.73,368.66,3593.35,878.45,0.8139,-0.7304,-0.6071
Hutan_mangrove_40,Hutan mangrove,Training,222.86,489.21,377.26,4001.09,818.35,0.8277,-0.7821,-0.6604
Hutan_mangrove_40,Hutan mangrove,Training,190.15,478.77,377.12,4055.9,1031.0,0.8299,-0.7888,-0.5946
Hutan_mangrove_40,Hutan mangrove,Training,288.56,466.02,325.36,3308.76,833.45,0.8209,-0.7531,-0.5976
Hutan_mangrove_41,Hutan mangrove,Training,277.42,564.98,360.37,3543.87,793.33,0.8154,-0.725,-0.6342
Hutan_mangrove_41,Hutan mangrove,Training,246.62,508.13,306.11,3802.72,857.61,0.851,-0.7643,-0.632
Hutan_mangrove_41,Hutan mangrove,Training,275.84,499.56,358.92,3445.57,865.54,0.8113,-0.7467,-0.5985
Hutan_mangrove_41,Hutan mangrove,Training,269.26,494.74,316.85,3624.55,938.57,0.8392,-0.7598,-0.5886
Hutan_mangrove_41,Hutan mangrove,Training,291.19,546.1,348.06,3479.59,877.17,0.8181,-0.7287,-0.5973
Hutan_mangrove_41,Hutan mangrove,Training,234.29,520.25,381.25,3872.76,858.78,0.8208,-0.7631,-0.637
Hutan_mangrove_41,Hutan mangrove,Training,234.64,483.18,292.04,3335.38,896.54,0.839,-0.7469,-0.5763
Hutan_mangrove_41,Hutan mangrove,Training,261.38,519.65,326.59,3491.96,873.05,0.8289,-0.7409,-0.6
Hutan_mangrove_41,Hutan mangrove,Training,238.57,527.52,310.75,3347.15,870.16,0.8301,-0.7277,-0.5873
Hutan_mangrove_41,Hutan mangrove,Training,209.03,423.98,305.2,3546.6,963.05,0.8415,-0.7864,-0.5729
Hutan_mangrove_41,Hutan mangrove,Training,269.54,563.52,353.05,3651.96,874.96,0.8237,-0.7326,-0.6134
Hutan_mangrove_41,Hutan mangrove,Training,243.95,583.22,357.84,3676.62,785.49,0.8226,-0.7262,-0.6479
Hutan_mangrove_41,Hutan mangrove,Training,262.31,526.33,383.31,3738.62,887.33,0.814,-0.7532,-0.6164
Hutan_mangrove_41,Hutan mangrove,Training,244.92,497.12,353.22,3878.88,1007.26,0.8331,-0.7728,-0.5877
Hutan_mangrove_41,Hutan mangrove,Training,272.59,581.17,270.31,3498.79,898.87,0.8566,-0.7151,-0.5912
Hutan_mangrove_41,Hutan mangrove,Training,229.83,462.81,298.49,3531.51,989.4,0.8441,-0.7683,-0.5623
Hutan_mangrove_41,Hutan mangrove,Training,273.22,469.91,356.61,3898.67,747.99,0.8324,-0.7849,-0.6781
Hutan_mangrove_41,Hutan mangrove,Training,245.23,511.46,350.3,3787.14,750.22,0.8307,-0.762,-0.6693
Hutan_mangrove_41,Hutan mangrove,Training,219.83,527.28,298.93,3778.59,944.98,0.8534,-0.7551,-0.5999
Hutan_mangrove_41,Hutan mangrove,Training,272.26,481.23,365.3,3342.1,858.55,0.8029,-0.7483,-0.5912
Hutan_mangrove_41,Hutan mangrove,Training,251.09,464.05,356.54,3348.27,926.87,0.8075,-0.7566,-0.5664
Hutan_mangrove_41,Hutan mangrove,Training,302.26,449.73,349.32,3244.05,816.7,0.8056,-0.7565,-0.5978
Hutan_mangrove_41,Hutan mangrove,Training,271.06,482.77,372.27,3678.29,893.55,0.8162,-0.768,-0.6091
Hutan_mangrove_41,Hutan mangrove,Training,219.12,527.42,359.12,3263.83,803.55,0.8018,-0.7218,-0.6049
Hutan_mangrove_41,Hutan mangrove,Training,166.93,445.37,340.6,3367.71,816.83,0.8163,-0.7664,-0.6096
Hutan_mangrove_41,Hutan mangrove,Training,291.72,541.15,329.16,3774.58,1021.49,0.8396,-0.7492,-0.574
Hutan_mangrove_41,Hutan mangrove,Training,268.56,511.96,382.95,3769.29,778.69,0.8155,-0.7608,-0.6576
Hutan_mangrove_41,Hutan mangrove,Training,244.33,477.92,384.57,3472.31,824.78,0.8006,-0.758,-0.6161
Hutan_mangrove_41,Hutan mangrove,Training,280.8,510.39,413.35,3410.31,848.12,0.7838,-0.7396,-0.6017
Hutan_mangrove_41,Hutan mangrove,Training,283.66,448.84,389.59,3334.36,961.02,0.7908,-0.7627,-0.5525
Hutan_mangrove_41,Hutan mangrove,Training,194.71,501.81,308.91,4023.78,792.84,0.8574,-0.7782,-0.6708
Hutan_mangrove_41,Hutan mangrove,Training,225.13,521.42,331.97,3753.99,828.91,0.8375,-0.7561,-0.6383
Hutan_mangrove_41,Hutan mangrove,Training,226.36,498.9,313.49,3687.2,987.73,0.8433,-0.7616,-0.5774
Hutan_mangrove_41,Hutan mangrove,Training,266.59,525.73,292.25,3498.44,877.29,0.8458,-0.7387,-0.599
Hutan_mangrove_41,Hutan mangrove,Training,293.63,476.75,280.95,3379.13,833.88,0.8465,-0.7527,-0.6041
Hutan_mangrove_41,Hutan mangrove,Training,185.31,538.75,302.91,3698.12,790.76,0.8486,-0.7457,-0.6477
Hutan_mangrove_41,Hutan mangrove,Training,295.21,488.95,335.63,3716.22,799.27,0.8343,-0.7675,-0.646
Hutan_mangrove_41,Hutan mangrove,Training,267.27,480.73,332.16,3580.73,791.03,0.8302,-0.7633,-0.6381
Hutan_mangrove_41,Hutan mangrove,Training,244.27,513.58,280.74,3840.09,981.6,0.8637,-0.7641,-0.5928
Hutan_mangrove_41,Hutan mangrove,Training,194.36,419.58,375.26,3768.19,962.3,0.8189,-0.7996,-0.5931
Hutan_mangrove_41,Hutan mangrove,Training,207.19,573.15,327.35,3652.68,925.18,0.8355,-0.7287,-0.5958
Hutan_mangrove_41,Hutan mangrove,Training,297.79,505.01,362.48,3583.03,780.34,0.8163,-0.7529,-0.6423
Hutan_mangrove_41,Hutan mangrove,Training,180.44,501.3,307.63,3677.04,914.88,0.8456,-0.76,-0.6015
Hutan_mangrove_41,Hutan mangrove,Training,253.73,457.88,381.1,3704.45,781.83,0.8134,-0.78,-0.6515
Hutan_mangrove_41,Hutan mangrove,Training,312.06,491.57,309.97,3433.16,749.11,0.8344,-0.7495,-0.6418
Hutan_mangrove_41,Hutan mangrove,Training,290.78,543.22,372.18,3721.25,1024.83,0.8182,-0.7452,-0.5681
Hutan_mangrove_41,Hutan mangrove,Training,242.74,516.91,325.64,3566.24,945.01,0.8327,-0.7468,-0.581
Hutan_mangrove_41,Hutan mangrove,Training,157.57,475.21,354.95,3582.95,854.76,0.8197,-0.7658,-0.6148
Hutan_mangrove_41,Hutan mangrove,Training,267.67,471.69,313.34,3860.43,1004.26,0.8499,-0.7822,-0.5871
Hutan_mangrove_41,Hutan mangrove,Training,232.03,497.25,375.38,3609.69,953.02,0.8116,-0.7578,-0.5823
Hutan_mangrove_42,Hutan mangrove,Training,264.27,487.23,365.48,3387.71,939.43,0.8052,-0.7485,-0.5658
Hutan_mangrove_42,Hutan mangrove,Training,247.78,485.57,312.6,3628.97,903.85,0.8414,-0.764,-0.6012
Hutan_mangrove_42,Hutan mangrove,Training,224.81,436.13,300.67,3544.1,930.65,0.8436,-0.7809,-0.584
Hutan_mangrove_42,Hutan mangrove,Training,305.5,498.19,301.24,3554.48,1025.14,0.8437,-0.7541,-0.5523
Hutan_mangrove_42,Hutan mangrove,Training,229.52,544.74,355.27,3742.31,1085.89,0.8266,-0.7459,-0.5502
Hutan_mangrove_42,Hutan mangrove,Training,194.88,535.86,347.16,3391.18,889.94,0.8143,-0.7271,-0.5843
Hutan_mangrove_42,Hutan mangrove,Training,300.73,553.4,289.98,3430.64,994.29,0.8441,-0.7222,-0.5506
Hutan_mangrove_42,Hutan mangrove,Training,249.35,499.28,302.95,3436.0,764.18,0.8379,-0.7463,-0.6361
Hutan_mangrove_42,Hutan mangrove,Training,200.4,449.69,322.16,3432.56,815.79,0.8284,-0.7683,-0.616
Hutan_mangrove_42,Hutan mangrove,Training,280.61,463.71,392.79,3493.53,943.92,0.7979,-0.7656,-0.5746
Hutan_mangrove_42,Hutan mangrove,Training,264.13,464.09,340.16,3489.35,937.24,0.8223,-0.7652,-0.5765
Hutan_mangrove_42,Hutan mangrove,Training,246.13,470.06,353.57,3674.72,1085.0,0.8245,-0.7732,-0.5441
Hutan_mangrove_42,Hutan mangrove,Training,252.04,500.4,362.85,3391.13,727.45,0.8067,-0.7428,-0.6467
Hutan_mangrove_42,Hutan mangrove,Training,240.64,542.88,387.01,3186.54,966.61,0.7834,-0.7089,-0.5345
Hutan_mangrove_42,Hutan mangrove,Training,184.46,518.37,361.98,3220.72,1000.0,0.7979,-0.7227,-0.5261
Hutan_mangrove_42,Hutan mangrove,Training,302.32,497.5,354.23,3925.41,787.37,0.8345,-0.775,-0.6659
Hutan_mangrove_42,Hutan mangrove,Training,216.97,466.42,351.11,3607.57,844.67,0.8226,-0.771,-0.6206
Hutan_mangrove_42,Hutan mangrove,Training,240.99,478.42,335.25,3430.93,823.96,0.822,-0.7552,-0.6127
Hutan_mangrove_42,Hutan mangrove,Training,189.97,491.05,291.33,3765.12,844.01,0.8564,-0.7693,-0.6338
Hutan_mangrove_42,Hutan mangrove,Training,246.42,485.07,342.68,3877.94,764.85,0.8376,-0.7776,-0.6705
Hutan_mangrove_42,Hutan mangrove,Training,201.3,504.77,335.12,3679.12,971.66,0.833,-0.7587,-0.5822
Hutan_mangrove_42,Hutan mangrove,Training,216.81,524.14,319.34,3616.41,776.31,0.8377,-0.7468,-0.6465
Hutan_mangrove_42,Hutan mangrove,Training,253.96,499.16,316.91,3301.15,975.06,0.8248,-0.7373,-0.544
Hutan_mangrove_42,Hutan mangrove,Training,236.41,540.48,333.7,3886.48,805.16,0.8419,-0.7558,-0.6568
Hutan_mangrove_42,Hutan mangrove,Training,294.18,506.97,361.99,3379.11,972.92,0.8065,-0.7391,-0.5529
Hutan_mangrove_42,Hutan mangrove,Training,272.92,487.02,285.98,3355.07,788.65,0.8429,-0.7465,-0.6194
Hutan_mangrove_42,Hutan mangrove,Training,263.48,481.4,336.63,3475.41,1046.93,0.8234,-0.7567,-0.537
Hutan_mangrove_42,Hutan mangrove,Training,251.36,507.91,331.42,3593.48,802.43,0.8311,-0.7523,-0.6349
Hutan_mangrove_42,Hutan mangrove,Training,260.31,454.14,372.33,3438.31,994.84,0.8046,-0.7667,-0.5512
Hutan_mangrove_42,Hutan mangrove,Training,307.22,500.04,389.35,3765.32,756.72,0.8126,-0.7655,-0.6653
Hutan_mangrove_42,Hutan mangrove,Training,253.33,520.05,367.93,3639.21,916.53,0.8164,-0.7499,-0.5976
Hutan_mangrove_42,Hutan mangrove,Training,250.15,505.33,313.29,3548.03,754.7,0.8377,-0.7507,-0.6492
Hutan_mangrove_42,Hutan mangrove,Training,235.07,476.37,330.36,3368.56,926.93,0.8214,-0.7522,-0.5684
Hutan_mangrove_42,Hutan mangrove,Training,240.46,483.18,307.77,3534.47,1014.55,0.8398,-0.7595,-0.5539
Hutan_mangrove_42,Hutan mangrove,Training,284.82,514.94,341.15,3722.98,833.26,0.8321,-0.757,-0.6342
Hutan_mangrove_42,Hutan mangrove,Training,241.02,470.3,377.25,3771.6,896.53,0.8181,-0.7783,-0.6159
Hutan_mangrove_42,Hutan mangrove,Training,301.94,516.5,360.69,3654.81,773.77,0.8204,-0.7524,-0.6506
Hutan_mangrove_42,Hutan mangrove,Training,223.17,497.81,348.61,3729.75,833.21,0.829,-0.7645,-0.6348
Hutan_mangrove_42,Hutan mangrove,Training,252.12,503.54,353.85,3603.61,759.62,0.8212,-0.7548,-0.6518
Hutan_mangrove_42,Hutan mangrove,Training,182.16,462.33,334.07,3340.74,894.43,0.8182,-0.7569,-0.5776
Hutan_mangrove_42,Hutan mangrove,Training,282.7,529.04,363.99,3816.77,807.54,0.8259,-0.7565,-0.6507
Hutan_mangrove_42,Hutan mangrove,Training,236.3,524.59,335.76,3507.64,1086.24,0.8253,-0.7398,-0.5271
Hutan_mangrove_42,Hutan mangrove,Training,252.86,570.55,295.3,3461.21,940.88,0.8428,-0.717,-0.5725
Hutan_mangrove_42,Hutan mangrove,Training,252.81,417.78,343.11,4144.06,924.69,0.8471,-0.8168,-0.6351
Hutan_mangrove_42,Hutan mangrove,Training,268.13,474.24,357.3,3597.29,1011.88,0.8193,-0.767,-0.5609
Hutan_mangrove_42,Hutan mangrove,Training,282.61,516.3,352.13,3230.6,728.6,0.8034,-0.7244,-0.6319
Hutan_mangrove_42,Hutan mangrove,Training,252.46,534.99,389.95,3404.26,749.08,0.7944,-0.7284,-0.6393
Hutan_mangrove_42,Hutan mangrove,Training,277.99,467.41,302.69,3491.39,848.89,0.8404,-0.7639,-0.6088
Hutan_mangrove_42,Hutan mangrove,Training,289.61,534.63,327.88,3907.55,912.5,0.8452,-0.7593,-0.6214
Hutan_mangrove_42,Hutan mangrove,Training,281.83,553.09,342.12,3725.69,859.32,0.8318,-0.7415,-0.6252
Hutan_mangrove_43,Hutan mangrove,Training,277.9,503.61,378.81,3935.45,954.72,0.8244,-0.7731,-0.6095
Hutan_mangrove_43,Hutan mangrove,Training,247.2,496.93,261.29,3443.19,993.26,0.8589,-0.7478,-0.5522
Hutan_mangrove_43,Hutan mangrove,Training,279.1,470.62,354.94,3558.36,968.96,0.8186,-0.7664,-0.5719
Hutan_mangrove_43,Hutan mangrove,Training,316.26,528.34,329.89,3582.75,1040.19,0.8314,-0.743,-0.55
Hutan_mangrove_43,Hutan mangrove,Training,207.74,475.4,371.3,3884.75,960.9,0.8255,-0.7819,-0.6034
Hutan_mangrove_43,Hutan mangrove,Training,231.8,521.46,362.43,3677.18,890.29,0.8206,-0.7516,-0.6102
Hutan_mangrove_43,Hutan mangrove,Training,251.59,463.7,424.41,3634.54,954.85,0.7909,-0.7737,-0.5839
Hutan_mangrove_43,Hutan mangrove,Training,243.46,533.81,311.05,3215.97,896.95,0.8236,-0.7153,-0.5638
Hutan_mangrove_43,Hutan mangrove,Training,311.62,548.33,325.75,3713.54,836.4,0.8387,-0.7427,-0.6323
Hutan_mangrove_43,Hutan mangrove,Training,262.79,520.18,377.79,3255.55,773.44,0.792,-0.7245,-0.6161
Hutan_mangrove_43,Hutan mangrove,Training,247.73,458.7,316.71,3659.81,808.4,0.8407,-0.7772,-0.6382
Hutan_mangrove_43,Hutan mangrove,Training,317.73,478.67,341.89,3665.46,749.2,0.8294,-0.769,-0.6606
Hutan_mangrove_43,Hutan mangrove,Training,265.26,513.66,339.52,3660.26,942.83,0.8302,-0.7539,-0.5904
Hutan_mangrove_43,Hutan mangrove,Training,293.06,600.01,318.15,3314.58,910.27,0.8248,-0.6934,-0.5691
Hutan_mangrove_43,Hutan mangrove,Training,187.63,525.98,353.39,3680.8,869.64,0.8248,-0.7499,-0.6178
Hutan_mangrove_43,Hutan mangrove,Training,257.65,518.89,356.0,3304.08,917.2,0.8055,-0.7285,-0.5654
Hutan_mangrove_43,Hutan mangrove,Training,305.62,509.64,354.11,3943.21,825.44,0.8352,-0.7711,-0.6538
Hutan_mangrove_43,Hutan mangrove,Training,276.69,478.79,382.6,3775.57,858.77,0.816,-0.7749,-0.6294
Hutan_mangrove_43,Hutan mangrove,Training,242.02,539.11,294.34,3502.78,962.04,0.845,-0.7332,-0.5691
Hutan_mangrove_43,Hutan mangrove,Training,240.76,505.39,288.77,3412.01,967.95,0.8439,-0.742,-0.558
Hutan_mangrove_43,Hutan mangrove,Training,227.47,447.9,381.85,3713.45,791.15,0.8135,-0.7847,-0.6487
Hutan_mangrove_43,Hutan mangrove,Training,254.16,457.76,345.43,3638.72,819.15,0.8266,-0.7765,-0.6325
Hutan_mangrove_43,Hutan mangrove,Training,272.27,535.89,357.91,3691.08,754.72,0.8232,-0.7464,-0.6605
Hutan_mangrove_43,Hutan mangrove,Training,290.87,496.35,321.94,3632.08,974.55,0.8372,-0.7595,-0.5769
Hutan_mangrove_43,Hutan mangrove,Training,265.37,456.61,372.73,3586.66,950.12,0.8117,-0.7741,-0.5811
Hutan_mangrove_43,Hutan mangrove,Training,225.95,541.84,355.48,3861.54,746.51,0.8314,-0.7539,-0.676
Hutan_mangrove_43,Hutan mangrove,Training,207.96,490.4,394.03,4031.82,811.16,0.8219,-0.7831,-0.665
Hutan_mangrove_43,Hutan mangrove,Training,251.59,506.21,371.54,3794.69,788.56,0.8216,-0.7646,-0.6559
Hutan_mangrove_43,Hutan mangrove,Training,251.94,419.66,374.32,3525.5,779.46,0.808,-0.7873,-0.6379
Hutan_mangrove_43,Hutan mangrove,Training,259.98,485.21,387.84,3403.63,1122.3,0.7954,-0.7505,-0.5041
Hutan_mangrove_43,Hutan mangrove,Training,275.64,551.51,319.13,3993.46,778.75,0.852,-0.7573,-0.6736
Hutan_mangrove_43,Hutan mangrove,Training,243.71,552.19,365.2,3327.38,1013.54,0.8022,-0.7153,-0.533
Hutan_mangrove_43,Hutan mangrove,Training,260.2,483.35,303.74,3695.65,883.66,0.8481,-0.7687,-0.6141
Hutan_mangrove_43,Hutan mangrove,Training,254.69,436.59,337.44,3705.67,1087.65,0.8331,-0.7892,-0.5462
Hutan_mangrove_43,Hutan mangrove,Training,243.84,557.73,373.62,3651.43,798.77,0.8144,-0.735,-0.641
Hutan_mangrove_43,Hutan mangrove,Training,220.89,524.7,334.21,3464.62,881.94,0.824,-0.7369,-0.5942
Hutan_mangrove_43,Hutan mangrove,Training,245.09,536.03,334.84,3776.27,943.97,0.8371,-0.7514,-0.6
Hutan_mangrove_43,Hutan mangrove,Training,199.78,511.78,269.97,3403.05,946.31,0.853,-0.7385,-0.5649
Hutan_mangrove_43,Hutan mangrove,Training,249.68,429.28,316.43,3026.04,765.74,0.8107,-0.7515,-0.5961
Hutan_mangrove_43,Hutan mangrove,Training,267.37,477.7,355.1,3603.0,903.26,0.8206,-0.7659,-0.5991
Hutan_mangrove_43,Hutan mangrove,Training,280.69,491.88,377.32,3054.98,1011.14,0.7801,-0.7226,-0.5027
Hutan_mangrove_43,Hutan mangrove,Training,211.3,457.08,328.86,3838.45,811.07,0.8422,-0.7872,-0.6511
Hutan_mangrove_43,Hutan mangrove,Training,230.32,461.53,357.66,3763.59,1070.43,0.8264,-0.7815,-0.5571
Hutan_mangrove_43,Hutan mangrove,Training,321.99,526.01,360.97,3332.19,1090.93,0.8045,-0.7273,-0.5067
Hutan_mangrove_43,Hutan mangrove,Training,256.46,488.44,361.63,3460.0,666.23,0.8107,-0.7526,-0.6771
Hutan_mangrove_43,Hutan mangrove,Training,267.15,553.7,366.71,3598.44,901.33,0.815,-0.7333,-0.5994
Hutan_mangrove_43,Hutan mangrove,Training,255.17,505.67,348.18,3605.58,1055.5,0.8239,-0.754,-0.5471
Hutan_mangrove_43,Hutan mangrove,Training,264.17,504.21,369.78,3745.05,994.6,0.8203,-0.7627,-0.5803
Hutan_mangrove_43,Hutan mangrove,Training,227.29,480.78,325.59,3768.68,971.79,0.841,-0.7737,-0.59
Hutan_mangrove_43,Hutan mangrove,Training,211.8,515.63,391.17,3548.23,931.4,0.8014,-0.7462,-0.5842
Hutan_mangrove_45,Hutan mangrove,Training,267.0,493.58,362.14,3677.42,849.1,0.8207,-0.7633,-0.6248
Hutan_mangrove_45,Hutan mangrove,Training,239.34,524.01,404.36,3865.5,787.09,0.8106,-0.7612,-0.6617
Hutan_mangrove_45,Hutan mangrove,Training,216.23,478.57,352.97,3610.62,1024.03,0.8219,-0.7659,-0.5581
Hutan_mangrove_45,Hutan mangrove,Training,288.85,500.23,343.17,3713.68,1006.32,0.8308,-0.7626,-0.5736
Hutan_mangrove_45,Hutan mangrove,Training,266.57,482.74,331.63,3355.67,919.35,0.8201,-0.7485,-0.5699
Hutan_mangrove_45,Hutan mangrove,Training,268.69,529.39,384.55,3925.67,762.5,0.8216,-0.7623,-0.6747
Hutan_mangrove_45,Hutan mangrove,Training,262.14,517.57,347.78,3417.76,1044.46,0.8153,-0.737,-0.5319
Hutan_mangrove_45,Hutan mangrove,Training,232.34,412.3,350.6,3547.67,1085.77,0.8201,-0.7918,-0.5313
Hutan_mangrove_45,Hutan mangrove,Training,264.69,487.79,344.09,3554.15,1121.71,0.8235,-0.7586,-0.5202
Hutan_mangrove_45,Hutan mangrove,Training,270.26,443.71,342.67,3594.8,789.24,0.8259,-0.7803,-0.6399
Hutan_mangrove_45,Hutan mangrove,Training,196.51,523.82,325.86,3874.73,900.82,0.8448,-0.7618,-0.6227
Hutan_mangrove_45,Hutan mangrove,Training,235.77,403.33,386.67,3664.58,855.18,0.8091,-0.8017,-0.6216
Hutan_mangrove_45,Hutan mangrove,Training,223.29,563.96,318.07,3518.9,956.97,0.8342,-0.7237,-0.5724
Hutan_mangrove_45,Hutan mangrove,Training,293.52,491.35,327.96,3576.52,990.45,0.832,-0.7584,-0.5663
Hutan_mangrove_45,Hutan mangrove,Training,283.88,444.99,353.45,3284.46,988.42,0.8057,-0.7614,-0.5374
Hutan_mangrove_45,Hutan mangrove,Training,262.67,463.15,396.02,3673.7,922.52,0.8054,-0.7761,-0.5986
Hutan_mangrove_45,Hutan mangrove,Training,244.63,499.68,338.56,3436.93,1022.91,0.8207,-0.7461,-0.5413
Hutan_mangrove_45,Hutan mangrove,Training,235.22,478.94,346.12,3913.39,1013.12,0.8375,-0.7819,-0.5887
Hutan_mangrove_45,Hutan mangrove,Training,238.15,549.07,353.24,3414.45,852.39,0.8125,-0.7229,-0.6005
Hutan_mangrove_45,Hutan mangrove,Training,291.2,583.31,359.59,3475.36,887.51,0.8125,-0.7126,-0.5932
Hutan_mangrove_45,Hutan mangrove,Training,227.13,475.33,328.55,3582.54,912.07,0.832,-0.7657,-0.5942
Hutan_mangrove_45,Hutan mangrove,Training,245.56,491.15,372.81,3549.57,883.5,0.8099,-0.7569,-0.6014
Hutan_mangrove_45,Hutan mangrove,Training,244.7,561.73,335.26,3731.19,825.16,0.8351,-0.7383,-0.6378
Hutan_mangrove_45,Hutan mangrove,Training,260.5,521.85,382.53,3515.46,788.6,0.8037,-0.7415,-0.6336
Hutan_mangrove_45,Hutan mangrove,Training,226.48,538.58,412.45,3783.58,773.79,0.8034,-0.7508,-0.6604
Hutan_mangrove_45,Hutan mangrove,Training,274.02,462.25,339.53,3641.19,935.54,0.8294,-0.7747,-0.5912
Hutan_mangrove_45,Hutan mangrove,Training,251.96,475.96,381.8,3483.94,1025.45,0.8025,-0.7596,-0.5452
Hutan_mangrove_45,Hutan mangrove,Training,209.22,508.62,313.22,3416.5,848.7,0.832,-0.7408,-0.602
Hutan_mangrove_45,Hutan mangrove,Training,295.62,552.32,376.23,3607.32,918.81,0.8111,-0.7344,-0.594
Hutan_mangrove_45,Hutan mangrove,Training,287.99,528.05,350.54,3927.07,981.45,0.8361,-0.7629,-0.6001
Hutan_mangrove_45,Hutan mangrove,Training,257.27,481.64,333.52,3526.04,945.7,0.8272,-0.7596,-0.577
Hutan_mangrove_45,Hutan mangrove,Training,275.07,442.23,291.6,3390.67,859.23,0.8416,-0.7692,-0.5956
Hutan_mangrove_45,Hutan mangrove,Training,285.88,488.78,357.64,3691.94,797.64,0.8234,-0.7662,-0.6447
Hutan_mangrove_45,Hutan mangrove,Training,293.8,473.41,396.79,3572.24,866.25,0.8001,-0.766,-0.6097
Hutan_mangrove_45,Hutan mangrove,Training,216.68,507.89,417.63,3690.99,927.04,0.7967,-0.7581,-0.5985
Hutan_mangrove_45,Hutan mangrove,Training,230.0,523.68,354.73,3586.18,949.48,0.82,-0.7452,-0.5813
Hutan_mangrove_45,Hutan mangrove,Training,195.52,495.98,314.09,3606.36,827.58,0.8398,-0.7582,-0.6267
Hutan_mangrove_45,Hutan mangrove,Training,230.32,446.66,383.47,3450.9,837.58,0.8,-0.7708,-0.6094
Hutan_mangrove_45,Hutan mangrove,Training,295.92,522.72,288.96,3904.78,1064.79,0.8622,-0.7639,-0.5715
Hutan_mangrove_45,Hutan mangrove,Training,296.63,526.73,316.95,3589.17,755.16,0.8377,-0.7441,-0.6523
Hutan_mangrove_45,Hutan mangrove,Training,224.02,455.56,331.19,3636.07,855.51,0.833,-0.7773,-0.6191
Hutan_mangrove_45,Hutan mangrove,Training,235.36,488.36,394.98,4076.03,854.93,0.8233,-0.786,-0.6532
Hutan_mangrove_45,Hutan mangrove,Training,260.08,466.35,373.03,3495.18,828.89,0.8071,-0.7646,-0.6166
Hutan_mangrove_45,Hutan mangrove,Training,310.05,445.76,276.42,3761.66,863.24,0.8631,-0.7881,-0.6267
Hutan_mangrove_45,Hutan mangrove,Training,230.62,609.27,371.91,3587.13,829.21,0.8121,-0.7096,-0.6245
Hutan_mangrove_45,Hutan mangrove,Training,263.37,430.69,334.52,3591.84,921.35,0.8296,-0.7859,-0.5917
Hutan_mangrove_45,Hutan mangrove,Training,245.73,472.27,377.62,3236.64,872.21,0.791,-0.7453,-0.5754
Hutan_mangrove_45,Hutan mangrove,Training,234.46,540.47,336.23,3696.29,933.3,0.8332,-0.7449,-0.5968
Hutan_mangrove_45,Hutan mangrove,Training,194.95,497.37,297.72,3677.28,826.97,0.8502,-0.7617,-0.6328
Hutan_mangrove_45,Hutan mangrove,Training,285.6,492.77,326.9,3863.97,812.81,0.844,-0.7738,-0.6524
Hutan_mangrove_46,Hutan mangrove,Training,276.84,518.7,339.04,3306.08,1024.17,0.814,-0.7288,-0.527
Hutan_mangrove_46,Hutan mangrove,Training,265.01,469.12,357.34,3821.36,911.2,0.829,-0.7813,-0.6149
Hutan_mangrove_46,Hutan mangrove,Training,257.15,541.28,396.12,3573.69,766.26,0.8004,-0.7369,-0.6469
Hutan_mangrove_46,Hutan mangrove,Training,210.92,472.36,321.95,3229.86,1084.78,0.8187,-0.7448,-0.4972
Hutan_mangrove_46,Hutan mangrove,Training,265.84,479.05,349.02,3206.99,1015.73,0.8037,-0.7401,-0.5189
Hutan_mangrove_46,Hutan mangrove,Training,191.51,520.4,294.85,3508.92,1024.27,0.845,-0.7417,-0.5481
Hutan_mangrove_46,Hutan mangrove,Training,200.98,494.05,368.83,3702.12,907.02,0.8188,-0.7645,-0.6064
Hutan_mangrove_46,Hutan mangrove,Training,264.87,475.57,407.98,3245.66,1016.21,0.7767,-0.7444,-0.5231
Hutan_mangrove_46,Hutan mangrove,Training,255.68,524.68,373.84,3722.24,818.9,0.8175,-0.7529,-0.6393
Hutan_mangrove_46,Hutan mangrove,Training,241.41,441.94,341.05,3670.95,960.71,0.83,-0.7851,-0.5852
Hutan_mangrove_46,Hutan mangrove,Training,261.74,429.8,333.13,3454.31,768.98,0.8241,-0.7787,-0.6358
Hutan_mangrove_46,Hutan mangrove,Training,224.92,500.05,392.41,3390.33,787.11,0.7925,-0.7429,-0.6232
Hutan_mangrove_46,Hutan mangrove,Training,232.02,513.5,386.71,3580.97,755.41,0.8051,-0.7492,-0.6516
Hutan_mangrove_46,Hutan mangrove,Training,213.01,507.53,379.86,3999.46,781.76,0.8265,-0.7748,-0.673
Hutan_mangrove_46,Hutan mangrove,Training,254.19,458.81,323.04,3383.67,866.57,0.8257,-0.7612,-0.5922
Hutan_mangrove_46,Hutan mangrove,Training,223.53,599.15,336.21,3817.31,834.05,0.8381,-0.7287,-0.6414
Hutan_mangrove_46,Hutan mangrove,Training,317.0,513.56,375.11,3469.96,997.64,0.8049,-0.7422,-0.5534
Hutan_mangrove_46,Hutan mangrove,Training,260.05,484.84,317.6,3547.74,867.69,0.8357,-0.7595,-0.607
Hutan_mangrove_46,Hutan mangrove,Training,276.07,490.71,292.35,3742.16,1029.32,0.8551,-0.7681,-0.5686
Hutan_mangrove_46,Hutan mangrove,Training,200.02,572.19,391.9,3461.21,788.28,0.7966,-0.7163,-0.629
Hutan_mangrove_46,Hutan mangrove,Training,281.59,445.21,329.95,3310.67,900.59,0.8187,-0.7629,-0.5723
Hutan_mangrove_46,Hutan mangrove,Training,293.96,515.0,380.54,3522.6,909.73,0.805,-0.7449,-0.5895
Hutan_mangrove_46,Hutan mangrove,Training,213.21,496.12,327.62,3564.74,877.1,0.8317,-0.7557,-0.6051
Hutan_mangrove_46,Hutan mangrove,Training,240.57,584.3,403.03,3911.55,1079.51,0.8132,-0.7401,-0.5674
Hutan_mangrove_46,Hutan mangrove,Training,292.58,499.1,346.25,3651.79,878.93,0.8268,-0.7595,-0.612
Hutan_mangrove_46,Hutan mangrove,Training,218.8,511.86,303.02,3630.28,800.52,0.8459,-0.7529,-0.6387
Hutan_mangrove_46,Hutan mangrove,Training,247.57,507.65,339.41,3239.09,781.2,0.8103,-0.729,-0.6114
Hutan_mangrove_46,Hutan mangrove,Training,263.75,477.7,366.83,3602.13,880.22,0.8152,-0.7658,-0.6073
Hutan_mangrove_46,Hutan mangrove,Training,260.43,473.0,362.01,3507.71,1153.63,0.8129,-0.7624,-0.505
Hutan_mangrove_46,Hutan mangrove,Training,215.98,485.71,340.49,3302.59,972.58,0.8131,-0.7436,-0.545
Hutan_mangrove_46,Hutan mangrove,Training,237.14,404.81,370.85,3460.04,889.51,0.8064,-0.7905,-0.591
Hutan_mangrove_46,Hutan mangrove,Training,270.3,485.41,338.81,4142.23,684.63,0.8488,-0.7902,-0.7163
Hutan_mangrove_46,Hutan mangrove,Training,211.42,456.32,403.67,3458.19,924.02,0.7909,-0.7669,-0.5783
Hutan_mangrove_46,Hutan mangrove,Training,235.78,524.13,349.62,3655.68,1028.72,0.8254,-0.7492,-0.5608
Hutan_mangrove_46,Hutan mangrove,Training,263.21,470.6,359.36,4132.1,956.5,0.84,-0.7955,-0.6241
Hutan_mangrove_46,Hutan mangrove,Training,254.56,445.18,371.73,3791.89,931.27,0.8214,-0.7899,-0.6057
Hutan_mangrove_46,Hutan mangrove,Training,253.42,613.3,375.66,3872.81,906.69,0.8232,-0.7266,-0.6206
Hutan_mangrove_46,Hutan mangrove,Training,246.05,525.28,346.02,3588.9,946.32,0.8241,-0.7446,-0.5827
Hutan_mangrove_46,Hutan mangrove,Training,234.62,508.82,352.4,3812.75,838.87,0.8308,-0.7645,-0.6393
Hutan_mangrove_46,Hutan mangrove,Training,190.0,487.57,361.92,3812.1,830.72,0.8266,-0.7732,-0.6422
Hutan_mangrove_46,Hutan mangrove,Training,266.26,545.41,372.54,3426.06,831.68,0.8039,-0.7253,-0.6093
Hutan_mangrove_46,Hutan mangrove,Training,263.05,565.01,350.42,3563.63,763.04,0.8209,-0.7263,-0.6473
Hutan_mangrove_46,Hutan mangrove,Training,239.07,471.39,350.82,3267.18,867.14,0.8061,-0.7478,-0.5805
Hutan_mangrove_46,Hutan mangrove,Training,219.73,537.61,324.22,3474.08,928.21,0.8293,-0.732,-0.5783
Hutan_mangrove_46,Hutan mangrove,Training,236.39,594.38,377.92,3603.79,936.81,0.8102,-0.7168,-0.5874
Hutan_mangrove_46,Hutan mangrove,Training,179.34,549.27,365.36,3583.91,956.58,0.815,-0.7342,-0.5786
Hutan_mangrove_46,Hutan mangrove,Training,270.64,483.35,361.4,3830.72,945.49,0.8276,-0.7759,-0.6041
Hutan_mangrove_46,Hutan mangrove,Training,242.42,511.87,391.47,3772.47,783.69,0.812,-0.7611,-0.656
Hutan_mangrove_46,Hutan mangrove,Training,267.6,518.17,384.92,3607.22,863.07,0.8072,-0.7488,-0.6139
Hutan_mangrove_46,Hutan mangrove,Training,208.96,472.22,386.24,3643.55,890.02,0.8083,-0.7705,-0.6074
Hutan_mangrove_47,Hutan mangrove,Training,288.87,543.58,327.93,3864.22,734.14,0.8436,-0.7534,-0.6807
Hutan_mangrove_47,Hutan mangrove,Training,263.79,513.65,384.49,3683.82,875.54,0.811,-0.7553,-0.6159
Hutan_mangrove_47,Hutan mangrove,Training,245.03,607.73,352.48,3731.36,697.88,0.8274,-0.7199,-0.6849
Hutan_mangrove_47,Hutan mangrove,Training,225.18,520.75,301.56,3720.87,827.49,0.8501,-0.7545,-0.6361
Hutan_mangrove_47,Hutan mangrove,Training,218.98,470.85,395.83,3673.35,808.96,0.8055,-0.7728,-0.639
Hutan_mangrove_47,Hutan mangrove,Training,273.26,533.19,338.56,3811.02,1000.67,0.8368,-0.7545,-0.5841
Hutan_mangrove_47,Hutan mangrove,Training,275.54,473.05,314.63,3227.57,834.45,0.8224,-0.7443,-0.5891
Hutan_mangrove_47,Hutan mangrove,Training,238.97,488.54,348.58,3981.26,866.04,0.839,-0.7814,-0.6427
Hutan_mangrove_47,Hutan mangrove,Training,248.54,427.3,416.84,3310.5,829.31,0.7763,-0.7714,-0.5993
Hutan_mangrove_47,Hutan mangrove,Training,270.87,509.85,399.3,3758.4,891.87,0.8079,-0.7611,-0.6164
Hutan_mangrove_47,Hutan mangrove,Training,281.32,546.45,330.2,3811.87,877.77,0.8406,-0.7492,-0.6257
Hutan_mangrove_47,Hutan mangrove,Training,246.9,505.72,338.58,3504.39,998.47,0.8238,-0.7478,-0.5565
Hutan_mangrove_47,Hutan mangrove,Training,204.13,457.53,370.24,3583.96,999.15,0.8127,-0.7736,-0.564
Hutan_mangrove_47,Hutan mangrove,Training,260.74,446.65,351.89,3717.6,923.4,0.8271,-0.7855,-0.6021
Hutan_mangrove_47,Hutan mangrove,Training,235.95,489.04,333.2,3308.46,753.73,0.817,-0.7424,-0.6289
Hutan_mangrove_47,Hutan mangrove,Training,261.7,465.14,367.27,3469.09,768.69,0.8085,-0.7635,-0.6372
Hutan_mangrove_47,Hutan mangrove,Training,237.76,583.77,347.13,3742.09,916.88,0.8302,-0.7301,-0.6064
Hutan_mangrove_47,Hutan mangrove,Training,207.84,557.96,342.57,3311.69,848.78,0.8125,-0.7116,-0.592
Hutan_mangrove_47,Hutan mangrove,Training,243.81,529.98,329.58,4176.48,806.28,0.8537,-0.7748,-0.6764
Hutan_mangrove_47,Hutan mangrove,Training,268.36,421.04,346.29,3680.79,788.04,0.828,-0.7947,-0.6473
Hutan_mangrove_47,Hutan mangrove,Training,294.97,517.38,340.47,3693.21,840.67,0.8312,-0.7542,-0.6292
Hutan_mangrove_47,Hutan mangrove,Training,287.54,540.61,361.2,3734.57,752.28,0.8236,-0.7471,-0.6647
Hutan_mangrove_47,Hutan mangrove,Training,294.01,496.03,380.75,3764.97,1000.97,0.8163,-0.7672,-0.5799
Hutan_mangrove_47,Hutan mangrove,Training,218.57,463.18,417.45,3265.74,790.24,0.7733,-0.7516,-0.6103
Hutan_mangrove_47,Hutan mangrove,Training,251.3,501.8,333.8,3735.54,990.21,0.8359,-0.7632,-0.5809
Hutan_mangrove_47,Hutan mangrove,Training,249.45,489.26,349.33,3490.58,730.18,0.8181,-0.7541,-0.654
Hutan_mangrove_47,Hutan mangrove,Training,259.03,530.63,345.38,3101.68,842.83,0.7996,-0.7078,-0.5727
Hutan_mangrove_47,Hutan mangrove,Training,277.17,442.47,370.88,3502.01,898.12,0.8085,-0.7757,-0.5918
Hutan_mangrove_47,Hutan mangrove,Training,229.42,454.58,393.03,3779.48,964.47,0.8116,-0.7853,-0.5934
Hutan_mangrove_47,Hutan mangrove,Training,277.26,520.11,378.32,3453.94,1037.77,0.8026,-0.7382,-0.5379
Hutan_mangrove_47,Hutan mangrove,Training,288.65,515.22,341.36,3330.82,922.87,0.8141,-0.7321,-0.5661
Hutan_mangrove_47,Hutan mangrove,Training,300.55,453.57,380.54,3496.28,861.39,0.8037,-0.7703,-0.6047
Hutan_mangrove_47,Hutan mangrove,Training,214.74,469.9,369.4,3769.65,923.59,0.8215,-0.7783,-0.6064
Hutan_mangrove_47,Hutan mangrove,Training,234.98,455.86,351.85,3519.71,921.12,0.8182,-0.7707,-0.5852
Hutan_mangrove_47,Hutan mangrove,Training,240.36,488.17,354.77,3677.48,1022.39,0.824,-0.7656,-0.5649
Hutan_mangrove_47,Hutan mangrove,Training,239.89,521.82,404.11,3725.86,1016.43,0.8043,-0.7543,-0.5713
Hutan_mangrove_47,Hutan mangrove,Training,231.38,471.19,345.22,3588.35,1007.08,0.8245,-0.7679,-0.5617
Hutan_mangrove_47,Hutan mangrove,Training,228.11,496.45,382.24,3647.42,898.92,0.8103,-0.7604,-0.6046
Hutan_mangrove_47,Hutan mangrove,Training,257.15,454.9,315.69,3250.59,920.67,0.823,-0.7545,-0.5586
Hutan_mangrove_47,Hutan mangrove,Training,277.57,530.62,384.31,3919.93,914.46,0.8214,-0.7615,-0.6217
Hutan_mangrove_47,Hutan mangrove,Training,248.06,559.04,328.97,3340.72,866.11,0.8207,-0.7133,-0.5882
Hutan_mangrove_47,Hutan mangrove,Training,236.33,501.93,324.5,3681.34,843.09,0.838,-0.76,-0.6273
Hutan_mangrove_47,Hutan mangrove,Training,286.85,452.22,345.82,3526.32,923.09,0.8214,-0.7727,-0.5851
Hutan_mangrove_47,Hutan mangrove,Training,277.8,510.65,346.14,3752.08,984.3,0.8311,-0.7604,-0.5844
Hutan_mangrove_47,Hutan mangrove,Training,258.08,515.5,369.4,3238.34,864.92,0.7952,-0.7253,-0.5784
Hutan_mangrove_47,Hutan mangrove,Training,261.29,488.34,341.36,3682.48,939.76,0.8303,-0.7658,-0.5934
Hutan_mangrove_47,Hutan mangrove,Training,264.01,468.31,307.47,3776.97,825.76,0.8494,-0.7794,-0.6412
Hutan_mangrove_47,Hutan mangrove,Training,225.65,463.93,384.53,3646.65,934.25,0.8092,-0.7743,-0.5921
Hutan_mangrove_47,Hutan mangrove,Training,270.69,498.31,380.38,3336.7,791.44,0.7953,-0.7401,-0.6166
Hutan_mangrove_47,Hutan mangrove,Training,215.78,516.87,365.19,3496.03,876.76,0.8108,-0.7424,-0.599
Hutan_mangrove_49,Hutan mangrove,Training,214.21,516.42,349.01,3496.47,1005.63,0.8185,-0.7426,-0.5533
Hutan_mangrove_49,Hutan mangrove,Training,232.23,516.86,385.24,3525.39,717.09,0.803,-0.7443,-0.6619
Hutan_mangrove_49,Hutan mangrove,Training,237.91,507.57,380.09,3485.34,1072.31,0.8033,-0.7458,-0.5294
Hutan_mangrove_49,Hutan mangrove,Training,211.04,506.57,342.83,3896.36,752.64,0.8383,-0.7699,-0.6762
Hutan_mangrove_49,Hutan mangrove,Training,262.77,490.23,395.87,3417.72,941.53,0.7924,-0.7491,-0.568
Hutan_mangrove_49,Hutan mangrove,Training,224.85,507.52,338.92,3515.25,701.26,0.8241,-0.7477,-0.6674
Hutan_mangrove_49,Hutan mangrove,Training,262.44,456.71,316.5,3257.84,794.4,0.8229,-0.7541,-0.6079
Hutan_mangrove_49,Hutan mangrove,Training,265.01,518.05,369.91,3374.06,921.48,0.8024,-0.7338,-0.571
Hutan_mangrove_49,Hutan mangrove,Training,231.54,538.19,362.78,3455.57,1004.06,0.81,-0.7305,-0.5497
Hutan_mangrove_49,Hutan mangrove,Training,265.22,444.52,299.85,3303.51,1064.92,0.8336,-0.7628,-0.5124
Hutan_mangrove_49,Hutan mangrove,Training,219.54,575.05,317.98,3341.75,988.0,0.8262,-0.7064,-0.5436
Hutan_mangrove_49,Hutan mangrove,Training,277.77,522.23,370.28,3423.64,983.3,0.8048,-0.7353,-0.5537
Hutan_mangrove_49,Hutan mangrove,Training,257.2,485.39,352.84,3833.34,939.19,0.8314,-0.7752,-0.6064
Hutan_mangrove_49,Hutan mangrove,Training,185.27,535.65,374.44,3516.61,911.67,0.8075,-0.7356,-0.5882
Hutan_mangrove_49,Hutan mangrove,Training,253.38,420.82,337.95,3520.15,884.13,0.8248,-0.7864,-0.5985
Hutan_mangrove_49,Hutan mangrove,Training,234.22,526.51,325.73,3800.22,961.57,0.8421,-0.7566,-0.5961
Hutan_mangrove_49,Hutan mangrove,Training,290.81,569.35,402.21,3339.16,934.42,0.785,-0.7087,-0.5627
Hutan_mangrove_49,Hutan mangrove,Training,228.47,631.21,368.42,3911.59,943.54,0.8278,-0.7221,-0.6113
Hutan_mangrove_49,Hutan mangrove,Training,170.94,468.66,329.43,3514.17,935.96,0.8286,-0.7647,-0.5794
Hutan_mangrove_49,Hutan mangrove,Training,265.04,394.91,342.89,3493.11,1038.1,0.8212,-0.7969,-0.5418
Hutan_mangrove_49,Hutan mangrove,Training,267.77,492.68,356.71,3228.85,966.14,0.801,-0.7352,-0.5394
Hutan_mangrove_49,Hutan mangrove,Training,238.13,467.7,389.43,3660.19,833.46,0.8077,-0.7734,-0.6291
Hutan_mangrove_49,Hutan mangrove,Training,231.87,514.64,358.65,3606.47,779.66,0.8191,-0.7502,-0.6445
Hutan_mangrove_49,Hutan mangrove,Training,218.34,470.07,344.12,3590.91,884.0,0.8251,-0.7685,-0.6049
Hutan_mangrove_49,Hutan mangrove,Training,246.57,575.25,375.48,3861.41,946.43,0.8228,-0.7407,-0.6063
Hutan_mangrove_49,Hutan mangrove,Training,252.17,516.4,356.77,3777.76,802.49,0.8274,-0.7595,-0.6496
Hutan_mangrove_49,Hutan mangrove,Training,271.74,506.68,295.79,3618.86,769.38,0.8489,-0.7544,-0.6493
Hutan_mangrove_49,Hutan mangrove,Training,233.95,493.63,304.79,3588.18,906.85,0.8434,-0.7581,-0.5965
Hutan_mangrove_49,Hutan mangrove,Training,272.65,481.85,358.23,3579.01,858.17,0.818,-0.7627,-0.6132
Hutan_mangrove_49,Hutan mangrove,Training,199.88,495.54,372.34,3394.58,878.22,0.8023,-0.7452,-0.5889
Hutan_mangrove_49,Hutan mangrove,Training,247.89,544.1,350.9,3663.38,899.13,0.8252,-0.7414,-0.6059
Hutan_mangrove_49,Hutan mangrove,Training,235.23,454.62,341.45,3686.54,912.31,0.8305,-0.7804,-0.6032
Hutan_mangrove_49,Hutan mangrove,Training,294.39,537.83,387.22,3152.9,1057.93,0.7812,-0.7085,-0.4975
Hutan_mangrove_49,Hutan mangrove,Training,258.0,516.36,376.88,3604.69,792.96,0.8107,-0.7494,-0.6394
Hutan_mangrove_49,Hutan mangrove,Training,293.42,469.27,320.43,3548.45,861.4,0.8344,-0.7664,-0.6093
Hutan_mangrove_49,Hutan mangrove,Training,250.11,496.07,390.41,3701.05,814.22,0.8092,-0.7636,-0.6393
Hutan_mangrove_49,Hutan mangrove,Training,228.38,484.47,338.47,3486.76,789.83,0.823,-0.756,-0.6306
Hutan_mangrove_49,Hutan mangrove,Training,258.71,481.78,321.45,3706.8,984.78,0.8404,-0.77,-0.5802
Hutan_mangrove_49,Hutan mangrove,Training,242.63,571.26,416.47,3709.32,853.12,0.7981,-0.7331,-0.626
Hutan_mangrove_49,Hutan mangrove,Training,258.07,451.02,323.84,3229.81,837.15,0.8177,-0.7549,-0.5883
Hutan_mangrove_49,Hutan mangrove,Training,213.02,524.96,327.53,3660.86,974.79,0.8358,-0.7492,-0.5794
Hutan_mangrove_49,Hutan mangrove,Training,285.14,485.86,359.32,3675.35,1027.21,0.8219,-0.7665,-0.5631
Hutan_mangrove_49,Hutan mangrove,Training,273.51,552.13,300.06,3453.86,1003.18,0.8401,-0.7243,-0.5498
Hutan_mangrove_49,Hutan mangrove,Training,267.42,495.0,335.78,3773.51,702.04,0.8366,-0.7681,-0.6863
Hutan_mangrove_49,Hutan mangrove,Training,273.77,503.63,335.33,3710.54,861.4,0.8342,-0.761,-0.6232
Hutan_mangrove_49,Hutan mangrove,Training,250.87,498.15,372.34,3635.02,709.09,0.8142,-0.759,-0.6735
Hutan_mangrove_49,Hutan mangrove,Training,208.24,456.63,363.7,3722.51,1067.04,0.822,-0.7815,-0.5544
Hutan_mangrove_49,Hutan mangrove,Training,219.57,552.37,291.86,3603.91,924.52,0.8502,-0.7342,-0.5917
Hutan_mangrove_49,Hutan mangrove,Training,257.25,487.62,353.54,3328.25,986.52,0.808,-0.7444,-0.5427
Hutan_mangrove_49,Hutan mangrove,Training,257.49,514.49,341.63,3527.84,952.47,0.8234,-0.7454,-0.5748
Hutan_mangrove_50,Hutan mangrove,Training,297.7,444.25,306.68,3658.57,866.78,0.8453,-0.7834,-0.6169
Hutan_mangrove_50,Hutan mangrove,Training,253.72,499.05,368.66,3537.04,779.18,0.8112,-0.7527,-0.639
Hutan_mangrove_50,Hutan mangrove,Training,226.3,493.58,312.35,3591.89,906.08,0.84,-0.7584,-0.5971
Hutan_mangrove_50,Hutan mangrove,Training,239.27,508.37,301.57,3390.3,785.73,0.8366,-0.7392,-0.6237
Hutan_mangrove_50,Hutan mangrove,Training,276.4,592.25,323.58,3548.25,830.66,0.8329,-0.7139,-0.6206
Hutan_mangrove_50,Hutan mangrove,Training,256.64,475.66,358.48,3746.31,777.62,0.8253,-0.7747,-0.6562
Hutan_mangrove_50,Hutan mangrove,Training,258.15,428.24,342.3,3528.79,877.09,0.8231,-0.7836,-0.6019
Hutan_mangrove_50,Hutan mangrove,Training,240.64,480.2,342.03,3652.39,926.63,0.8287,-0.7676,-0.5953
Hutan_mangrove_50,Hutan mangrove,Training,253.46,477.06,382.41,3935.58,771.16,0.8229,-0.7838,-0.6723
Hutan_mangrove_50,Hutan mangrove,Training,254.93,481.27,377.77,3597.23,905.32,0.8099,-0.764,-0.5979
Hutan_mangrove_50,Hutan mangrove,Training,264.85,488.1,400.32,3712.14,993.16,0.8053,-0.7676,-0.5779
Hutan_mangrove_50,Hutan mangrove,Training,243.38,495.09,374.35,3756.46,775.13,0.8188,-0.7671,-0.6579
Hutan_mangrove_50,Hutan mangrove,Training,253.83,518.95,346.09,3683.36,891.2,0.8282,-0.753,-0.6104
Hutan_mangrove_50,Hutan mangrove,Training,182.6,447.56,379.25,3546.24,918.97,0.8068,-0.7759,-0.5884
Hutan_mangrove_50,Hutan mangrove,Training,249.89,466.99,335.99,3672.37,943.1,0.8324,-0.7744,-0.5913
Hutan_mangrove_50,Hutan mangrove,Training,315.65,480.89,400.12,3410.71,948.86,0.79,-0.7529,-0.5647
Hutan_mangrove_50,Hutan mangrove,Training,255.34,494.97,349.83,3463.02,990.39,0.8165,-0.7499,-0.5552
Hutan_mangrove_50,Hutan mangrove,Training,224.72,512.7,372.68,3904.52,997.18,0.8257,-0.7679,-0.5931
Hutan_mangrove_50,Hutan mangrove,Training,267.17,474.49,326.43,3349.51,776.57,0.8224,-0.7518,-0.6236
Hutan_mangrove_50,Hutan mangrove,Training,249.96,470.9,385.98,3472.63,909.43,0.7999,-0.7612,-0.5849
Hutan_mangrove_50,Hutan mangrove,Training,242.06,443.85,382.68,3753.01,981.05,0.8149,-0.7885,-0.5855
Hutan_mangrove_50,Hutan mangrove,Training,267.85,469.62,327.8,3699.44,1054.29,0.8372,-0.7747,-0.5564
Hutan_mangrove_50,Hutan mangrove,Training,261.58,539.14,334.22,3841.53,858.05,0.8399,-0.7539,-0.6348
Hutan_mangrove_50,Hutan mangrove,Training,257.2,485.35,376.67,3798.61,752.32,0.8196,-0.7734,-0.6694
Hutan_mangrove_50,Hutan mangrove,Training,289.76,595.06,339.34,3572.1,1023.94,0.8265,-0.7144,-0.5544
Hutan_mangrove_50,Hutan mangrove,Training,252.0,499.84,406.91,3302.05,821.1,0.7806,-0.7371,-0.6017
Hutan_mangrove_50,Hutan mangrove,Training,262.53,435.22,338.81,3515.92,996.18,0.8242,-0.7797,-0.5584
Hutan_mangrove_50,Hutan mangrove,Training,270.79,432.67,329.21,3448.19,878.34,0.8257,-0.777,-0.594
Hutan_mangrove_50,Hutan mangrove,Training,217.07,518.07,329.17,3729.5,899.71,0.8378,-0.7561,-0.6113
Hutan_mangrove_50,Hutan mangrove,Training,220.81,555.53,392.53,3663.88,876.08,0.8065,-0.7367,-0.6141
Hutan_mangrove_50,Hutan mangrove,Training,218.31,542.84,374.68,3420.92,831.32,0.8026,-0.7261,-0.609
Hutan_mangrove_50,Hutan mangrove,Training,263.71,452.98,331.23,3371.08,799.17,0.8211,-0.7631,-0.6167
Hutan_mangrove_50,Hutan mangrove,Training,228.4,536.24,297.36,3695.37,925.79,0.851,-0.7466,-0.5993
Hutan_mangrove_50,Hutan mangrove,Training,279.05,510.28,338.63,3420.63,999.04,0.8198,-0.7404,-0.5479
Hutan_mangrove_50,Hutan mangrove,Training,264.91,480.27,377.27,3501.91,899.91,0.8055,-0.7588,-0.5911
Hutan_mangrove_50,Hutan mangrove,Training,231.87,521.35,320.17,3534.31,834.54,0.8339,-0.7429,-0.618
Hutan_mangrove_50,Hutan mangrove,Training,257.91,515.54,316.88,3689.41,752.33,0.8418,-0.7548,-0.6612
Hutan_mangrove_50,Hutan mangrove,Training,315.76,479.54,381.48,3644.26,924.18,0.8105,-0.7674,-0.5954
Hutan_mangrove_50,Hutan mangrove,Training,215.02,533.74,351.46,3703.43,890.93,0.8266,-0.7481,-0.6122
Hutan_mangrove_50,Hutan mangrove,Training,253.9,464.51,345.41,3507.62,829.44,0.8207,-0.7661,-0.6175
Hutan_mangrove_50,Hutan mangrove,Training,254.04,514.54,357.52,3577.5,941.11,0.8183,-0.7485,-0.5835
Hutan_mangrove_50,Hutan mangrove,Training,257.26,503.9,354.98,3860.26,779.49,0.8316,-0.7691,-0.664
Hutan_mangrove_50,Hutan mangrove,Training,240.44,513.53,302.52,3904.17,925.48,0.8562,-0.7675,-0.6167
Hutan_mangrove_50,Hutan mangrove,Training,278.71,544.79,362.37,3108.83,914.77,0.7912,-0.7018,-0.5453
Hutan_mangrove_50,Hutan mangrove,Training,256.36,456.53,296.31,3701.57,775.08,0.8518,-0.7804,-0.6537
Hutan_mangrove_50,Hutan mangrove,Training,311.84,510.53,390.55,3606.86,975.15,0.8046,-0.752,-0.5744
Hutan_mangrove_50,Hutan mangrove,Training,251.6,540.22,288.85,3795.39,966.88,0.8586,-0.7508,-0.5939
Hutan_mangrove_50,Hutan mangrove,Training,245.38,483.63,341.03,3662.21,1021.4,0.8296,-0.7667,-0.5638
Hutan_mangrove_50,Hutan mangrove,Training,233.97,431.93,424.54,3747.75,860.88,0.7965,-0.7933,-0.6264
Hutan_mangrove_50,Hutan mangrove,Training,285.67,537.35,364.77,3495.05,966.73,0.811,-0.7335,-0.5667
Hutan_non_mangrove_01,Hutan non mangrove,Training,232.69,381.2,306.73,4274.54,1431.93,0.8661,-0.8362,-0.4981
Hutan_non_mangrove_01,Hutan non mangrove,Training,201.39,497.44,293.66,4199.3,1437.88,0.8693,-0.7882,-0.4899
Hutan_non_mangrove_01,Hutan non mangrove,Training,194.66,394.56,306.42,4256.36,1356.18,0.8657,-0.8303,-0.5167
Hutan_non_mangrove_01,Hutan non mangrove,Training,196.03,322.81,336.25,4425.26,1239.46,0.8588,-0.864,-0.5624
Hutan_non_mangrove_01,Hutan non mangrove,Training,179.74,507.94,265.35,4319.61,1340.96,0.8843,-0.7896,-0.5262
Hutan_non_mangrove_01,Hutan non mangrove,Training,212.3,452.01,291.5,4297.13,1340.83,0.8729,-0.8096,-0.5244
Hutan_non_mangrove_01,Hutan non mangrove,Training,146.47,412.89,268.56,3798.97,1444.33,0.8679,-0.8039,-0.4491
Hutan_non_mangrove_01,Hutan non mangrove,Training,194.82,464.16,315.62,4389.12,1448.83,0.8658,-0.8087,-0.5037
Hutan_non_mangrove_01,Hutan non mangrove,Training,170.61,473.18,306.65,4747.53,1400.95,0.8787,-0.8187,-0.5443
Hutan_non_mangrove_01,Hutan non mangrove,Training,211.49,446.21,301.47,4195.35,1347.85,0.8659,-0.8077,-0.5137
Hutan_non_mangrove_01,Hutan non mangrove,Training,205.32,474.87,287.41,4408.89,1485.72,0.8776,-0.8055,-0.4959
Hutan_non_mangrove_01,Hutan non mangrove,Training,173.59,411.45,313.44,4053.12,1274.51,0.8564,-0.8157,-0.5215
Hutan_non_mangrove_01,Hutan non mangrove,Training,251.51,411.35,254.29,4004.08,1427.8,0.8806,-0.8137,-0.4743
Hutan_non_mangrove_01,Hutan non mangrove,Training,202.21,525.49,276.95,4259.04,1535.42,0.8779,-0.7803,-0.47
Hutan_non_mangrove_01,Hutan non mangrove,Training,180.23,478.15,245.03,4639.69,1519.37,0.8997,-0.8131,-0.5066
Hutan_non_mangrove_01,Hutan non mangrove,Training,179.58,483.19,339.4,3877.83,1328.01,0.839,-0.7784,-0.4898
Hutan_non_mangrove_01,Hutan non mangrove,Training,240.38,452.7,313.08,4217.55,1506.98,0.8618,-0.8061,-0.4735
Hutan_non_mangrove_01,Hutan non mangrove,Training,215.39,454.25,236.95,4360.0,1487.51,0.8969,-0.8113,-0.4912
Hutan_non_mangrove_01,Hutan non mangrove,Training,162.81,403.14,315.53,4248.58,1163.02,0.8617,-0.8267,-0.5702
Hutan_non_mangrove_01,Hutan non mangrove,Training,175.34,462.55,320.3,4053.92,1382.31,0.8536,-0.7952,-0.4914
Hutan_non_mangrove_01,Hutan non mangrove,Training,173.62,502.96,305.24,4033.08,1261.24,0.8593,-0.7782,-0.5235
Hutan_non_mangrove_01,Hutan non mangrove,Training,161.99,522.46,294.79,4100.12,1374.41,0.8658,-0.774,-0.4979
Hutan_non_mangrove_01,Hutan non mangrove,Training,181.09,445.72,301.05,4203.75,1248.49,0.8663,-0.8083,-0.542
Hutan_non_mangrove_01,Hutan non mangrove,Training,226.77,427.88,280.24,4024.04,1273.7,0.8698,-0.8078,-0.5192
Hutan_non_mangrove_01,Hutan non mangrove,Training,208.03,485.8,278.31,3739.22,1276.75,0.8615,-0.77,-0.4909
Hutan_non_mangrove_01,Hutan non mangrove,Training,186.55,400.74,282.04,4062.12,1398.14,0.8702,-0.8204,-0.4879
Hutan_non_mangrove_01,Hutan non mangrove,Training,156.35,473.2,349.83,4557.28,1329.91,0.8574,-0.8119,-0.5482
Hutan_non_mangrove_01,Hutan non mangrove,Training,220.06,472.01,298.69,4244.25,1481.97,0.8685,-0.7998,-0.4824
Hutan_non_mangrove_01,Hutan non mangrove,Training,226.5,417.53,322.43,4616.62,1505.86,0.8694,-0.8341,-0.5081
Hutan_non_mangrove_01,Hutan non mangrove,Training,246.09,346.66,317.87,4266.06,1523.25,0.8613,-0.8497,-0.4738
Hutan_non_mangrove_01,Hutan non mangrove,Training,166.23,429.75,327.02,3935.08,1429.08,0.8465,-0.8031,-0.4672
Hutan_non_mangrove_01,Hutan non mangrove,Training,199.49,442.16,317.18,3921.12,1306.39,0.8503,-0.7973,-0.5002
Hutan_non_mangrove_01,Hutan non mangrove,Training,195.82,401.95,336.93,4000.31,1494.36,0.8446,-0.8174,-0.4561
Hutan_non_mangrove_01,Hutan non mangrove,Training,173.73,478.17,251.73,4552.15,1536.22,0.8952,-0.8099,-0.4954
Hutan_non_mangrove_01,Hutan non mangrove,Training,183.42,416.97,313.73,3818.47,1404.17,0.8482,-0.8031,-0.4623
Hutan_non_mangrove_01,Hutan non mangrove,Training,175.77,439.83,280.68,4000.41,1604.58,0.8689,-0.8019,-0.4274
Hutan_non_mangrove_01,Hutan non mangrove,Training,223.42,390.81,273.73,4414.36,1516.24,0.8832,-0.8373,-0.4887
Hutan_non_mangrove_01,Hutan non mangrove,Training,158.45,477.94,307.95,3714.58,1351.62,0.8469,-0.772,-0.4664
Hutan_non_mangrove_01,Hutan non mangrove,Training,195.92,451.94,260.38,4009.25,1325.25,0.878,-0.7974,-0.5031
Hutan_non_mangrove_01,Hutan non mangrove,Training,183.93,429.24,296.02,4277.41,1612.91,0.8705,-0.8176,-0.4524
Hutan_non_mangrove_01,Hutan non mangrove,Training,226.13,502.67,285.58,3949.02,1496.17,0.8651,-0.7742,-0.4505
Hutan_non_mangrove_01,Hutan non mangrove,Training,199.51,479.21,273.53,4362.14,1378.97,0.882,-0.802,-0.5196
Hutan_non_mangrove_01,Hutan non mangrove,Training,186.17,435.33,314.71,4393.54,1356.03,0.8663,-0.8197,-0.5283
Hutan_non_mangrove_01,Hutan non mangrove,Training,210.33,463.63,322.15,4446.73,1617.35,0.8649,-0.8112,-0.4666
Hutan_non_mangrove_01,Hutan non mangrove,Training,186.04,508.4,303.51,3926.3,1321.94,0.8565,-0.7707,-0.4962
Hutan_non_mangrove_01,Hutan non mangrove,Training,213.98,478.95,269.51,4009.03,1336.03,0.874,-0.7866,-0.5001
Hutan_non_mangrove_01,Hutan non mangrove,Training,174.1,374.8,233.42,4104.55,1430.25,0.8924,-0.8327,-0.4832
Hutan_non_mangrove_01,Hutan non mangrove,Training,219.67,395.51,259.64,4068.02,1400.4,0.88,-0.8228,-0.4878
Hutan_non_mangrove_01,Hutan non mangrove,Training,230.26,478.71,288.97,4290.04,1298.78,0.8738,-0.7992,-0.5352
Hutan_non_mangrove_01,Hutan non mangrove,Training,202.23,447.5,342.13,4323.39,1307.51,0.8533,-0.8124,-0.5356
Hutan_non_mangrove_02,Hutan non mangrove,Training,177.18,436.68,253.07,4142.49,1382.76,0.8849,-0.8093,-0.4995
Hutan_non_mangrove_02,Hutan non mangrove,Training,214.0,474.49,302.97,3792.5,1253.47,0.852,-0.7776,-0.5032
Hutan_non_mangrove_02,Hutan non mangrove,Training,181.85,476.09,318.56,4137.64,1683.17,0.857,-0.7936,-0.4217
Hutan_non_mangrove_02,Hutan non mangrove,Training,246.85,499.6,321.02,4314.64,1446.27,0.8615,-0.7925,-0.4979
Hutan_non_mangrove_02,Hutan non mangrove,Training,145.85,407.95,293.34,4231.97,1385.07,0.8704,-0.8242,-0.5068
Hutan_non_mangrove_02,Hutan non mangrove,Training,208.17,365.87,315.17,4215.53,1377.51,0.8609,-0.8403,-0.5074
Hutan_non_mangrove_02,Hutan non mangrove,Training,227.82,408.18,292.89,4271.1,1297.64,0.8717,-0.8255,-0.534
Hutan_non_mangrove_02,Hutan non mangrove,Training,139.9,403.88,298.06,4137.75,1397.81,0.8656,-0.8221,-0.495
Hutan_non_mangrove_02,Hutan non mangrove,Training,180.22,397.51,304.11,4158.37,1476.54,0.8637,-0.8255,-0.4759
Hutan_non_mangrove_02,Hutan non mangrove,Training,177.57,369.17,221.87,4099.63,1415.35,0.8973,-0.8348,-0.4867
Hutan_non_mangrove_02,Hutan non mangrove,Training,193.03,427.39,252.26,3727.66,1444.07,0.8732,-0.7943,-0.4416
Hutan_non_mangrove_02,Hutan non mangrove,Training,193.17,435.46,253.75,3958.44,1405.41,0.8795,-0.8018,-0.476
Hutan_non_mangrove_02,Hutan non mangrove,Training,208.54,443.43,341.38,4056.13,1554.42,0.8447,-0.8029,-0.4459
Hutan_non_mangrove_02,Hutan non mangrove,Training,206.51,454.33,327.98,4043.97,1360.5,0.85,-0.798,-0.4965
Hutan_non_mangrove_02,Hutan non mangrove,Training,163.29,487.41,310.07,4474.45,1424.58,0.8704,-0.8035,-0.517
Hutan_non_mangrove_02,Hutan non mangrove,Training,233.09,420.11,329.62,4100.55,1400.3,0.8512,-0.8141,-0.4909
Hutan_non_mangrove_02,Hutan non mangrove,Training,221.85,543.11,324.6,4428.59,1334.55,0.8634,-0.7815,-0.5369
Hutan_non_mangrove_02,Hutan non mangrove,Training,204.71,446.17,342.23,4163.52,1559.43,0.8481,-0.8064,-0.455
Hutan_non_mangrove_02,Hutan non mangrove,Training,160.95,505.95,274.16,4413.47,1296.28,0.883,-0.7943,-0.5459
Hutan_non_mangrove_02,Hutan non mangrove,Training,218.55,411.5,331.09,4411.31,1327.92,0.8604,-0.8294,-0.5372
Hutan_non_mangrove_02,Hutan non mangrove,Training,217.34,487.9,272.3,3941.5,1271.44,0.8708,-0.7797,-0.5122
Hutan_non_mangrove_02,Hutan non mangrove,Training,163.61,406.96,327.74,4339.46,1196.48,0.8596,-0.8285,-0.5677
Hutan_non_mangrove_02,Hutan non mangrove,Training,184.69,403.69,325.85,4087.59,1214.67,0.8523,-0.8202,-0.5418
Hutan_non_mangrove_02,Hutan non mangrove,Training,205.1,474.26,271.39,4133.77,1291.71,0.8768,-0.7942,-0.5238
Hutan_non_mangrove_02,Hutan non mangrove,Training,237.32,432.75,278.34,4187.17,1375.09,0.8753,-0.8127,-0.5056
Hutan_non_mangrove_02,Hutan non mangrove,Training,220.65,498.64,336.71,4104.52,1436.61,0.8484,-0.7833,-0.4815
Hutan_non_mangrove_02,Hutan non mangrove,Training,244.65,511.08,273.72,4348.06,1450.78,0.8816,-0.7896,-0.4996
Hutan_non_mangrove_02,Hutan non mangrove,Training,227.79,499.74,268.77,4027.33,1508.91,0.8749,-0.7792,-0.4549
Hutan_non_mangrove_02,Hutan non mangrove,Training,204.44,360.91,250.01,4365.64,1500.69,0.8917,-0.8473,-0.4884
Hutan_non_mangrove_02,Hutan non mangrove,Training,159.52,493.97,294.09,3944.38,1332.76,0.8612,-0.7774,-0.4949
Hutan_non_mangrove_02,Hutan non mangrove,Training,163.32,425.36,243.93,4181.54,1470.45,0.8898,-0.8153,-0.4797
Hutan_non_mangrove_02,Hutan non mangrove,Training,159.58,450.68,275.86,4367.2,1122.27,0.8812,-0.8129,-0.5911
Hutan_non_mangrove_02,Hutan non mangrove,Training,221.36,377.29,293.7,4022.77,1356.72,0.8639,-0.8285,-0.4956
Hutan_non_mangrove_02,Hutan non mangrove,Training,154.12,516.41,261.4,3898.09,1615.38,0.8743,-0.766,-0.414
Hutan_non_mangrove_02,Hutan non mangrove,Training,209.68,399.83,296.14,4141.07,1197.48,0.8665,-0.8239,-0.5514
Hutan_non_mangrove_02,Hutan non mangrove,Training,177.25,448.94,337.99,4152.79,1386.36,0.8495,-0.8049,-0.4994
Hutan_non_mangrove_02,Hutan non mangrove,Training,175.54,493.84,327.07,4397.33,1413.42,0.8615,-0.7981,-0.5135
Hutan_non_mangrove_02,Hutan non mangrove,Training,152.04,493.47,301.72,4122.85,1453.82,0.8636,-0.7862,-0.4786
Hutan_non_mangrove_02,Hutan non mangrove,Training,206.73,407.23,290.38,3723.98,1410.32,0.8553,-0.8029,-0.4506
Hutan_non_mangrove_02,Hutan non mangrove,Training,239.9,378.18,303.86,4367.12,1497.96,0.8699,-0.8406,-0.4892
Hutan_non_mangrove_02,Hutan non mangrove,Training,177.61,405.91,282.39,4497.72,1194.85,0.8818,-0.8344,-0.5802
Hutan_non_mangrove_02,Hutan non mangrove,Training,163.52,431.65,270.73,4189.58,1569.74,0.8786,-0.8132,-0.4549
Hutan_non_mangrove_02,Hutan non mangrove,Training,163.89,444.15,299.75,4116.35,1210.59,0.8642,-0.8052,-0.5455
Hutan_non_mangrove_02,Hutan non mangrove,Training,180.87,424.61,319.01,4304.89,1213.77,0.862,-0.8204,-0.5601
Hutan_non_mangrove_02,Hutan non mangrove,Training,188.39,429.99,358.64,4273.08,1270.71,0.8451,-0.8171,-0.5416
Hutan_non_mangrove_02,Hutan non mangrove,Training,176.7,434.86,310.87,4321.23,1424.06,0.8658,-0.8171,-0.5043
Hutan_non_mangrove_02,Hutan non mangrove,Training,193.71,444.56,296.13,3754.27,1392.65,0.8538,-0.7882,-0.4588
Hutan_non_mangrove_02,Hutan non mangrove,Training,182.68,383.89,372.54,4277.83,1401.57,0.8398,-0.8353,-0.5064
Hutan_non_mangrove_02,Hutan non mangrove,Training,188.87,479.21,265.13,4121.82,1285.74,0.8791,-0.7917,-0.5245
Hutan_non_mangrove_02,Hutan non mangrove,Training,221.65,416.93,333.04,4175.18,1492.94,0.8523,-0.8184,-0.4732
Hutan_non_mangrove_03,Hutan non mangrove,Training,212.0,492.37,271.94,4426.41,1176.49,0.8842,-0.7998,-0.58
Hutan_non_mangrove_03,Hutan non mangrove,Training,201.29,428.16,257.86,3976.62,1323.12,0.8782,-0.8056,-0.5007
Hutan_non_mangrove_03,Hutan non mangrove,Training,194.1,429.01,302.4,3992.46,1342.78,0.8592,-0.8059,-0.4966
Hutan_non_mangrove_03,Hutan non mangrove,Training,191.33,457.28,325.47,4413.42,1428.5,0.8626,-0.8122,-0.5109
Hutan_non_mangrove_03,Hutan non mangrove,Training,212.91,462.47,290.56,4425.15,1290.26,0.8768,-0.8108,-0.5485
Hutan_non_mangrove_03,Hutan non mangrove,Training,138.56,408.34,342.09,4126.14,1432.9,0.8469,-0.8199,-0.4845
Hutan_non_mangrove_03,Hutan non mangrove,Training,191.78,472.47,302.12,4182.85,1473.65,0.8653,-0.797,-0.479
Hutan_non_mangrove_03,Hutan non mangrove,Training,186.03,464.88,294.76,4173.14,1301.77,0.8681,-0.7995,-0.5245
Hutan_non_mangrove_03,Hutan non mangrove,Training,193.52,428.35,333.9,3778.98,1506.71,0.8376,-0.7964,-0.4299
Hutan_non_mangrove_03,Hutan non mangrove,Training,147.67,471.49,274.87,4341.58,1385.44,0.8809,-0.8041,-0.5162
Hutan_non_mangrove_03,Hutan non mangrove,Training,157.03,504.34,323.3,4325.79,1323.16,0.8609,-0.7912,-0.5315
Hutan_non_mangrove_03,Hutan non mangrove,Training,224.33,398.67,233.17,3809.42,1289.36,0.8846,-0.8105,-0.4942
Hutan_non_mangrove_03,Hutan non mangrove,Training,177.35,432.61,288.29,4037.54,1146.04,0.8667,-0.8064,-0.5578
Hutan_non_mangrove_03,Hutan non mangrove,Training,205.76,439.41,279.11,4549.51,1370.94,0.8844,-0.8238,-0.5369
Hutan_non_mangrove_03,Hutan non mangrove,Training,201.76,481.83,255.3,4194.35,1495.11,0.8852,-0.7939,-0.4744
Hutan_non_mangrove_03,Hutan non mangrove,Training,197.26,397.87,285.53,4247.25,1147.17,0.874,-0.8287,-0.5747
Hutan_non_mangrove_03,Hutan non mangrove,Training,159.42,528.94,314.54,4570.87,1503.96,0.8712,-0.7926,-0.5049
Hutan_non_mangrove_03,Hutan non mangrove,Training,211.82,437.64,311.44,4562.49,1499.06,0.8722,-0.8249,-0.5054
Hutan_non_mangrove_03,Hutan non mangrove,Training,205.0,443.11,314.95,4066.99,1459.82,0.8563,-0.8035,-0.4717
Hutan_non_mangrove_03,Hutan non mangrove,Training,179.06,435.84,269.17,4090.06,1317.95,0.8765,-0.8074,-0.5126
Hutan_non_mangrove_03,Hutan non mangrove,Training,250.76,414.22,311.55,3963.28,1405.63,0.8542,-0.8108,-0.4764
Hutan_non_mangrove_03,Hutan non mangrove,Training,208.7,375.96,258.07,3961.33,1243.61,0.8777,-0.8266,-0.5221
Hutan_non_mangrove_03,Hutan non mangrove,Training,202.52,459.7,268.11,4231.05,1349.11,0.8808,-0.804,-0.5165
Hutan_non_mangrove_03,Hutan non mangrove,Training,197.02,424.86,314.63,4608.73,1492.92,0.8722,-0.8312,-0.5107
Hutan_non_mangrove_03,Hutan non mangrove,Training,241.8,393.89,279.73,4341.31,1581.0,0.8789,-0.8336,-0.4661
Hutan_non_mangrove_03,Hutan non mangrove,Training,219.51,408.95,286.96,4283.35,1380.24,0.8744,-0.8257,-0.5126
Hutan_non_mangrove_03,Hutan non mangrove,Training,176.04,438.39,299.57,3928.77,1518.14,0.8583,-0.7992,-0.4426
Hutan_non_mangrove_03,Hutan non mangrove,Training,186.81,447.1,331.05,4168.75,1517.64,0.8529,-0.8063,-0.4662
Hutan_non_mangrove_03,Hutan non mangrove,Training,169.12,467.32,325.18,3992.53,1378.6,0.8494,-0.7904,-0.4867
Hutan_non_mangrove_03,Hutan non mangrove,Training,195.27,458.39,314.24,3972.2,1392.79,0.8534,-0.7931,-0.4808
Hutan_non_mangrove_03,Hutan non mangrove,Training,247.74,492.16,323.82,4151.81,1655.46,0.8553,-0.788,-0.4299
Hutan_non_mangrove_03,Hutan non mangrove,Training,230.89,451.5,306.61,4085.29,1447.2,0.8604,-0.801,-0.4768
Hutan_non_mangrove_03,Hutan non mangrove,Training,217.79,478.1,294.58,3831.58,1429.01,0.8572,-0.7781,-0.4567
Hutan_non_mangrove_03,Hutan non mangrove,Training,221.2,410.86,297.28,4535.37,1255.58,0.877,-0.8339,-0.5664
Hutan_non_mangrove_03,Hutan non mangrove,Training,191.49,509.49,304.73,4068.5,1399.16,0.8606,-0.7774,-0.4882
Hutan_non_mangrove_03,Hutan non mangrove,Training,224.78,441.86,317.93,4258.75,1438.05,0.8611,-0.812,-0.4951
Hutan_non_mangrove_03,Hutan non mangrove,Training,219.85,438.21,271.66,4318.6,1384.11,0.8816,-0.8158,-0.5146
Hutan_non_mangrove_03,Hutan non mangrove,Training,186.56,471.06,338.32,4161.36,1401.01,0.8496,-0.7966,-0.4963
Hutan_non_mangrove_03,Hutan non mangrove,Training,164.55,441.09,306.64,4194.89,1356.54,0.8638,-0.8097,-0.5113
Hutan_non_mangrove_03,Hutan non mangrove,Training,221.78,452.32,377.66,4251.93,1070.42,0.8368,-0.8077,-0.5978
Hutan_non_mangrove_03,Hutan non mangrove,Training,166.64,471.28,280.7,4054.69,1251.29,0.8705,-0.7917,-0.5283
Hutan_non_mangrove_03,Hutan non mangrove,Training,185.7,457.76,311.58,3945.03,1496.65,0.8536,-0.7921,-0.4499
Hutan_non_mangrove_03,Hutan non mangrove,Training,164.26,467.52,310.11,3966.41,1273.6,0.855,-0.7891,-0.5139
Hutan_non_mangrove_03,Hutan non mangrove,Training,211.47,427.6,294.29,4371.83,1457.5,0.8739,-0.8218,-0.4999
Hutan_non_mangrove_03,Hutan non mangrove,Training,172.52,447.86,271.96,4417.48,1584.38,0.884,-0.8159,-0.472
Hutan_non_mangrove_03,Hutan non mangrove,Training,174.65,448.75,327.52,4206.05,1467.38,0.8555,-0.8072,-0.4827
Hutan_non_mangrove_03,Hutan non mangrove,Training,201.55,407.73,303.57,4481.82,1437.72,0.8731,-0.8332,-0.5142
Hutan_non_mangrove_03,Hutan non mangrove,Training,248.71,379.14,311.37,4038.0,1294.92,0.8568,-0.8283,-0.5144
Hutan_non_mangrove_03,Hutan non mangrove,Training,240.03,439.8,289.45,4285.89,1141.7,0.8735,-0.8139,-0.5793
Hutan_non_mangrove_03,Hutan non mangrove,Training,240.65,526.18,327.45,4303.0,1374.01,0.8586,-0.7821,-0.5159
Hutan_non_mangrove_04,Hutan non mangrove,Training,167.74,497.76,327.49,4312.53,1440.04,0.8588,-0.793,-0.4993
Hutan_non_mangrove_04,Hutan non mangrove,Training,209.02,428.96,375.04,4128.59,1348.8,0.8335,-0.8118,-0.5075
Hutan_non_mangrove_04,Hutan non mangrove,Training,233.62,448.83,299.43,4553.64,1481.43,0.8766,-0.8206,-0.5091
Hutan_non_mangrove_04,Hutan non mangrove,Training,221.88,393.29,312.02,3948.6,1345.4,0.8535,-0.8188,-0.4917
Hutan_non_mangrove_04,Hutan non mangrove,Training,205.27,448.55,319.63,4392.67,1501.48,0.8643,-0.8147,-0.4905
Hutan_non_mangrove_04,Hutan non mangrove,Training,159.67,544.51,299.26,4503.23,1098.28,0.8754,-0.7843,-0.6079
Hutan_non_mangrove_04,Hutan non mangrove,Training,192.04,391.57,274.16,4212.64,1359.83,0.8778,-0.8299,-0.5119
Hutan_non_mangrove_04,Hutan non mangrove,Training,239.42,520.76,270.99,4078.06,1276.27,0.8754,-0.7735,-0.5233
Hutan_non_mangrove_04,Hutan non mangrove,Training,234.68,456.36,300.97,4278.12,1362.66,0.8685,-0.8072,-0.5169
Hutan_non_mangrove_04,Hutan non mangrove,Training,174.31,452.04,291.99,4286.76,1204.16,0.8725,-0.8092,-0.5614
Hutan_non_mangrove_04,Hutan non mangrove,Training,205.59,422.43,304.54,4426.27,1333.25,0.8713,-0.8258,-0.537
Hutan_non_mangrove_04,Hutan non mangrove,Training,235.9,380.37,346.31,4509.62,1293.61,0.8574,-0.8444,-0.5542
Hutan_non_mangrove_04,Hutan non mangrove,Training,173.65,390.2,327.64,4117.4,1351.55,0.8526,-0.8269,-0.5057
Hutan_non_mangrove_04,Hutan non mangrove,Training,166.32,522.48,270.82,4206.04,1425.92,0.879,-0.779,-0.4936
Hutan_non_mangrove_04,Hutan non mangrove,Training,188.04,425.96,288.92,4341.33,1358.35,0.8752,-0.8213,-0.5234
Hutan_non_mangrove_04,Hutan non mangrove,Training,248.77,418.92,322.62,3760.9,1306.77,0.842,-0.7996,-0.4843
Hutan_non_mangrove_04,Hutan non mangrove,Training,175.51,405.84,308.5,4172.45,1126.54,0.8623,-0.8227,-0.5748
Hutan_non_mangrove_04,Hutan non mangrove,Training,259.87,457.04,300.04,4527.53,1518.66,0.8757,-0.8166,-0.4976
Hutan_non_mangrove_04,Hutan non mangrove,Training,191.05,371.9,316.93,3959.29,1548.71,0.8518,-0.8283,-0.4377
Hutan_non_mangrove_04,Hutan non mangrove,Training,176.72,431.93,259.7,3884.43,1386.91,0.8747,-0.7999,-0.4738
Hutan_non_mangrove_04,Hutan non mangrove,Training,193.93,430.96,361.59,4350.91,1401.23,0.8465,-0.8198,-0.5128
Hutan_non_mangrove_04,Hutan non mangrove,Training,117.28,483.03,389.84,4153.01,1302.74,0.8284,-0.7916,-0.5224
Hutan_non_mangrove_04,Hutan non mangrove,Training,204.9,392.74,313.86,4575.05,1319.49,0.8716,-0.8419,-0.5523
Hutan_non_mangrove_04,Hutan non mangrove,Training,180.84,446.81,284.96,3821.92,1353.77,0.8612,-0.7907,-0.4769
Hutan_non_mangrove_04,Hutan non mangrove,Training,182.39,504.66,334.66,4549.33,1496.21,0.863,-0.8003,-0.505
Hutan_non_mangrove_04,Hutan non mangrove,Training,206.17,415.02,339.78,4286.95,1250.24,0.8531,-0.8235,-0.5484
Hutan_non_mangrove_04,Hutan non mangrove,Training,172.58,399.45,238.44,4297.13,1251.45,0.8949,-0.8299,-0.5489
Hutan_non_mangrove_04,Hutan non mangrove,Training,177.32,451.55,294.36,4021.64,1582.27,0.8636,-0.7981,-0.4353
Hutan_non_mangrove_04,Hutan non mangrove,Training,154.2,390.67,313.74,4043.47,1320.17,0.856,-0.8238,-0.5077
Hutan_non_mangrove_04,Hutan non mangrove,Training,167.63,463.53,306.77,4229.78,1330.05,0.8648,-0.8025,-0.5216
Hutan_non_mangrove_04,Hutan non mangrove,Training,177.47,443.48,329.0,4592.04,1533.36,0.8663,-0.8239,-0.4993
Hutan_non_mangrove_04,Hutan non mangrove,Training,215.17,489.29,264.54,4021.56,1462.93,0.8766,-0.7831,-0.4665
Hutan_non_mangrove_04,Hutan non mangrove,Training,196.46,463.5,329.38,4406.01,1269.08,0.8609,-0.8096,-0.5528
Hutan_non_mangrove_04,Hutan non mangrove,Training,200.36,413.17,276.68,3772.28,1416.03,0.8633,-0.8026,-0.4541
Hutan_non_mangrove_04,Hutan non mangrove,Training,146.46,465.77,340.75,4332.58,1406.23,0.8542,-0.8059,-0.5099
Hutan_non_mangrove_04,Hutan non mangrove,Training,246.03,463.1,274.12,4231.28,1635.16,0.8783,-0.8027,-0.4425
Hutan_non_mangrove_04,Hutan non mangrove,Training,167.22,394.8,318.45,4143.99,1336.16,0.8573,-0.826,-0.5124
Hutan_non_mangrove_04,Hutan non mangrove,Training,162.22,372.0,256.31,4603.73,1398.94,0.8945,-0.8505,-0.5339
Hutan_non_mangrove_04,Hutan non mangrove,Training,141.13,497.36,337.05,4507.31,1349.3,0.8609,-0.8012,-0.5392
Hutan_non_mangrove_04,Hutan non mangrove,Training,191.94,455.51,342.03,4061.27,1309.47,0.8446,-0.7983,-0.5124
Hutan_non_mangrove_04,Hutan non mangrove,Training,220.87,498.37,298.42,4367.61,1413.49,0.8721,-0.7952,-0.511
Hutan_non_mangrove_04,Hutan non mangrove,Training,192.46,416.83,265.38,4046.31,1282.87,0.8769,-0.8132,-0.5185
Hutan_non_mangrove_04,Hutan non mangrove,Training,208.5,498.7,306.12,3969.82,1502.65,0.8568,-0.7768,-0.4508
Hutan_non_mangrove_04,Hutan non mangrove,Training,208.91,469.79,284.42,4483.34,1535.39,0.8807,-0.8103,-0.4898
Hutan_non_mangrove_04,Hutan non mangrove,Training,194.48,478.74,333.04,4083.66,1390.25,0.8492,-0.7901,-0.492
Hutan_non_mangrove_04,Hutan non mangrove,Training,202.39,406.09,313.25,4455.63,1382.73,0.8686,-0.8329,-0.5263
Hutan_non_mangrove_04,Hutan non mangrove,Training,210.2,505.94,287.85,4290.07,1331.62,0.8742,-0.789,-0.5263
Hutan_non_mangrove_04,Hutan non mangrove,Training,182.09,463.68,307.24,4338.77,1409.14,0.8677,-0.8069,-0.5097
Hutan_non_mangrove_04,Hutan non mangrove,Training,213.95,516.62,331.8,4284.6,1460.59,0.8563,-0.7848,-0.4915
Hutan_non_mangrove_04,Hutan non mangrove,Training,191.03,443.63,314.77,4221.91,1495.16,0.8612,-0.8098,-0.4769
Hutan_non_mangrove_06,Hutan non mangrove,Training,165.92,471.33,235.97,4442.1,1487.8,0.8991,-0.8081,-0.4982
Hutan_non_mangrove_06,Hutan non mangrove,Training,202.95,428.68,299.51,3756.49,1498.86,0.8523,-0.7951,-0.4296
Hutan_non_mangrove_06,Hutan non mangrove,Training,195.09,510.61,311.76,4257.86,1448.11,0.8636,-0.7858,-0.4924
Hutan_non_mangrove_06,Hutan non mangrove,Training,170.73,431.96,303.99,4124.36,1330.82,0.8627,-0.8104,-0.5121
Hutan_non_mangrove_06,Hutan non mangrove,Training,191.53,451.77,369.56,4118.65,1318.71,0.8353,-0.8023,-0.5149
Hutan_non_mangrove_06,Hutan non mangrove,Training,195.42,510.06,347.19,4687.27,1407.32,0.8621,-0.8037,-0.5382
Hutan_non_mangrove_06,Hutan non mangrove,Training,219.25,408.0,289.4,3921.23,1456.79,0.8625,-0.8115,-0.4582
Hutan_non_mangrove_06,Hutan non mangrove,Training,201.15,459.05,274.61,4412.67,1111.16,0.8828,-0.8115,-0.5977
Hutan_non_mangrove_06,Hutan non mangrove,Training,192.44,445.73,239.35,4296.03,1379.21,0.8945,-0.812,-0.514
Hutan_non_mangrove_06,Hutan non mangrove,Training,216.83,529.99,309.74,4443.17,1565.71,0.8697,-0.7869,-0.4789
Hutan_non_mangrove_06,Hutan non mangrove,Training,214.76,415.36,250.79,4293.59,1351.97,0.8896,-0.8236,-0.5211
Hutan_non_mangrove_06,Hutan non mangrove,Training,238.51,431.0,299.57,3910.25,1358.74,0.8577,-0.8014,-0.4843
Hutan_non_mangrove_06,Hutan non mangrove,Training,171.71,415.94,298.42,4048.27,1715.51,0.8627,-0.8137,-0.4047
Hutan_non_mangrove_06,Hutan non mangrove,Training,225.08,493.39,296.67,4226.44,1348.45,0.8688,-0.7909,-0.5162
Hutan_non_mangrove_06,Hutan non mangrove,Training,278.73,445.65,281.89,4011.5,1440.24,0.8687,-0.8,-0.4716
Hutan_non_mangrove_06,Hutan non mangrove,Training,242.63,493.48,277.31,4004.76,1549.55,0.8705,-0.7806,-0.442
Hutan_non_mangrove_06,Hutan non mangrove,Training,263.04,444.2,336.2,3833.48,1298.78,0.8387,-0.7923,-0.4939
Hutan_non_mangrove_06,Hutan non mangrove,Training,169.71,466.49,294.63,4259.52,1546.29,0.8706,-0.8026,-0.4673
Hutan_non_mangrove_06,Hutan non mangrove,Training,180.41,453.76,259.86,4490.95,1531.57,0.8906,-0.8165,-0.4914
Hutan_non_mangrove_06,Hutan non mangrove,Training,210.86,454.8,284.73,3851.11,1436.67,0.8623,-0.7888,-0.4566
Hutan_non_mangrove_06,Hutan non mangrove,Training,222.69,530.77,288.19,4267.55,1533.73,0.8735,-0.7788,-0.4712
Hutan_non_mangrove_06,Hutan non mangrove,Training,234.34,425.1,291.63,4068.71,1291.78,0.8662,-0.8108,-0.518
Hutan_non_mangrove_06,Hutan non mangrove,Training,244.15,452.51,297.77,4261.93,1406.45,0.8694,-0.808,-0.5038
Hutan_non_mangrove_06,Hutan non mangrove,Training,193.37,419.54,346.96,4057.43,1288.34,0.8424,-0.8126,-0.518
Hutan_non_mangrove_06,Hutan non mangrove,Training,197.58,536.3,275.35,4377.4,1370.44,0.8816,-0.7817,-0.5231
Hutan_non_mangrove_06,Hutan non mangrove,Training,207.34,486.89,248.41,3975.91,1508.96,0.8824,-0.7818,-0.4498
Hutan_non_mangrove_06,Hutan non mangrove,Training,202.92,458.47,321.34,3977.6,1526.61,0.8505,-0.7933,-0.4453
Hutan_non_mangrove_06,Hutan non mangrove,Training,224.59,459.53,314.04,4491.24,1328.74,0.8693,-0.8144,-0.5434
Hutan_non_mangrove_06,Hutan non mangrove,Training,219.84,519.77,319.22,4144.4,1678.18,0.857,-0.7771,-0.4236
Hutan_non_mangrove_06,Hutan non mangrove,Training,206.92,505.94,287.35,4466.95,1334.43,0.8791,-0.7965,-0.54
Hutan_non_mangrove_06,Hutan non mangrove,Training,209.7,425.73,357.03,4144.72,1267.05,0.8414,-0.8137,-0.5317
Hutan_non_mangrove_06,Hutan non mangrove,Training,202.85,471.48,299.2,3996.67,1524.48,0.8607,-0.789,-0.4478
Hutan_non_mangrove_06,Hutan non mangrove,Training,237.78,384.08,273.69,4160.14,1336.29,0.8765,-0.831,-0.5138
Hutan_non_mangrove_06,Hutan non mangrove,Training,215.78,523.58,288.57,4594.18,1223.8,0.8818,-0.7954,-0.5793
Hutan_non_mangrove_06,Hutan non mangrove,Training,213.67,426.21,314.32,3760.8,1245.75,0.8457,-0.7964,-0.5024
Hutan_non_mangrove_06,Hutan non mangrove,Training,214.26,424.8,290.31,4659.07,1416.51,0.8827,-0.8329,-0.5337
Hutan_non_mangrove_06,Hutan non mangrove,Training,227.05,419.63,259.76,4179.82,1221.14,0.883,-0.8175,-0.5478
Hutan_non_mangrove_06,Hutan non mangrove,Training,179.04,459.51,296.66,4283.63,1472.04,0.8705,-0.8062,-0.4885
Hutan_non_mangrove_06,Hutan non mangrove,Training,164.13,412.32,234.64,4107.37,1488.41,0.8919,-0.8175,-0.468
Hutan_non_mangrove_06,Hutan non mangrove,Training,244.74,457.62,341.2,4295.96,1412.89,0.8528,-0.8075,-0.505
Hutan_non_mangrove_06,Hutan non mangrove,Training,181.66,354.59,336.7,4186.69,1566.6,0.8511,-0.8438,-0.4554
Hutan_non_mangrove_06,Hutan non mangrove,Training,171.51,547.15,292.54,4026.95,1374.26,0.8646,-0.7608,-0.4911
Hutan_non_mangrove_06,Hutan non mangrove,Training,205.11,447.2,284.54,3749.14,1303.48,0.8589,-0.7869,-0.484
Hutan_non_mangrove_06,Hutan non mangrove,Training,232.23,414.81,248.49,3936.13,1389.36,0.8812,-0.8093,-0.4782
Hutan_non_mangrove_06,Hutan non mangrove,Training,177.22,438.81,276.05,4452.44,1458.9,0.8832,-0.8206,-0.5064
Hutan_non_mangrove_06,Hutan non mangrove,Training,266.54,434.73,291.45,4495.88,1446.92,0.8782,-0.8237,-0.5131
Hutan_non_mangrove_06,Hutan non mangrove,Training,171.75,472.26,311.9,3751.55,1321.84,0.8465,-0.7764,-0.4789
Hutan_non_mangrove_06,Hutan non mangrove,Training,205.71,507.85,320.94,4058.99,1315.02,0.8534,-0.7776,-0.5106
Hutan_non_mangrove_06,Hutan non mangrove,Training,223.93,352.95,275.77,4552.33,1435.62,0.8858,-0.8561,-0.5205
Hutan_non_mangrove_06,Hutan non mangrove,Training,177.24,401.92,325.19,4219.45,1373.75,0.8569,-0.8261,-0.5088
Hutan_non_mangrove_10,Hutan non mangrove,Training,217.12,415.85,264.55,4354.79,1268.81,0.8855,-0.8257,-0.5488
Hutan_non_mangrove_10,Hutan non mangrove,Training,219.26,518.26,328.37,4342.61,1432.34,0.8594,-0.7868,-0.5039
Hutan_non_mangrove_10,Hutan non mangrove,Training,188.48,445.42,283.04,3871.15,1404.25,0.8637,-0.7936,-0.4676
Hutan_non_mangrove_10,Hutan non mangrove,Training,233.24,398.45,341.95,4504.3,1447.64,0.8589,-0.8375,-0.5136
Hutan_non_mangrove_10,Hutan non mangrove,Training,212.15,442.55,301.26,4084.1,1403.8,0.8626,-0.8045,-0.4884
Hutan_non_mangrove_10,Hutan non mangrove,Training,204.19,525.25,316.97,4147.65,1388.13,0.858,-0.7752,-0.4985
Hutan_non_mangrove_10,Hutan non mangrove,Training,178.6,428.06,327.32,4076.51,1325.9,0.8513,-0.8099,-0.5091
Hutan_non_mangrove_10,Hutan non mangrove,Training,182.22,420.83,333.82,4235.68,1366.12,0.8539,-0.8192,-0.5123
Hutan_non_mangrove_10,Hutan non mangrove,Training,200.88,458.69,277.58,3852.6,1560.62,0.8656,-0.7872,-0.4234
Hutan_non_mangrove_10,Hutan non mangrove,Training,229.64,465.11,327.58,4678.59,1335.75,0.8691,-0.8192,-0.5558
Hutan_non_mangrove_10,Hutan non mangrove,Training,166.4,476.46,256.0,4209.49,1364.19,0.8853,-0.7966,-0.5105
Hutan_non_mangrove_10,Hutan non mangrove,Training,220.22,430.71,335.99,4013.28,1484.7,0.8455,-0.8062,-0.4599
Hutan_non_mangrove_10,Hutan non mangrove,Training,180.01,471.94,269.56,4193.97,1558.65,0.8792,-0.7977,-0.4581
Hutan_non_mangrove_10,Hutan non mangrove,Training,203.45,497.32,299.21,4073.74,1420.64,0.8632,-0.7824,-0.4829
Hutan_non_mangrove_10,Hutan non mangrove,Training,218.55,373.78,315.67,3965.04,1257.39,0.8525,-0.8277,-0.5185
Hutan_non_mangrove_10,Hutan non mangrove,Training,216.16,503.54,306.49,3861.15,1319.53,0.8529,-0.7693,-0.4906
Hutan_non_mangrove_10,Hutan non mangrove,Training,187.45,457.84,297.84,4323.81,1520.0,0.8711,-0.8085,-0.4798
Hutan_non_mangrove_10,Hutan non mangrove,Training,210.34,485.92,291.91,5023.98,1466.38,0.8902,-0.8236,-0.5481
Hutan_non_mangrove_10,Hutan non mangrove,Training,220.52,520.31,302.65,4038.62,1556.77,0.8606,-0.7717,-0.4436
Hutan_non_mangrove_10,Hutan non mangrove,Training,240.95,456.14,352.79,4179.18,1511.87,0.8443,-0.8032,-0.4687
Hutan_non_mangrove_10,Hutan non mangrove,Training,245.47,453.93,313.7,4456.5,1356.06,0.8685,-0.8151,-0.5334
Hutan_non_mangrove_10,Hutan non mangrove,Training,175.58,503.32,309.2,4073.6,1411.29,0.8589,-0.7801,-0.4854
Hutan_non_mangrove_10,Hutan non mangrove,Training,215.26,387.23,321.48,4302.11,1598.61,0.8609,-0.8348,-0.4582
Hutan_non_mangrove_10,Hutan non mangrove,Training,193.43,505.08,298.66,4234.79,1433.71,0.8682,-0.7869,-0.4941
Hutan_non_mangrove_10,Hutan non mangrove,Training,262.8,400.42,314.85,4210.56,1396.58,0.8609,-0.8263,-0.5019
Hutan_non_mangrove_10,Hutan non mangrove,Training,217.49,494.24,315.95,4508.8,1369.88,0.869,-0.8024,-0.5339
Hutan_non_mangrove_10,Hutan non mangrove,Training,198.54,409.97,359.49,4153.32,1364.33,0.8407,-0.8203,-0.5055
Hutan_non_mangrove_10,Hutan non mangrove,Training,218.2,494.28,279.24,4496.67,1363.6,0.8831,-0.8019,-0.5346
Hutan_non_mangrove_10,Hutan non mangrove,Training,242.92,428.36,322.06,4210.68,1264.83,0.8579,-0.8153,-0.538
Hutan_non_mangrove_10,Hutan non mangrove,Training,157.52,420.28,329.78,3714.21,1440.07,0.8369,-0.7967,-0.4412
Hutan_non_mangrove_10,Hutan non mangrove,Training,207.41,382.71,276.09,4000.3,1406.32,0.8709,-0.8254,-0.4798
Hutan_non_mangrove_10,Hutan non mangrove,Training,243.99,493.0,289.19,3992.65,1213.0,0.8649,-0.7802,-0.534
Hutan_non_mangrove_10,Hutan non mangrove,Training,188.64,414.05,298.92,4200.44,1342.93,0.8671,-0.8205,-0.5155
Hutan_non_mangrove_10,Hutan non mangrove,Training,186.36,422.25,284.63,4558.98,1462.14,0.8825,-0.8305,-0.5143
Hutan_non_mangrove_10,Hutan non mangrove,Training,215.94,490.48,327.71,4556.19,1470.61,0.8658,-0.8056,-0.512
Hutan_non_mangrove_10,Hutan non mangrove,Training,206.15,426.37,275.28,4420.56,1386.67,0.8828,-0.8241,-0.5224
Hutan_non_mangrove_10,Hutan non mangrove,Training,159.2,366.28,364.43,3953.52,1317.65,0.8312,-0.8304,-0.5001
Hutan_non_mangrove_10,Hutan non mangrove,Training,236.84,401.66,315.94,4655.49,1653.66,0.8729,-0.8412,-0.4758
Hutan_non_mangrove_10,Hutan non mangrove,Training,186.58,449.52,288.11,4195.51,1555.79,0.8715,-0.8065,-0.459
Hutan_non_mangrove_10,Hutan non mangrove,Training,158.02,475.92,294.14,4542.13,1557.85,0.8784,-0.8103,-0.4892
Hutan_non_mangrove_10,Hutan non mangrove,Training,187.79,445.57,326.78,4445.83,1103.3,0.8631,-0.8178,-0.6024
Hutan_non_mangrove_10,Hutan non mangrove,Training,226.69,515.86,307.67,4437.54,1553.45,0.8703,-0.7917,-0.4814
Hutan_non_mangrove_10,Hutan non mangrove,Training,206.65,482.57,300.38,4186.96,1320.62,0.8661,-0.7933,-0.5204
Hutan_non_mangrove_10,Hutan non mangrove,Training,205.19,525.47,272.93,4354.22,1438.51,0.882,-0.7846,-0.5033
Hutan_non_mangrove_10,Hutan non mangrove,Training,244.24,516.52,272.27,4056.45,1337.65,0.8742,-0.7741,-0.504
Hutan_non_mangrove_10,Hutan non mangrove,Training,185.47,434.06,310.41,3987.15,1314.71,0.8555,-0.8036,-0.5041
Hutan_non_mangrove_10,Hutan non mangrove,Training,176.28,469.7,298.09,4139.67,1298.97,0.8657,-0.7962,-0.5223
Hutan_non_mangrove_10,Hutan non mangrove,Training,151.88,515.26,291.34,4877.62,1492.73,0.8873,-0.8089,-0.5313
Hutan_non_mangrove_10,Hutan non mangrove,Training,254.88,489.74,304.76,4050.59,1282.78,0.8601,-0.7843,-0.519
Hutan_non_mangrove_10,Hutan non mangrove,Training,233.59,460.6,318.5,4403.66,1442.72,0.8651,-0.8106,-0.5065
Hutan_non_mangrove_11,Hutan non mangrove,Training,185.84,490.51,294.05,4222.64,1486.09,0.8698,-0.7919,-0.4794
Hutan_non_mangrove_11,Hutan non mangrove,Training,198.23,377.29,331.22,4513.73,1180.27,0.8633,-0.8457,-0.5854
Hutan_non_mangrove_11,Hutan non mangrove,Training,168.7,530.96,306.96,4200.89,1348.83,0.8638,-0.7756,-0.5139
Hutan_non_mangrove_11,Hutan non mangrove,Training,169.08,442.22,329.23,4196.08,1473.23,0.8545,-0.8093,-0.4803
Hutan_non_mangrove_11,Hutan non mangrove,Training,252.97,426.78,309.09,4451.1,1288.05,0.8701,-0.825,-0.5511
Hutan_non_mangrove_11,Hutan non mangrove,Training,205.34,524.89,289.79,4467.09,1383.06,0.8782,-0.7897,-0.5272
Hutan_non_mangrove_11,Hutan non mangrove,Training,253.99,384.18,301.95,3830.29,1315.89,0.8539,-0.8177,-0.4886
Hutan_non_mangrove_11,Hutan non mangrove,Training,178.8,439.32,264.35,4182.07,1455.26,0.8811,-0.8099,-0.4837
Hutan_non_mangrove_11,Hutan non mangrove,Training,154.04,424.6,376.23,4282.31,1181.87,0.8385,-0.8196,-0.5674
Hutan_non_mangrove_11,Hutan non mangrove,Training,157.99,459.04,303.02,4053.14,1663.2,0.8609,-0.7965,-0.4181
Hutan_non_mangrove_11,Hutan non mangrove,Training,278.56,439.42,326.19,4430.79,1526.7,0.8629,-0.8195,-0.4875
Hutan_non_mangrove_11,Hutan non mangrove,Training,180.8,527.58,297.94,4305.5,1400.25,0.8706,-0.7817,-0.5092
Hutan_non_mangrove_11,Hutan non mangrove,Training,195.81,461.14,264.42,3707.21,1374.39,0.8668,-0.7787,-0.4591
Hutan_non_mangrove_11,Hutan non mangrove,Training,173.59,471.9,313.01,4203.37,1577.79,0.8614,-0.7981,-0.4542
Hutan_non_mangrove_11,Hutan non mangrove,Training,199.81,391.67,293.29,4492.74,1173.89,0.8774,-0.8396,-0.5857
Hutan_non_mangrove_11,Hutan non mangrove,Training,197.18,473.02,379.57,4502.06,1415.91,0.8445,-0.8098,-0.5215
Hutan_non_mangrove_11,Hutan non mangrove,Training,215.62,374.09,268.51,4362.74,1419.34,0.884,-0.842,-0.5091
Hutan_non_mangrove_11,Hutan non mangrove,Training,208.66,451.36,299.85,4225.73,1273.28,0.8675,-0.807,-0.5369
Hutan_non_mangrove_11,Hutan non mangrove,Training,193.13,400.24,281.41,4498.98,1378.31,0.8823,-0.8366,-0.531
Hutan_non_mangrove_11,Hutan non mangrove,Training,217.88,454.61,288.45,3947.86,1351.99,0.8638,-0.7935,-0.4898
Hutan_non_mangrove_11,Hutan non mangrove,Training,205.5,473.21,303.67,4362.37,1217.58,0.8698,-0.8043,-0.5636
Hutan_non_mangrove_11,Hutan non mangrove,Training,226.0,404.87,329.51,4325.6,1175.58,0.8584,-0.8288,-0.5726
Hutan_non_mangrove_11,Hutan non mangrove,Training,222.11,489.8,337.74,4007.85,1421.53,0.8446,-0.7822,-0.4764
Hutan_non_mangrove_11,Hutan non mangrove,Training,220.83,479.45,312.29,4093.34,1518.55,0.8582,-0.7903,-0.4588
Hutan_non_mangrove_11,Hutan non mangrove,Training,229.81,443.83,276.49,4018.02,1563.78,0.8712,-0.8011,-0.4397
Hutan_non_mangrove_11,Hutan non mangrove,Training,228.52,449.2,294.02,3757.95,1389.87,0.8549,-0.7865,-0.46
Hutan_non_mangrove_11,Hutan non mangrove,Training,164.27,456.36,335.56,3954.89,1428.63,0.8436,-0.7931,-0.4693
Hutan_non_mangrove_11,Hutan non mangrove,Training,229.93,458.81,284.28,4202.6,1514.87,0.8733,-0.8031,-0.4701
Hutan_non_mangrove_11,Hutan non mangrove,Training,207.88,449.87,334.68,4328.73,1255.65,0.8565,-0.8117,-0.5503
Hutan_non_mangrove_11,Hutan non mangrove,Training,218.94,487.98,262.88,3632.82,1274.97,0.865,-0.7632,-0.4804
Hutan_non_mangrove_11,Hutan non mangrove,Training,196.93,490.39,273.27,4338.78,1052.91,0.8815,-0.7969,-0.6094
Hutan_non_mangrove_11,Hutan non mangrove,Training,205.41,433.73,362.96,3726.98,1398.26,0.8225,-0.7915,-0.4544
Hutan_non_mangrove_11,Hutan non mangrove,Training,143.05,428.01,248.97,4775.2,1357.33,0.9009,-0.8355,-0.5573
Hutan_non_mangrove_11,Hutan non mangrove,Training,193.67,448.29,266.03,4463.81,1476.82,0.8875,-0.8175,-0.5028
Hutan_non_mangrove_11,Hutan non mangrove,Training,227.54,401.28,334.06,4454.96,1372.11,0.8605,-0.8347,-0.5291
Hutan_non_mangrove_11,Hutan non mangrove,Training,226.85,460.91,252.18,4154.3,1342.22,0.8855,-0.8003,-0.5116
Hutan_non_mangrove_11,Hutan non mangrove,Training,202.56,490.85,250.76,4089.11,1301.38,0.8844,-0.7857,-0.5172
Hutan_non_mangrove_11,Hutan non mangrove,Training,176.63,417.08,302.05,4330.79,1441.8,0.8696,-0.8243,-0.5005
Hutan_non_mangrove_11,Hutan non mangrove,Training,205.57,474.87,371.41,4233.97,1522.54,0.8387,-0.7983,-0.471
Hutan_non_mangrove_11,Hutan non mangrove,Training,228.93,521.11,316.82,3988.92,1436.59,0.8528,-0.7689,-0.4704
Hutan_non_mangrove_11,Hutan non mangrove,Training,207.53,482.61,273.8,4516.58,1400.63,0.8857,-0.8069,-0.5266
Hutan_non_mangrove_11,Hutan non mangrove,Training,225.18,462.39,303.68,4258.46,1480.64,0.8669,-0.8041,-0.484
Hutan_non_mangrove_11,Hutan non mangrove,Training,258.76,369.3,316.2,4210.99,1378.75,0.8603,-0.8387,-0.5067
Hutan_non_mangrove_11,Hutan non mangrove,Training,129.1,473.21,296.25,3991.39,1405.1,0.8618,-0.788,-0.4793
Hutan_non_mangrove_11,Hutan non mangrove,Training,191.22,380.3,302.65,4345.02,1334.09,0.8698,-0.839,-0.5302
Hutan_non_mangrove_11,Hutan non mangrove,Training,207.85,454.32,331.36,4174.08,1496.13,0.8529,-0.8037,-0.4723
Hutan_non_mangrove_11,Hutan non mangrove,Training,190.6,528.69,286.89,4028.75,1387.94,0.867,-0.768,-0.4875
Hutan_non_mangrove_11,Hutan non mangrove,Training,178.16,400.05,321.83,3434.34,1313.9,0.8286,-0.7913,-0.4466
Hutan_non_mangrove_11,Hutan non mangrove,Training,159.75,455.69,234.33,4336.96,1478.73,0.8975,-0.8098,-0.4915
Hutan_non_mangrove_11,Hutan non mangrove,Training,151.02,457.62,315.48,4435.08,1223.73,0.8672,-0.8129,-0.5675
Hutan_non_mangrove_13,Hutan non mangrove,Training,172.47,484.22,306.89,4214.72,1517.43,0.8643,-0.7939,-0.4706
Hutan_non_mangrove_13,Hutan non mangrove,Training,121.62,377.72,341.38,4167.77,1348.79,0.8486,-0.8338,-0.511
Hutan_non_mangrove_13,Hutan non mangrove,Training,159.87,457.75,309.52,4560.2,1444.69,0.8729,-0.8176,-0.5188
Hutan_non_mangrove_13,Hutan non mangrove,Training,190.92,466.23,333.28,4422.8,1474.57,0.8598,-0.8093,-0.4999
Hutan_non_mangrove_13,Hutan non mangrove,Training,208.24,426.75,269.02,3902.25,1447.28,0.871,-0.8028,-0.4589
Hutan_non_mangrove_13,Hutan non mangrove,Training,214.95,493.77,316.85,4462.72,1384.33,0.8674,-0.8008,-0.5265
Hutan_non_mangrove_13,Hutan non mangrove,Training,223.13,409.94,298.19,3742.13,1403.79,0.8524,-0.8025,-0.4544
Hutan_non_mangrove_13,Hutan non mangrove,Training,236.74,452.81,321.65,4268.3,1331.55,0.8598,-0.8082,-0.5244
Hutan_non_mangrove_13,Hutan non mangrove,Training,194.4,497.19,321.5,4045.6,1233.5,0.8528,-0.7811,-0.5327
Hutan_non_mangrove_13,Hutan non mangrove,Training,206.21,426.72,294.68,3836.39,1524.89,0.8573,-0.7998,-0.4311
Hutan_non_mangrove_13,Hutan non mangrove,Training,197.09,452.19,275.01,4130.65,1414.7,0.8752,-0.8027,-0.4898
Hutan_non_mangrove_13,Hutan non mangrove,Training,181.6,441.37,341.59,3762.49,1422.15,0.8335,-0.79,-0.4514
Hutan_non_mangrove_13,Hutan non mangrove,Training,176.44,503.46,294.58,3938.21,1374.13,0.8608,-0.7733,-0.4827
Hutan_non_mangrove_13,Hutan non mangrove,Training,210.49,561.02,236.71,3900.22,1556.63,0.8856,-0.7485,-0.4295
Hutan_non_mangrove_13,Hutan non mangrove,Training,154.73,450.39,285.5,4039.89,1379.34,0.868,-0.7994,-0.4909
Hutan_non_mangrove_13,Hutan non mangrove,Training,190.02,492.28,339.85,4306.58,1371.67,0.8537,-0.7948,-0.5169
Hutan_non_mangrove_13,Hutan non mangrove,Training,207.75,482.2,330.05,4292.51,1583.32,0.8572,-0.798,-0.4611
Hutan_non_mangrove_13,Hutan non mangrove,Training,181.5,495.6,321.13,4047.5,1427.92,0.853,-0.7818,-0.4784
Hutan_non_mangrove_13,Hutan non mangrove,Training,209.04,444.32,295.41,3818.79,1317.29,0.8564,-0.7916,-0.487
Hutan_non_mangrove_13,Hutan non mangrove,Training,192.85,427.1,274.33,4465.27,1387.53,0.8842,-0.8254,-0.5259
Hutan_non_mangrove_13,Hutan non mangrove,Training,265.0,458.91,331.2,4147.97,1320.6,0.8521,-0.8008,-0.517
Hutan_non_mangrove_13,Hutan non mangrove,Training,207.89,501.82,297.33,4311.69,1430.91,0.871,-0.7915,-0.5017
Hutan_non_mangrove_13,Hutan non mangrove,Training,197.06,448.13,270.05,4197.23,1478.4,0.8791,-0.8071,-0.479
Hutan_non_mangrove_13,Hutan non mangrove,Training,208.87,457.37,321.75,4248.73,1401.67,0.8592,-0.8056,-0.5039
Hutan_non_mangrove_13,Hutan non mangrove,Training,222.05,455.46,292.9,4317.07,1395.77,0.8729,-0.8091,-0.5114
Hutan_non_mangrove_13,Hutan non mangrove,Training,191.55,456.22,305.01,3924.09,1439.99,0.8558,-0.7917,-0.4631
Hutan_non_mangrove_13,Hutan non mangrove,Training,255.4,410.82,284.92,4895.01,1301.34,0.89,-0.8451,-0.58
Hutan_non_mangrove_13,Hutan non mangrove,Training,238.59,440.85,301.8,4167.21,1451.08,0.8649,-0.8087,-0.4834
Hutan_non_mangrove_13,Hutan non mangrove,Training,152.61,457.45,287.9,3734.23,1534.51,0.8568,-0.7817,-0.4175
Hutan_non_mangrove_13,Hutan non mangrove,Training,136.77,535.94,318.51,3859.75,1560.57,0.8475,-0.7562,-0.4242
Hutan_non_mangrove_13,Hutan non mangrove,Training,177.49,421.81,245.97,3984.01,1310.46,0.8837,-0.8085,-0.505
Hutan_non_mangrove_13,Hutan non mangrove,Training,224.54,496.69,262.78,4267.63,1179.17,0.884,-0.7915,-0.567
Hutan_non_mangrove_13,Hutan non mangrove,Training,208.23,536.48,246.61,3946.33,1487.27,0.8824,-0.7606,-0.4526
Hutan_non_mangrove_13,Hutan non mangrove,Training,225.36,412.36,344.21,3996.11,1600.82,0.8414,-0.8129,-0.428
Hutan_non_mangrove_13,Hutan non mangrove,Training,214.06,500.85,311.12,4364.24,1485.22,0.8669,-0.7941,-0.4922
Hutan_non_mangrove_13,Hutan non mangrove,Training,234.34,448.69,273.0,4180.27,1319.9,0.8774,-0.8061,-0.5201
Hutan_non_mangrove_13,Hutan non mangrove,Training,181.94,516.19,318.68,4344.18,1528.72,0.8633,-0.7876,-0.4794
Hutan_non_mangrove_13,Hutan non mangrove,Training,218.53,524.68,237.16,3950.6,1315.92,0.8867,-0.7655,-0.5003
Hutan_non_mangrove_13,Hutan non mangrove,Training,158.73,454.52,304.8,4693.83,1508.45,0.878,-0.8234,-0.5136
Hutan_non_mangrove_13,Hutan non mangrove,Training,184.77,469.77,245.19,4235.56,1410.65,0.8906,-0.8003,-0.5003
Hutan_non_mangrove_13,Hutan non mangrove,Training,172.94,441.95,279.22,3966.86,1480.94,0.8685,-0.7995,-0.4563
Hutan_non_mangrove_13,Hutan non mangrove,Training,231.02,470.4,286.86,4034.36,1351.16,0.8672,-0.7912,-0.4982
Hutan_non_mangrove_13,Hutan non mangrove,Training,193.4,415.12,331.61,4149.43,1491.79,0.852,-0.8181,-0.4711
Hutan_non_mangrove_13,Hutan non mangrove,Training,158.0,422.47,325.78,4418.39,1255.7,0.8627,-0.8255,-0.5574
Hutan_non_mangrove_13,Hutan non mangrove,Training,209.09,463.17,278.75,4289.25,1210.35,0.878,-0.8051,-0.5598
Hutan_non_mangrove_13,Hutan non mangrove,Training,172.19,473.96,300.89,4220.36,1378.99,0.8669,-0.7981,-0.5074
Hutan_non_mangrove_13,Hutan non mangrove,Training,216.11,473.4,323.74,4231.42,1353.39,0.8579,-0.7988,-0.5153
Hutan_non_mangrove_13,Hutan non mangrove,Training,183.29,407.73,287.92,4048.4,1592.19,0.8672,-0.817,-0.4355
Hutan_non_mangrove_13,Hutan non mangrove,Training,168.59,491.49,291.97,4148.38,1448.14,0.8685,-0.7881,-0.4825
Hutan_non_mangrove_13,Hutan non mangrove,Training,157.44,418.0,262.77,4104.94,1290.9,0.8797,-0.8152,-0.5215
Hutan_non_mangrove_14,Hutan non mangrove,Training,239.51,426.67,228.65,4116.39,1496.89,0.8948,-0.8122,-0.4667
Hutan_non_mangrove_14,Hutan non mangrove,Training,248.91,440.82,284.49,4196.39,1449.81,0.873,-0.8099,-0.4864
Hutan_non_mangrove_14,Hutan non mangrove,Training,166.13,440.22,298.51,4211.45,1382.65,0.8676,-0.8107,-0.5057
Hutan_non_mangrove_14,Hutan non mangrove,Training,171.93,463.55,298.66,4188.25,1270.1,0.8669,-0.8007,-0.5346
Hutan_non_mangrove_14,Hutan non mangrove,Training,219.21,412.08,348.49,3905.19,1491.47,0.8361,-0.8091,-0.4473
Hutan_non_mangrove_14,Hutan non mangrove,Training,142.75,359.67,283.36,3635.07,1487.57,0.8554,-0.8199,-0.4192
Hutan_non_mangrove_14,Hutan non mangrove,Training,199.35,506.04,294.98,4260.79,1367.82,0.8705,-0.7877,-0.514
Hutan_non_mangrove_14,Hutan non mangrove,Training,173.78,433.73,263.88,4296.85,1363.06,0.8843,-0.8166,-0.5183
Hutan_non_mangrove_14,Hutan non mangrove,Training,196.99,562.95,287.91,4278.44,1393.5,0.8739,-0.7674,-0.5086
Hutan_non_mangrove_14,Hutan non mangrove,Training,234.73,459.54,291.86,4773.13,1296.84,0.8848,-0.8244,-0.5727
Hutan_non_mangrove_14,Hutan non mangrove,Training,194.18,486.66,275.46,4391.4,1342.46,0.882,-0.8005,-0.5317
Hutan_non_mangrove_14,Hutan non mangrove,Training,230.1,489.08,297.3,3949.88,1353.02,0.86,-0.7796,-0.4897
Hutan_non_mangrove_14,Hutan non mangrove,Training,199.56,485.53,309.62,4334.48,1441.92,0.8667,-0.7985,-0.5008
Hutan_non_mangrove_14,Hutan non mangrove,Training,225.39,441.98,304.95,4207.09,1347.45,0.8648,-0.8099,-0.5148
Hutan_non_mangrove_14,Hutan non mangrove,Training,230.35,489.63,336.17,4009.08,1442.1,0.8453,-0.7823,-0.4709
Hutan_non_mangrove_14,Hutan non mangrove,Training,232.77,510.12,254.74,4199.28,1377.29,0.8856,-0.7834,-0.506
Hutan_non_mangrove_14,Hutan non mangrove,Training,247.73,361.63,268.58,4558.26,1343.63,0.8887,-0.853,-0.5447
Hutan_non_mangrove_14,Hutan non mangrove,Training,160.96,510.48,257.05,4455.51,1212.77,0.8909,-0.7944,-0.5721
Hutan_non_mangrove_14,Hutan non mangrove,Training,156.72,458.01,274.55,4268.08,1616.25,0.8791,-0.8062,-0.4507
Hutan_non_mangrove_14,Hutan non mangrove,Training,195.35,515.11,309.73,4438.97,1117.61,0.8696,-0.792,-0.5977
Hutan_non_mangrove_14,Hutan non mangrove,Training,219.09,469.31,289.2,4673.88,1340.81,0.8835,-0.8175,-0.5542
Hutan_non_mangrove_14,Hutan non mangrove,Training,151.73,481.28,257.29,4219.15,1560.78,0.885,-0.7952,-0.4599
Hutan_non_mangrove_14,Hutan non mangrove,Training,214.95,440.1,289.47,4516.34,1253.61,0.8795,-0.8224,-0.5655
Hutan_non_mangrove_14,Hutan non mangrove,Training,223.25,537.74,316.3,4140.5,1380.79,0.8581,-0.7701,-0.4998
Hutan_non_mangrove_14,Hutan non mangrove,Training,185.59,423.96,303.53,4369.87,1593.29,0.8701,-0.8231,-0.4656
Hutan_non_mangrove_14,Hutan non mangrove,Training,141.3,352.44,348.9,4214.28,1413.14,0.8471,-0.8456,-0.4978
Hutan_non_mangrove_14,Hutan non mangrove,Training,215.04,442.53,359.25,4322.96,1346.29,0.8465,-0.8143,-0.5251
Hutan_non_mangrove_14,Hutan non mangrove,Training,189.25,444.26,276.69,4622.37,1414.88,0.887,-0.8246,-0.5313
Hutan_non_mangrove_14,Hutan non mangrove,Training,164.88,466.21,343.17,4465.2,1308.82,0.8573,-0.8109,-0.5467
Hutan_non_mangrove_14,Hutan non mangrove,Training,166.73,507.09,251.27,4292.73,1331.78,0.8894,-0.7887,-0.5264
Hutan_non_mangrove_14,Hutan non mangrove,Training,239.41,407.81,276.11,4354.26,1495.46,0.8807,-0.8287,-0.4887
Hutan_non_mangrove_14,Hutan non mangrove,Training,240.79,468.92,310.48,4462.28,1235.53,0.8699,-0.8098,-0.5663
Hutan_non_mangrove_14,Hutan non mangrove,Training,173.61,398.53,219.43,4410.54,1571.56,0.9052,-0.8343,-0.4746
Hutan_non_mangrove_14,Hutan non mangrove,Training,216.68,465.2,302.55,4213.79,1603.43,0.866,-0.8012,-0.4487
Hutan_non_mangrove_14,Hutan non mangrove,Training,246.48,426.6,333.26,4507.36,1478.05,0.8623,-0.8271,-0.5061
Hutan_non_mangrove_14,Hutan non mangrove,Training,211.63,464.13,255.54,3807.33,1493.99,0.8742,-0.7827,-0.4364
Hutan_non_mangrove_14,Hutan non mangrove,Training,166.99,394.43,237.74,4081.07,1444.92,0.8899,-0.8237,-0.477
Hutan_non_mangrove_14,Hutan non mangrove,Training,213.65,484.02,288.26,4226.82,1501.5,0.8723,-0.7945,-0.4758
Hutan_non_mangrove_14,Hutan non mangrove,Training,213.92,426.61,308.99,3703.94,1400.01,0.846,-0.7934,-0.4514
Hutan_non_mangrove_14,Hutan non mangrove,Training,181.45,510.74,270.68,4229.17,1348.54,0.8797,-0.7845,-0.5165
Hutan_non_mangrove_14,Hutan non mangrove,Training,183.25,465.09,287.45,4663.0,1163.05,0.8839,-0.8186,-0.6007
Hutan_non_mangrove_14,Hutan non mangrove,Training,218.94,446.61,298.49,4275.53,1519.73,0.8695,-0.8108,-0.4755
Hutan_non_mangrove_14,Hutan non mangrove,Training,207.95,490.05,301.39,3941.47,1389.3,0.8579,-0.7788,-0.4788
Hutan_non_mangrove_14,Hutan non mangrove,Training,234.59,433.57,267.52,4354.86,1440.39,0.8843,-0.8189,-0.5029
Hutan_non_mangrove_14,Hutan non mangrove,Training,176.87,440.68,294.55,4201.6,1477.59,0.869,-0.8101,-0.4796
Hutan_non_mangrove_14,Hutan non mangrove,Training,187.84,477.93,284.0,4616.58,1602.54,0.8841,-0.8124,-0.4846
Hutan_non_mangrove_14,Hutan non mangrove,Training,174.31,400.98,329.35,4264.47,1466.2,0.8566,-0.8281,-0.4883
Hutan_non_mangrove_14,Hutan non mangrove,Training,180.36,444.7,289.65,4276.05,1250.51,0.8731,-0.8116,-0.5475
Hutan_non_mangrove_14,Hutan non mangrove,Training,197.02,399.77,284.53,4175.66,1460.89,0.8724,-0.8253,-0.4816
Hutan_non_mangrove_14,Hutan non mangrove,Training,217.71,480.44,255.52,4516.02,1322.62,0.8929,-0.8077,-0.5469
Hutan_non_mangrove_15,Hutan non mangrove,Training,182.85,460.75,289.89,4290.46,1465.69,0.8734,-0.806,-0.4907
Hutan_non_mangrove_15,Hutan non mangrove,Training,177.1,442.65,295.38,4439.57,1344.18,0.8752,-0.8187,-0.5352
Hutan_non_mangrove_15,Hutan non mangrove,Training,184.74,409.14,272.71,3862.35,1315.63,0.8681,-0.8084,-0.4918
Hutan_non_mangrove_15,Hutan non mangrove,Training,247.81,477.64,338.32,3962.46,1166.27,0.8427,-0.7849,-0.5452
Hutan_non_mangrove_15,Hutan non mangrove,Training,209.49,524.14,285.44,4225.45,1211.66,0.8734,-0.7793,-0.5543
Hutan_non_mangrove_15,Hutan non mangrove,Training,200.85,445.0,237.21,3940.67,1265.99,0.8864,-0.7971,-0.5137
Hutan_non_mangrove_15,Hutan non mangrove,Training,152.61,421.01,315.26,4041.7,1537.82,0.8553,-0.8113,-0.4488
Hutan_non_mangrove_15,Hutan non mangrove,Training,189.12,463.05,314.92,4583.47,1314.07,0.8714,-0.8165,-0.5544
Hutan_non_mangrove_15,Hutan non mangrove,Training,213.27,412.13,351.66,3940.08,1446.04,0.8361,-0.8106,-0.463
Hutan_non_mangrove_15,Hutan non mangrove,Training,246.78,402.14,317.85,3951.81,1679.4,0.8511,-0.8153,-0.4035
Hutan_non_mangrove_15,Hutan non mangrove,Training,143.26,389.31,266.35,3927.67,1462.5,0.873,-0.8196,-0.4573
Hutan_non_mangrove_15,Hutan non mangrove,Training,253.99,496.21,307.02,4202.4,1327.24,0.8638,-0.7888,-0.52
Hutan_non_mangrove_15,Hutan non mangrove,Training,211.73,441.65,305.68,4014.77,1255.78,0.8585,-0.8018,-0.5235
Hutan_non_mangrove_15,Hutan non mangrove,Training,200.76,450.13,282.12,4008.37,1467.01,0.8685,-0.7981,-0.4641
Hutan_non_mangrove_15,Hutan non mangrove,Training,213.65,525.06,341.43,3901.54,1377.1,0.8391,-0.7628,-0.4782
Hutan_non_mangrove_15,Hutan non mangrove,Training,159.06,376.43,365.86,4570.07,1324.42,0.8518,-0.8478,-0.5506
Hutan_non_mangrove_15,Hutan non mangrove,Training,237.3,505.67,242.39,4412.65,1341.0,0.8959,-0.7944,-0.5339
Hutan_non_mangrove_15,Hutan non mangrove,Training,211.49,570.39,347.56,4167.95,1570.6,0.8461,-0.7592,-0.4526
Hutan_non_mangrove_15,Hutan non mangrove,Training,142.34,470.14,315.82,4376.42,1338.98,0.8654,-0.806,-0.5314
Hutan_non_mangrove_15,Hutan non mangrove,Training,211.46,484.24,230.31,4120.96,1291.6,0.8941,-0.7897,-0.5227
Hutan_non_mangrove_15,Hutan non mangrove,Training,219.86,505.11,281.64,3927.83,1414.06,0.8662,-0.7721,-0.4706
Hutan_non_mangrove_15,Hutan non mangrove,Training,165.4,440.94,290.04,4345.03,1437.82,0.8748,-0.8157,-0.5027
Hutan_non_mangrove_15,Hutan non mangrove,Training,204.84,515.47,308.09,4095.54,1364.58,0.8601,-0.7764,-0.5002
Hutan_non_mangrove_15,Hutan non mangrove,Training,177.07,409.25,258.32,4483.56,1313.8,0.891,-0.8327,-0.5468
Hutan_non_mangrove_15,Hutan non mangrove,Training,209.48,438.01,299.12,4488.45,1421.2,0.875,-0.8222,-0.519
Hutan_non_mangrove_15,Hutan non mangrove,Training,172.32,427.44,325.8,4320.79,1510.69,0.8598,-0.82,-0.4819
Hutan_non_mangrove_15,Hutan non mangrove,Training,192.84,394.16,315.2,4263.2,1433.48,0.8623,-0.8307,-0.4967
Hutan_non_mangrove_15,Hutan non mangrove,Training,158.55,424.39,271.85,4299.84,1452.06,0.8811,-0.8203,-0.4951
Hutan_non_mangrove_15,Hutan non mangrove,Training,198.7,488.7,344.72,4288.26,1480.53,0.8512,-0.7954,-0.4867
Hutan_non_mangrove_15,Hutan non mangrove,Training,183.75,420.98,330.29,3981.31,1483.65,0.8468,-0.8087,-0.457
Hutan_non_mangrove_15,Hutan non mangrove,Training,251.58,476.14,297.57,3864.92,1419.6,0.857,-0.7806,-0.4627
Hutan_non_mangrove_15,Hutan non mangrove,Training,230.27,442.84,330.64,4291.26,1434.96,0.8569,-0.8129,-0.4988
Hutan_non_mangrove_15,Hutan non mangrove,Training,190.5,391.76,287.25,4091.74,1469.05,0.8688,-0.8252,-0.4716
Hutan_non_mangrove_15,Hutan non mangrove,Training,199.54,493.33,308.44,4073.91,1302.21,0.8592,-0.784,-0.5156
Hutan_non_mangrove_15,Hutan non mangrove,Training,181.9,456.43,288.82,3930.89,1520.81,0.8631,-0.7919,-0.4421
Hutan_non_mangrove_15,Hutan non mangrove,Training,204.57,460.99,275.32,3939.6,1380.53,0.8694,-0.7905,-0.481
Hutan_non_mangrove_15,Hutan non mangrove,Training,139.15,481.19,278.88,4133.07,1451.23,0.8736,-0.7914,-0.4802
Hutan_non_mangrove_15,Hutan non mangrove,Training,193.26,403.27,345.17,3816.85,1131.61,0.8341,-0.8089,-0.5426
Hutan_non_mangrove_15,Hutan non mangrove,Training,226.24,391.62,337.58,4294.22,1433.96,0.8542,-0.8328,-0.4993
Hutan_non_mangrove_15,Hutan non mangrove,Training,182.93,416.98,288.71,3980.7,1544.92,0.8648,-0.8104,-0.4408
Hutan_non_mangrove_15,Hutan non mangrove,Training,177.72,470.25,330.16,3979.7,1445.19,0.8468,-0.7886,-0.4672
Hutan_non_mangrove_15,Hutan non mangrove,Training,173.18,443.06,286.24,4026.14,1418.93,0.8672,-0.8017,-0.4788
Hutan_non_mangrove_15,Hutan non mangrove,Training,163.58,487.17,267.55,3883.23,1369.72,0.8711,-0.7771,-0.4785
Hutan_non_mangrove_15,Hutan non mangrove,Training,188.82,464.22,302.54,3793.16,1518.39,0.8523,-0.7819,-0.4283
Hutan_non_mangrove_15,Hutan non mangrove,Training,191.68,459.66,366.06,4521.61,1425.26,0.8502,-0.8154,-0.5207
Hutan_non_mangrove_15,Hutan non mangrove,Training,158.81,395.75,334.86,4099.55,1379.79,0.849,-0.8239,-0.4964
Hutan_non_mangrove_15,Hutan non mangrove,Training,165.64,467.83,334.24,4580.89,1346.22,0.864,-0.8147,-0.5457
Hutan_non_mangrove_15,Hutan non mangrove,Training,219.35,446.2,326.41,4199.01,1301.1,0.8557,-0.8079,-0.5269
Hutan_non_mangrove_15,Hutan non mangrove,Training,239.6,453.94,289.46,4244.45,1311.6,0.8723,-0.8068,-0.5279
Hutan_non_mangrove_15,Hutan non mangrove,Training,212.46,442.15,276.16,4794.22,1279.12,0.8911,-0.8311,-0.5788
Hutan_non_mangrove_16,Hutan non mangrove,Training,210.6,452.27,269.23,4115.67,1238.89,0.8772,-0.802,-0.5373
Hutan_non_mangrove_16,Hutan non mangrove,Training,261.99,439.28,294.52,4686.3,1301.12,0.8817,-0.8286,-0.5654
Hutan_non_mangrove_16,Hutan non mangrove,Training,238.83,473.7,240.63,4107.23,1452.39,0.8893,-0.7932,-0.4775
Hutan_non_mangrove_16,Hutan non mangrove,Training,201.07,451.53,281.79,4021.78,1362.99,0.869,-0.7981,-0.4938
Hutan_non_mangrove_16,Hutan non mangrove,Training,258.84,413.69,285.53,4207.21,1224.42,0.8729,-0.8209,-0.5492
Hutan_non_mangrove_16,Hutan non mangrove,Training,212.96,398.48,267.38,3916.19,1203.13,0.8722,-0.8153,-0.53
Hutan_non_mangrove_16,Hutan non mangrove,Training,238.05,470.86,327.67,4407.82,1379.83,0.8616,-0.807,-0.5232
Hutan_non_mangrove_16,Hutan non mangrove,Training,199.11,490.55,349.15,3885.48,1702.4,0.8351,-0.7758,-0.3907
Hutan_non_mangrove_16,Hutan non mangrove,Training,160.53,431.52,302.22,4241.48,1635.66,0.867,-0.8153,-0.4434
Hutan_non_mangrove_16,Hutan non mangrove,Training,230.36,466.51,331.06,4286.44,1318.95,0.8566,-0.8037,-0.5294
Hutan_non_mangrove_16,Hutan non mangrove,Training,214.57,452.7,274.71,4515.7,1393.47,0.8853,-0.8178,-0.5284
Hutan_non_mangrove_16,Hutan non mangrove,Training,166.38,411.49,316.05,4462.36,1457.8,0.8677,-0.8311,-0.5075
Hutan_non_mangrove_16,Hutan non mangrove,Training,214.59,417.59,302.79,4117.47,1376.6,0.863,-0.8158,-0.4989
Hutan_non_mangrove_16,Hutan non mangrove,Training,196.65,423.6,322.55,3947.72,1244.16,0.8489,-0.8062,-0.5207
Hutan_non_mangrove_16,Hutan non mangrove,Training,176.44,485.34,310.17,3754.19,1471.67,0.8474,-0.771,-0.4368
Hutan_non_mangrove_16,Hutan non mangrove,Training,198.54,433.3,292.74,3866.59,1420.79,0.8592,-0.7985,-0.4626
Hutan_non_mangrove_16,Hutan non mangrove,Training,161.97,436.0,289.54,4392.48,1404.77,0.8763,-0.8194,-0.5154
Hutan_non_mangrove_16,Hutan non mangrove,Training,221.18,402.17,296.77,4332.58,1549.08,0.8718,-0.8301,-0.4733
Hutan_non_mangrove_16,Hutan non mangrove,Training,165.82,416.36,315.16,4602.9,1434.31,0.8718,-0.8341,-0.5248
Hutan_non_mangrove_16,Hutan non mangrove,Training,166.7,406.38,304.05,4289.39,1373.45,0.8676,-0.8269,-0.5149
Hutan_non_mangrove_16,Hutan non mangrove,Training,167.63,494.06,289.54,4331.74,1187.22,0.8747,-0.7952,-0.5698
Hutan_non_mangrove_16,Hutan non mangrove,Training,236.03,422.61,340.34,4353.18,1228.55,0.855,-0.823,-0.5598
Hutan_non_mangrove_16,Hutan non mangrove,Training,207.37,516.26,282.06,4614.58,1446.29,0.8848,-0.7988,-0.5227
Hutan_non_mangrove_16,Hutan non mangrove,Training,240.21,456.38,296.28,4659.29,1486.57,0.8804,-0.8216,-0.5162
Hutan_non_mangrove_16,Hutan non mangrove,Training,192.94,466.96,283.05,4226.97,1543.47,0.8745,-0.801,-0.465
Hutan_non_mangrove_16,Hutan non mangrove,Training,195.14,415.02,270.99,4218.4,1303.09,0.8793,-0.8209,-0.528
Hutan_non_mangrove_16,Hutan non mangrove,Training,157.02,402.06,335.25,4164.41,1406.93,0.851,-0.8239,-0.4949
Hutan_non_mangrove_16,Hutan non mangrove,Training,171.0,426.74,281.59,4130.81,1200.99,0.8724,-0.8127,-0.5495
Hutan_non_mangrove_16,Hutan non mangrove,Training,232.69,449.34,306.06,4428.58,1500.53,0.8707,-0.8158,-0.4938
Hutan_non_mangrove_16,Hutan non mangrove,Training,182.75,474.18,317.83,4279.0,1527.33,0.8617,-0.8005,-0.4739
Hutan_non_mangrove_16,Hutan non mangrove,Training,223.99,479.09,340.96,4207.16,1406.93,0.8501,-0.7955,-0.4988
Hutan_non_mangrove_16,Hutan non mangrove,Training,224.58,442.86,314.45,4059.97,1126.46,0.8562,-0.8033,-0.5656
Hutan_non_mangrove_16,Hutan non mangrove,Training,217.94,388.05,279.03,4405.0,1499.81,0.8809,-0.8381,-0.492
Hutan_non_mangrove_16,Hutan non mangrove,Training,235.26,369.21,308.88,4135.58,1518.59,0.861,-0.8361,-0.4628
Hutan_non_mangrove_16,Hutan non mangrove,Training,244.29,397.64,300.48,4408.16,1359.44,0.8724,-0.8345,-0.5286
Hutan_non_mangrove_16,Hutan non mangrove,Training,252.37,433.94,290.99,3931.67,1418.47,0.8622,-0.8012,-0.4697
Hutan_non_mangrove_16,Hutan non mangrove,Training,109.45,440.09,338.07,3850.81,1205.8,0.8386,-0.7949,-0.5231
Hutan_non_mangrove_16,Hutan non mangrove,Training,233.49,500.07,259.33,4633.19,1451.89,0.894,-0.8052,-0.5228
Hutan_non_mangrove_16,Hutan non mangrove,Training,231.46,418.33,344.67,4133.0,1362.56,0.846,-0.8162,-0.5041
Hutan_non_mangrove_16,Hutan non mangrove,Training,214.47,434.32,254.38,4232.94,1361.81,0.8866,-0.8139,-0.5132
Hutan_non_mangrove_16,Hutan non mangrove,Training,176.96,499.62,371.77,3970.22,1423.69,0.8288,-0.7764,-0.4721
Hutan_non_mangrove_16,Hutan non mangrove,Training,188.05,541.54,314.75,4431.74,1541.82,0.8674,-0.7822,-0.4838
Hutan_non_mangrove_16,Hutan non mangrove,Training,203.9,442.54,345.57,4394.47,1298.49,0.8542,-0.817,-0.5438
Hutan_non_mangrove_16,Hutan non mangrove,Training,178.27,434.41,334.78,4568.36,1658.21,0.8634,-0.8263,-0.4674
Hutan_non_mangrove_16,Hutan non mangrove,Training,178.74,455.61,287.99,4154.41,1511.59,0.8703,-0.8023,-0.4664
Hutan_non_mangrove_16,Hutan non mangrove,Training,198.62,502.63,284.51,4385.35,1346.87,0.8782,-0.7943,-0.5301
Hutan_non_mangrove_16,Hutan non mangrove,Training,144.88,409.14,303.72,4680.37,1344.85,0.8781,-0.8392,-0.5536
Hutan_non_mangrove_16,Hutan non mangrove,Training,194.92,469.59,282.02,4079.06,1408.65,0.8707,-0.7935,-0.4866
Hutan_non_mangrove_16,Hutan non mangrove,Training,186.9,378.68,280.49,4353.73,1477.52,0.8789,-0.84,-0.4932
Hutan_non_mangrove_16,Hutan non mangrove,Training,240.09,500.22,272.99,4013.65,1315.85,0.8726,-0.7784,-0.5062
Hutan_non_mangrove_18,Hutan non mangrove,Training,176.05,389.45,287.32,4024.36,1389.64,0.8667,-0.8235,-0.4867
Hutan_non_mangrove_18,Hutan non mangrove,Training,214.29,438.7,305.54,4318.0,1252.42,0.8678,-0.8155,-0.5503
Hutan_non_mangrove_18,Hutan non mangrove,Training,256.58,420.34,315.5,3916.0,1413.22,0.8509,-0.8061,-0.4696
Hutan_non_mangrove_18,Hutan non mangrove,Training,204.4,516.36,293.02,4524.87,1434.85,0.8784,-0.7951,-0.5185
Hutan_non_mangrove_18,Hutan non mangrove,Training,255.56,378.8,314.47,3531.78,1393.03,0.8365,-0.8063,-0.4343
Hutan_non_mangrove_18,Hutan non mangrove,Training,230.63,507.82,322.16,4127.36,1465.42,0.8552,-0.7809,-0.476
Hutan_non_mangrove_18,Hutan non mangrove,Training,275.49,453.02,328.83,4092.66,1528.45,0.8513,-0.8007,-0.4562
Hutan_non_mangrove_18,Hutan non mangrove,Training,227.18,425.58,323.32,4406.2,1488.79,0.8633,-0.8238,-0.4949
Hutan_non_mangrove_18,Hutan non mangrove,Training,198.77,499.16,271.95,4202.44,1413.37,0.8784,-0.7877,-0.4966
Hutan_non_mangrove_18,Hutan non mangrove,Training,235.14,411.34,307.23,4076.92,1413.13,0.8598,-0.8167,-0.4852
Hutan_non_mangrove_18,Hutan non mangrove,Training,211.77,398.86,337.92,4306.96,1296.97,0.8545,-0.8305,-0.5371
Hutan_non_mangrove_18,Hutan non mangrove,Training,189.76,509.77,312.48,3958.78,1305.98,0.8537,-0.7718,-0.5039
Hutan_non_mangrove_18,Hutan non mangrove,Training,218.74,479.79,310.89,4127.13,1497.16,0.8599,-0.7917,-0.4676
Hutan_non_mangrove_18,Hutan non mangrove,Training,190.64,415.81,347.6,4322.2,1305.83,0.8511,-0.8245,-0.536
Hutan_non_mangrove_18,Hutan non mangrove,Training,204.03,451.09,289.5,4258.39,1288.58,0.8727,-0.8084,-0.5354
Hutan_non_mangrove_18,Hutan non mangrove,Training,226.21,449.75,251.72,4142.96,1326.1,0.8854,-0.8041,-0.5151
Hutan_non_mangrove_18,Hutan non mangrove,Training,110.29,443.77,331.1,4173.05,1484.98,0.853,-0.8078,-0.4751
Hutan_non_mangrove_18,Hutan non mangrove,Training,200.25,431.75,278.05,3879.3,1511.09,0.8662,-0.7997,-0.4393
Hutan_non_mangrove_18,Hutan non mangrove,Training,221.92,438.87,239.27,4318.02,1291.43,0.895,-0.8155,-0.5396
Hutan_non_mangrove_18,Hutan non mangrove,Training,204.32,388.35,302.76,4167.17,1110.83,0.8645,-0.8295,-0.5791
Hutan_non_mangrove_18,Hutan non mangrove,Training,248.54,436.97,292.22,4333.67,1393.92,0.8737,-0.8168,-0.5133
Hutan_non_mangrove_18,Hutan non mangrove,Training,210.92,404.22,295.73,3722.67,1371.48,0.8528,-0.8041,-0.4615
Hutan_non_mangrove_18,Hutan non mangrove,Training,243.35,389.76,289.48,3669.02,1400.95,0.8537,-0.8079,-0.4474
Hutan_non_mangrove_18,Hutan non mangrove,Training,213.99,465.34,281.94,3663.96,1251.01,0.8571,-0.7746,-0.4909
Hutan_non_mangrove_18,Hutan non mangrove,Training,237.69,485.16,297.26,4240.57,1276.69,0.869,-0.7947,-0.5372
Hutan_non_mangrove_18,Hutan non mangrove,Training,238.72,421.23,313.12,3868.02,1378.62,0.8502,-0.8036,-0.4745
Hutan_non_mangrove_18,Hutan non mangrove,Training,237.45,412.12,322.48,3929.81,1291.77,0.8483,-0.8102,-0.5052
Hutan_non_mangrove_18,Hutan non mangrove,Training,199.73,488.87,291.05,4354.64,1537.3,0.8747,-0.7981,-0.4782
Hutan_non_mangrove_18,Hutan non mangrove,Training,176.87,388.99,289.33,4518.27,1302.48,0.8796,-0.8415,-0.5525
Hutan_non_mangrove_18,Hutan non mangrove,Training,230.45,439.5,352.69,4761.36,1523.78,0.8621,-0.831,-0.5151
Hutan_non_mangrove_18,Hutan non mangrove,Training,150.6,353.87,301.84,4426.66,1460.12,0.8723,-0.852,-0.5039
Hutan_non_mangrove_18,Hutan non mangrove,Training,178.29,390.56,327.89,4664.65,1319.59,0.8686,-0.8455,-0.559
Hutan_non_mangrove_18,Hutan non mangrove,Training,224.76,554.12,294.31,4157.63,1467.17,0.8678,-0.7648,-0.4783
Hutan_non_mangrove_18,Hutan non mangrove,Training,191.47,503.57,287.88,4192.24,1226.91,0.8715,-0.7855,-0.5472
Hutan_non_mangrove_18,Hutan non mangrove,Training,192.93,409.7,310.38,3783.94,1517.59,0.8484,-0.8046,-0.4275
Hutan_non_mangrove_18,Hutan non mangrove,Training,173.86,521.37,341.12,4333.91,1215.44,0.8541,-0.7852,-0.562
Hutan_non_mangrove_18,Hutan non mangrove,Training,181.16,414.15,276.87,4594.2,1381.68,0.8863,-0.8346,-0.5376
Hutan_non_mangrove_18,Hutan non mangrove,Training,180.26,420.08,284.04,4333.15,1204.75,0.877,-0.8232,-0.5649
Hutan_non_mangrove_18,Hutan non mangrove,Training,202.95,466.94,247.94,3845.62,1394.28,0.8789,-0.7835,-0.4678
Hutan_non_mangrove_18,Hutan non mangrove,Training,243.23,498.11,281.75,4552.32,1361.64,0.8834,-0.8027,-0.5395
Hutan_non_mangrove_18,Hutan non mangrove,Training,190.15,453.76,325.18,4047.75,1352.23,0.8513,-0.7984,-0.4992
Hutan_non_mangrove_18,Hutan non mangrove,Training,162.55,464.04,328.0,4448.66,1236.01,0.8627,-0.8111,-0.5651
Hutan_non_mangrove_18,Hutan non mangrove,Training,188.51,499.82,306.97,4208.53,1401.26,0.864,-0.7877,-0.5004
Hutan_non_mangrove_18,Hutan non mangrove,Training,216.24,461.44,282.74,4420.26,1255.65,0.8798,-0.811,-0.5576
Hutan_non_mangrove_18,Hutan non mangrove,Training,239.66,414.16,316.44,4158.81,1342.83,0.8586,-0.8189,-0.5118
Hutan_non_mangrove_18,Hutan non mangrove,Training,240.73,479.72,298.23,4636.29,1517.57,0.8791,-0.8125,-0.5068
Hutan_non_mangrove_18,Hutan non mangrove,Training,175.84,359.59,303.21,4545.87,1473.28,0.8749,-0.8534,-0.5105
Hutan_non_mangrove_18,Hutan non mangrove,Training,247.22,426.07,296.48,4176.76,1428.95,0.8674,-0.8149,-0.4902
Hutan_non_mangrove_18,Hutan non mangrove,Training,223.02,515.29,355.28,4616.64,1480.29,0.8571,-0.7992,-0.5144
Hutan_non_mangrove_18,Hutan non mangrove,Training,189.73,459.04,319.66,4233.77,1290.34,0.8596,-0.8044,-0.5328
Hutan_non_mangrove_19,Hutan non mangrove,Training,186.13,484.72,292.6,4206.04,1390.59,0.8699,-0.7933,-0.5031
Hutan_non_mangrove_19,Hutan non mangrove,Training,173.23,443.15,286.27,4027.05,1273.0,0.8673,-0.8017,-0.5196
Hutan_non_mangrove_19,Hutan non mangrove,Training,196.98,474.73,333.62,3851.46,1592.77,0.8406,-0.7805,-0.4149
Hutan_non_mangrove_19,Hutan non mangrove,Training,208.79,404.92,287.89,3730.65,1205.39,0.8567,-0.8042,-0.5116
Hutan_non_mangrove_19,Hutan non mangrove,Training,251.64,422.03,316.11,4172.2,1402.14,0.8591,-0.8163,-0.4969
Hutan_non_mangrove_19,Hutan non mangrove,Training,211.04,366.64,339.56,4175.32,1339.49,0.8496,-0.8386,-0.5142
Hutan_non_mangrove_19,Hutan non mangrove,Training,214.04,421.16,306.25,4158.65,1485.32,0.8628,-0.8161,-0.4737
Hutan_non_mangrove_19,Hutan non mangrove,Training,193.58,408.8,310.87,4132.35,1181.48,0.8601,-0.82,-0.5553
Hutan_non_mangrove_19,Hutan non mangrove,Training,205.93,428.5,310.37,3986.24,1255.23,0.8555,-0.8059,-0.521
Hutan_non_mangrove_19,Hutan non mangrove,Training,235.4,483.73,299.8,4309.44,1497.25,0.8699,-0.7982,-0.4843
Hutan_non_mangrove_19,Hutan non mangrove,Training,199.69,401.66,308.98,4450.56,1471.18,0.8702,-0.8344,-0.5031
Hutan_non_mangrove_19,Hutan non mangrove,Training,201.78,472.61,293.3,4461.04,1561.66,0.8766,-0.8084,-0.4814
Hutan_non_mangrove_19,Hutan non mangrove,Training,161.11,494.64,367.12,4331.4,1518.05,0.8437,-0.795,-0.481
Hutan_non_mangrove_19,Hutan non mangrove,Training,180.59,429.85,293.71,4099.39,1242.58,0.8663,-0.8102,-0.5348
Hutan_non_mangrove_19,Hutan non mangrove,Training,194.82,483.46,261.04,4244.78,1417.81,0.8841,-0.7955,-0.4992
Hutan_non_mangrove_19,Hutan non mangrove,Training,190.96,469.86,312.08,4106.89,1527.31,0.8588,-0.7947,-0.4578
Hutan_non_mangrove_19,Hutan non mangrove,Training,216.82,512.94,298.01,4119.56,1374.98,0.8651,-0.7785,-0.4995
Hutan_non_mangrove_19,Hutan non mangrove,Training,235.35,444.05,297.37,4690.24,1238.66,0.8808,-0.827,-0.5822
Hutan_non_mangrove_19,Hutan non mangrove,Training,210.7,447.54,292.48,3961.66,1320.33,0.8625,-0.797,-0.5001
Hutan_non_mangrove_19,Hutan non mangrove,Training,187.76,469.83,325.57,3755.3,1255.81,0.8404,-0.7776,-0.4988
Hutan_non_mangrove_19,Hutan non mangrove,Training,216.44,475.29,256.09,4418.57,1398.32,0.8904,-0.8058,-0.5192
Hutan_non_mangrove_19,Hutan non mangrove,Training,222.41,415.93,258.3,4122.84,1368.29,0.8821,-0.8167,-0.5016
Hutan_non_mangrove_19,Hutan non mangrove,Training,190.39,434.39,350.79,3775.05,1298.62,0.83,-0.7936,-0.4881
Hutan_non_mangrove_19,Hutan non mangrove,Training,187.44,450.96,321.33,4416.34,1529.18,0.8644,-0.8147,-0.4856
Hutan_non_mangrove_19,Hutan non mangrove,Training,214.44,380.8,250.07,4486.82,1529.92,0.8944,-0.8435,-0.4914
Hutan_non_mangrove_19,Hutan non mangrove,Training,219.08,417.19,290.32,4100.28,1277.03,0.8678,-0.8153,-0.525
Hutan_non_mangrove_19,Hutan non mangrove,Training,207.77,536.22,285.13,4524.19,1293.76,0.8814,-0.7881,-0.5553
Hutan_non_mangrove_19,Hutan non mangrove,Training,153.9,489.5,293.44,4517.81,1576.51,0.878,-0.8045,-0.4826
Hutan_non_mangrove_19,Hutan non mangrove,Training,191.65,503.72,273.72,3977.05,1528.67,0.8712,-0.7752,-0.4447
Hutan_non_mangrove_19,Hutan non mangrove,Training,153.57,449.94,337.49,4529.2,1348.08,0.8613,-0.8193,-0.5413
Hutan_non_mangrove_19,Hutan non mangrove,Training,230.28,405.08,279.98,4257.6,1445.33,0.8766,-0.8262,-0.4931
Hutan_non_mangrove_19,Hutan non mangrove,Training,168.57,524.49,243.68,4213.55,1423.51,0.8907,-0.7786,-0.4949
Hutan_non_mangrove_19,Hutan non mangrove,Training,147.59,502.97,277.79,4224.61,1439.36,0.8766,-0.7872,-0.4917
Hutan_non_mangrove_19,Hutan non mangrove,Training,156.37,407.11,346.89,4183.54,1076.35,0.8469,-0.8226,-0.5907
Hutan_non_mangrove_19,Hutan non mangrove,Training,190.94,448.68,306.58,3700.28,1396.48,0.847,-0.7837,-0.452
Hutan_non_mangrove_19,Hutan non mangrove,Training,175.02,458.84,315.19,4300.0,1568.48,0.8634,-0.8072,-0.4655
Hutan_non_mangrove_19,Hutan non mangrove,Training,265.72,404.66,288.54,4385.77,1384.78,0.8765,-0.8311,-0.5201
Hutan_non_mangrove_19,Hutan non mangrove,Training,118.32,442.3,337.02,3851.31,1426.46,0.8391,-0.794,-0.4594
Hutan_non_mangrove_19,Hutan non mangrove,Training,142.78,484.8,307.25,4057.98,1349.85,0.8592,-0.7866,-0.5008
Hutan_non_mangrove_19,Hutan non mangrove,Training,155.03,490.31,276.02,4325.07,1284.57,0.88,-0.7964,-0.542
Hutan_non_mangrove_19,Hutan non mangrove,Training,265.95,512.39,362.21,4747.63,1323.86,0.8582,-0.8052,-0.5639
Hutan_non_mangrove_19,Hutan non mangrove,Training,173.48,531.05,295.77,4408.3,1325.52,0.8743,-0.785,-0.5376
Hutan_non_mangrove_19,Hutan non mangrove,Training,181.87,483.2,240.9,4395.79,1462.94,0.8961,-0.8019,-0.5006
Hutan_non_mangrove_19,Hutan non mangrove,Training,184.1,450.97,305.43,4259.26,1482.82,0.8662,-0.8085,-0.4835
Hutan_non_mangrove_19,Hutan non mangrove,Training,175.55,557.91,293.83,4167.33,1633.36,0.8683,-0.7639,-0.4368
Hutan_non_mangrove_19,Hutan non mangrove,Training,145.13,527.37,302.8,4067.46,1265.64,0.8614,-0.7705,-0.5254
Hutan_non_mangrove_19,Hutan non mangrove,Training,161.93,436.33,308.34,4355.62,1431.92,0.8678,-0.8179,-0.5052
Hutan_non_mangrove_19,Hutan non mangrove,Training,184.69,503.58,380.21,4573.66,1356.89,0.8465,-0.8016,-0.5424
Hutan_non_mangrove_19,Hutan non mangrove,Training,215.06,472.65,348.11,4115.45,1284.21,0.844,-0.794,-0.5243
Hutan_non_mangrove_19,Hutan non mangrove,Training,234.02,466.26,266.74,4376.39,1620.59,0.8851,-0.8074,-0.4595
Hutan_non_mangrove_20,Hutan non mangrove,Training,179.19,414.36,300.9,4370.07,1391.01,0.8712,-0.8268,-0.5171
Hutan_non_mangrove_20,Hutan non mangrove,Training,234.03,460.43,330.35,4019.79,1252.67,0.8481,-0.7945,-0.5248
Hutan_non_mangrove_20,Hutan non mangrove,Training,189.8,396.14,312.28,3695.82,1345.67,0.8442,-0.8064,-0.4662
Hutan_non_mangrove_20,Hutan non mangrove,Training,191.42,408.13,290.81,4201.07,1552.31,0.8705,-0.8229,-0.4604
Hutan_non_mangrove_20,Hutan non mangrove,Training,168.78,464.29,316.67,4194.71,1340.23,0.8596,-0.8007,-0.5157
Hutan_non_mangrove_20,Hutan non mangrove,Training,165.83,525.94,302.18,4121.11,1654.59,0.8634,-0.7736,-0.4271
Hutan_non_mangrove_20,Hutan non mangrove,Training,206.67,551.74,257.51,4140.72,1235.6,0.8829,-0.7648,-0.5404
Hutan_non_mangrove_20,Hutan non mangrove,Training,196.34,444.92,286.26,4213.47,1350.88,0.8728,-0.809,-0.5145
Hutan_non_mangrove_20,Hutan non mangrove,Training,196.69,419.77,343.28,3922.81,1425.48,0.8391,-0.8067,-0.4669
Hutan_non_mangrove_20,Hutan non mangrove,Training,164.22,416.6,278.15,4167.05,1421.05,0.8749,-0.8182,-0.4914
Hutan_non_mangrove_20,Hutan non mangrove,Training,166.8,433.46,270.27,3941.17,1536.03,0.8717,-0.8018,-0.4391
Hutan_non_mangrove_20,Hutan non mangrove,Training,158.24,452.99,350.94,4501.54,1451.04,0.8554,-0.8171,-0.5125
Hutan_non_mangrove_20,Hutan non mangrove,Training,199.51,479.47,311.08,4555.66,1383.95,0.8722,-0.8096,-0.534
Hutan_non_mangrove_20,Hutan non mangrove,Training,230.03,436.97,356.8,4159.54,1205.73,0.842,-0.8099,-0.5505
Hutan_non_mangrove_20,Hutan non mangrove,Training,202.33,480.58,348.86,3950.96,1190.67,0.8377,-0.7831,-0.5369
Hutan_non_mangrove_20,Hutan non mangrove,Training,214.9,468.63,257.67,4117.6,1365.83,0.8822,-0.7956,-0.5018
Hutan_non_mangrove_20,Hutan non mangrove,Training,224.69,433.45,286.93,4228.66,1234.63,0.8729,-0.8141,-0.548
Hutan_non_mangrove_20,Hutan non mangrove,Training,257.02,487.36,278.95,3920.59,1275.18,0.8672,-0.7789,-0.5091
Hutan_non_mangrove_20,Hutan non mangrove,Training,217.6,409.58,292.52,3777.29,1464.95,0.8562,-0.8043,-0.4411
Hutan_non_mangrove_20,Hutan non mangrove,Training,217.36,442.62,305.81,4398.94,1420.0,0.87,-0.8172,-0.5119
Hutan_non_mangrove_20,Hutan non mangrove,Training,223.43,403.28,311.36,4248.36,1544.24,0.8634,-0.8266,-0.4668
Hutan_non_mangrove_20,Hutan non mangrove,Training,200.91,446.11,283.29,4572.81,1117.26,0.8833,-0.8222,-0.6073
Hutan_non_mangrove_20,Hutan non mangrove,Training,215.34,449.18,294.49,4117.67,1393.3,0.8665,-0.8033,-0.4944
Hutan_non_mangrove_20,Hutan non mangrove,Training,214.36,418.2,304.05,4287.69,1285.55,0.8676,-0.8223,-0.5387
Hutan_non_mangrove_20,Hutan non mangrove,Training,215.12,464.36,276.03,3902.98,1302.55,0.8679,-0.7874,-0.4996
Hutan_non_mangrove_20,Hutan non mangrove,Training,204.06,446.96,341.82,4108.22,1293.31,0.8464,-0.8038,-0.5211
Hutan_non_mangrove_20,Hutan non mangrove,Training,219.71,410.8,276.27,4005.56,1040.32,0.871,-0.814,-0.5877
Hutan_non_mangrove_20,Hutan non mangrove,Training,217.01,487.6,327.5,4671.36,1580.84,0.869,-0.811,-0.4943
Hutan_non_mangrove_20,Hutan non mangrove,Training,189.98,494.37,297.07,4093.51,1309.33,0.8647,-0.7845,-0.5153
Hutan_non_mangrove_20,Hutan non mangrove,Training,191.97,463.16,347.43,4382.16,1307.44,0.8531,-0.8088,-0.5404
Hutan_non_mangrove_20,Hutan non mangrove,Training,168.68,472.74,327.07,4506.87,1367.75,0.8647,-0.8101,-0.5344
Hutan_non_mangrove_20,Hutan non mangrove,Training,214.09,484.23,259.47,4269.44,1508.52,0.8854,-0.7963,-0.4778
Hutan_non_mangrove_20,Hutan non mangrove,Training,215.31,446.77,378.3,4682.63,1401.13,0.8505,-0.8258,-0.5394
Hutan_non_mangrove_20,Hutan non mangrove,Training,194.31,478.01,298.27,4517.89,1247.93,0.8761,-0.8086,-0.5671
Hutan_non_mangrove_20,Hutan non mangrove,Training,192.78,477.41,330.11,3829.77,1285.51,0.8413,-0.7783,-0.4974
Hutan_non_mangrove_20,Hutan non mangrove,Training,149.71,415.07,261.68,4334.78,1427.48,0.8861,-0.8252,-0.5045
Hutan_non_mangrove_20,Hutan non mangrove,Training,195.39,451.04,335.83,3939.43,1168.38,0.8429,-0.7945,-0.5425
Hutan_non_mangrove_20,Hutan non mangrove,Training,221.32,434.36,269.45,4338.5,1163.88,0.8831,-0.818,-0.577
Hutan_non_mangrove_20,Hutan non mangrove,Training,174.27,354.45,307.77,4593.42,1331.22,0.8744,-0.8567,-0.5506
Hutan_non_mangrove_20,Hutan non mangrove,Training,176.25,521.38,318.82,4795.11,1419.3,0.8753,-0.8039,-0.5432
Hutan_non_mangrove_20,Hutan non mangrove,Training,206.8,507.79,295.54,4261.8,1109.44,0.8703,-0.7871,-0.5869
Hutan_non_mangrove_20,Hutan non mangrove,Training,252.13,465.63,296.78,4426.84,1258.22,0.8743,-0.8097,-0.5574
Hutan_non_mangrove_20,Hutan non mangrove,Training,183.46,472.13,301.32,4311.66,1429.92,0.8694,-0.8026,-0.5019
Hutan_non_mangrove_20,Hutan non mangrove,Training,218.92,397.17,338.34,4079.03,1406.93,0.8468,-0.8225,-0.4871
Hutan_non_mangrove_20,Hutan non mangrove,Training,181.98,438.5,306.87,4383.79,1508.15,0.8692,-0.8181,-0.4881
Hutan_non_mangrove_20,Hutan non mangrove,Training,212.98,426.17,311.08,4260.07,1407.09,0.8639,-0.8181,-0.5034
Hutan_non_mangrove_20,Hutan non mangrove,Training,216.03,398.97,239.19,4497.5,1384.24,0.899,-0.837,-0.5293
Hutan_non_mangrove_20,Hutan non mangrove,Training,212.48,415.3,337.87,4287.52,1378.46,0.8539,-0.8234,-0.5134
Hutan_non_mangrove_20,Hutan non mangrove,Training,208.57,380.33,311.19,4571.71,1437.83,0.8725,-0.8464,-0.5215
Hutan_non_mangrove_20,Hutan non mangrove,Training,205.58,437.32,332.48,4507.75,1348.17,0.8626,-0.8231,-0.5396
Hutan_non_mangrove_21,Hutan non mangrove,Training,210.76,459.29,312.05,4006.82,1537.13,0.8555,-0.7943,-0.4455
Hutan_non_mangrove_21,Hutan non mangrove,Training,216.96,498.1,266.54,3935.85,1647.13,0.8731,-0.7753,-0.4099
Hutan_non_mangrove_21,Hutan non mangrove,Training,234.41,417.4,326.04,4083.55,1196.15,0.8521,-0.8145,-0.5469
Hutan_non_mangrove_21,Hutan non mangrove,Training,136.99,449.12,346.82,4580.35,1551.22,0.8592,-0.8214,-0.494
Hutan_non_mangrove_21,Hutan non mangrove,Training,224.9,462.69,334.56,3697.28,1518.77,0.834,-0.7775,-0.4177
Hutan_non_mangrove_21,Hutan non mangrove,Training,166.37,413.49,320.88,4432.18,1326.83,0.865,-0.8293,-0.5392
Hutan_non_mangrove_21,Hutan non mangrove,Training,219.39,472.52,290.68,4238.46,1649.71,0.8716,-0.7994,-0.4397
Hutan_non_mangrove_21,Hutan non mangrove,Training,191.55,440.12,304.5,4154.26,1494.86,0.8634,-0.8084,-0.4708
Hutan_non_mangrove_21,Hutan non mangrove,Training,244.08,440.13,274.3,4693.73,1414.38,0.8896,-0.8285,-0.5369
Hutan_non_mangrove_21,Hutan non mangrove,Training,148.86,524.49,333.79,4600.34,1572.11,0.8647,-0.7953,-0.4906
Hutan_non_mangrove_21,Hutan non mangrove,Training,279.35,408.52,276.13,4076.93,1337.5,0.8731,-0.8178,-0.506
Hutan_non_mangrove_21,Hutan non mangrove,Training,203.69,430.4,264.31,3981.39,1364.75,0.8755,-0.8049,-0.4894
Hutan_non_mangrove_21,Hutan non mangrove,Training,234.33,426.99,324.3,3869.68,1016.13,0.8454,-0.8012,-0.584
Hutan_non_mangrove_21,Hutan non mangrove,Training,196.0,425.6,273.55,3950.29,1315.1,0.8705,-0.8055,-0.5005
Hutan_non_mangrove_21,Hutan non mangrove,Training,170.38,414.13,259.23,3667.65,1134.87,0.868,-0.7971,-0.5274
Hutan_non_mangrove_21,Hutan non mangrove,Training,273.83,447.47,345.74,4155.6,1382.69,0.8464,-0.8056,-0.5007
Hutan_non_mangrove_21,Hutan non mangrove,Training,209.2,475.6,262.6,4105.06,1436.57,0.8798,-0.7923,-0.4815
Hutan_non_mangrove_21,Hutan non mangrove,Training,141.99,501.89,331.88,3674.56,1294.52,0.8343,-0.7597,-0.479
Hutan_non_mangrove_21,Hutan non mangrove,Training,203.15,483.67,345.78,4040.66,1680.58,0.8423,-0.7862,-0.4125
Hutan_non_mangrove_21,Hutan non mangrove,Training,198.54,441.03,316.85,4277.7,1430.59,0.8621,-0.8131,-0.4988
Hutan_non_mangrove_21,Hutan non mangrove,Training,259.88,459.89,270.47,3990.06,1576.71,0.873,-0.7933,-0.4335
Hutan_non_mangrove_21,Hutan non mangrove,Training,220.51,387.75,251.83,4206.26,1473.98,0.887,-0.8312,-0.481
Hutan_non_mangrove_21,Hutan non mangrove,Training,179.66,382.79,266.24,4611.44,1459.64,0.8908,-0.8467,-0.5192
Hutan_non_mangrove_21,Hutan non mangrove,Training,230.0,496.6,281.22,4106.74,1379.84,0.8718,-0.7842,-0.497
Hutan_non_mangrove_21,Hutan non mangrove,Training,212.5,493.58,356.1,4403.58,1498.59,0.8504,-0.7984,-0.4922
Hutan_non_mangrove_21,Hutan non mangrove,Training,257.8,441.8,335.67,4344.57,1473.79,0.8566,-0.8154,-0.4934
Hutan_non_mangrove_21,Hutan non mangrove,Training,193.56,394.23,310.35,4287.27,1330.95,0.865,-0.8316,-0.5262
Hutan_non_mangrove_21,Hutan non mangrove,Training,197.1,414.72,273.8,4079.76,1240.59,0.8742,-0.8155,-0.5336
Hutan_non_mangrove_21,Hutan non mangrove,Training,182.5,478.55,343.68,4718.86,1351.98,0.8642,-0.8159,-0.5546
Hutan_non_mangrove_21,Hutan non mangrove,Training,236.0,463.45,292.88,4300.55,1532.26,0.8725,-0.8054,-0.4746
Hutan_non_mangrove_21,Hutan non mangrove,Training,185.05,429.15,287.71,4043.31,1543.87,0.8671,-0.8081,-0.4474
Hutan_non_mangrove_21,Hutan non mangrove,Training,177.08,426.5,309.34,4257.58,1350.82,0.8645,-0.8179,-0.5183
Hutan_non_mangrove_21,Hutan non mangrove,Training,250.51,424.77,294.87,3718.31,1363.4,0.8531,-0.7949,-0.4634
Hutan_non_mangrove_21,Hutan non mangrove,Training,160.31,413.35,241.32,3976.87,1390.99,0.8856,-0.8117,-0.4817
Hutan_non_mangrove_21,Hutan non mangrove,Training,192.67,433.41,290.25,4073.75,1395.85,0.867,-0.8077,-0.4896
Hutan_non_mangrove_21,Hutan non mangrove,Training,196.69,461.0,293.97,4091.59,1493.39,0.8659,-0.7975,-0.4652
Hutan_non_mangrove_21,Hutan non mangrove,Training,218.09,448.7,335.85,4220.66,1380.66,0.8526,-0.8078,-0.507
Hutan_non_mangrove_21,Hutan non mangrove,Training,197.94,456.6,272.48,3731.59,1433.78,0.8639,-0.782,-0.4449
Hutan_non_mangrove_21,Hutan non mangrove,Training,225.02,409.96,332.19,3788.39,1332.95,0.8388,-0.8047,-0.4795
Hutan_non_mangrove_21,Hutan non mangrove,Training,251.18,464.24,290.93,4263.07,1543.56,0.8722,-0.8036,-0.4683
Hutan_non_mangrove_21,Hutan non mangrove,Training,156.65,502.71,285.3,4377.1,1326.29,0.8776,-0.794,-0.5349
Hutan_non_mangrove_21,Hutan non mangrove,Training,250.51,448.75,260.14,4317.52,1556.15,0.8863,-0.8117,-0.4701
Hutan_non_mangrove_21,Hutan non mangrove,Training,235.65,453.74,324.36,4094.61,1470.92,0.8532,-0.8005,-0.4714
Hutan_non_mangrove_21,Hutan non mangrove,Training,210.88,334.19,269.98,4251.96,1419.8,0.8806,-0.8543,-0.4993
Hutan_non_mangrove_21,Hutan non mangrove,Training,199.13,453.57,336.23,4288.53,1120.08,0.8546,-0.8087,-0.5858
Hutan_non_mangrove_21,Hutan non mangrove,Training,258.43,373.74,328.74,3808.92,1570.81,0.8411,-0.8213,-0.416
Hutan_non_mangrove_21,Hutan non mangrove,Training,191.66,465.37,240.42,4382.39,1449.96,0.896,-0.808,-0.5028
Hutan_non_mangrove_21,Hutan non mangrove,Training,218.52,487.98,305.36,4147.32,1302.69,0.8628,-0.7894,-0.5219
Hutan_non_mangrove_21,Hutan non mangrove,Training,186.71,498.26,274.87,3739.23,1281.5,0.863,-0.7648,-0.4895
Hutan_non_mangrove_21,Hutan non mangrove,Training,218.18,437.89,318.13,3699.88,1042.09,0.8416,-0.7883,-0.5605
Hutan_non_mangrove_22,Hutan non mangrove,Training,207.92,490.19,248.67,4331.51,1542.83,0.8914,-0.7967,-0.4747
Hutan_non_mangrove_22,Hutan non mangrove,Training,199.87,486.04,305.71,4134.27,1498.52,0.8623,-0.7896,-0.4679
Hutan_non_mangrove_22,Hutan non mangrove,Training,257.38,427.69,297.37,3952.33,1418.63,0.8601,-0.8047,-0.4717
Hutan_non_mangrove_22,Hutan non mangrove,Training,195.31,496.34,342.59,4397.0,1525.61,0.8554,-0.7971,-0.4848
Hutan_non_mangrove_22,Hutan non mangrove,Training,178.85,411.8,313.1,4205.01,1639.9,0.8614,-0.8216,-0.4389
Hutan_non_mangrove_22,Hutan non mangrove,Training,142.35,474.78,318.09,4009.51,1283.89,0.853,-0.7882,-0.5149
Hutan_non_mangrove_22,Hutan non mangrove,Training,189.82,384.34,343.72,4875.18,1359.05,0.8683,-0.8539,-0.564
Hutan_non_mangrove_22,Hutan non mangrove,Training,180.82,397.57,267.12,4052.64,1545.05,0.8763,-0.8213,-0.448
Hutan_non_mangrove_22,Hutan non mangrove,Training,295.79,421.09,272.94,3908.0,1454.09,0.8694,-0.8055,-0.4576
Hutan_non_mangrove_22,Hutan non mangrove,Training,210.33,454.04,286.67,4539.8,1491.71,0.8812,-0.8182,-0.5054
Hutan_non_mangrove_22,Hutan non mangrove,Training,221.63,464.81,294.32,4021.21,1462.39,0.8636,-0.7928,-0.4666
Hutan_non_mangrove_22,Hutan non mangrove,Training,212.69,472.69,253.07,4284.82,1362.96,0.8885,-0.8013,-0.5173
Hutan_non_mangrove_22,Hutan non mangrove,Training,173.64,479.14,305.32,4788.53,1458.14,0.8801,-0.8181,-0.5331
Hutan_non_mangrove_22,Hutan non mangrove,Training,191.08,445.67,264.84,4507.71,1437.8,0.889,-0.8201,-0.5163
Hutan_non_mangrove_22,Hutan non mangrove,Training,209.96,407.43,323.37,3966.15,1333.53,0.8492,-0.8137,-0.4968
Hutan_non_mangrove_22,Hutan non mangrove,Training,203.76,426.76,276.23,4187.47,1521.2,0.8762,-0.815,-0.4671
Hutan_non_mangrove_22,Hutan non mangrove,Training,226.85,478.3,314.59,4081.11,1534.5,0.8569,-0.7902,-0.4535
Hutan_non_mangrove_22,Hutan non mangrove,Training,147.92,467.35,325.24,4177.43,1313.32,0.8555,-0.7988,-0.5216
Hutan_non_mangrove_22,Hutan non mangrove,Training,198.89,419.7,315.43,4436.43,1453.6,0.8672,-0.8271,-0.5064
Hutan_non_mangrove_22,Hutan non mangrove,Training,211.61,480.41,326.28,4005.43,1215.44,0.8494,-0.7858,-0.5344
Hutan_non_mangrove_22,Hutan non mangrove,Training,208.34,486.98,252.57,4217.21,1535.4,0.887,-0.793,-0.4662
Hutan_non_mangrove_22,Hutan non mangrove,Training,196.51,510.85,340.02,4154.32,1355.87,0.8487,-0.781,-0.5079
Hutan_non_mangrove_22,Hutan non mangrove,Training,189.52,455.39,264.79,3860.41,1127.42,0.8716,-0.789,-0.5479
Hutan_non_mangrove_22,Hutan non mangrove,Training,199.37,531.56,240.28,4153.96,1374.3,0.8906,-0.7731,-0.5028
Hutan_non_mangrove_22,Hutan non mangrove,Training,195.44,500.27,273.35,3713.44,1335.89,0.8629,-0.7626,-0.4709
Hutan_non_mangrove_22,Hutan non mangrove,Training,179.96,360.76,307.36,3903.5,1390.03,0.854,-0.8308,-0.4748
Hutan_non_mangrove_22,Hutan non mangrove,Training,189.11,407.04,326.72,4129.64,1406.51,0.8534,-0.8206,-0.4919
Hutan_non_mangrove_22,Hutan non mangrove,Training,217.59,461.54,304.35,3993.95,1266.53,0.8584,-0.7928,-0.5185
Hutan_non_mangrove_22,Hutan non mangrove,Training,204.74,411.52,323.83,4167.62,1477.83,0.8558,-0.8203,-0.4765
Hutan_non_mangrove_22,Hutan non mangrove,Training,170.43,404.35,350.37,4162.63,1509.59,0.8447,-0.8229,-0.4677
Hutan_non_mangrove_22,Hutan non mangrove,Training,157.64,438.68,339.07,3808.84,1673.04,0.8365,-0.7934,-0.3896
Hutan_non_mangrove_22,Hutan non mangrove,Training,206.08,417.24,310.56,4477.28,1300.93,0.8703,-0.8295,-0.5497
Hutan_non_mangrove_22,Hutan non mangrove,Training,179.54,459.97,313.89,4150.39,1448.28,0.8594,-0.8005,-0.4826
Hutan_non_mangrove_22,Hutan non mangrove,Training,225.61,456.93,279.26,4194.77,1610.75,0.8752,-0.8035,-0.4451
Hutan_non_mangrove_22,Hutan non mangrove,Training,209.99,499.61,284.57,4265.66,1495.32,0.8749,-0.7903,-0.4809
Hutan_non_mangrove_22,Hutan non mangrove,Training,244.93,499.1,266.42,4487.96,1602.32,0.8879,-0.7998,-0.4738
Hutan_non_mangrove_22,Hutan non mangrove,Training,182.75,414.22,299.27,4244.87,1357.99,0.8683,-0.8222,-0.5153
Hutan_non_mangrove_22,Hutan non mangrove,Training,164.4,508.9,274.2,4073.27,1413.1,0.8739,-0.7779,-0.4849
Hutan_non_mangrove_22,Hutan non mangrove,Training,155.83,388.04,287.05,4406.41,1422.56,0.8777,-0.8381,-0.5119
Hutan_non_mangrove_22,Hutan non mangrove,Training,138.22,505.58,323.92,4247.75,1419.7,0.8583,-0.7873,-0.499
Hutan_non_mangrove_22,Hutan non mangrove,Training,220.2,543.05,326.42,4274.04,1252.75,0.8581,-0.7745,-0.5467
Hutan_non_mangrove_22,Hutan non mangrove,Training,204.94,480.93,296.54,4069.3,1466.44,0.8642,-0.7886,-0.4702
Hutan_non_mangrove_22,Hutan non mangrove,Training,170.36,484.72,286.93,3669.38,1345.43,0.8549,-0.7666,-0.4634
Hutan_non_mangrove_22,Hutan non mangrove,Training,198.29,472.1,313.11,3877.39,1414.65,0.8506,-0.7829,-0.4654
Hutan_non_mangrove_22,Hutan non mangrove,Training,183.98,435.59,270.05,4187.27,1775.89,0.8788,-0.8115,-0.4044
Hutan_non_mangrove_22,Hutan non mangrove,Training,255.69,410.05,301.98,4121.5,1417.04,0.8635,-0.819,-0.4883
Hutan_non_mangrove_22,Hutan non mangrove,Training,227.49,444.83,278.63,4489.12,1251.92,0.8831,-0.8197,-0.5639
Hutan_non_mangrove_22,Hutan non mangrove,Training,205.68,390.56,269.22,4386.2,1318.47,0.8843,-0.8365,-0.5378
Hutan_non_mangrove_22,Hutan non mangrove,Training,143.7,421.09,275.11,3884.41,1466.01,0.8677,-0.8044,-0.452
Hutan_non_mangrove_22,Hutan non mangrove,Training,153.6,426.48,304.0,4114.3,1351.5,0.8624,-0.8122,-0.5055
Hutan_non_mangrove_23,Hutan non mangrove,Training,178.32,401.25,280.9,4364.39,1347.91,0.8791,-0.8316,-0.5281
Hutan_non_mangrove_23,Hutan non mangrove,Training,205.01,494.68,317.99,3880.93,1453.76,0.8485,-0.7739,-0.455
Hutan_non_mangrove_23,Hutan non mangrove,Training,231.43,426.71,252.43,4089.83,1422.57,0.8837,-0.811,-0.4839
Hutan_non_mangrove_23,Hutan non mangrove,Training,217.77,429.17,238.94,3880.9,1443.19,0.884,-0.8009,-0.4579
Hutan_non_mangrove_23,Hutan non mangrove,Training,259.72,449.12,339.39,3935.76,1322.28,0.8412,-0.7951,-0.497
Hutan_non_mangrove_23,Hutan non mangrove,Training,129.79,464.79,273.19,4349.78,1339.72,0.8818,-0.8069,-0.5291
Hutan_non_mangrove_23,Hutan non mangrove,Training,260.65,521.73,230.9,4347.8,1310.8,0.8991,-0.7857,-0.5367
Hutan_non_mangrove_23,Hutan non mangrove,Training,219.41,396.25,343.24,4457.67,1230.35,0.857,-0.8367,-0.5674
Hutan_non_mangrove_23,Hutan non mangrove,Training,194.56,456.5,321.58,4197.01,1494.36,0.8577,-0.8038,-0.4749
Hutan_non_mangrove_23,Hutan non mangrove,Training,197.88,474.47,258.96,4193.5,1538.01,0.8837,-0.7967,-0.4633
Hutan_non_mangrove_23,Hutan non mangrove,Training,242.33,456.92,297.03,4542.01,1387.89,0.8772,-0.8172,-0.5319
Hutan_non_mangrove_23,Hutan non mangrove,Training,234.34,445.73,301.2,3923.82,1250.09,0.8574,-0.796,-0.5168
Hutan_non_mangrove_23,Hutan non mangrove,Training,229.34,518.91,303.17,4158.45,1522.72,0.8641,-0.7781,-0.4639
Hutan_non_mangrove_23,Hutan non mangrove,Training,210.12,354.07,329.81,3865.77,1398.59,0.8428,-0.8322,-0.4687
Hutan_non_mangrove_23,Hutan non mangrove,Training,186.76,424.37,301.41,4423.41,1403.76,0.8724,-0.8249,-0.5182
Hutan_non_mangrove_23,Hutan non mangrove,Training,242.3,511.36,345.75,4186.04,1342.61,0.8474,-0.7823,-0.5143
Hutan_non_mangrove_23,Hutan non mangrove,Training,198.99,495.01,331.96,3551.2,1436.7,0.829,-0.7553,-0.4239
Hutan_non_mangrove_23,Hutan non mangrove,Training,128.96,449.24,284.13,3990.77,1501.91,0.8671,-0.7976,-0.4531
Hutan_non_mangrove_23,Hutan non mangrove,Training,180.58,449.62,272.03,4218.43,1515.17,0.8788,-0.8074,-0.4715
Hutan_non_mangrove_23,Hutan non mangrove,Training,173.66,475.6,301.69,4211.83,1357.95,0.8663,-0.7971,-0.5124
Hutan_non_mangrove_23,Hutan non mangrove,Training,223.2,476.84,296.0,4250.67,1489.16,0.8698,-0.7983,-0.4811
Hutan_non_mangrove_23,Hutan non mangrove,Training,216.25,437.73,334.97,4416.03,1653.35,0.859,-0.8196,-0.4552
Hutan_non_mangrove_23,Hutan non mangrove,Training,152.91,478.08,334.56,4451.29,1369.67,0.8602,-0.806,-0.5294
Hutan_non_mangrove_23,Hutan non mangrove,Training,159.11,511.59,285.55,4126.14,1647.99,0.8705,-0.7794,-0.4292
Hutan_non_mangrove_23,Hutan non mangrove,Training,161.81,482.76,277.39,4006.07,1420.12,0.8705,-0.7849,-0.4766
Hutan_non_mangrove_23,Hutan non mangrove,Training,220.29,488.01,332.44,4023.35,1262.78,0.8474,-0.7837,-0.5222
Hutan_non_mangrove_23,Hutan non mangrove,Training,189.72,463.9,293.83,3292.12,1180.74,0.8361,-0.753,-0.472
Hutan_non_mangrove_23,Hutan non mangrove,Training,192.79,484.21,272.86,4383.27,1220.47,0.8828,-0.801,-0.5644
Hutan_non_mangrove_23,Hutan non mangrove,Training,207.67,460.51,314.06,3947.93,1214.28,0.8526,-0.7911,-0.5295
Hutan_non_mangrove_23,Hutan non mangrove,Training,221.78,388.95,276.87,4547.92,1420.39,0.8852,-0.8424,-0.524
Hutan_non_mangrove_23,Hutan non mangrove,Training,211.06,474.99,317.67,4194.68,1291.83,0.8592,-0.7966,-0.5291
Hutan_non_mangrove_23,Hutan non mangrove,Training,280.52,438.29,309.93,4310.03,1336.05,0.8658,-0.8154,-0.5267
Hutan_non_mangrove_23,Hutan non mangrove,Training,187.23,509.53,277.83,4303.11,1507.5,0.8787,-0.7883,-0.4811
Hutan_non_mangrove_23,Hutan non mangrove,Training,193.58,446.24,328.71,4165.66,1150.74,0.8537,-0.8065,-0.5671
Hutan_non_mangrove_23,Hutan non mangrove,Training,245.12,410.98,306.46,3870.56,1338.69,0.8533,-0.808,-0.486
Hutan_non_mangrove_23,Hutan non mangrove,Training,186.91,456.97,273.69,4695.71,1402.94,0.8899,-0.8226,-0.5399
Hutan_non_mangrove_23,Hutan non mangrove,Training,226.43,449.65,329.92,3674.84,1315.43,0.8352,-0.782,-0.4728
Hutan_non_mangrove_23,Hutan non mangrove,Training,184.35,428.8,315.56,4346.79,1391.11,0.8646,-0.8204,-0.5151
Hutan_non_mangrove_23,Hutan non mangrove,Training,198.52,547.62,309.74,3643.7,1492.41,0.8433,-0.7387,-0.4189
Hutan_non_mangrove_23,Hutan non mangrove,Training,216.78,496.37,317.95,3973.81,1506.8,0.8518,-0.7779,-0.4501
Hutan_non_mangrove_23,Hutan non mangrove,Training,202.98,491.85,346.44,4169.53,1505.1,0.8466,-0.789,-0.4695
Hutan_non_mangrove_23,Hutan non mangrove,Training,231.01,456.35,358.74,4461.39,1329.75,0.8511,-0.8144,-0.5408
Hutan_non_mangrove_23,Hutan non mangrove,Training,207.8,484.41,357.6,4355.21,1434.74,0.8482,-0.7998,-0.5044
Hutan_non_mangrove_23,Hutan non mangrove,Training,237.91,441.22,270.3,4375.94,1354.62,0.8836,-0.8168,-0.5272
Hutan_non_mangrove_23,Hutan non mangrove,Training,281.47,460.12,321.3,4042.92,1551.75,0.8528,-0.7956,-0.4453
Hutan_non_mangrove_23,Hutan non mangrove,Training,199.19,445.02,296.98,3877.15,1369.94,0.8577,-0.7941,-0.4778
Hutan_non_mangrove_23,Hutan non mangrove,Training,216.38,388.18,330.65,4132.92,1429.37,0.8518,-0.8283,-0.4861
Hutan_non_mangrove_23,Hutan non mangrove,Training,132.98,459.0,268.71,4112.14,1211.9,0.8773,-0.7992,-0.5447
Hutan_non_mangrove_23,Hutan non mangrove,Training,173.54,443.46,291.85,4421.13,1175.83,0.8762,-0.8177,-0.5798
Hutan_non_mangrove_23,Hutan non mangrove,Training,198.46,446.04,286.27,3971.7,1532.26,0.8655,-0.7981,-0.4432
Hutan_non_mangrove_24,Hutan non mangrove,Training,261.43,381.44,272.27,3948.91,1366.22,0.871,-0.8238,-0.4859
Hutan_non_mangrove_24,Hutan non mangrove,Training,237.68,471.11,295.38,4204.09,1361.72,0.8687,-0.7985,-0.5107
Hutan_non_mangrove_24,Hutan non mangrove,Training,222.16,484.41,317.74,3650.86,1401.58,0.8399,-0.7657,-0.4452
Hutan_non_mangrove_24,Hutan non mangrove,Training,194.4,489.65,307.17,4339.18,1340.56,0.8678,-0.7972,-0.5279
Hutan_non_mangrove_24,Hutan non mangrove,Training,228.18,499.35,251.19,3875.95,1491.49,0.8783,-0.7717,-0.4442
Hutan_non_mangrove_24,Hutan non mangrove,Training,194.83,491.15,307.25,4373.22,1310.33,0.8687,-0.7981,-0.5389
Hutan_non_mangrove_24,Hutan non mangrove,Training,210.19,463.71,279.33,4450.42,1172.56,0.8819,-0.8113,-0.5829
Hutan_non_mangrove_24,Hutan non mangrove,Training,206.23,398.24,269.33,4446.5,1268.01,0.8858,-0.8356,-0.5562
Hutan_non_mangrove_24,Hutan non mangrove,Training,165.74,473.21,266.68,4454.55,1477.35,0.887,-0.8079,-0.5019
Hutan_non_mangrove_24,Hutan non mangrove,Training,176.67,489.22,241.84,4318.12,1250.45,0.8939,-0.7965,-0.5509
Hutan_non_mangrove_24,Hutan non mangrove,Training,184.3,431.65,338.44,4074.68,1390.57,0.8466,-0.8084,-0.4911
Hutan_non_mangrove_24,Hutan non mangrove,Training,186.85,410.69,269.09,4277.18,1396.83,0.8816,-0.8248,-0.5076
Hutan_non_mangrove_24,Hutan non mangrove,Training,222.88,440.32,293.71,4391.44,1355.35,0.8746,-0.8177,-0.5283
Hutan_non_mangrove_24,Hutan non mangrove,Training,156.81,483.9,279.69,4216.72,1324.82,0.8756,-0.7941,-0.5219
Hutan_non_mangrove_24,Hutan non mangrove,Training,170.82,374.05,310.17,3351.52,1555.8,0.8306,-0.7992,-0.3659
Hutan_non_mangrove_24,Hutan non mangrove,Training,230.96,413.62,347.65,4715.2,1367.2,0.8627,-0.8387,-0.5504
Hutan_non_mangrove_24,Hutan non mangrove,Training,212.33,455.45,345.41,3851.84,1372.72,0.8354,-0.7885,-0.4745
Hutan_non_mangrove_24,Hutan non mangrove,Training,227.58,482.54,298.72,4548.08,1428.02,0.8767,-0.8082,-0.5221
Hutan_non_mangrove_24,Hutan non mangrove,Training,203.41,477.88,298.17,4212.57,1305.52,0.8678,-0.7962,-0.5268
Hutan_non_mangrove_24,Hutan non mangrove,Training,288.0,431.06,321.88,4677.18,1238.86,0.8712,-0.8312,-0.5812
Hutan_non_mangrove_24,Hutan non mangrove,Training,218.34,450.93,353.84,3972.7,1309.73,0.8364,-0.7961,-0.5041
Hutan_non_mangrove_24,Hutan non mangrove,Training,198.5,430.26,286.22,4707.11,1415.25,0.8854,-0.8325,-0.5377
Hutan_non_mangrove_24,Hutan non mangrove,Training,176.46,434.4,312.15,4284.34,1330.73,0.8642,-0.8159,-0.526
Hutan_non_mangrove_24,Hutan non mangrove,Training,151.16,447.98,297.67,4038.47,1553.57,0.8627,-0.8003,-0.4444
Hutan_non_mangrove_24,Hutan non mangrove,Training,217.24,455.39,289.18,4633.26,1261.46,0.8825,-0.821,-0.572
Hutan_non_mangrove_24,Hutan non mangrove,Training,185.1,431.91,308.97,4365.22,1239.61,0.8678,-0.8199,-0.5577
Hutan_non_mangrove_24,Hutan non mangrove,Training,179.46,467.91,280.05,4099.56,1420.72,0.8721,-0.7951,-0.4853
Hutan_non_mangrove_24,Hutan non mangrove,Training,170.6,461.1,318.38,4209.6,1571.05,0.8594,-0.8026,-0.4564
Hutan_non_mangrove_24,Hutan non mangrove,Training,221.76,448.36,290.36,4638.68,1320.63,0.8822,-0.8237,-0.5568
Hutan_non_mangrove_24,Hutan non mangrove,Training,191.83,433.61,311.93,4763.79,1429.6,0.8771,-0.8331,-0.5383
Hutan_non_mangrove_24,Hutan non mangrove,Training,190.34,457.55,260.61,4153.05,1604.49,0.8819,-0.8015,-0.4426
Hutan_non_mangrove_24,Hutan non mangrove,Training,219.86,499.24,330.4,4022.8,1629.44,0.8482,-0.7792,-0.4234
Hutan_non_mangrove_24,Hutan non mangrove,Training,146.72,463.3,238.21,3771.67,1512.27,0.8812,-0.7812,-0.4276
Hutan_non_mangrove_24,Hutan non mangrove,Training,179.26,499.8,234.77,4177.87,1254.09,0.8936,-0.7863,-0.5383
Hutan_non_mangrove_24,Hutan non mangrove,Training,190.14,511.93,353.75,4328.23,1208.65,0.8489,-0.7885,-0.5634
Hutan_non_mangrove_24,Hutan non mangrove,Training,163.8,456.4,275.82,4364.49,1601.11,0.8811,-0.8107,-0.4632
Hutan_non_mangrove_24,Hutan non mangrove,Training,170.52,414.2,264.59,4136.44,1406.27,0.8798,-0.818,-0.4926
Hutan_non_mangrove_24,Hutan non mangrove,Training,200.65,485.91,311.79,4185.32,1404.91,0.8613,-0.792,-0.4974
Hutan_non_mangrove_24,Hutan non mangrove,Training,202.57,447.69,279.69,3899.23,1417.07,0.8661,-0.794,-0.4669
Hutan_non_mangrove_24,Hutan non mangrove,Training,185.02,471.0,302.16,4203.73,1518.14,0.8659,-0.7985,-0.4694
Hutan_non_mangrove_24,Hutan non mangrove,Training,157.86,520.77,234.45,4562.7,1424.1,0.9023,-0.7951,-0.5243
Hutan_non_mangrove_24,Hutan non mangrove,Training,184.28,391.13,282.02,4159.08,1423.39,0.873,-0.8281,-0.4901
Hutan_non_mangrove_24,Hutan non mangrove,Training,243.37,452.94,309.59,4287.53,1360.7,0.8653,-0.8089,-0.5182
Hutan_non_mangrove_24,Hutan non mangrove,Training,194.23,445.72,318.79,3971.77,1339.21,0.8514,-0.7982,-0.4957
Hutan_non_mangrove_24,Hutan non mangrove,Training,210.69,406.94,303.41,4063.58,1460.63,0.861,-0.8179,-0.4712
Hutan_non_mangrove_24,Hutan non mangrove,Training,241.21,428.21,322.73,4250.15,1353.94,0.8589,-0.8169,-0.5168
Hutan_non_mangrove_24,Hutan non mangrove,Training,200.2,501.92,294.85,4527.28,1385.6,0.8777,-0.8004,-0.5313
Hutan_non_mangrove_24,Hutan non mangrove,Training,157.63,444.13,255.29,4120.57,1357.27,0.8833,-0.8054,-0.5045
Hutan_non_mangrove_24,Hutan non mangrove,Training,254.51,514.37,302.56,4502.84,1352.27,0.8741,-0.795,-0.5381
Hutan_non_mangrove_24,Hutan non mangrove,Training,157.18,471.11,310.84,3965.62,1292.8,0.8546,-0.7876,-0.5083
Hutan_non_mangrove_25,Hutan non mangrove,Training,228.19,382.66,316.75,4121.38,1467.15,0.8573,-0.8301,-0.4749
Hutan_non_mangrove_25,Hutan non mangrove,Training,229.65,415.03,265.79,4566.57,1393.14,0.89,-0.8334,-0.5325
Hutan_non_mangrove_25,Hutan non mangrove,Training,209.83,486.43,271.16,4425.49,1476.82,0.8845,-0.8019,-0.4996
Hutan_non_mangrove_25,Hutan non mangrove,Training,244.1,508.1,301.9,4388.26,1405.35,0.8713,-0.7925,-0.5149
Hutan_non_mangrove_25,Hutan non mangrove,Training,204.36,404.85,293.27,3751.31,1383.5,0.855,-0.8052,-0.4611
Hutan_non_mangrove_25,Hutan non mangrove,Training,239.6,481.12,303.37,4149.49,1335.16,0.8637,-0.7922,-0.5131
Hutan_non_mangrove_25,Hutan non mangrove,Training,172.44,482.75,253.95,3810.5,1508.52,0.875,-0.7751,-0.4328
Hutan_non_mangrove_25,Hutan non mangrove,Training,206.24,451.79,306.21,4702.52,1406.72,0.8777,-0.8247,-0.5395
Hutan_non_mangrove_25,Hutan non mangrove,Training,208.8,532.32,298.09,4631.58,1147.16,0.8791,-0.7938,-0.603
Hutan_non_mangrove_25,Hutan non mangrove,Training,165.14,423.28,317.52,4643.5,1329.1,0.872,-0.8329,-0.5549
Hutan_non_mangrove_25,Hutan non mangrove,Training,229.35,539.49,346.94,4099.03,1504.23,0.8439,-0.7674,-0.4631
Hutan_non_mangrove_25,Hutan non mangrove,Training,210.18,423.62,312.82,4081.55,1414.92,0.8576,-0.8119,-0.4852
Hutan_non_mangrove_25,Hutan non mangrove,Training,158.65,379.48,291.4,4279.54,1264.66,0.8725,-0.8371,-0.5438
Hutan_non_mangrove_25,Hutan non mangrove,Training,215.79,451.71,319.51,4436.41,1561.23,0.8656,-0.8152,-0.4794
Hutan_non_mangrove_25,Hutan non mangrove,Training,218.1,438.19,305.67,4782.3,1518.26,0.8798,-0.8321,-0.5181
Hutan_non_mangrove_25,Hutan non mangrove,Training,202.15,443.98,282.05,3903.2,1604.97,0.8652,-0.7957,-0.4172
Hutan_non_mangrove_25,Hutan non mangrove,Training,214.35,399.25,296.24,4517.62,1346.37,0.8769,-0.8376,-0.5408
Hutan_non_mangrove_25,Hutan non mangrove,Training,175.57,464.27,319.74,4088.58,1328.06,0.8549,-0.7961,-0.5096
Hutan_non_mangrove_25,Hutan non mangrove,Training,213.82,405.01,283.85,4169.91,1488.68,0.8725,-0.8229,-0.4738
Hutan_non_mangrove_25,Hutan non mangrove,Training,187.17,472.53,334.98,4073.39,1786.75,0.848,-0.7921,-0.3902
Hutan_non_mangrove_25,Hutan non mangrove,Training,242.59,460.9,294.55,4061.17,1599.35,0.8648,-0.7962,-0.4349
Hutan_non_mangrove_25,Hutan non mangrove,Training,206.31,392.45,248.64,4228.11,1416.13,0.8889,-0.8301,-0.4982
Hutan_non_mangrove_25,Hutan non mangrove,Training,172.49,389.42,241.11,4010.17,1356.47,0.8866,-0.823,-0.4945
Hutan_non_mangrove_25,Hutan non mangrove,Training,220.75,444.79,331.92,4351.27,1461.59,0.8583,-0.8145,-0.4971
Hutan_non_mangrove_25,Hutan non mangrove,Training,229.38,394.53,283.91,4800.35,1171.25,0.8883,-0.8481,-0.6077
Hutan_non_mangrove_25,Hutan non mangrove,Training,191.07,469.05,243.69,4011.83,1639.52,0.8855,-0.7906,-0.4198
Hutan_non_mangrove_25,Hutan non mangrove,Training,205.11,427.02,306.31,4055.91,1605.5,0.8596,-0.8095,-0.4328
Hutan_non_mangrove_25,Hutan non mangrove,Training,170.27,429.09,255.23,4126.14,1379.05,0.8835,-0.8116,-0.499
Hutan_non_mangrove_25,Hutan non mangrove,Training,235.87,409.33,314.51,4221.68,1172.9,0.8613,-0.8232,-0.5652
Hutan_non_mangrove_25,Hutan non mangrove,Training,178.24,419.4,350.49,4336.43,1417.36,0.8504,-0.8236,-0.5073
Hutan_non_mangrove_25,Hutan non mangrove,Training,71.14,373.67,321.83,4395.51,1310.93,0.8636,-0.8433,-0.5405
Hutan_non_mangrove_25,Hutan non mangrove,Training,200.83,448.27,305.08,4107.0,1497.84,0.8617,-0.8032,-0.4655
Hutan_non_mangrove_25,Hutan non mangrove,Training,233.18,411.62,264.17,4000.97,1405.85,0.8761,-0.8134,-0.48
Hutan_non_mangrove_25,Hutan non mangrove,Training,210.67,481.54,329.14,4290.61,1427.55,0.8575,-0.7982,-0.5007
Hutan_non_mangrove_25,Hutan non mangrove,Training,249.47,450.2,317.7,4280.06,1379.22,0.8618,-0.8097,-0.5126
Hutan_non_mangrove_25,Hutan non mangrove,Training,195.0,502.88,297.29,4111.83,1311.55,0.8651,-0.7821,-0.5163
Hutan_non_mangrove_25,Hutan non mangrove,Training,212.68,429.51,309.95,4244.43,1348.71,0.8639,-0.8162,-0.5177
Hutan_non_mangrove_25,Hutan non mangrove,Training,158.13,408.83,273.84,3948.99,1454.63,0.8703,-0.8124,-0.4616
Hutan_non_mangrove_25,Hutan non mangrove,Training,263.88,429.56,288.47,4053.85,1502.92,0.8671,-0.8084,-0.4591
Hutan_non_mangrove_25,Hutan non mangrove,Training,212.79,449.33,263.61,3958.06,1421.04,0.8751,-0.7961,-0.4716
Hutan_non_mangrove_25,Hutan non mangrove,Training,206.7,449.36,319.95,3894.36,1436.43,0.8482,-0.7931,-0.4611
Hutan_non_mangrove_25,Hutan non mangrove,Training,207.44,411.68,281.85,4373.28,1263.37,0.8789,-0.8279,-0.5517
Hutan_non_mangrove_25,Hutan non mangrove,Training,273.91,472.23,298.28,4136.96,1494.58,0.8655,-0.7951,-0.4692
Hutan_non_mangrove_25,Hutan non mangrove,Training,187.66,435.19,343.58,4082.11,1416.33,0.8447,-0.8073,-0.4848
Hutan_non_mangrove_25,Hutan non mangrove,Training,177.19,460.36,317.42,4620.72,1287.52,0.8714,-0.8188,-0.5642
Hutan_non_mangrove_25,Hutan non mangrove,Training,156.56,439.33,281.49,4196.14,1462.64,0.8743,-0.8104,-0.4831
Hutan_non_mangrove_25,Hutan non mangrove,Training,267.95,431.94,233.69,4140.51,1442.06,0.8932,-0.8111,-0.4834
Hutan_non_mangrove_25,Hutan non mangrove,Training,170.91,459.35,304.12,4264.96,1494.96,0.8669,-0.8055,-0.4809
Hutan_non_mangrove_25,Hutan non mangrove,Training,197.52,471.9,246.03,3959.41,1359.02,0.883,-0.787,-0.4889
Hutan_non_mangrove_25,Hutan non mangrove,Training,169.85,450.26,289.69,4086.22,1506.06,0.8676,-0.8015,-0.4614
Hutan_non_mangrove_26,Hutan non mangrove,Training,202.51,406.65,281.9,4388.31,1423.97,0.8793,-0.8304,-0.51
Hutan_non_mangrove_26,Hutan non mangrove,Training,235.88,483.86,288.33,4558.88,1582.14,0.881,-0.8081,-0.4847
Hutan_non_mangrove_26,Hutan non mangrove,Training,146.44,451.27,283.5,4134.88,1302.06,0.8717,-0.8032,-0.521
Hutan_non_mangrove_26,Hutan non mangrove,Training,171.76,486.05,264.96,4223.34,1238.1,0.8819,-0.7936,-0.5466
Hutan_non_mangrove_26,Hutan non mangrove,Training,238.08,451.2,322.36,4248.78,1369.61,0.859,-0.808,-0.5125
Hutan_non_mangrove_26,Hutan non mangrove,Training,202.05,510.29,273.08,3562.66,1305.58,0.8576,-0.7494,-0.4636
Hutan_non_mangrove_26,Hutan non mangrove,Training,163.73,488.72,294.73,4406.86,1403.83,0.8746,-0.8003,-0.5168
Hutan_non_mangrove_26,Hutan non mangrove,Training,200.26,456.56,344.4,4246.63,1533.1,0.85,-0.8059,-0.4695
Hutan_non_mangrove_26,Hutan non mangrove,Training,231.35,443.47,297.78,4105.55,1553.98,0.8647,-0.805,-0.4508
Hutan_non_mangrove_26,Hutan non mangrove,Training,171.77,421.08,291.71,3912.96,1329.04,0.8612,-0.8057,-0.4929
Hutan_non_mangrove_26,Hutan non mangrove,Training,234.08,476.06,287.38,4400.71,1649.83,0.8774,-0.8048,-0.4547
Hutan_non_mangrove_26,Hutan non mangrove,Training,209.39,506.81,325.55,4126.39,1423.68,0.8538,-0.7812,-0.487
Hutan_non_mangrove_26,Hutan non mangrove,Training,215.79,420.2,221.72,3991.48,1141.02,0.8947,-0.8095,-0.5554
Hutan_non_mangrove_26,Hutan non mangrove,Training,177.46,381.7,326.4,3904.35,1465.29,0.8457,-0.8219,-0.4542
Hutan_non_mangrove_26,Hutan non mangrove,Training,223.0,478.06,243.95,4480.66,1450.44,0.8967,-0.8072,-0.5109
Hutan_non_mangrove_26,Hutan non mangrove,Training,224.13,523.2,323.83,3904.34,1478.39,0.8468,-0.7637,-0.4507
Hutan_non_mangrove_26,Hutan non mangrove,Training,154.89,447.48,284.9,4202.54,1218.85,0.873,-0.8075,-0.5504
Hutan_non_mangrove_26,Hutan non mangrove,Training,158.17,432.03,293.32,4093.55,1574.05,0.8663,-0.8091,-0.4445
Hutan_non_mangrove_26,Hutan non mangrove,Training,212.71,465.85,288.53,3852.04,1399.51,0.8606,-0.7842,-0.467
Hutan_non_mangrove_26,Hutan non mangrove,Training,254.22,458.98,333.4,4509.85,1467.14,0.8623,-0.8153,-0.5091
Hutan_non_mangrove_26,Hutan non mangrove,Training,206.61,410.49,293.75,4109.78,1439.6,0.8666,-0.8184,-0.4812
Hutan_non_mangrove_26,Hutan non mangrove,Training,157.58,428.51,312.12,4024.47,1290.13,0.8561,-0.8075,-0.5145
Hutan_non_mangrove_26,Hutan non mangrove,Training,176.26,439.1,228.58,4013.46,1514.33,0.8922,-0.8028,-0.4521
Hutan_non_mangrove_26,Hutan non mangrove,Training,209.72,466.8,245.17,4096.45,1386.09,0.8871,-0.7954,-0.4944
Hutan_non_mangrove_26,Hutan non mangrove,Training,213.93,494.43,328.64,4053.66,1332.5,0.85,-0.7826,-0.5052
Hutan_non_mangrove_26,Hutan non mangrove,Training,242.36,435.6,267.52,4148.22,1561.92,0.8788,-0.8099,-0.4529
Hutan_non_mangrove_26,Hutan non mangrove,Training,172.85,432.84,274.09,4439.1,1434.54,0.8837,-0.8223,-0.5115
Hutan_non_mangrove_26,Hutan non mangrove,Training,227.78,512.6,254.64,4010.21,1347.98,0.8806,-0.7733,-0.4969
Hutan_non_mangrove_26,Hutan non mangrove,Training,202.07,470.24,285.26,4027.01,1514.8,0.8677,-0.7909,-0.4533
Hutan_non_mangrove_26,Hutan non mangrove,Training,216.38,462.64,235.63,4501.67,1422.08,0.9005,-0.8136,-0.5199
Hutan_non_mangrove_26,Hutan non mangrove,Training,195.14,417.23,281.01,3977.27,1160.29,0.868,-0.8101,-0.5483
Hutan_non_mangrove_26,Hutan non mangrove,Training,175.47,386.04,298.19,3912.31,1487.59,0.8584,-0.8204,-0.449
Hutan_non_mangrove_26,Hutan non mangrove,Training,150.07,497.79,325.1,3933.44,1388.69,0.8473,-0.7753,-0.4781
Hutan_non_mangrove_26,Hutan non mangrove,Training,174.37,473.14,354.0,4495.27,1317.47,0.854,-0.8095,-0.5467
Hutan_non_mangrove_26,Hutan non mangrove,Training,203.44,510.89,315.73,4452.53,1478.15,0.8676,-0.7941,-0.5015
Hutan_non_mangrove_26,Hutan non mangrove,Training,202.29,447.22,263.67,4008.55,1291.78,0.8766,-0.7993,-0.5126
Hutan_non_mangrove_26,Hutan non mangrove,Training,189.46,453.98,296.76,4253.97,1479.71,0.8696,-0.8071,-0.4839
Hutan_non_mangrove_26,Hutan non mangrove,Training,187.53,479.52,334.15,4303.79,1334.66,0.8559,-0.7995,-0.5266
Hutan_non_mangrove_26,Hutan non mangrove,Training,228.4,469.31,318.56,4583.79,1485.13,0.87,-0.8143,-0.5106
Hutan_non_mangrove_26,Hutan non mangrove,Training,247.23,444.06,287.06,4487.23,1281.71,0.8797,-0.8199,-0.5557
Hutan_non_mangrove_26,Hutan non mangrove,Training,256.65,502.08,302.63,4500.32,1479.48,0.874,-0.7993,-0.5052
Hutan_non_mangrove_26,Hutan non mangrove,Training,161.3,417.35,308.57,4239.89,1556.98,0.8643,-0.8208,-0.4628
Hutan_non_mangrove_26,Hutan non mangrove,Training,209.06,399.25,283.64,4385.77,1181.29,0.8785,-0.8331,-0.5756
Hutan_non_mangrove_26,Hutan non mangrove,Training,157.66,435.09,327.8,4145.81,1455.31,0.8535,-0.81,-0.4804
Hutan_non_mangrove_26,Hutan non mangrove,Training,200.14,444.37,280.39,4409.96,1249.49,0.8804,-0.8169,-0.5584
Hutan_non_mangrove_26,Hutan non mangrove,Training,192.99,495.85,277.07,3810.92,1145.98,0.8644,-0.7697,-0.5376
Hutan_non_mangrove_26,Hutan non mangrove,Training,219.99,479.34,289.67,3882.24,1382.47,0.8611,-0.7802,-0.4748
Hutan_non_mangrove_26,Hutan non mangrove,Training,235.34,399.23,331.75,3776.19,1263.56,0.8385,-0.8088,-0.4986
Hutan_non_mangrove_26,Hutan non mangrove,Training,203.28,487.91,344.15,4447.94,1586.27,0.8564,-0.8023,-0.4742
Hutan_non_mangrove_26,Hutan non mangrove,Training,205.46,425.14,335.52,4540.88,1511.7,0.8624,-0.8288,-0.5005
Hutan_non_mangrove_27,Hutan non mangrove,Training,218.38,505.68,310.26,4194.87,1487.06,0.8623,-0.7848,-0.4766
Hutan_non_mangrove_27,Hutan non mangrove,Training,214.33,485.41,296.04,4427.31,1502.91,0.8746,-0.8024,-0.4931
Hutan_non_mangrove_27,Hutan non mangrove,Training,206.4,419.99,337.22,3897.59,1285.08,0.8407,-0.8055,-0.5041
Hutan_non_mangrove_27,Hutan non mangrove,Training,205.04,349.68,346.29,4203.67,1584.74,0.8478,-0.8464,-0.4524
Hutan_non_mangrove_27,Hutan non mangrove,Training,254.12,443.81,340.46,3934.97,1452.0,0.8407,-0.7973,-0.4609
Hutan_non_mangrove_27,Hutan non mangrove,Training,185.8,477.86,326.48,4160.02,1465.38,0.8545,-0.7939,-0.479
Hutan_non_mangrove_27,Hutan non mangrove,Training,228.34,457.51,376.17,4165.72,1598.7,0.8344,-0.8021,-0.4453
Hutan_non_mangrove_27,Hutan non mangrove,Training,234.36,375.6,344.79,4468.49,1413.7,0.8567,-0.8449,-0.5193
Hutan_non_mangrove_27,Hutan non mangrove,Training,211.07,469.71,341.26,4096.73,1590.32,0.8462,-0.7943,-0.4407
Hutan_non_mangrove_27,Hutan non mangrove,Training,167.48,379.59,317.8,4514.76,1378.45,0.8685,-0.8449,-0.5322
Hutan_non_mangrove_27,Hutan non mangrove,Training,132.07,390.36,313.09,4197.49,1554.11,0.8612,-0.8298,-0.4596
Hutan_non_mangrove_27,Hutan non mangrove,Training,202.19,420.38,309.27,4453.9,1562.15,0.8701,-0.8275,-0.4807
Hutan_non_mangrove_27,Hutan non mangrove,Training,196.67,452.7,323.38,4012.85,1488.41,0.8508,-0.7972,-0.4589
Hutan_non_mangrove_27,Hutan non mangrove,Training,193.04,446.98,300.08,4232.4,1629.65,0.8676,-0.809,-0.444
Hutan_non_mangrove_27,Hutan non mangrove,Training,185.93,433.3,343.4,4311.17,1492.11,0.8524,-0.8173,-0.4858
Hutan_non_mangrove_27,Hutan non mangrove,Training,169.09,459.86,324.31,4031.41,1475.42,0.8511,-0.7952,-0.4641
Hutan_non_mangrove_27,Hutan non mangrove,Training,193.87,424.18,330.4,4484.48,1415.45,0.8628,-0.8272,-0.5202
Hutan_non_mangrove_27,Hutan non mangrove,Training,213.52,502.98,288.14,4287.15,1353.64,0.874,-0.79,-0.5201
Hutan_non_mangrove_27,Hutan non mangrove,Training,169.45,434.21,266.25,4306.39,1307.34,0.8835,-0.8168,-0.5342
Hutan_non_mangrove_27,Hutan non mangrove,Training,158.09,479.71,320.33,4117.43,1484.38,0.8556,-0.7913,-0.47
Hutan_non_mangrove_27,Hutan non mangrove,Training,175.82,435.11,312.22,4458.45,1354.11,0.8691,-0.8222,-0.5341
Hutan_non_mangrove_27,Hutan non mangrove,Training,182.12,489.3,318.38,4237.18,1541.73,0.8602,-0.793,-0.4664
Hutan_non_mangrove_27,Hutan non mangrove,Training,258.41,464.64,282.3,4324.33,1301.61,0.8774,-0.806,-0.5373
Hutan_non_mangrove_27,Hutan non mangrove,Training,237.26,421.93,294.21,3990.58,1421.86,0.8627,-0.8088,-0.4746
Hutan_non_mangrove_27,Hutan non mangrove,Training,206.52,479.71,303.59,4211.57,1331.13,0.8655,-0.7955,-0.5197
Hutan_non_mangrove_27,Hutan non mangrove,Training,191.41,394.28,341.81,4176.42,1596.88,0.8487,-0.8275,-0.4468
Hutan_non_mangrove_27,Hutan non mangrove,Training,196.37,373.92,286.49,4199.35,1407.84,0.8723,-0.8365,-0.4978
Hutan_non_mangrove_27,Hutan non mangrove,Training,220.31,456.96,289.89,3971.25,1351.24,0.8639,-0.7936,-0.4923
Hutan_non_mangrove_27,Hutan non mangrove,Training,218.14,484.34,279.78,4451.75,1468.29,0.8817,-0.8038,-0.504
Hutan_non_mangrove_27,Hutan non mangrove,Training,173.39,459.87,311.09,3933.89,1236.96,0.8534,-0.7907,-0.5216
Hutan_non_mangrove_27,Hutan non mangrove,Training,214.21,431.83,345.36,4630.27,1456.64,0.8612,-0.8294,-0.5214
Hutan_non_mangrove_27,Hutan non mangrove,Training,228.55,409.05,260.04,4164.65,1245.61,0.8825,-0.8211,-0.5395
Hutan_non_mangrove_27,Hutan non mangrove,Training,209.23,418.65,305.71,4156.72,1476.48,0.863,-0.817,-0.4758
Hutan_non_mangrove_27,Hutan non mangrove,Training,209.79,433.84,258.95,4240.63,1190.9,0.8849,-0.8144,-0.5615
Hutan_non_mangrove_27,Hutan non mangrove,Training,237.38,471.16,325.28,3957.63,1442.73,0.8481,-0.7872,-0.4657
Hutan_non_mangrove_27,Hutan non mangrove,Training,180.0,455.96,270.05,4179.14,1234.58,0.8786,-0.8033,-0.5439
Hutan_non_mangrove_27,Hutan non mangrove,Training,195.2,384.22,352.41,4240.1,1400.68,0.8465,-0.8338,-0.5034
Hutan_non_mangrove_27,Hutan non mangrove,Training,220.28,398.03,276.58,4332.76,1419.37,0.88,-0.8317,-0.5065
Hutan_non_mangrove_27,Hutan non mangrove,Training,178.41,475.92,309.08,4326.39,1446.77,0.8666,-0.8018,-0.4988
Hutan_non_mangrove_27,Hutan non mangrove,Training,179.56,446.97,244.29,4072.29,1370.56,0.8868,-0.8022,-0.4964
Hutan_non_mangrove_27,Hutan non mangrove,Training,218.8,470.49,277.44,4006.45,1556.84,0.8705,-0.7898,-0.4403
Hutan_non_mangrove_27,Hutan non mangrove,Training,191.18,454.57,323.56,4180.12,1381.8,0.8563,-0.8038,-0.5031
Hutan_non_mangrove_27,Hutan non mangrove,Training,190.54,429.64,304.29,3744.38,1356.67,0.8497,-0.7941,-0.4681
Hutan_non_mangrove_27,Hutan non mangrove,Training,216.21,466.95,342.33,4409.35,1448.99,0.8559,-0.8085,-0.5053
Hutan_non_mangrove_27,Hutan non mangrove,Training,200.86,431.74,315.1,4280.87,1355.09,0.8629,-0.8168,-0.5191
Hutan_non_mangrove_27,Hutan non mangrove,Training,173.99,447.88,334.68,4227.55,1403.41,0.8533,-0.8084,-0.5015
Hutan_non_mangrove_27,Hutan non mangrove,Training,212.7,469.25,307.47,4189.48,1339.02,0.8633,-0.7985,-0.5156
Hutan_non_mangrove_27,Hutan non mangrove,Training,230.15,432.92,347.17,4238.59,1406.32,0.8486,-0.8147,-0.5017
Hutan_non_mangrove_27,Hutan non mangrove,Training,222.8,423.87,317.22,4228.81,1449.31,0.8604,-0.8178,-0.4895
Hutan_non_mangrove_27,Hutan non mangrove,Training,179.49,422.28,245.02,4085.69,1338.84,0.8868,-0.8127,-0.5064
Hutan_non_mangrove_29,Hutan non mangrove,Training,262.29,454.89,321.6,4326.14,1109.37,0.8616,-0.8097,-0.5918
Hutan_non_mangrove_29,Hutan non mangrove,Training,188.02,401.2,351.82,3745.17,1349.5,0.8283,-0.8065,-0.4702
Hutan_non_mangrove_29,Hutan non mangrove,Training,192.18,410.57,303.04,4189.43,1419.57,0.8651,-0.8215,-0.4938
Hutan_non_mangrove_29,Hutan non mangrove,Training,215.07,459.47,311.41,4478.05,1202.04,0.87,-0.8139,-0.5768
Hutan_non_mangrove_29,Hutan non mangrove,Training,221.0,408.17,280.73,4230.27,1449.36,0.8755,-0.824,-0.4896
Hutan_non_mangrove_29,Hutan non mangrove,Training,215.87,412.2,348.94,4095.54,1313.67,0.843,-0.8171,-0.5143
Hutan_non_mangrove_29,Hutan non mangrove,Training,161.84,395.18,258.01,4278.59,1472.5,0.8863,-0.8309,-0.4879
Hutan_non_mangrove_29,Hutan non mangrove,Training,174.07,404.32,293.65,4224.32,1431.56,0.87,-0.8253,-0.4938
Hutan_non_mangrove_29,Hutan non mangrove,Training,171.07,443.31,347.02,3901.31,1396.5,0.8366,-0.7959,-0.4728
Hutan_non_mangrove_29,Hutan non mangrove,Training,215.0,411.28,318.34,3865.19,1476.14,0.8478,-0.8077,-0.4473
Hutan_non_mangrove_29,Hutan non mangrove,Training,201.3,393.22,320.63,3976.03,1381.6,0.8508,-0.82,-0.4842
Hutan_non_mangrove_29,Hutan non mangrove,Training,218.91,411.42,284.15,4481.54,1151.62,0.8808,-0.8318,-0.5911
Hutan_non_mangrove_29,Hutan non mangrove,Training,242.56,391.43,279.02,4270.6,1472.38,0.8773,-0.8321,-0.4872
Hutan_non_mangrove_29,Hutan non mangrove,Training,208.94,451.89,286.92,4590.32,1492.75,0.8823,-0.8208,-0.5092
Hutan_non_mangrove_29,Hutan non mangrove,Training,235.27,433.15,230.15,4455.01,1442.77,0.9018,-0.8228,-0.5107
Hutan_non_mangrove_29,Hutan non mangrove,Training,205.49,427.31,289.56,4050.24,1405.42,0.8666,-0.8091,-0.4848
Hutan_non_mangrove_29,Hutan non mangrove,Training,165.93,480.5,361.1,4050.59,1208.87,0.8363,-0.7879,-0.5403
Hutan_non_mangrove_29,Hutan non mangrove,Training,196.94,462.61,313.6,4600.63,1497.9,0.8724,-0.8173,-0.5088
Hutan_non_mangrove_29,Hutan non mangrove,Training,145.65,400.56,312.17,4086.46,1581.82,0.8581,-0.8215,-0.4419
Hutan_non_mangrove_29,Hutan non mangrove,Training,171.89,488.43,280.52,4265.55,1300.65,0.8766,-0.7945,-0.5327
Hutan_non_mangrove_29,Hutan non mangrove,Training,216.77,492.91,307.59,4677.28,1313.55,0.8766,-0.8093,-0.5615
Hutan_non_mangrove_29,Hutan non mangrove,Training,202.94,483.83,271.51,4215.57,1479.68,0.879,-0.7941,-0.4804
Hutan_non_mangrove_29,Hutan non mangrove,Training,227.88,495.67,273.93,4272.06,1242.21,0.8795,-0.7921,-0.5495
Hutan_non_mangrove_29,Hutan non mangrove,Training,178.27,443.04,334.32,4331.98,1404.81,0.8567,-0.8144,-0.5102
Hutan_non_mangrove_29,Hutan non mangrove,Training,213.46,470.85,311.07,4056.23,1285.2,0.8575,-0.792,-0.5188
Hutan_non_mangrove_29,Hutan non mangrove,Training,193.3,418.25,318.64,4582.24,1467.64,0.87,-0.8327,-0.5148
Hutan_non_mangrove_29,Hutan non mangrove,Training,145.7,424.67,300.54,3841.3,1403.74,0.8549,-0.8009,-0.4647
Hutan_non_mangrove_29,Hutan non mangrove,Training,214.08,506.35,354.56,3902.12,1386.01,0.8334,-0.7703,-0.4758
Hutan_non_mangrove_29,Hutan non mangrove,Training,196.88,421.48,302.96,4179.98,1473.66,0.8648,-0.8168,-0.4787
Hutan_non_mangrove_29,Hutan non mangrove,Training,240.7,455.29,285.3,3943.62,1645.1,0.8651,-0.793,-0.4113
Hutan_non_mangrove_29,Hutan non mangrove,Training,227.21,465.99,295.02,4602.97,1380.85,0.8795,-0.8161,-0.5385
Hutan_non_mangrove_29,Hutan non mangrove,Training,148.64,460.6,263.17,4267.19,1561.3,0.8838,-0.8052,-0.4643
Hutan_non_mangrove_29,Hutan non mangrove,Training,149.82,414.01,325.94,4075.13,1449.82,0.8519,-0.8155,-0.4752
Hutan_non_mangrove_29,Hutan non mangrove,Training,212.52,485.58,280.6,3562.04,1447.62,0.854,-0.7601,-0.4221
Hutan_non_mangrove_29,Hutan non mangrove,Training,152.93,487.41,298.73,4125.99,1482.87,0.865,-0.7887,-0.4712
Hutan_non_mangrove_29,Hutan non mangrove,Training,147.74,441.99,313.44,4263.21,1341.34,0.863,-0.8121,-0.5213
Hutan_non_mangrove_29,Hutan non mangrove,Training,185.64,511.73,327.38,4033.96,1561.82,0.8499,-0.7749,-0.4418
Hutan_non_mangrove_29,Hutan non mangrove,Training,222.65,469.54,315.8,3913.47,1580.63,0.8507,-0.7857,-0.4246
Hutan_non_mangrove_29,Hutan non mangrove,Training,228.55,459.8,307.31,4177.13,1331.75,0.8629,-0.8017,-0.5165
Hutan_non_mangrove_29,Hutan non mangrove,Training,216.04,418.18,304.52,4224.34,1446.22,0.8655,-0.8198,-0.4899
Hutan_non_mangrove_29,Hutan non mangrove,Training,228.24,466.13,320.81,3715.01,1455.25,0.841,-0.777,-0.4371
Hutan_non_mangrove_29,Hutan non mangrove,Training,202.25,464.87,284.13,4487.73,1430.05,0.8809,-0.8123,-0.5167
Hutan_non_mangrove_29,Hutan non mangrove,Training,177.66,427.27,327.08,4178.68,1399.43,0.8548,-0.8145,-0.4982
Hutan_non_mangrove_29,Hutan non mangrove,Training,194.07,490.45,314.47,3903.22,1282.91,0.8509,-0.7767,-0.5053
Hutan_non_mangrove_29,Hutan non mangrove,Training,200.14,424.28,235.18,4013.74,1366.58,0.8893,-0.8088,-0.492
Hutan_non_mangrove_29,Hutan non mangrove,Training,188.0,478.83,232.96,4006.91,1495.48,0.8901,-0.7865,-0.4564
Hutan_non_mangrove_29,Hutan non mangrove,Training,179.97,401.54,279.58,4311.55,1369.59,0.8782,-0.8296,-0.5178
Hutan_non_mangrove_29,Hutan non mangrove,Training,178.25,469.27,311.25,3884.13,1411.37,0.8516,-0.7844,-0.467
Hutan_non_mangrove_29,Hutan non mangrove,Training,161.02,496.8,336.94,4128.08,1527.8,0.8491,-0.7852,-0.4597
Hutan_non_mangrove_29,Hutan non mangrove,Training,177.31,444.4,282.46,4193.83,1407.95,0.8738,-0.8084,-0.4973
Hutan_non_mangrove_30,Hutan non mangrove,Training,199.92,446.39,303.82,4513.85,1158.69,0.8739,-0.82,-0.5915
Hutan_non_mangrove_30,Hutan non mangrove,Training,257.63,435.97,297.66,4532.33,1472.8,0.8767,-0.8245,-0.5095
Hutan_non_mangrove_30,Hutan non mangrove,Training,216.05,499.83,295.06,4429.75,1248.74,0.8751,-0.7972,-0.5602
Hutan_non_mangrove_30,Hutan non mangrove,Training,212.53,472.47,334.38,4376.96,1424.54,0.8581,-0.8051,-0.5089
Hutan_non_mangrove_30,Hutan non mangrove,Training,190.47,436.85,290.39,3875.53,1609.21,0.8606,-0.7974,-0.4132
Hutan_non_mangrove_30,Hutan non mangrove,Training,229.96,460.18,324.45,4388.26,1280.84,0.8623,-0.8102,-0.5481
Hutan_non_mangrove_30,Hutan non mangrove,Training,219.1,500.79,279.66,3816.57,1260.55,0.8635,-0.768,-0.5034
Hutan_non_mangrove_30,Hutan non mangrove,Training,197.11,401.21,294.84,4036.32,1399.9,0.8639,-0.8192,-0.485
Hutan_non_mangrove_30,Hutan non mangrove,Training,184.71,448.56,318.08,3960.49,1433.76,0.8513,-0.7965,-0.4684
Hutan_non_mangrove_30,Hutan non mangrove,Training,174.43,449.77,297.54,4288.89,1422.16,0.8703,-0.8102,-0.502
Hutan_non_mangrove_30,Hutan non mangrove,Training,237.17,448.96,281.17,4432.43,1439.72,0.8807,-0.8161,-0.5096
Hutan_non_mangrove_30,Hutan non mangrove,Training,226.52,445.2,260.74,4760.98,1327.68,0.8962,-0.829,-0.5639
Hutan_non_mangrove_30,Hutan non mangrove,Training,165.17,478.68,271.65,4101.9,1414.95,0.8758,-0.791,-0.487
Hutan_non_mangrove_30,Hutan non mangrove,Training,195.7,435.46,347.69,4172.13,1292.07,0.8461,-0.811,-0.5271
Hutan_non_mangrove_30,Hutan non mangrove,Training,229.31,421.1,296.73,3973.84,1425.37,0.861,-0.8084,-0.472
Hutan_non_mangrove_30,Hutan non mangrove,Training,201.19,448.84,304.5,4404.45,1484.37,0.8707,-0.815,-0.4959
Hutan_non_mangrove_30,Hutan non mangrove,Training,168.82,423.01,327.73,4004.29,1459.03,0.8487,-0.8089,-0.4659
Hutan_non_mangrove_30,Hutan non mangrove,Training,225.18,384.34,287.81,4403.76,1382.36,0.8773,-0.8395,-0.5222
Hutan_non_mangrove_30,Hutan non mangrove,Training,187.87,483.24,333.12,4030.4,1612.06,0.8473,-0.7859,-0.4286
Hutan_non_mangrove_30,Hutan non mangrove,Training,146.47,389.72,286.37,4116.37,1365.35,0.8699,-0.827,-0.5019
Hutan_non_mangrove_30,Hutan non mangrove,Training,183.96,420.98,293.39,4052.54,1481.83,0.865,-0.8118,-0.4645
Hutan_non_mangrove_30,Hutan non mangrove,Training,200.92,441.15,297.84,4478.54,1341.99,0.8753,-0.8207,-0.5389
Hutan_non_mangrove_30,Hutan non mangrove,Training,161.8,410.91,293.01,4320.38,1505.58,0.873,-0.8263,-0.4831
Hutan_non_mangrove_30,Hutan non mangrove,Training,249.46,479.57,273.51,4149.19,1140.36,0.8763,-0.7928,-0.5688
Hutan_non_mangrove_30,Hutan non mangrove,Training,190.65,425.8,230.61,4726.88,1354.64,0.907,-0.8347,-0.5545
Hutan_non_mangrove_30,Hutan non mangrove,Training,136.78,439.03,349.52,4676.77,1407.0,0.8609,-0.8284,-0.5375
Hutan_non_mangrove_30,Hutan non mangrove,Training,202.89,499.02,295.48,4315.07,1500.75,0.8718,-0.7927,-0.4839
Hutan_non_mangrove_30,Hutan non mangrove,Training,167.72,511.47,273.61,4041.55,1411.98,0.8732,-0.7753,-0.4822
Hutan_non_mangrove_30,Hutan non mangrove,Training,228.19,477.1,298.52,4271.04,1528.79,0.8693,-0.799,-0.4728
Hutan_non_mangrove_30,Hutan non mangrove,Training,200.25,417.52,281.91,4427.32,1302.65,0.8803,-0.8276,-0.5453
Hutan_non_mangrove_30,Hutan non mangrove,Training,152.96,437.83,297.74,4415.12,1225.07,0.8736,-0.8196,-0.5656
Hutan_non_mangrove_30,Hutan non mangrove,Training,210.39,496.05,275.48,4220.41,1141.93,0.8775,-0.7897,-0.5741
Hutan_non_mangrove_30,Hutan non mangrove,Training,226.19,481.82,299.4,3868.18,1480.03,0.8563,-0.7785,-0.4465
Hutan_non_mangrove_30,Hutan non mangrove,Training,192.65,338.78,323.35,4490.9,1560.72,0.8657,-0.8597,-0.4842
Hutan_non_mangrove_30,Hutan non mangrove,Training,161.69,373.33,287.69,4329.47,1286.87,0.8754,-0.8412,-0.5417
Hutan_non_mangrove_30,Hutan non mangrove,Training,152.27,478.98,289.64,4355.65,1401.9,0.8753,-0.8019,-0.513
Hutan_non_mangrove_30,Hutan non mangrove,Training,195.02,447.43,289.25,4085.36,1267.85,0.8678,-0.8026,-0.5263
Hutan_non_mangrove_30,Hutan non mangrove,Training,214.5,499.9,284.99,4666.52,1445.19,0.8849,-0.8065,-0.5271
Hutan_non_mangrove_30,Hutan non mangrove,Training,207.75,476.2,329.25,4086.36,1466.58,0.8509,-0.7913,-0.4718
Hutan_non_mangrove_30,Hutan non mangrove,Training,231.4,434.82,300.14,4008.19,1340.83,0.8607,-0.8043,-0.4987
Hutan_non_mangrove_30,Hutan non mangrove,Training,189.51,413.83,298.11,4282.71,1451.35,0.8698,-0.8238,-0.4938
Hutan_non_mangrove_30,Hutan non mangrove,Training,175.75,425.75,325.53,4047.82,1498.9,0.8511,-0.8097,-0.4595
Hutan_non_mangrove_30,Hutan non mangrove,Training,178.03,465.08,322.57,3537.58,1504.22,0.8329,-0.7676,-0.4033
Hutan_non_mangrove_30,Hutan non mangrove,Training,239.12,437.64,310.37,3990.22,1443.62,0.8557,-0.8023,-0.4687
Hutan_non_mangrove_30,Hutan non mangrove,Training,273.83,362.13,284.98,4399.19,1551.39,0.8783,-0.8479,-0.4786
Hutan_non_mangrove_30,Hutan non mangrove,Training,158.53,424.47,282.59,4036.75,1386.06,0.8692,-0.8097,-0.4888
Hutan_non_mangrove_30,Hutan non mangrove,Training,157.14,439.82,271.92,4182.79,1315.38,0.8779,-0.8097,-0.5215
Hutan_non_mangrove_30,Hutan non mangrove,Training,194.93,408.54,328.58,4118.6,1401.66,0.8522,-0.8195,-0.4922
Hutan_non_mangrove_30,Hutan non mangrove,Training,195.63,450.29,300.07,4401.28,1365.67,0.8723,-0.8144,-0.5264
Hutan_non_mangrove_30,Hutan non mangrove,Training,178.41,451.67,281.61,4181.27,1273.76,0.8738,-0.805,-0.533
Hutan_non_mangrove_31,Hutan non mangrove,Training,231.49,418.78,335.98,4184.72,1502.74,0.8514,-0.8181,-0.4716
Hutan_non_mangrove_31,Hutan non mangrove,Training,176.98,371.33,250.54,4825.73,1328.25,0.9013,-0.8571,-0.5683
Hutan_non_mangrove_31,Hutan non mangrove,Training,232.88,398.09,305.37,4287.1,1740.37,0.867,-0.8301,-0.4225
Hutan_non_mangrove_31,Hutan non mangrove,Training,190.46,421.55,310.53,3968.81,1449.15,0.8549,-0.808,-0.4651
Hutan_non_mangrove_31,Hutan non mangrove,Training,198.4,419.85,314.83,4227.08,1491.24,0.8614,-0.8193,-0.4784
Hutan_non_mangrove_31,Hutan non mangrove,Training,249.57,429.93,287.65,3863.59,1462.52,0.8614,-0.7997,-0.4508
Hutan_non_mangrove_31,Hutan non mangrove,Training,180.66,463.82,334.96,4028.9,1343.09,0.8465,-0.7935,-0.5
Hutan_non_mangrove_31,Hutan non mangrove,Training,230.44,478.3,318.04,4102.15,1227.67,0.8561,-0.7912,-0.5393
Hutan_non_mangrove_31,Hutan non mangrove,Training,178.64,409.62,317.45,4271.13,1328.17,0.8616,-0.825,-0.5256
Hutan_non_mangrove_31,Hutan non mangrove,Training,187.16,469.03,290.42,4054.71,1637.43,0.8663,-0.7926,-0.4247
Hutan_non_mangrove_31,Hutan non mangrove,Training,183.51,476.75,311.78,3819.19,1318.52,0.8491,-0.778,-0.4867
Hutan_non_mangrove_31,Hutan non mangrove,Training,224.57,444.74,256.05,4298.62,1330.12,0.8876,-0.8125,-0.5274
Hutan_non_mangrove_31,Hutan non mangrove,Training,213.08,557.51,311.47,4353.04,1369.52,0.8664,-0.7729,-0.5214
Hutan_non_mangrove_31,Hutan non mangrove,Training,166.41,490.96,281.82,4142.7,1615.22,0.8726,-0.7881,-0.439
Hutan_non_mangrove_31,Hutan non mangrove,Training,189.87,498.61,311.62,4061.73,1440.97,0.8575,-0.7813,-0.4763
Hutan_non_mangrove_31,Hutan non mangrove,Training,178.51,486.19,337.41,4212.25,1561.1,0.8517,-0.793,-0.4592
Hutan_non_mangrove_31,Hutan non mangrove,Training,204.8,486.58,388.54,4818.78,1378.09,0.8508,-0.8166,-0.5552
Hutan_non_mangrove_31,Hutan non mangrove,Training,208.81,407.84,323.96,4297.3,1307.12,0.8598,-0.8266,-0.5335
Hutan_non_mangrove_31,Hutan non mangrove,Training,235.61,439.38,284.37,4299.87,1344.19,0.8759,-0.8146,-0.5237
Hutan_non_mangrove_31,Hutan non mangrove,Training,199.05,519.85,281.56,4368.85,1329.98,0.8789,-0.7873,-0.5332
Hutan_non_mangrove_31,Hutan non mangrove,Training,170.8,446.74,380.53,4395.41,1455.45,0.8406,-0.8155,-0.5025
Hutan_non_mangrove_31,Hutan non mangrove,Training,184.26,434.62,255.5,4648.76,1432.27,0.8958,-0.829,-0.5289
Hutan_non_mangrove_31,Hutan non mangrove,Training,205.46,458.15,362.7,4274.88,1376.9,0.8436,-0.8064,-0.5128
Hutan_non_mangrove_31,Hutan non mangrove,Training,253.97,444.81,249.25,3818.25,1376.99,0.8774,-0.7913,-0.4699
Hutan_non_mangrove_31,Hutan non mangrove,Training,208.75,482.88,272.45,4143.69,1302.84,0.8766,-0.7913,-0.5216
Hutan_non_mangrove_31,Hutan non mangrove,Training,233.41,501.3,358.75,4287.88,1623.84,0.8456,-0.7907,-0.4506
Hutan_non_mangrove_31,Hutan non mangrove,Training,179.21,458.64,268.18,4343.33,1434.17,0.8837,-0.809,-0.5035
Hutan_non_mangrove_31,Hutan non mangrove,Training,126.38,494.38,325.66,4061.09,1433.75,0.8515,-0.7829,-0.4781
Hutan_non_mangrove_31,Hutan non mangrove,Training,155.19,419.19,350.07,3911.41,1401.15,0.8357,-0.8064,-0.4725
Hutan_non_mangrove_31,Hutan non mangrove,Training,158.11,463.52,316.88,4381.03,1456.16,0.8651,-0.8086,-0.5011
Hutan_non_mangrove_31,Hutan non mangrove,Training,242.81,427.84,268.25,4053.21,1238.45,0.8759,-0.809,-0.5319
Hutan_non_mangrove_31,Hutan non mangrove,Training,202.36,444.42,314.33,3795.94,1398.44,0.8471,-0.7904,-0.4616
Hutan_non_mangrove_31,Hutan non mangrove,Training,236.43,472.89,243.13,4197.07,1312.07,0.8905,-0.7975,-0.5237
Hutan_non_mangrove_31,Hutan non mangrove,Training,200.39,434.77,352.18,4221.43,1438.01,0.846,-0.8132,-0.4918
Hutan_non_mangrove_31,Hutan non mangrove,Training,198.68,468.98,293.49,4393.38,1352.97,0.8748,-0.8071,-0.5291
Hutan_non_mangrove_31,Hutan non mangrove,Training,241.29,469.86,295.42,4410.52,1459.16,0.8744,-0.8075,-0.5028
Hutan_non_mangrove_31,Hutan non mangrove,Training,224.82,453.43,292.76,4233.82,1339.95,0.8706,-0.8065,-0.5192
Hutan_non_mangrove_31,Hutan non mangrove,Training,229.38,508.77,317.37,4554.54,1535.22,0.8697,-0.799,-0.4958
Hutan_non_mangrove_31,Hutan non mangrove,Training,191.95,483.43,261.51,4246.52,1258.12,0.884,-0.7956,-0.5429
Hutan_non_mangrove_31,Hutan non mangrove,Training,196.71,392.41,332.83,4101.28,1508.76,0.8499,-0.8253,-0.4621
Hutan_non_mangrove_31,Hutan non mangrove,Training,197.73,376.23,285.48,4067.32,1398.23,0.8688,-0.8307,-0.4883
Hutan_non_mangrove_31,Hutan non mangrove,Training,245.24,516.94,293.06,3884.93,1310.71,0.8597,-0.7651,-0.4955
Hutan_non_mangrove_31,Hutan non mangrove,Training,214.39,445.67,252.74,4074.1,1557.39,0.8832,-0.8028,-0.4469
Hutan_non_mangrove_31,Hutan non mangrove,Training,208.77,451.89,288.34,4085.01,1465.28,0.8681,-0.8008,-0.472
Hutan_non_mangrove_31,Hutan non mangrove,Training,204.26,480.84,316.4,4204.93,1446.11,0.86,-0.7948,-0.4882
Hutan_non_mangrove_31,Hutan non mangrove,Training,182.22,448.07,340.23,4202.68,1373.94,0.8502,-0.8073,-0.5073
Hutan_non_mangrove_31,Hutan non mangrove,Training,206.31,403.38,306.63,4624.01,1302.97,0.8756,-0.8395,-0.5603
Hutan_non_mangrove_31,Hutan non mangrove,Training,208.01,449.06,298.53,4183.22,1485.72,0.8668,-0.8061,-0.4758
Hutan_non_mangrove_31,Hutan non mangrove,Training,167.06,477.55,302.07,3759.32,1445.58,0.8512,-0.7746,-0.4445
Hutan_non_mangrove_31,Hutan non mangrove,Training,203.42,415.13,304.82,3870.93,1317.84,0.854,-0.8063,-0.492
Hutan_non_mangrove_32,Hutan non mangrove,Training,201.11,382.58,265.46,3949.53,1409.5,0.874,-0.8234,-0.474
Hutan_non_mangrove_32,Hutan non mangrove,Training,213.24,414.29,271.53,4234.53,1413.34,0.8795,-0.8218,-0.4995
Hutan_non_mangrove_32,Hutan non mangrove,Training,178.99,523.15,305.53,4157.46,1353.67,0.8631,-0.7765,-0.5088
Hutan_non_mangrove_32,Hutan non mangrove,Training,230.26,471.8,247.87,4026.05,1346.39,0.884,-0.7902,-0.4988
Hutan_non_mangrove_32,Hutan non mangrove,Training,199.64,475.09,267.9,4180.15,1603.91,0.8795,-0.7959,-0.4454
Hutan_non_mangrove_32,Hutan non mangrove,Training,200.87,422.23,259.97,4078.27,1270.55,0.8801,-0.8124,-0.5249
Hutan_non_mangrove_32,Hutan non mangrove,Training,188.16,471.69,301.11,4080.0,1185.12,0.8625,-0.7927,-0.5498
Hutan_non_mangrove_32,Hutan non mangrove,Training,224.96,435.9,303.24,3972.07,1350.93,0.8581,-0.8022,-0.4924
Hutan_non_mangrove_32,Hutan non mangrove,Training,182.6,396.64,272.76,4196.32,1435.83,0.8779,-0.8273,-0.4901
Hutan_non_mangrove_32,Hutan non mangrove,Training,179.48,401.89,289.31,4394.91,1287.3,0.8765,-0.8324,-0.5469
Hutan_non_mangrove_32,Hutan non mangrove,Training,200.39,423.58,333.86,4073.35,1479.44,0.8485,-0.8116,-0.4671
Hutan_non_mangrove_32,Hutan non mangrove,Training,230.45,511.66,259.4,3850.47,1539.83,0.8738,-0.7654,-0.4287
Hutan_non_mangrove_32,Hutan non mangrove,Training,230.04,425.32,202.89,4220.22,1217.9,0.9083,-0.8169,-0.5521
Hutan_non_mangrove_32,Hutan non mangrove,Training,175.17,457.25,309.47,4595.33,1355.27,0.8738,-0.819,-0.5445
Hutan_non_mangrove_32,Hutan non mangrove,Training,170.71,486.69,311.31,4109.22,1403.81,0.8592,-0.7882,-0.4907
Hutan_non_mangrove_32,Hutan non mangrove,Training,188.66,477.68,350.64,4018.63,1450.51,0.8395,-0.7875,-0.4696
Hutan_non_mangrove_32,Hutan non mangrove,Training,154.11,407.1,316.88,4182.4,1266.9,0.8591,-0.8226,-0.535
Hutan_non_mangrove_32,Hutan non mangrove,Training,200.26,485.16,256.59,4636.63,1468.76,0.8951,-0.8106,-0.5189
Hutan_non_mangrove_32,Hutan non mangrove,Training,217.79,449.95,352.41,4440.58,1355.89,0.8529,-0.816,-0.5322
Hutan_non_mangrove_32,Hutan non mangrove,Training,222.72,420.67,291.59,4566.66,1446.51,0.88,-0.8313,-0.5189
Hutan_non_mangrove_32,Hutan non mangrove,Training,219.85,496.79,316.45,3997.21,1599.35,0.8533,-0.7789,-0.4285
Hutan_non_mangrove_32,Hutan non mangrove,Training,215.48,473.47,301.68,4477.69,1629.79,0.8738,-0.8087,-0.4663
Hutan_non_mangrove_32,Hutan non mangrove,Training,188.74,492.62,301.03,3700.47,1231.51,0.8495,-0.765,-0.5006
Hutan_non_mangrove_32,Hutan non mangrove,Training,212.73,490.41,318.27,4392.27,1710.75,0.8649,-0.7991,-0.4394
Hutan_non_mangrove_32,Hutan non mangrove,Training,215.85,439.4,296.2,4608.75,1247.7,0.8792,-0.8259,-0.5739
Hutan_non_mangrove_32,Hutan non mangrove,Training,237.14,450.65,275.05,3837.46,1577.67,0.8662,-0.7898,-0.4173
Hutan_non_mangrove_32,Hutan non mangrove,Training,174.28,452.49,270.76,4691.46,1411.78,0.8909,-0.8241,-0.5374
Hutan_non_mangrove_32,Hutan non mangrove,Training,159.61,432.85,341.79,3955.79,1356.63,0.8409,-0.8027,-0.4893
Hutan_non_mangrove_32,Hutan non mangrove,Training,235.61,463.69,263.42,4255.84,1381.67,0.8834,-0.8035,-0.5098
Hutan_non_mangrove_32,Hutan non mangrove,Training,201.57,487.86,307.22,4176.8,1382.97,0.863,-0.7908,-0.5025
Hutan_non_mangrove_32,Hutan non mangrove,Training,232.3,421.19,234.96,4143.68,1445.39,0.8927,-0.8155,-0.4828
Hutan_non_mangrove_32,Hutan non mangrove,Training,187.51,428.99,289.07,4193.86,1244.2,0.871,-0.8144,-0.5424
Hutan_non_mangrove_32,Hutan non mangrove,Training,219.84,343.51,316.2,4278.32,1459.64,0.8624,-0.8514,-0.4912
Hutan_non_mangrove_32,Hutan non mangrove,Training,142.15,461.71,283.72,4600.55,1443.41,0.8838,-0.8176,-0.5224
Hutan_non_mangrove_32,Hutan non mangrove,Training,164.7,382.38,281.56,4402.89,1538.29,0.8798,-0.8402,-0.4822
Hutan_non_mangrove_32,Hutan non mangrove,Training,205.44,453.2,290.04,4194.66,1545.89,0.8707,-0.805,-0.4614
Hutan_non_mangrove_32,Hutan non mangrove,Training,189.6,476.35,284.15,4453.32,1469.45,0.88,-0.8067,-0.5038
Hutan_non_mangrove_32,Hutan non mangrove,Training,229.16,525.28,222.54,4388.44,1456.3,0.9035,-0.7862,-0.5017
Hutan_non_mangrove_32,Hutan non mangrove,Training,213.42,459.62,307.2,4284.09,1508.72,0.8662,-0.8062,-0.4791
Hutan_non_mangrove_32,Hutan non mangrove,Training,224.79,449.0,294.38,4205.04,1350.45,0.8691,-0.807,-0.5138
Hutan_non_mangrove_32,Hutan non mangrove,Training,253.41,399.17,322.49,4385.96,1336.35,0.863,-0.8332,-0.5329
Hutan_non_mangrove_32,Hutan non mangrove,Training,208.88,500.52,290.1,4527.98,1534.19,0.8796,-0.8009,-0.4938
Hutan_non_mangrove_32,Hutan non mangrove,Training,178.7,405.68,304.96,3889.93,1051.44,0.8546,-0.8111,-0.5744
Hutan_non_mangrove_32,Hutan non mangrove,Training,185.32,536.97,286.59,4294.88,1484.0,0.8749,-0.7777,-0.4864
Hutan_non_mangrove_32,Hutan non mangrove,Training,198.76,436.66,336.86,4209.98,1389.03,0.8518,-0.8121,-0.5038
Hutan_non_mangrove_32,Hutan non mangrove,Training,223.92,408.82,262.11,3793.77,1468.16,0.8708,-0.8054,-0.442
Hutan_non_mangrove_32,Hutan non mangrove,Training,195.09,483.05,301.53,3857.26,1357.33,0.855,-0.7774,-0.4794
Hutan_non_mangrove_32,Hutan non mangrove,Training,226.9,439.51,335.6,4086.61,1486.32,0.8482,-0.8058,-0.4666
Hutan_non_mangrove_32,Hutan non mangrove,Training,146.52,440.94,288.39,3850.53,1533.43,0.8606,-0.7945,-0.4304
Hutan_non_mangrove_32,Hutan non mangrove,Training,180.8,420.27,339.04,4240.36,1493.58,0.8519,-0.8197,-0.479
Hutan_non_mangrove_36,Hutan non mangrove,Training,222.69,491.96,319.12,4340.13,1281.13,0.863,-0.7964,-0.5442
Hutan_non_mangrove_36,Hutan non mangrove,Training,157.54,483.24,300.86,4242.38,1425.74,0.8676,-0.7955,-0.4969
Hutan_non_mangrove_36,Hutan non mangrove,Training,207.71,475.86,297.14,3723.73,1482.61,0.8522,-0.7734,-0.4305
Hutan_non_mangrove_36,Hutan non mangrove,Training,217.33,398.21,265.02,4420.75,1534.29,0.8869,-0.8347,-0.4847
Hutan_non_mangrove_36,Hutan non mangrove,Training,120.09,467.63,293.38,4218.54,1415.75,0.87,-0.8004,-0.4975
Hutan_non_mangrove_36,Hutan non mangrove,Training,177.14,476.11,279.36,4386.75,1516.28,0.8803,-0.8042,-0.4863
Hutan_non_mangrove_36,Hutan non mangrove,Training,173.84,416.09,303.41,4575.91,1328.87,0.8756,-0.8333,-0.5499
Hutan_non_mangrove_36,Hutan non mangrove,Training,187.9,462.84,319.7,4331.74,1403.88,0.8625,-0.8069,-0.5105
Hutan_non_mangrove_36,Hutan non mangrove,Training,190.83,463.27,203.98,4667.31,1377.7,0.9163,-0.8194,-0.5442
Hutan_non_mangrove_36,Hutan non mangrove,Training,205.47,533.98,277.76,4783.03,1488.76,0.8902,-0.7991,-0.5253
Hutan_non_mangrove_36,Hutan non mangrove,Training,213.4,475.76,274.76,3787.76,1258.34,0.8647,-0.7768,-0.5013
Hutan_non_mangrove_36,Hutan non mangrove,Training,232.62,412.58,250.38,4180.17,1468.96,0.887,-0.8203,-0.4799
Hutan_non_mangrove_36,Hutan non mangrove,Training,201.16,474.26,334.65,4342.82,1381.51,0.8569,-0.8031,-0.5173
Hutan_non_mangrove_36,Hutan non mangrove,Training,183.67,480.83,308.26,3984.81,1556.26,0.8564,-0.7847,-0.4383
Hutan_non_mangrove_36,Hutan non mangrove,Training,207.86,476.12,288.24,4482.68,1209.76,0.8792,-0.808,-0.575
Hutan_non_mangrove_36,Hutan non mangrove,Training,250.26,372.45,258.7,4262.96,1336.31,0.8856,-0.8393,-0.5227
Hutan_non_mangrove_36,Hutan non mangrove,Training,190.15,428.76,276.51,4279.24,1394.17,0.8786,-0.8179,-0.5085
Hutan_non_mangrove_36,Hutan non mangrove,Training,226.55,453.21,287.5,4393.62,1180.13,0.8772,-0.813,-0.5765
Hutan_non_mangrove_36,Hutan non mangrove,Training,122.55,386.49,289.69,4297.87,1079.46,0.8737,-0.835,-0.5985
Hutan_non_mangrove_36,Hutan non mangrove,Training,199.65,435.82,304.11,3723.1,1713.83,0.849,-0.7904,-0.3696
Hutan_non_mangrove_36,Hutan non mangrove,Training,200.98,401.31,303.88,4573.71,1245.6,0.8754,-0.8387,-0.5719
Hutan_non_mangrove_36,Hutan non mangrove,Training,155.16,445.28,299.02,4377.35,1577.04,0.8721,-0.8153,-0.4703
Hutan_non_mangrove_36,Hutan non mangrove,Training,223.4,394.49,267.87,4000.42,1493.32,0.8745,-0.8205,-0.4564
Hutan_non_mangrove_36,Hutan non mangrove,Training,218.2,500.46,316.74,4043.13,1376.38,0.8547,-0.7797,-0.4921
Hutan_non_mangrove_36,Hutan non mangrove,Training,156.16,475.13,281.22,4506.07,1472.04,0.8825,-0.8092,-0.5075
Hutan_non_mangrove_36,Hutan non mangrove,Training,258.14,466.79,312.03,4154.37,1353.85,0.8603,-0.798,-0.5084
Hutan_non_mangrove_36,Hutan non mangrove,Training,192.24,489.97,259.54,4215.83,1200.04,0.884,-0.7918,-0.5568
Hutan_non_mangrove_36,Hutan non mangrove,Training,211.19,431.66,315.11,4014.38,1369.16,0.8544,-0.8058,-0.4914
Hutan_non_mangrove_36,Hutan non mangrove,Training,218.97,455.04,346.28,4079.61,1331.84,0.8435,-0.7993,-0.5078
Hutan_non_mangrove_36,Hutan non mangrove,Training,237.1,435.31,287.6,4295.78,1380.34,0.8745,-0.816,-0.5136
Hutan_non_mangrove_36,Hutan non mangrove,Training,190.65,422.28,340.87,4162.34,1332.54,0.8486,-0.8158,-0.515
Hutan_non_mangrove_36,Hutan non mangrove,Training,191.09,464.2,343.84,4157.72,1296.46,0.8472,-0.7991,-0.5246
Hutan_non_mangrove_36,Hutan non mangrove,Training,257.57,455.42,296.82,4217.96,1250.54,0.8685,-0.8051,-0.5426
Hutan_non_mangrove_36,Hutan non mangrove,Training,198.64,480.38,336.6,4110.45,1422.55,0.8486,-0.7907,-0.4858
Hutan_non_mangrove_36,Hutan non mangrove,Training,237.14,451.5,321.58,4306.08,1320.29,0.861,-0.8102,-0.5307
Hutan_non_mangrove_36,Hutan non mangrove,Training,172.52,492.37,219.76,4032.84,1232.56,0.8966,-0.7824,-0.5318
Hutan_non_mangrove_36,Hutan non mangrove,Training,231.82,504.59,278.27,4891.23,1565.27,0.8923,-0.813,-0.5151
Hutan_non_mangrove_36,Hutan non mangrove,Training,205.91,510.0,280.75,4130.85,1455.59,0.8727,-0.7802,-0.4789
Hutan_non_mangrove_36,Hutan non mangrove,Training,179.24,398.63,271.86,4150.83,1456.32,0.8771,-0.8248,-0.4805
Hutan_non_mangrove_36,Hutan non mangrove,Training,189.86,384.41,314.11,4518.34,1320.81,0.87,-0.8432,-0.5476
Hutan_non_mangrove_36,Hutan non mangrove,Training,249.88,484.75,268.38,4038.02,1362.44,0.8754,-0.7856,-0.4954
Hutan_non_mangrove_36,Hutan non mangrove,Training,194.44,352.46,277.41,4061.59,1626.87,0.8721,-0.8403,-0.428
Hutan_non_mangrove_36,Hutan non mangrove,Training,206.81,418.08,286.84,4306.27,1354.65,0.8751,-0.823,-0.5214
Hutan_non_mangrove_36,Hutan non mangrove,Training,182.44,427.87,314.39,3854.57,1269.57,0.8492,-0.8002,-0.5045
Hutan_non_mangrove_36,Hutan non mangrove,Training,172.17,405.84,275.29,4424.22,1524.36,0.8828,-0.832,-0.4875
Hutan_non_mangrove_36,Hutan non mangrove,Training,208.15,458.59,279.9,3679.73,1417.26,0.8586,-0.7784,-0.4439
Hutan_non_mangrove_36,Hutan non mangrove,Training,208.93,423.05,267.72,3881.65,1420.12,0.871,-0.8034,-0.4643
Hutan_non_mangrove_36,Hutan non mangrove,Training,202.46,497.78,275.84,4128.02,1402.06,0.8747,-0.7848,-0.4929
Hutan_non_mangrove_36,Hutan non mangrove,Training,183.5,483.56,337.14,3923.61,1345.03,0.8417,-0.7806,-0.4894
Hutan_non_mangrove_36,Hutan non mangrove,Training,239.74,462.93,303.52,4285.31,1478.71,0.8677,-0.805,-0.4869
Hutan_non_mangrove_37,Hutan non mangrove,Training,211.67,458.54,300.29,4537.06,1368.05,0.8758,-0.8164,-0.5367
Hutan_non_mangrove_37,Hutan non mangrove,Training,200.04,512.08,309.77,4183.35,1475.69,0.8621,-0.7819,-0.4785
Hutan_non_mangrove_37,Hutan non mangrove,Training,206.82,420.44,307.35,3997.81,1619.21,0.8572,-0.8097,-0.4235
Hutan_non_mangrove_37,Hutan non mangrove,Training,207.16,412.47,288.22,4389.89,1269.06,0.8768,-0.8282,-0.5515
Hutan_non_mangrove_37,Hutan non mangrove,Training,281.61,391.79,327.77,4078.35,1302.94,0.8512,-0.8247,-0.5158
Hutan_non_mangrove_37,Hutan non mangrove,Training,216.13,431.84,347.75,3849.68,1467.47,0.8343,-0.7983,-0.448
Hutan_non_mangrove_37,Hutan non mangrove,Training,191.74,461.85,315.42,3767.1,1428.08,0.8455,-0.7816,-0.4502
Hutan_non_mangrove_37,Hutan non mangrove,Training,232.67,468.66,288.94,3846.55,1460.95,0.8603,-0.7828,-0.4495
Hutan_non_mangrove_37,Hutan non mangrove,Training,256.28,476.47,334.73,4433.25,1352.83,0.8596,-0.8059,-0.5324
Hutan_non_mangrove_37,Hutan non mangrove,Training,202.71,484.74,252.61,4362.94,1551.07,0.8905,-0.8,-0.4755
Hutan_non_mangrove_37,Hutan non mangrove,Training,198.46,482.56,283.37,4209.56,1367.23,0.8739,-0.7943,-0.5097
Hutan_non_mangrove_37,Hutan non mangrove,Training,213.79,445.82,249.71,4020.47,1633.1,0.883,-0.8004,-0.4223
Hutan_non_mangrove_37,Hutan non mangrove,Training,217.03,366.08,336.23,3911.79,1507.2,0.8417,-0.8288,-0.4437
Hutan_non_mangrove_37,Hutan non mangrove,Training,238.77,454.07,270.09,4021.21,1475.51,0.8741,-0.7971,-0.4631
Hutan_non_mangrove_37,Hutan non mangrove,Training,165.94,426.72,315.39,4037.21,1570.49,0.8551,-0.8088,-0.4399
Hutan_non_mangrove_37,Hutan non mangrove,Training,168.86,318.47,276.65,4277.53,1503.6,0.8785,-0.8614,-0.4798
Hutan_non_mangrove_37,Hutan non mangrove,Training,187.75,438.91,299.07,4635.48,1445.45,0.8788,-0.827,-0.5246
Hutan_non_mangrove_37,Hutan non mangrove,Training,185.22,532.07,300.34,3681.17,1233.58,0.8491,-0.7474,-0.498
Hutan_non_mangrove_37,Hutan non mangrove,Training,216.75,378.91,314.94,4005.01,1541.33,0.8542,-0.8271,-0.4442
Hutan_non_mangrove_37,Hutan non mangrove,Training,205.03,384.52,327.43,4540.9,1246.78,0.8655,-0.8439,-0.5692
Hutan_non_mangrove_37,Hutan non mangrove,Training,175.92,470.1,320.45,4788.31,1506.91,0.8745,-0.8212,-0.5213
Hutan_non_mangrove_37,Hutan non mangrove,Training,272.02,450.78,311.51,4057.97,1337.29,0.8574,-0.8,-0.5043
Hutan_non_mangrove_37,Hutan non mangrove,Training,204.41,426.7,223.08,4033.3,1529.2,0.8952,-0.8087,-0.4502
Hutan_non_mangrove_37,Hutan non mangrove,Training,202.18,453.14,277.1,4283.24,1599.04,0.8785,-0.8087,-0.4563
Hutan_non_mangrove_37,Hutan non mangrove,Training,242.02,464.63,274.39,4641.8,1527.11,0.8884,-0.818,-0.5049
Hutan_non_mangrove_37,Hutan non mangrove,Training,155.57,379.73,257.24,4076.58,1508.21,0.8813,-0.8296,-0.4599
Hutan_non_mangrove_37,Hutan non mangrove,Training,226.34,463.63,295.79,4792.83,1404.08,0.8837,-0.8236,-0.5468
Hutan_non_mangrove_37,Hutan non mangrove,Training,197.39,429.7,366.36,4380.22,1275.86,0.8456,-0.8213,-0.5489
Hutan_non_mangrove_37,Hutan non mangrove,Training,165.41,382.8,297.1,3825.38,1259.89,0.8559,-0.8181,-0.5045
Hutan_non_mangrove_37,Hutan non mangrove,Training,232.05,485.64,344.74,3832.42,1279.72,0.8349,-0.7751,-0.4993
Hutan_non_mangrove_37,Hutan non mangrove,Training,181.14,515.6,301.89,4655.51,1475.29,0.8782,-0.8006,-0.5187
Hutan_non_mangrove_37,Hutan non mangrove,Training,196.63,472.95,248.12,3686.44,1431.11,0.8739,-0.7726,-0.4407
Hutan_non_mangrove_37,Hutan non mangrove,Training,200.43,527.34,258.63,4293.11,1483.43,0.8864,-0.7812,-0.4864
Hutan_non_mangrove_37,Hutan non mangrove,Training,210.28,493.96,281.03,4408.06,1467.38,0.8801,-0.7985,-0.5005
Hutan_non_mangrove_37,Hutan non mangrove,Training,234.98,429.55,264.41,4042.86,1272.43,0.8772,-0.8079,-0.5212
Hutan_non_mangrove_37,Hutan non mangrove,Training,183.05,436.63,272.66,4201.94,1258.52,0.8781,-0.8117,-0.539
Hutan_non_mangrove_37,Hutan non mangrove,Training,197.8,430.19,296.36,4298.34,1349.81,0.871,-0.818,-0.522
Hutan_non_mangrove_37,Hutan non mangrove,Training,176.66,423.82,330.69,4519.08,1338.21,0.8636,-0.8285,-0.5431
Hutan_non_mangrove_37,Hutan non mangrove,Training,195.36,381.82,294.54,3837.11,1341.4,0.8574,-0.819,-0.4819
Hutan_non_mangrove_37,Hutan non mangrove,Training,232.32,389.92,272.94,3975.73,1199.74,0.8715,-0.8214,-0.5364
Hutan_non_mangrove_37,Hutan non mangrove,Training,225.88,461.09,354.27,3951.17,1187.34,0.8354,-0.791,-0.5379
Hutan_non_mangrove_37,Hutan non mangrove,Training,228.24,435.57,286.0,4569.51,1420.37,0.8822,-0.8259,-0.5257
Hutan_non_mangrove_37,Hutan non mangrove,Training,227.13,425.09,278.25,4108.66,1480.44,0.8731,-0.8125,-0.4702
Hutan_non_mangrove_37,Hutan non mangrove,Training,201.53,468.72,221.9,3729.51,1141.56,0.8877,-0.7767,-0.5313
Hutan_non_mangrove_37,Hutan non mangrove,Training,188.62,394.09,350.69,4194.65,1426.0,0.8457,-0.8282,-0.4926
Hutan_non_mangrove_37,Hutan non mangrove,Training,167.31,405.16,346.54,4645.6,1449.9,0.8612,-0.8396,-0.5243
Hutan_non_mangrove_37,Hutan non mangrove,Training,139.05,432.98,309.4,4143.01,1145.58,0.861,-0.8108,-0.5668
Hutan_non_mangrove_37,Hutan non mangrove,Training,255.49,416.58,259.77,4192.28,1542.11,0.8833,-0.8192,-0.4622
Hutan_non_mangrove_37,Hutan non mangrove,Training,215.39,397.37,255.58,3652.11,1365.01,0.8692,-0.8037,-0.4559
Hutan_non_mangrove_37,Hutan non mangrove,Training,185.81,470.55,279.43,4443.43,1478.56,0.8817,-0.8085,-0.5007
Hutan_non_mangrove_38,Hutan non mangrove,Training,178.13,465.65,339.87,3959.82,1374.4,0.8419,-0.7896,-0.4847
Hutan_non_mangrove_38,Hutan non mangrove,Training,193.02,435.69,324.06,4420.27,1448.8,0.8634,-0.8206,-0.5063
Hutan_non_mangrove_38,Hutan non mangrove,Training,210.77,427.51,309.92,3878.71,1697.43,0.852,-0.8014,-0.3912
Hutan_non_mangrove_38,Hutan non mangrove,Training,240.51,488.26,312.25,4302.3,1197.19,0.8647,-0.7962,-0.5646
Hutan_non_mangrove_38,Hutan non mangrove,Training,162.24,404.64,301.75,4129.62,1497.36,0.8638,-0.8215,-0.4678
Hutan_non_mangrove_38,Hutan non mangrove,Training,171.03,491.06,275.39,4095.51,1507.45,0.874,-0.7859,-0.4619
Hutan_non_mangrove_38,Hutan non mangrove,Training,215.14,399.94,331.92,4222.25,1142.94,0.8542,-0.8269,-0.5739
Hutan_non_mangrove_38,Hutan non mangrove,Training,174.72,433.61,264.92,4535.68,1355.03,0.8896,-0.8255,-0.5399
Hutan_non_mangrove_38,Hutan non mangrove,Training,213.81,458.26,321.17,4618.26,1481.08,0.87,-0.8195,-0.5143
Hutan_non_mangrove_38,Hutan non mangrove,Training,252.28,478.09,303.95,4280.36,1084.96,0.8674,-0.7991,-0.5956
Hutan_non_mangrove_38,Hutan non mangrove,Training,186.35,444.26,313.14,4193.62,1440.07,0.861,-0.8084,-0.4888
Hutan_non_mangrove_38,Hutan non mangrove,Training,160.3,386.75,264.51,4592.8,1247.85,0.8911,-0.8447,-0.5727
Hutan_non_mangrove_38,Hutan non mangrove,Training,176.34,454.21,252.25,3981.91,1481.21,0.8808,-0.7952,-0.4577
Hutan_non_mangrove_38,Hutan non mangrove,Training,186.86,517.34,249.04,4113.6,1347.47,0.8858,-0.7766,-0.5065
Hutan_non_mangrove_38,Hutan non mangrove,Training,199.73,400.93,282.59,4397.28,1367.67,0.8792,-0.8329,-0.5255
Hutan_non_mangrove_38,Hutan non mangrove,Training,167.91,533.2,301.47,4353.34,1491.7,0.8705,-0.7818,-0.4896
Hutan_non_mangrove_38,Hutan non mangrove,Training,197.88,418.41,305.98,4024.97,1444.59,0.8587,-0.8117,-0.4718
Hutan_non_mangrove_38,Hutan non mangrove,Training,195.07,491.18,265.75,4379.63,1473.65,0.8856,-0.7983,-0.4965
Hutan_non_mangrove_38,Hutan non mangrove,Training,192.83,479.21,312.57,4366.79,1472.42,0.8664,-0.8022,-0.4957
Hutan_non_mangrove_38,Hutan non mangrove,Training,201.5,426.15,281.77,4146.34,1501.18,0.8727,-0.8136,-0.4684
Hutan_non_mangrove_38,Hutan non mangrove,Training,218.97,490.24,333.19,4145.75,1635.49,0.8512,-0.7885,-0.4342
Hutan_non_mangrove_38,Hutan non mangrove,Training,196.88,430.24,310.0,4320.93,1311.01,0.8661,-0.8189,-0.5344
Hutan_non_mangrove_38,Hutan non mangrove,Training,195.24,432.12,304.25,4398.96,1368.09,0.8706,-0.8211,-0.5255
Hutan_non_mangrove_38,Hutan non mangrove,Training,217.18,394.45,326.69,4086.64,1343.45,0.852,-0.824,-0.5052
Hutan_non_mangrove_38,Hutan non mangrove,Training,212.01,468.12,296.63,3977.8,1342.45,0.8612,-0.7894,-0.4953
Hutan_non_mangrove_38,Hutan non mangrove,Training,202.86,469.59,275.31,4039.96,1431.55,0.8724,-0.7917,-0.4767
Hutan_non_mangrove_38,Hutan non mangrove,Training,197.5,455.86,221.57,4126.27,1502.39,0.8981,-0.801,-0.4662
Hutan_non_mangrove_38,Hutan non mangrove,Training,181.52,469.46,263.74,3809.3,1450.14,0.8705,-0.7806,-0.4486
Hutan_non_mangrove_38,Hutan non mangrove,Training,198.37,436.56,325.39,4122.04,1324.09,0.8537,-0.8085,-0.5138
Hutan_non_mangrove_38,Hutan non mangrove,Training,177.78,411.91,314.0,4121.98,1537.1,0.8584,-0.8183,-0.4568
Hutan_non_mangrove_38,Hutan non mangrove,Training,111.43,486.91,310.79,4177.29,1245.03,0.8615,-0.7912,-0.5408
Hutan_non_mangrove_38,Hutan non mangrove,Training,150.2,480.04,307.26,4255.8,1387.7,0.8653,-0.7973,-0.5082
Hutan_non_mangrove_38,Hutan non mangrove,Training,225.49,426.57,289.91,4155.85,1374.36,0.8696,-0.8138,-0.503
Hutan_non_mangrove_38,Hutan non mangrove,Training,240.1,399.82,241.36,3836.49,1482.04,0.8816,-0.8112,-0.4427
Hutan_non_mangrove_38,Hutan non mangrove,Training,196.98,386.05,302.99,4119.0,1467.14,0.863,-0.8286,-0.4747
Hutan_non_mangrove_38,Hutan non mangrove,Training,223.83,550.73,264.54,3734.31,1470.69,0.8677,-0.743,-0.4349
Hutan_non_mangrove_38,Hutan non mangrove,Training,229.6,398.97,261.76,4286.09,1605.74,0.8849,-0.8297,-0.4549
Hutan_non_mangrove_38,Hutan non mangrove,Training,173.7,453.48,243.03,4150.35,1386.36,0.8894,-0.803,-0.4992
Hutan_non_mangrove_38,Hutan non mangrove,Training,244.03,421.73,320.59,4007.06,1410.84,0.8518,-0.8095,-0.4792
Hutan_non_mangrove_38,Hutan non mangrove,Training,262.32,521.72,358.82,4299.39,1374.77,0.8459,-0.7836,-0.5154
Hutan_non_mangrove_38,Hutan non mangrove,Training,208.55,468.64,311.68,4022.15,1309.81,0.8562,-0.7913,-0.5087
Hutan_non_mangrove_38,Hutan non mangrove,Training,182.11,492.81,335.37,4995.86,1451.08,0.8742,-0.8204,-0.5498
Hutan_non_mangrove_38,Hutan non mangrove,Training,176.35,430.84,295.27,4576.56,1487.95,0.8788,-0.8279,-0.5093
Hutan_non_mangrove_38,Hutan non mangrove,Training,159.6,447.73,255.86,4348.12,1315.18,0.8889,-0.8133,-0.5355
Hutan_non_mangrove_38,Hutan non mangrove,Training,181.66,374.85,322.7,4502.17,1316.85,0.8662,-0.8463,-0.5474
Hutan_non_mangrove_38,Hutan non mangrove,Training,195.14,430.83,293.45,3995.09,1267.97,0.8631,-0.8053,-0.5182
Hutan_non_mangrove_38,Hutan non mangrove,Training,241.06,344.41,315.12,4270.83,1598.47,0.8626,-0.8508,-0.4553
Hutan_non_mangrove_38,Hutan non mangrove,Training,192.91,435.15,275.75,4288.89,1315.01,0.8792,-0.8158,-0.5307
Hutan_non_mangrove_38,Hutan non mangrove,Training,166.14,420.52,271.6,3948.51,1410.24,0.8713,-0.8075,-0.4737
Hutan_non_mangrove_38,Hutan non mangrove,Training,194.16,471.98,304.42,3899.32,1145.29,0.8552,-0.7841,-0.5459
Hutan_non_mangrove_40,Hutan non mangrove,Training,156.35,430.51,268.75,4397.08,1439.64,0.8848,-0.8216,-0.5067
Hutan_non_mangrove_40,Hutan non mangrove,Training,209.95,489.07,275.21,4267.45,1528.43,0.8788,-0.7944,-0.4726
Hutan_non_mangrove_40,Hutan non mangrove,Training,173.12,368.83,279.28,4439.13,1285.63,0.8816,-0.8466,-0.5509
Hutan_non_mangrove_40,Hutan non mangrove,Training,186.05,418.81,294.29,3937.87,1222.03,0.8609,-0.8077,-0.5263
Hutan_non_mangrove_40,Hutan non mangrove,Training,186.77,439.18,333.49,4216.57,1259.39,0.8534,-0.8113,-0.54
Hutan_non_mangrove_40,Hutan non mangrove,Training,178.05,478.54,287.29,3926.72,1409.88,0.8637,-0.7827,-0.4716
Hutan_non_mangrove_40,Hutan non mangrove,Training,176.3,469.13,310.89,3913.15,1614.2,0.8528,-0.7859,-0.4159
Hutan_non_mangrove_40,Hutan non mangrove,Training,196.31,343.45,311.42,3550.43,1524.78,0.8387,-0.8236,-0.3991
Hutan_non_mangrove_40,Hutan non mangrove,Training,201.71,444.15,297.46,4325.44,1332.18,0.8713,-0.8138,-0.5291
Hutan_non_mangrove_40,Hutan non mangrove,Training,197.15,451.33,211.02,4327.33,1481.37,0.907,-0.8111,-0.4899
Hutan_non_mangrove_40,Hutan non mangrove,Training,211.02,461.87,345.34,4167.74,1388.64,0.847,-0.8005,-0.5002
Hutan_non_mangrove_40,Hutan non mangrove,Training,177.89,370.05,311.19,4042.7,1158.84,0.8571,-0.8323,-0.5544
Hutan_non_mangrove_40,Hutan non mangrove,Training,195.19,442.47,290.54,4212.67,1202.48,0.871,-0.8099,-0.5559
Hutan_non_mangrove_40,Hutan non mangrove,Training,227.21,463.94,334.73,4040.1,1441.42,0.847,-0.794,-0.4741
Hutan_non_mangrove_40,Hutan non mangrove,Training,141.39,413.26,256.29,4243.72,1257.27,0.8861,-0.8225,-0.5429
Hutan_non_mangrove_40,Hutan non mangrove,Training,184.33,446.44,285.23,3849.71,1587.33,0.862,-0.7922,-0.4161
Hutan_non_mangrove_40,Hutan non mangrove,Training,200.91,512.8,266.5,4084.83,1400.25,0.8775,-0.7769,-0.4894
Hutan_non_mangrove_40,Hutan non mangrove,Training,243.42,512.52,284.43,3996.36,1389.16,0.8671,-0.7727,-0.4841
Hutan_non_mangrove_40,Hutan non mangrove,Training,233.46,452.03,307.0,4476.53,1513.38,0.8716,-0.8166,-0.4947
Hutan_non_mangrove_40,Hutan non mangrove,Training,229.5,474.88,340.56,3896.24,1669.91,0.8392,-0.7827,-0.4
Hutan_non_mangrove_40,Hutan non mangrove,Training,231.81,443.59,333.29,4113.14,1456.98,0.8501,-0.8053,-0.4769
Hutan_non_mangrove_40,Hutan non mangrove,Training,217.76,484.49,286.21,4420.85,1346.97,0.8784,-0.8025,-0.5329
Hutan_non_mangrove_40,Hutan non mangrove,Training,221.93,449.28,245.28,4015.81,1501.77,0.8849,-0.7988,-0.4556
Hutan_non_mangrove_40,Hutan non mangrove,Training,190.89,498.54,263.6,4374.03,1394.3,0.8863,-0.7954,-0.5166
Hutan_non_mangrove_40,Hutan non mangrove,Training,192.6,402.87,306.3,3947.78,1323.67,0.856,-0.8148,-0.4978
Hutan_non_mangrove_40,Hutan non mangrove,Training,195.78,435.37,330.83,3552.46,1378.59,0.8296,-0.7817,-0.4409
Hutan_non_mangrove_40,Hutan non mangrove,Training,189.12,449.66,283.67,4455.97,1369.07,0.8803,-0.8167,-0.5299
Hutan_non_mangrove_40,Hutan non mangrove,Training,203.99,485.69,301.56,3882.7,1348.81,0.8559,-0.7776,-0.4844
Hutan_non_mangrove_40,Hutan non mangrove,Training,196.28,384.14,278.65,4182.93,1641.46,0.8751,-0.8318,-0.4363
Hutan_non_mangrove_40,Hutan non mangrove,Training,211.13,456.31,350.72,4346.96,1487.47,0.8507,-0.81,-0.4901
Hutan_non_mangrove_40,Hutan non mangrove,Training,187.79,399.38,307.85,4655.55,1581.56,0.876,-0.842,-0.4929
Hutan_non_mangrove_40,Hutan non mangrove,Training,219.74,422.54,253.48,3994.44,1426.13,0.8807,-0.8087,-0.4738
Hutan_non_mangrove_40,Hutan non mangrove,Training,185.87,490.08,255.32,4167.81,1308.0,0.8846,-0.7896,-0.5223
Hutan_non_mangrove_40,Hutan non mangrove,Training,229.74,471.7,275.07,4413.55,1205.27,0.8827,-0.8069,-0.571
Hutan_non_mangrove_40,Hutan non mangrove,Training,146.41,414.59,240.51,4171.86,1390.31,0.891,-0.8192,-0.5001
Hutan_non_mangrove_40,Hutan non mangrove,Training,187.83,471.56,278.3,3875.59,1304.33,0.866,-0.7831,-0.4964
Hutan_non_mangrove_40,Hutan non mangrove,Training,163.39,425.53,317.88,3760.9,1359.24,0.8441,-0.7967,-0.4691
Hutan_non_mangrove_40,Hutan non mangrove,Training,228.73,492.87,279.54,4753.31,1273.81,0.8889,-0.8121,-0.5773
Hutan_non_mangrove_40,Hutan non mangrove,Training,193.15,403.19,312.99,4900.31,1621.25,0.8799,-0.848,-0.5028
Hutan_non_mangrove_40,Hutan non mangrove,Training,225.39,425.7,294.96,4479.01,1489.94,0.8764,-0.8264,-0.5008
Hutan_non_mangrove_40,Hutan non mangrove,Training,202.49,455.68,331.67,4525.85,1219.91,0.8634,-0.8171,-0.5754
Hutan_non_mangrove_40,Hutan non mangrove,Training,206.81,473.13,284.04,4519.76,1365.38,0.8817,-0.8105,-0.536
Hutan_non_mangrove_40,Hutan non mangrove,Training,239.2,435.27,307.78,4259.32,1599.52,0.8652,-0.8146,-0.454
Hutan_non_mangrove_40,Hutan non mangrove,Training,222.23,431.69,291.83,4130.96,1402.22,0.868,-0.8108,-0.4932
Hutan_non_mangrove_40,Hutan non mangrove,Training,171.66,446.75,341.04,4530.91,1212.22,0.86,-0.8205,-0.5779
Hutan_non_mangrove_40,Hutan non mangrove,Training,148.3,426.27,246.63,3884.15,1442.15,0.8806,-0.8022,-0.4585
Hutan_non_mangrove_40,Hutan non mangrove,Training,198.86,381.16,335.1,4094.51,1337.81,0.8487,-0.8297,-0.5075
Hutan_non_mangrove_40,Hutan non mangrove,Training,230.5,466.44,298.73,4076.35,1468.35,0.8634,-0.7946,-0.4704
Hutan_non_mangrove_40,Hutan non mangrove,Training,187.02,440.87,264.71,4485.64,1586.31,0.8886,-0.821,-0.4775
Hutan_non_mangrove_40,Hutan non mangrove,Training,206.36,430.55,328.06,4347.16,1346.75,0.8597,-0.8198,-0.527
Hutan_non_mangrove_43,Hutan non mangrove,Training,218.23,420.85,291.92,4145.04,1398.15,0.8684,-0.8157,-0.4955
Hutan_non_mangrove_43,Hutan non mangrove,Training,204.38,397.82,309.37,4113.97,1530.13,0.8601,-0.8237,-0.4578
Hutan_non_mangrove_43,Hutan non mangrove,Training,224.45,502.91,271.85,4521.67,1411.29,0.8866,-0.7998,-0.5243
Hutan_non_mangrove_43,Hutan non mangrove,Training,220.71,476.98,313.77,3927.94,1514.61,0.8521,-0.7834,-0.4434
Hutan_non_mangrove_43,Hutan non mangrove,Training,210.55,391.08,285.49,3896.73,1228.86,0.8635,-0.8176,-0.5205
Hutan_non_mangrove_43,Hutan non mangrove,Training,225.6,390.83,260.37,4694.56,1346.25,0.8949,-0.8463,-0.5543
Hutan_non_mangrove_43,Hutan non mangrove,Training,219.73,494.99,323.23,4237.39,1395.53,0.8583,-0.7908,-0.5045
Hutan_non_mangrove_43,Hutan non mangrove,Training,216.13,441.01,320.85,4135.26,1382.54,0.856,-0.8073,-0.4989
Hutan_non_mangrove_43,Hutan non mangrove,Training,256.45,430.78,300.58,4307.64,1459.38,0.8695,-0.8182,-0.4939
Hutan_non_mangrove_43,Hutan non mangrove,Training,208.79,399.98,304.86,4260.71,1536.8,0.8665,-0.8284,-0.4698
Hutan_non_mangrove_43,Hutan non mangrove,Training,222.18,498.23,269.9,3950.99,1439.37,0.8721,-0.776,-0.4659
Hutan_non_mangrove_43,Hutan non mangrove,Training,233.99,441.98,277.79,3799.63,1443.56,0.8637,-0.7916,-0.4494
Hutan_non_mangrove_43,Hutan non mangrove,Training,196.61,432.64,327.16,4178.3,1400.11,0.8548,-0.8123,-0.498
Hutan_non_mangrove_43,Hutan non mangrove,Training,227.0,537.63,286.67,3980.94,1281.31,0.8657,-0.762,-0.513
Hutan_non_mangrove_43,Hutan non mangrove,Training,214.3,406.38,288.8,4128.68,1586.77,0.8692,-0.8208,-0.4447
Hutan_non_mangrove_43,Hutan non mangrove,Training,235.79,388.53,347.54,3895.96,1419.23,0.8362,-0.8186,-0.466
Hutan_non_mangrove_43,Hutan non mangrove,Training,174.96,434.47,270.59,4618.88,1383.19,0.8893,-0.828,-0.5391
Hutan_non_mangrove_43,Hutan non mangrove,Training,206.77,407.11,257.55,4088.96,1462.58,0.8815,-0.8189,-0.4731
Hutan_non_mangrove_43,Hutan non mangrove,Training,196.36,488.98,303.73,4201.62,1464.21,0.8652,-0.7915,-0.4831
Hutan_non_mangrove_43,Hutan non mangrove,Training,203.01,487.76,316.66,4427.74,1485.97,0.8665,-0.8015,-0.4974
Hutan_non_mangrove_43,Hutan non mangrove,Training,240.81,483.16,352.43,4064.7,1500.17,0.8404,-0.7875,-0.4608
Hutan_non_mangrove_43,Hutan non mangrove,Training,158.58,487.88,301.69,4434.2,1601.54,0.8726,-0.8018,-0.4693
Hutan_non_mangrove_43,Hutan non mangrove,Training,224.03,433.49,267.36,4334.0,1365.69,0.8838,-0.8181,-0.5208
Hutan_non_mangrove_43,Hutan non mangrove,Training,219.91,429.73,272.12,4139.57,1460.11,0.8766,-0.8119,-0.4785
Hutan_non_mangrove_43,Hutan non mangrove,Training,203.67,417.48,354.02,4165.31,1128.58,0.8433,-0.8178,-0.5736
Hutan_non_mangrove_43,Hutan non mangrove,Training,227.97,449.56,294.88,4152.4,1377.83,0.8674,-0.8046,-0.5017
Hutan_non_mangrove_43,Hutan non mangrove,Training,250.07,468.58,307.81,4134.32,1607.42,0.8614,-0.7964,-0.4401
Hutan_non_mangrove_43,Hutan non mangrove,Training,225.29,489.56,308.35,4449.98,1447.18,0.8704,-0.8018,-0.5092
Hutan_non_mangrove_43,Hutan non mangrove,Training,188.86,464.78,362.91,4250.95,1552.42,0.8427,-0.8029,-0.465
Hutan_non_mangrove_43,Hutan non mangrove,Training,235.74,472.51,349.7,3656.77,1179.63,0.8254,-0.7711,-0.5122
Hutan_non_mangrove_43,Hutan non mangrove,Training,251.83,424.1,303.35,4637.64,1423.96,0.8772,-0.8324,-0.5302
Hutan_non_mangrove_43,Hutan non mangrove,Training,250.69,434.47,318.48,4214.53,1578.88,0.8595,-0.8131,-0.4549
Hutan_non_mangrove_43,Hutan non mangrove,Training,192.15,411.43,285.97,4094.19,1322.34,0.8694,-0.8174,-0.5117
Hutan_non_mangrove_43,Hutan non mangrove,Training,179.34,494.87,342.23,4297.98,1322.32,0.8525,-0.7935,-0.5294
Hutan_non_mangrove_43,Hutan non mangrove,Training,182.48,367.08,311.39,4029.32,1576.53,0.8565,-0.833,-0.4375
Hutan_non_mangrove_43,Hutan non mangrove,Training,158.66,426.31,297.13,4316.31,1616.35,0.8712,-0.8202,-0.4551
Hutan_non_mangrove_43,Hutan non mangrove,Training,158.89,437.92,257.15,4397.49,1322.37,0.8895,-0.8189,-0.5376
Hutan_non_mangrove_43,Hutan non mangrove,Training,196.9,443.11,303.49,4160.93,1283.4,0.864,-0.8075,-0.5285
Hutan_non_mangrove_43,Hutan non mangrove,Training,202.55,418.22,324.44,4214.35,1275.23,0.857,-0.8194,-0.5354
Hutan_non_mangrove_43,Hutan non mangrove,Training,272.21,516.35,373.3,4114.28,1299.78,0.8336,-0.777,-0.5199
Hutan_non_mangrove_43,Hutan non mangrove,Training,224.19,494.32,305.9,3674.06,1282.27,0.8463,-0.7628,-0.4826
Hutan_non_mangrove_43,Hutan non mangrove,Training,212.68,423.59,259.05,4135.59,1010.4,0.8821,-0.8142,-0.6073
Hutan_non_mangrove_43,Hutan non mangrove,Training,181.9,432.96,309.31,4336.91,1445.33,0.8669,-0.8185,-0.5001
Hutan_non_mangrove_43,Hutan non mangrove,Training,226.92,443.28,256.33,4211.05,1294.94,0.8852,-0.8095,-0.5296
Hutan_non_mangrove_43,Hutan non mangrove,Training,159.29,473.16,257.61,4370.05,1244.94,0.8887,-0.8046,-0.5566
Hutan_non_mangrove_43,Hutan non mangrove,Training,191.28,427.44,334.11,4348.58,1301.09,0.8573,-0.821,-0.5394
Hutan_non_mangrove_43,Hutan non mangrove,Training,195.27,503.18,344.79,3857.8,1557.94,0.8359,-0.7692,-0.4247
Hutan_non_mangrove_43,Hutan non mangrove,Training,237.19,457.14,297.28,4062.39,1249.59,0.8636,-0.7977,-0.5295
Hutan_non_mangrove_43,Hutan non mangrove,Training,210.17,443.2,313.05,4314.7,1702.15,0.8647,-0.8137,-0.4342
Hutan_non_mangrove_43,Hutan non mangrove,Training,235.9,471.88,235.89,4298.08,1589.87,0.8959,-0.8021,-0.46
Hutan_non_mangrove_44,Hutan non mangrove,Training,187.19,537.63,316.32,4273.64,1281.11,0.8622,-0.7765,-0.5387
Hutan_non_mangrove_44,Hutan non mangrove,Training,245.11,416.77,283.07,3729.73,1507.54,0.8589,-0.799,-0.4243
Hutan_non_mangrove_44,Hutan non mangrove,Training,217.63,450.41,322.21,4361.5,1356.14,0.8624,-0.8128,-0.5256
Hutan_non_mangrove_44,Hutan non mangrove,Training,176.45,381.39,294.67,3872.96,1419.52,0.8586,-0.8207,-0.4636
Hutan_non_mangrove_44,Hutan non mangrove,Training,195.19,433.92,331.4,3953.41,1178.24,0.8453,-0.8022,-0.5408
Hutan_non_mangrove_44,Hutan non mangrove,Training,193.24,420.4,303.65,3971.6,1450.46,0.858,-0.8086,-0.465
Hutan_non_mangrove_44,Hutan non mangrove,Training,170.81,410.65,318.49,4188.39,1257.55,0.8587,-0.8214,-0.5382
Hutan_non_mangrove_44,Hutan non mangrove,Training,171.45,435.09,265.71,4128.02,1369.67,0.879,-0.8093,-0.5017
Hutan_non_mangrove_44,Hutan non mangrove,Training,172.49,476.0,269.39,4511.42,1373.78,0.8873,-0.8091,-0.5331
Hutan_non_mangrove_44,Hutan non mangrove,Training,180.21,471.57,301.03,4389.97,1159.87,0.8717,-0.806,-0.582
Hutan_non_mangrove_44,Hutan non mangrove,Training,215.51,429.23,301.13,4177.96,1561.59,0.8655,-0.8137,-0.4558
Hutan_non_mangrove_44,Hutan non mangrove,Training,144.19,514.56,321.19,4238.03,1227.98,0.8591,-0.7835,-0.5507
Hutan_non_mangrove_44,Hutan non mangrove,Training,149.84,427.56,319.05,4198.5,1469.39,0.8587,-0.8152,-0.4815
Hutan_non_mangrove_44,Hutan non mangrove,Training,156.1,451.78,332.86,4562.97,1249.52,0.864,-0.8198,-0.5701
Hutan_non_mangrove_44,Hutan non mangrove,Training,189.44,436.37,281.21,4426.94,1744.58,0.8805,-0.8205,-0.4346
Hutan_non_mangrove_44,Hutan non mangrove,Training,166.59,466.99,308.87,4279.25,1559.96,0.8654,-0.8032,-0.4657
Hutan_non_mangrove_44,Hutan non mangrove,Training,211.2,364.55,256.9,3933.26,1310.17,0.8774,-0.8304,-0.5003
Hutan_non_mangrove_44,Hutan non mangrove,Training,195.81,441.41,245.3,3797.82,1145.72,0.8787,-0.7917,-0.5365
Hutan_non_mangrove_44,Hutan non mangrove,Training,153.38,489.65,291.89,3961.82,1169.89,0.8628,-0.78,-0.5441
Hutan_non_mangrove_44,Hutan non mangrove,Training,169.62,474.29,314.27,4136.88,1367.96,0.8588,-0.7943,-0.503
Hutan_non_mangrove_44,Hutan non mangrove,Training,146.86,418.96,316.67,4031.3,1594.82,0.8543,-0.8117,-0.4331
Hutan_non_mangrove_44,Hutan non mangrove,Training,236.17,431.85,292.04,4755.77,1501.66,0.8843,-0.8335,-0.52
Hutan_non_mangrove_44,Hutan non mangrove,Training,202.11,457.43,304.47,4195.76,1271.48,0.8647,-0.8034,-0.5349
Hutan_non_mangrove_44,Hutan non mangrove,Training,187.93,392.56,321.74,4166.88,1493.06,0.8566,-0.8278,-0.4724
Hutan_non_mangrove_44,Hutan non mangrove,Training,161.77,506.88,338.93,3806.39,1339.29,0.8365,-0.765,-0.4794
Hutan_non_mangrove_44,Hutan non mangrove,Training,188.08,392.48,292.2,4339.52,1343.67,0.8738,-0.8341,-0.5271
Hutan_non_mangrove_44,Hutan non mangrove,Training,148.61,480.9,276.25,4028.43,1601.76,0.8717,-0.7867,-0.431
Hutan_non_mangrove_44,Hutan non mangrove,Training,211.9,417.64,264.33,4441.47,1507.65,0.8877,-0.8281,-0.4932
Hutan_non_mangrove_44,Hutan non mangrove,Training,184.8,399.64,311.57,4348.48,1355.27,0.8663,-0.8317,-0.5248
Hutan_non_mangrove_44,Hutan non mangrove,Training,166.91,450.99,313.85,4078.23,1431.43,0.8571,-0.8009,-0.4804
Hutan_non_mangrove_44,Hutan non mangrove,Training,210.83,495.82,287.38,3915.19,1391.92,0.8632,-0.7752,-0.4755
Hutan_non_mangrove_44,Hutan non mangrove,Training,250.63,379.48,230.61,4172.99,1354.49,0.8953,-0.8333,-0.5099
Hutan_non_mangrove_44,Hutan non mangrove,Training,193.75,440.18,330.17,4189.38,1498.35,0.8539,-0.8098,-0.4731
Hutan_non_mangrove_44,Hutan non mangrove,Training,125.67,428.84,275.54,3628.84,1412.41,0.8589,-0.7886,-0.4397
Hutan_non_mangrove_44,Hutan non mangrove,Training,196.99,431.32,296.22,4225.85,1521.57,0.869,-0.8148,-0.4705
Hutan_non_mangrove_44,Hutan non mangrove,Training,219.28,463.14,369.22,4022.98,1236.81,0.8319,-0.7935,-0.5297
Hutan_non_mangrove_44,Hutan non mangrove,Training,235.22,524.67,280.94,4544.45,1335.99,0.8836,-0.793,-0.5456
Hutan_non_mangrove_44,Hutan non mangrove,Training,217.54,475.61,281.07,4661.68,1635.39,0.8863,-0.8148,-0.4806
Hutan_non_mangrove_44,Hutan non mangrove,Training,169.36,458.04,327.44,3729.35,1403.15,0.8386,-0.7812,-0.4532
Hutan_non_mangrove_44,Hutan non mangrove,Training,150.4,476.7,302.58,4106.56,1211.97,0.8627,-0.792,-0.5442
Hutan_non_mangrove_44,Hutan non mangrove,Training,182.04,470.77,298.77,4498.13,1535.33,0.8754,-0.8105,-0.4911
Hutan_non_mangrove_44,Hutan non mangrove,Training,232.56,428.49,308.85,3958.69,1248.81,0.8553,-0.8047,-0.5204
Hutan_non_mangrove_44,Hutan non mangrove,Training,235.46,402.54,261.18,4226.3,1367.52,0.8836,-0.8261,-0.5111
Hutan_non_mangrove_44,Hutan non mangrove,Training,194.47,542.23,270.17,4323.76,1410.4,0.8824,-0.7771,-0.5081
Hutan_non_mangrove_44,Hutan non mangrove,Training,230.28,418.57,293.27,4228.54,1227.94,0.8703,-0.8199,-0.5499
Hutan_non_mangrove_44,Hutan non mangrove,Training,145.83,449.17,340.13,4111.95,1374.19,0.8472,-0.803,-0.499
Hutan_non_mangrove_44,Hutan non mangrove,Training,234.52,444.05,323.31,4866.62,1330.75,0.8754,-0.8328,-0.5705
Hutan_non_mangrove_44,Hutan non mangrove,Training,194.69,465.85,344.75,4171.22,1487.51,0.8473,-0.7991,-0.4743
Hutan_non_mangrove_44,Hutan non mangrove,Training,210.44,447.11,287.39,4047.7,1767.86,0.8674,-0.8011,-0.392
Hutan_non_mangrove_44,Hutan non mangrove,Training,153.77,392.15,307.34,4250.82,1451.16,0.8651,-0.8311,-0.491
Hutan_non_mangrove_45,Hutan non mangrove,Training,173.76,408.94,291.44,4426.9,1277.87,0.8765,-0.8309,-0.552
Hutan_non_mangrove_45,Hutan non mangrove,Training,204.53,429.51,254.27,3879.65,1509.24,0.877,-0.8007,-0.4399
Hutan_non_mangrove_45,Hutan non mangrove,Training,181.89,499.75,298.88,3858.04,1457.26,0.8562,-0.7706,-0.4517
Hutan_non_mangrove_45,Hutan non mangrove,Training,175.96,434.93,333.98,3877.58,1346.05,0.8414,-0.7983,-0.4846
Hutan_non_mangrove_45,Hutan non mangrove,Training,167.49,402.39,285.8,3985.61,1367.13,0.8662,-0.8166,-0.4892
Hutan_non_mangrove_45,Hutan non mangrove,Training,219.17,419.97,255.95,4360.37,1309.09,0.8891,-0.8243,-0.5382
Hutan_non_mangrove_45,Hutan non mangrove,Training,254.83,433.64,295.92,3623.98,1260.59,0.849,-0.7863,-0.4838
Hutan_non_mangrove_45,Hutan non mangrove,Training,131.63,461.76,297.55,4357.53,1496.89,0.8722,-0.8084,-0.4886
Hutan_non_mangrove_45,Hutan non mangrove,Training,228.84,441.0,302.56,4344.74,1304.63,0.8698,-0.8157,-0.5381
Hutan_non_mangrove_45,Hutan non mangrove,Training,171.86,511.6,245.82,4325.0,1440.95,0.8924,-0.7884,-0.5002
Hutan_non_mangrove_45,Hutan non mangrove,Training,166.3,423.29,289.29,4254.17,1442.2,0.8727,-0.819,-0.4936
Hutan_non_mangrove_45,Hutan non mangrove,Training,199.07,457.54,319.78,4353.32,1584.12,0.8631,-0.8098,-0.4664
Hutan_non_mangrove_45,Hutan non mangrove,Training,231.29,450.71,319.22,4305.96,1419.73,0.862,-0.8105,-0.5041
Hutan_non_mangrove_45,Hutan non mangrove,Training,173.94,456.49,238.04,4468.08,1442.04,0.8988,-0.8146,-0.512
Hutan_non_mangrove_45,Hutan non mangrove,Training,195.22,433.17,319.64,4659.38,1445.01,0.8716,-0.8299,-0.5266
Hutan_non_mangrove_45,Hutan non mangrove,Training,257.07,481.37,275.84,4321.93,1446.81,0.88,-0.7996,-0.4984
Hutan_non_mangrove_45,Hutan non mangrove,Training,175.82,433.69,287.17,4225.06,1366.4,0.8727,-0.8138,-0.5113
Hutan_non_mangrove_45,Hutan non mangrove,Training,208.06,467.23,338.03,4337.28,1315.77,0.8554,-0.8055,-0.5345
Hutan_non_mangrove_45,Hutan non mangrove,Training,263.33,422.18,288.37,4349.37,1747.44,0.8756,-0.823,-0.4268
Hutan_non_mangrove_45,Hutan non mangrove,Training,212.05,424.34,250.82,3773.54,1401.31,0.8753,-0.7978,-0.4584
Hutan_non_mangrove_45,Hutan non mangrove,Training,216.34,393.21,306.66,3871.61,1289.07,0.8532,-0.8156,-0.5004
Hutan_non_mangrove_45,Hutan non mangrove,Training,218.95,420.09,339.3,4053.91,1533.13,0.8455,-0.8122,-0.4512
Hutan_non_mangrove_45,Hutan non mangrove,Training,267.96,420.17,373.98,4203.37,1324.09,0.8366,-0.8182,-0.5209
Hutan_non_mangrove_45,Hutan non mangrove,Training,191.12,433.86,342.05,4529.46,1556.72,0.8596,-0.8252,-0.4884
Hutan_non_mangrove_45,Hutan non mangrove,Training,161.02,457.57,253.51,4452.77,1341.96,0.8923,-0.8136,-0.5368
Hutan_non_mangrove_45,Hutan non mangrove,Training,215.09,429.93,247.32,4421.29,1515.49,0.894,-0.8228,-0.4895
Hutan_non_mangrove_45,Hutan non mangrove,Training,204.18,365.54,322.51,4015.6,1461.99,0.8513,-0.8331,-0.4662
Hutan_non_mangrove_45,Hutan non mangrove,Training,185.28,434.48,314.93,3994.77,1380.0,0.8539,-0.8038,-0.4865
Hutan_non_mangrove_45,Hutan non mangrove,Training,215.29,536.66,297.77,4409.87,1259.38,0.8735,-0.783,-0.5557
Hutan_non_mangrove_45,Hutan non mangrove,Training,250.84,417.68,296.03,4327.8,1306.41,0.872,-0.824,-0.5363
Hutan_non_mangrove_45,Hutan non mangrove,Training,232.43,423.53,324.92,4466.93,1469.41,0.8644,-0.8268,-0.5049
Hutan_non_mangrove_45,Hutan non mangrove,Training,221.25,551.23,312.5,4227.46,1440.35,0.8623,-0.7693,-0.4917
Hutan_non_mangrove_45,Hutan non mangrove,Training,238.14,543.17,295.01,3971.91,1539.51,0.8617,-0.7594,-0.4413
Hutan_non_mangrove_45,Hutan non mangrove,Training,159.11,460.31,309.14,4173.17,1394.18,0.8621,-0.8013,-0.4992
Hutan_non_mangrove_45,Hutan non mangrove,Training,150.43,415.27,328.11,3689.68,1389.68,0.8367,-0.7977,-0.4528
Hutan_non_mangrove_45,Hutan non mangrove,Training,190.62,370.3,350.77,3942.43,1465.87,0.8366,-0.8283,-0.4579
Hutan_non_mangrove_45,Hutan non mangrove,Training,185.93,416.21,292.92,4110.91,1377.59,0.867,-0.8161,-0.498
Hutan_non_mangrove_45,Hutan non mangrove,Training,176.39,409.44,330.13,4201.73,1392.76,0.8543,-0.8224,-0.5021
Hutan_non_mangrove_45,Hutan non mangrove,Training,173.26,512.98,297.38,3726.07,1433.1,0.8522,-0.758,-0.4444
Hutan_non_mangrove_45,Hutan non mangrove,Training,177.07,486.43,331.15,4430.73,1344.63,0.8609,-0.8021,-0.5344
Hutan_non_mangrove_45,Hutan non mangrove,Training,196.61,459.94,326.78,3940.56,1411.21,0.8468,-0.791,-0.4726
Hutan_non_mangrove_45,Hutan non mangrove,Training,256.04,428.58,299.22,4853.37,1371.05,0.8839,-0.8377,-0.5595
Hutan_non_mangrove_45,Hutan non mangrove,Training,153.84,447.7,350.19,4464.18,1282.44,0.8545,-0.8177,-0.5537
Hutan_non_mangrove_45,Hutan non mangrove,Training,212.46,442.97,324.36,4046.15,1459.34,0.8516,-0.8026,-0.4699
Hutan_non_mangrove_45,Hutan non mangrove,Training,257.31,345.51,317.79,4529.77,1213.24,0.8689,-0.8583,-0.5775
Hutan_non_mangrove_45,Hutan non mangrove,Training,178.38,434.25,278.07,3998.55,1355.03,0.87,-0.8041,-0.4938
Hutan_non_mangrove_45,Hutan non mangrove,Training,225.55,509.51,339.08,4448.45,1619.85,0.8583,-0.7945,-0.4661
Hutan_non_mangrove_45,Hutan non mangrove,Training,260.94,456.64,342.93,4305.98,1374.05,0.8525,-0.8082,-0.5162
Hutan_non_mangrove_45,Hutan non mangrove,Training,198.51,490.5,343.97,4345.11,1352.48,0.8533,-0.7971,-0.5252
Hutan_non_mangrove_45,Hutan non mangrove,Training,185.32,375.87,310.83,4273.22,1274.64,0.8644,-0.8383,-0.5405
Hutan_non_mangrove_46,Hutan non mangrove,Training,214.19,468.25,255.49,4119.56,1569.09,0.8832,-0.7959,-0.4483
Hutan_non_mangrove_46,Hutan non mangrove,Training,181.0,450.71,304.81,4193.42,1482.64,0.8645,-0.8059,-0.4776
Hutan_non_mangrove_46,Hutan non mangrove,Training,228.06,500.58,290.6,4330.97,1500.78,0.8742,-0.7928,-0.4853
Hutan_non_mangrove_46,Hutan non mangrove,Training,196.45,421.23,304.31,4048.57,1315.49,0.8602,-0.8115,-0.5095
Hutan_non_mangrove_46,Hutan non mangrove,Training,206.6,442.47,305.27,3812.19,1378.93,0.8517,-0.792,-0.4687
Hutan_non_mangrove_46,Hutan non mangrove,Training,132.19,408.18,297.33,4503.28,1464.42,0.8761,-0.8338,-0.5092
Hutan_non_mangrove_46,Hutan non mangrove,Training,202.71,434.93,292.48,4526.44,1267.24,0.8786,-0.8247,-0.5625
Hutan_non_mangrove_46,Hutan non mangrove,Training,178.23,492.67,289.68,4684.77,1482.88,0.8835,-0.8097,-0.5191
Hutan_non_mangrove_46,Hutan non mangrove,Training,234.65,384.97,331.78,3987.65,1485.89,0.8464,-0.8239,-0.4571
Hutan_non_mangrove_46,Hutan non mangrove,Training,189.09,458.91,266.81,3769.85,1418.07,0.8678,-0.783,-0.4533
Hutan_non_mangrove_46,Hutan non mangrove,Training,191.19,414.25,249.54,3531.24,1462.83,0.868,-0.79,-0.4142
Hutan_non_mangrove_46,Hutan non mangrove,Training,192.35,425.85,306.38,4453.6,1432.35,0.8713,-0.8255,-0.5133
Hutan_non_mangrove_46,Hutan non mangrove,Training,186.71,535.3,280.93,3847.59,1411.98,0.8639,-0.7557,-0.4631
Hutan_non_mangrove_46,Hutan non mangrove,Training,192.33,487.88,284.21,4158.71,1296.11,0.8721,-0.79,-0.5248
Hutan_non_mangrove_46,Hutan non mangrove,Training,224.23,455.74,291.74,4162.5,1397.44,0.869,-0.8026,-0.4973
Hutan_non_mangrove_46,Hutan non mangrove,Training,156.88,496.51,333.12,4210.17,1392.06,0.8534,-0.789,-0.503
Hutan_non_mangrove_46,Hutan non mangrove,Training,170.1,519.09,344.56,4298.6,1498.41,0.8516,-0.7845,-0.483
Hutan_non_mangrove_46,Hutan non mangrove,Training,236.91,491.1,274.31,4122.22,1456.18,0.8752,-0.7871,-0.4779
Hutan_non_mangrove_46,Hutan non mangrove,Training,206.1,480.12,319.31,4261.74,1087.55,0.8606,-0.7975,-0.5934
Hutan_non_mangrove_46,Hutan non mangrove,Training,235.19,483.56,362.08,4080.63,1178.85,0.837,-0.7881,-0.5517
Hutan_non_mangrove_46,Hutan non mangrove,Training,194.59,468.27,286.74,4542.95,1320.78,0.8813,-0.8131,-0.5495
Hutan_non_mangrove_46,Hutan non mangrove,Training,196.97,440.16,383.23,3973.48,1470.05,0.8241,-0.8005,-0.4599
Hutan_non_mangrove_46,Hutan non mangrove,Training,163.96,463.72,271.37,4474.99,1508.98,0.8857,-0.8122,-0.4957
Hutan_non_mangrove_46,Hutan non mangrove,Training,208.15,394.34,298.4,4123.97,1499.65,0.865,-0.8254,-0.4667
Hutan_non_mangrove_46,Hutan non mangrove,Training,172.93,496.2,329.02,3856.4,1373.65,0.8428,-0.772,-0.4747
Hutan_non_mangrove_46,Hutan non mangrove,Training,198.46,490.24,279.4,4251.9,1531.89,0.8767,-0.7932,-0.4703
Hutan_non_mangrove_46,Hutan non mangrove,Training,207.54,375.71,285.16,4426.06,1493.53,0.8789,-0.8435,-0.4954
Hutan_non_mangrove_46,Hutan non mangrove,Training,132.52,458.03,328.38,4334.73,1478.43,0.8592,-0.8089,-0.4914
Hutan_non_mangrove_46,Hutan non mangrove,Training,261.87,448.26,309.14,3965.13,1323.84,0.8553,-0.7969,-0.4994
Hutan_non_mangrove_46,Hutan non mangrove,Training,190.04,483.99,277.57,4508.66,1268.82,0.884,-0.8061,-0.5608
Hutan_non_mangrove_46,Hutan non mangrove,Training,219.19,472.08,307.72,4446.16,1310.9,0.8705,-0.808,-0.5446
Hutan_non_mangrove_46,Hutan non mangrove,Training,186.02,411.47,300.27,4170.01,1502.77,0.8657,-0.8204,-0.4702
Hutan_non_mangrove_46,Hutan non mangrove,Training,211.6,477.58,294.09,4301.42,1617.53,0.872,-0.8001,-0.4534
Hutan_non_mangrove_46,Hutan non mangrove,Training,159.63,376.44,319.11,3987.86,1234.19,0.8518,-0.8275,-0.5273
Hutan_non_mangrove_46,Hutan non mangrove,Training,216.02,409.82,346.17,4239.12,1375.69,0.849,-0.8237,-0.51
Hutan_non_mangrove_46,Hutan non mangrove,Training,175.35,458.61,252.27,3582.93,1213.5,0.8684,-0.7731,-0.494
Hutan_non_mangrove_46,Hutan non mangrove,Training,234.12,413.03,256.96,4177.8,1666.96,0.8841,-0.8201,-0.4296
Hutan_non_mangrove_46,Hutan non mangrove,Training,232.76,417.98,275.45,4001.01,1290.77,0.8712,-0.8108,-0.5122
Hutan_non_mangrove_46,Hutan non mangrove,Training,216.31,436.56,266.61,3865.93,1676.12,0.871,-0.7971,-0.3951
Hutan_non_mangrove_46,Hutan non mangrove,Training,222.16,415.76,336.37,3911.9,1383.55,0.8416,-0.8079,-0.4775
Hutan_non_mangrove_46,Hutan non mangrove,Training,192.6,457.29,271.74,4232.12,1190.19,0.8793,-0.805,-0.561
Hutan_non_mangrove_46,Hutan non mangrove,Training,188.7,503.41,330.76,4026.0,1216.89,0.8482,-0.7777,-0.5358
Hutan_non_mangrove_46,Hutan non mangrove,Training,134.51,474.7,308.35,4296.42,1602.87,0.8661,-0.801,-0.4566
Hutan_non_mangrove_46,Hutan non mangrove,Training,204.59,459.12,258.08,4605.98,1380.33,0.8939,-0.8187,-0.5388
Hutan_non_mangrove_46,Hutan non mangrove,Training,175.49,458.31,360.01,4733.8,1283.55,0.8586,-0.8235,-0.5734
Hutan_non_mangrove_46,Hutan non mangrove,Training,235.26,463.43,329.63,4269.18,1473.79,0.8566,-0.8042,-0.4868
Hutan_non_mangrove_46,Hutan non mangrove,Training,239.64,380.03,310.81,3907.62,1344.37,0.8526,-0.8227,-0.4881
Hutan_non_mangrove_46,Hutan non mangrove,Training,200.03,409.69,282.56,3849.82,1328.81,0.8632,-0.8076,-0.4868
Hutan_non_mangrove_46,Hutan non mangrove,Training,215.36,484.62,276.92,4531.95,1469.29,0.8848,-0.8068,-0.5103
Hutan_non_mangrove_46,Hutan non mangrove,Training,243.0,379.17,309.34,4352.8,1193.78,0.8673,-0.8397,-0.5695
Hutan_non_mangrove_47,Hutan non mangrove,Training,272.43,424.54,316.32,4431.69,1412.14,0.8668,-0.8252,-0.5167
Hutan_non_mangrove_47,Hutan non mangrove,Training,241.57,529.81,266.71,4229.04,1509.88,0.8813,-0.7773,-0.4738
Hutan_non_mangrove_47,Hutan non mangrove,Training,151.01,492.57,351.2,4520.97,1452.61,0.8558,-0.8035,-0.5137
Hutan_non_mangrove_47,Hutan non mangrove,Training,246.18,464.3,260.41,4069.53,1369.33,0.8797,-0.7952,-0.4965
Hutan_non_mangrove_47,Hutan non mangrove,Training,198.08,446.23,289.85,4254.71,1580.51,0.8724,-0.8102,-0.4583
Hutan_non_mangrove_47,Hutan non mangrove,Training,206.42,475.15,234.18,4231.49,1530.42,0.8951,-0.7981,-0.4688
Hutan_non_mangrove_47,Hutan non mangrove,Training,237.41,495.8,309.1,4303.48,1319.27,0.866,-0.7934,-0.5307
Hutan_non_mangrove_47,Hutan non mangrove,Training,225.35,423.3,320.43,4210.38,1401.79,0.8586,-0.8173,-0.5004
Hutan_non_mangrove_47,Hutan non mangrove,Training,230.04,472.45,308.48,4075.57,1592.28,0.8593,-0.7922,-0.4381
Hutan_non_mangrove_47,Hutan non mangrove,Training,209.99,479.9,302.43,4026.57,1442.59,0.8603,-0.787,-0.4725
Hutan_non_mangrove_47,Hutan non mangrove,Training,182.13,467.51,202.04,4099.8,1398.28,0.9061,-0.7953,-0.4914
Hutan_non_mangrove_47,Hutan non mangrove,Training,171.37,464.55,287.33,4198.52,1333.82,0.8719,-0.8008,-0.5178
Hutan_non_mangrove_47,Hutan non mangrove,Training,229.16,471.84,308.94,4215.5,1703.68,0.8634,-0.7987,-0.4244
Hutan_non_mangrove_47,Hutan non mangrove,Training,195.28,422.12,264.81,4426.34,1595.75,0.8871,-0.8259,-0.47
Hutan_non_mangrove_47,Hutan non mangrove,Training,174.56,438.6,289.22,4168.98,1187.87,0.8703,-0.8096,-0.5565
Hutan_non_mangrove_47,Hutan non mangrove,Training,224.2,497.61,242.86,4639.48,1594.1,0.9005,-0.8063,-0.4885
Hutan_non_mangrove_47,Hutan non mangrove,Training,107.9,363.07,296.01,4529.01,1434.77,0.8773,-0.8516,-0.5188
Hutan_non_mangrove_47,Hutan non mangrove,Training,200.64,472.95,275.76,4519.34,1387.57,0.885,-0.8105,-0.5302
Hutan_non_mangrove_47,Hutan non mangrove,Training,151.01,418.18,311.07,4127.58,1352.81,0.8598,-0.816,-0.5063
Hutan_non_mangrove_47,Hutan non mangrove,Training,206.09,464.34,263.09,4505.87,1384.27,0.8897,-0.8131,-0.53
Hutan_non_mangrove_47,Hutan non mangrove,Training,212.59,453.9,287.7,4427.91,1409.74,0.878,-0.814,-0.517
Hutan_non_mangrove_47,Hutan non mangrove,Training,202.2,350.45,324.6,4157.37,1490.59,0.8552,-0.8445,-0.4722
Hutan_non_mangrove_47,Hutan non mangrove,Training,249.35,482.93,301.62,4128.39,1703.09,0.8638,-0.7905,-0.4159
Hutan_non_mangrove_47,Hutan non mangrove,Training,214.5,458.39,294.51,3975.86,1165.92,0.8621,-0.7933,-0.5465
Hutan_non_mangrove_47,Hutan non mangrove,Training,245.64,418.82,294.29,4173.49,1571.97,0.8683,-0.8176,-0.4528
Hutan_non_mangrove_47,Hutan non mangrove,Training,177.01,460.29,315.36,3853.89,1222.58,0.8487,-0.7866,-0.5183
Hutan_non_mangrove_47,Hutan non mangrove,Training,178.55,459.75,303.49,4170.23,1478.29,0.8643,-0.8014,-0.4766
Hutan_non_mangrove_47,Hutan non mangrove,Training,174.3,443.18,296.59,3992.55,1676.2,0.8617,-0.8002,-0.4086
Hutan_non_mangrove_47,Hutan non mangrove,Training,135.19,499.63,324.0,4402.07,1411.5,0.8629,-0.7961,-0.5144
Hutan_non_mangrove_47,Hutan non mangrove,Training,240.01,432.07,311.77,4218.3,1372.12,0.8624,-0.8142,-0.5091
Hutan_non_mangrove_47,Hutan non mangrove,Training,203.66,412.05,280.08,4595.08,1745.79,0.8851,-0.8354,-0.4494
Hutan_non_mangrove_47,Hutan non mangrove,Training,215.6,483.34,307.56,4313.76,1465.26,0.8669,-0.7985,-0.4929
Hutan_non_mangrove_47,Hutan non mangrove,Training,231.06,511.48,273.47,4906.95,1416.59,0.8944,-0.8112,-0.552
Hutan_non_mangrove_47,Hutan non mangrove,Training,204.16,433.48,287.73,4354.09,1476.46,0.876,-0.8189,-0.4935
Hutan_non_mangrove_47,Hutan non mangrove,Training,216.96,431.81,218.96,3751.12,1401.59,0.8897,-0.7935,-0.456
Hutan_non_mangrove_47,Hutan non mangrove,Training,210.08,433.21,279.21,4274.17,1387.08,0.8774,-0.8159,-0.51
Hutan_non_mangrove_47,Hutan non mangrove,Training,185.71,385.38,274.68,4433.15,1284.48,0.8833,-0.84,-0.5507
Hutan_non_mangrove_47,Hutan non mangrove,Training,219.91,505.46,276.27,4088.84,1518.48,0.8734,-0.78,-0.4584
Hutan_non_mangrove_47,Hutan non mangrove,Training,236.98,424.21,251.36,4513.72,1470.06,0.8945,-0.8282,-0.5087
Hutan_non_mangrove_47,Hutan non mangrove,Training,212.02,486.62,264.45,4297.8,1365.77,0.8841,-0.7966,-0.5177
Hutan_non_mangrove_47,Hutan non mangrove,Training,218.08,481.96,329.3,4349.64,1430.08,0.8592,-0.8005,-0.5051
Hutan_non_mangrove_47,Hutan non mangrove,Training,208.52,464.67,281.27,4107.38,1448.28,0.8718,-0.7967,-0.4786
Hutan_non_mangrove_47,Hutan non mangrove,Training,219.51,423.96,267.7,3781.18,1248.64,0.8678,-0.7984,-0.5035
Hutan_non_mangrove_47,Hutan non mangrove,Training,183.81,432.14,291.51,3898.75,1182.49,0.8609,-0.8004,-0.5346
Hutan_non_mangrove_47,Hutan non mangrove,Training,203.8,455.08,318.64,4403.76,1447.08,0.8651,-0.8127,-0.5053
Hutan_non_mangrove_47,Hutan non mangrove,Training,203.44,485.04,342.72,4030.83,1492.43,0.8433,-0.7852,-0.4596
Hutan_non_mangrove_47,Hutan non mangrove,Training,181.27,458.76,332.09,4131.58,1285.75,0.8512,-0.8001,-0.5253
Hutan_non_mangrove_47,Hutan non mangrove,Training,186.22,411.88,267.77,4501.64,1463.88,0.8877,-0.8323,-0.5092
Hutan_non_mangrove_47,Hutan non mangrove,Training,178.41,410.62,272.54,4020.07,1538.32,0.873,-0.8146,-0.4465
Hutan_non_mangrove_47,Hutan non mangrove,Training,196.7,535.26,298.81,4056.09,1511.33,0.8628,-0.7668,-0.4571
Hutan_non_mangrove_50,Hutan non mangrove,Training,220.13,488.62,303.52,4435.14,1718.0,0.8719,-0.8015,-0.4416
Hutan_non_mangrove_50,Hutan non mangrove,Training,143.65,452.08,259.71,4590.18,1429.56,0.8929,-0.8207,-0.525
Hutan_non_mangrove_50,Hutan non mangrove,Training,179.06,439.59,340.09,4313.07,1469.47,0.8538,-0.815,-0.4918
Hutan_non_mangrove_50,Hutan non mangrove,Training,244.64,488.17,333.72,4168.42,1129.53,0.8518,-0.7903,-0.5736
Hutan_non_mangrove_50,Hutan non mangrove,Training,203.11,423.42,323.66,3757.42,1499.39,0.8414,-0.7974,-0.4295
Hutan_non_mangrove_50,Hutan non mangrove,Training,205.66,464.15,318.56,4192.88,1360.04,0.8588,-0.8007,-0.5102
Hutan_non_mangrove_50,Hutan non mangrove,Training,234.05,473.73,320.67,4179.37,1413.14,0.8575,-0.7964,-0.4946
Hutan_non_mangrove_50,Hutan non mangrove,Training,199.6,380.23,258.57,4169.2,1174.71,0.8832,-0.8328,-0.5604
Hutan_non_mangrove_50,Hutan non mangrove,Training,196.7,414.23,297.72,4242.5,1177.01,0.8689,-0.8221,-0.5656
Hutan_non_mangrove_50,Hutan non mangrove,Training,209.75,432.02,230.32,4084.78,1445.56,0.8933,-0.8087,-0.4772
Hutan_non_mangrove_50,Hutan non mangrove,Training,187.83,431.33,304.62,4080.19,1367.94,0.8611,-0.8088,-0.4978
Hutan_non_mangrove_50,Hutan non mangrove,Training,160.21,429.27,356.52,4244.6,1432.29,0.845,-0.8163,-0.4954
Hutan_non_mangrove_50,Hutan non mangrove,Training,180.72,434.21,293.15,4418.55,1543.86,0.8756,-0.821,-0.4821
Hutan_non_mangrove_50,Hutan non mangrove,Training,186.37,449.06,292.95,4390.59,1456.23,0.8749,-0.8144,-0.5019
Hutan_non_mangrove_50,Hutan non mangrove,Training,197.3,490.39,315.54,4007.22,1400.99,0.854,-0.7819,-0.4819
Hutan_non_mangrove_50,Hutan non mangrove,Training,194.7,410.49,293.24,4484.77,1531.39,0.8773,-0.8323,-0.4909
Hutan_non_mangrove_50,Hutan non mangrove,Training,227.4,481.17,306.24,4049.66,1467.65,0.8594,-0.7876,-0.468
Hutan_non_mangrove_50,Hutan non mangrove,Training,150.61,423.12,333.14,4076.98,1476.8,0.8489,-0.8119,-0.4682
Hutan_non_mangrove_50,Hutan non mangrove,Training,189.11,472.01,253.8,4517.95,1266.09,0.8936,-0.8108,-0.5622
Hutan_non_mangrove_50,Hutan non mangrove,Training,159.14,498.72,299.92,4123.44,1588.12,0.8644,-0.7842,-0.4439
Hutan_non_mangrove_50,Hutan non mangrove,Training,221.93,432.02,295.97,4468.48,1284.37,0.8758,-0.8237,-0.5535
Hutan_non_mangrove_50,Hutan non mangrove,Training,243.3,432.27,273.86,4471.73,1488.15,0.8846,-0.8237,-0.5006
Hutan_non_mangrove_50,Hutan non mangrove,Training,146.7,445.73,266.84,4399.58,1606.35,0.8856,-0.816,-0.4651
Hutan_non_mangrove_50,Hutan non mangrove,Training,216.13,419.61,326.7,4187.41,1391.15,0.8553,-0.8178,-0.5013
Hutan_non_mangrove_50,Hutan non mangrove,Training,185.44,454.19,297.87,3598.95,1403.1,0.8471,-0.7759,-0.439
Hutan_non_mangrove_50,Hutan non mangrove,Training,195.87,463.87,239.8,4328.0,1403.43,0.895,-0.8064,-0.5103
Hutan_non_mangrove_50,Hutan non mangrove,Training,214.85,384.83,262.96,3731.25,1417.56,0.8683,-0.813,-0.4494
Hutan_non_mangrove_50,Hutan non mangrove,Training,189.65,444.24,258.23,3897.54,1100.47,0.8757,-0.7954,-0.5596
Hutan_non_mangrove_50,Hutan non mangrove,Training,159.63,424.0,282.05,4183.09,1491.4,0.8737,-0.8159,-0.4744
Hutan_non_mangrove_50,Hutan non mangrove,Training,179.33,469.55,323.35,4487.51,1458.77,0.8656,-0.8106,-0.5093
Hutan_non_mangrove_50,Hutan non mangrove,Training,202.2,406.8,308.18,4105.93,1565.18,0.8604,-0.8197,-0.448
Hutan_non_mangrove_50,Hutan non mangrove,Training,202.74,443.6,342.48,4079.41,1399.62,0.8451,-0.8038,-0.4891
Hutan_non_mangrove_50,Hutan non mangrove,Training,260.28,460.65,333.75,4575.95,1333.78,0.864,-0.8171,-0.5486
Hutan_non_mangrove_50,Hutan non mangrove,Training,227.26,436.69,361.2,4560.91,1489.2,0.8532,-0.8252,-0.5077
Hutan_non_mangrove_50,Hutan non mangrove,Training,231.34,422.18,351.53,3973.9,1448.84,0.8375,-0.8079,-0.4656
Hutan_non_mangrove_50,Hutan non mangrove,Training,178.58,484.42,352.35,4312.89,1437.81,0.8489,-0.798,-0.5
Hutan_non_mangrove_50,Hutan non mangrove,Training,196.59,454.02,289.93,4608.34,1495.28,0.8816,-0.8206,-0.51
Hutan_non_mangrove_50,Hutan non mangrove,Training,189.58,452.42,387.48,4268.04,1574.35,0.8335,-0.8083,-0.4611
Hutan_non_mangrove_50,Hutan non mangrove,Training,182.7,468.94,281.27,4066.17,1495.25,0.8706,-0.7932,-0.4623
Hutan_non_mangrove_50,Hutan non mangrove,Training,173.13,402.32,320.56,4077.95,1366.4,0.8542,-0.8204,-0.498
Hutan_non_mangrove_50,Hutan non mangrove,Training,145.97,399.23,306.62,4141.61,1509.1,0.8621,-0.8242,-0.4659
Hutan_non_mangrove_50,Hutan non mangrove,Training,173.01,443.36,301.39,4148.97,1471.7,0.8646,-0.8069,-0.4763
Hutan_non_mangrove_50,Hutan non mangrove,Training,167.43,470.49,334.17,3994.17,1448.08,0.8456,-0.7892,-0.4678
Hutan_non_mangrove_50,Hutan non mangrove,Training,210.72,473.55,300.04,4554.57,1653.23,0.8764,-0.8116,-0.4674
Hutan_non_mangrove_50,Hutan non mangrove,Training,218.75,462.56,300.41,3871.62,1228.71,0.856,-0.7866,-0.5182
Hutan_non_mangrove_50,Hutan non mangrove,Training,165.38,460.63,294.22,4581.78,1099.38,0.8793,-0.8173,-0.613
Hutan_non_mangrove_50,Hutan non mangrove,Training,201.22,467.34,326.93,4235.83,1443.78,0.8567,-0.8013,-0.4916
Hutan_non_mangrove_50,Hutan non mangrove,Training,205.28,467.59,299.42,4729.04,1469.34,0.8809,-0.82,-0.5259
Hutan_non_mangrove_50,Hutan non mangrove,Training,205.92,420.48,289.73,4577.53,1101.8,0.8809,-0.8317,-0.612
Hutan_non_mangrove_50,Hutan non mangrove,Training,201.7,449.0,315.0,4266.3,1581.9,0.8625,-0.8096,-0.459
Air_01,Air,Training,1507.86,1195.51,747.59,345.98,113.74,-0.3672,0.5511,-0.5052
Air_01,Air,Training,1580.92,1184.78,706.27,344.57,110.53,-0.3442,0.5494,-0.5142
Air_01,Air,Training,1480.64,1202.28,751.86,333.79,83.16,-0.3851,0.5654,-0.6011
Air_01,Air,Training,1529.01,1199.45,696.72,339.91,95.25,-0.3442,0.5584,-0.5622
Air_01,Air,Training,1453.95,1142.95,691.27,277.94,82.7,-0.4265,0.6088,-0.5414
Air_01,Air,Training,1428.8,1141.86,661.96,311.97,60.8,-0.3594,0.5708,-0.6738
Air_01,Air,Training,1443.86,1192.99,757.43,292.62,96.93,-0.4427,0.6061,-0.5023
Air_01,Air,Training,1492.96,1072.34,732.95,318.52,116.29,-0.3941,0.542,-0.4651
Air_01,Air,Training,1700.47,1109.1,625.6,321.18,93.25,-0.3215,0.5509,-0.55
Air_01,Air,Training,1421.15,1180.22,669.08,351.74,145.24,-0.3109,0.5408,-0.4155
Air_01,Air,Training,1369.16,1096.64,662.03,279.31,84.49,-0.4066,0.594,-0.5355
Air_01,Air,Training,1484.46,1168.72,632.32,269.2,130.93,-0.4028,0.6256,-0.3456
Air_01,Air,Training,1471.4,1171.4,623.98,286.1,119.22,-0.3713,0.6074,-0.4117
Air_01,Air,Training,1547.64,1256.78,639.82,263.41,122.67,-0.4167,0.6534,-0.3645
Air_01,Air,Training,1566.1,1181.91,742.65,263.91,75.11,-0.4756,0.6349,-0.5569
Air_01,Air,Training,1370.6,1225.3,710.84,284.33,84.39,-0.4286,0.6233,-0.5422
Air_01,Air,Training,1693.16,1181.86,769.4,295.61,89.99,-0.4449,0.5998,-0.5333
Air_01,Air,Training,1613.33,1255.3,698.79,334.01,150.41,-0.3532,0.5797,-0.379
Air_01,Air,Training,1441.41,1233.02,679.54,271.96,80.75,-0.4283,0.6386,-0.5421
Air_01,Air,Training,1627.39,1072.27,725.39,275.24,135.45,-0.4499,0.5915,-0.3404
Air_01,Air,Training,1478.15,1174.52,778.48,326.3,111.08,-0.4093,0.5652,-0.4921
Air_01,Air,Training,1564.46,1124.17,737.09,294.03,107.22,-0.4297,0.5853,-0.4656
Air_01,Air,Training,1538.76,1122.26,729.69,294.41,75.2,-0.425,0.5844,-0.5931
Air_01,Air,Training,1488.27,1201.4,729.68,228.35,107.76,-0.5233,0.6806,-0.3588
Air_01,Air,Training,1459.05,1256.69,699.91,290.0,96.45,-0.4141,0.625,-0.5008
Air_01,Air,Training,1526.67,1263.55,655.44,289.69,129.39,-0.387,0.627,-0.3825
Air_01,Air,Training,1471.11,1225.71,638.29,248.56,79.2,-0.4394,0.6628,-0.5167
Air_01,Air,Training,1444.81,1272.79,757.48,242.24,89.18,-0.5154,0.6802,-0.4619
Air_01,Air,Training,1555.82,1192.63,775.23,320.21,94.65,-0.4154,0.5767,-0.5437
Air_01,Air,Training,1485.71,1196.02,657.7,328.18,114.85,-0.3342,0.5694,-0.4815
Air_01,Air,Training,1536.34,1216.98,649.09,315.13,102.58,-0.3464,0.5886,-0.5088
Air_01,Air,Training,1660.18,1109.47,663.84,252.4,95.64,-0.449,0.6293,-0.4504
Air_01,Air,Training,1360.73,1282.99,754.61,295.21,79.73,-0.4376,0.6259,-0.5747
Air_01,Air,Training,1378.07,1150.73,731.27,276.39,138.17,-0.4514,0.6127,-0.3334
Air_01,Air,Training,1619.26,1200.06,676.91,282.92,131.97,-0.4105,0.6184,-0.3638
Air_01,Air,Training,1447.46,1265.41,701.09,321.41,83.59,-0.3713,0.5949,-0.5872
Air_01,Air,Training,1473.37,1198.31,668.43,337.48,84.71,-0.329,0.5605,-0.5987
Air_01,Air,Training,1453.84,1295.11,758.25,347.64,61.83,-0.3713,0.5768,-0.698
Air_01,Air,Training,1516.06,1206.32,671.91,309.73,93.57,-0.369,0.5914,-0.536
Air_01,Air,Training,1512.96,1438.13,715.86,310.77,116.42,-0.3946,0.6446,-0.4549
Air_01,Air,Training,1514.45,1123.14,617.66,299.12,94.62,-0.3475,0.5794,-0.5194
Air_01,Air,Training,1342.91,1314.06,705.35,343.18,55.36,-0.3454,0.5858,-0.7222
Air_01,Air,Training,1616.68,1166.04,762.96,306.45,109.07,-0.4269,0.5838,-0.475
Air_01,Air,Training,1536.36,1170.24,667.67,289.17,70.56,-0.3956,0.6037,-0.6077
Air_01,Air,Training,1461.54,1151.22,625.2,313.76,100.15,-0.3317,0.5717,-0.5161
Air_01,Air,Training,1519.68,1248.82,688.11,271.84,106.08,-0.4336,0.6425,-0.4386
Air_01,Air,Training,1266.22,1192.43,738.26,331.41,89.41,-0.3804,0.565,-0.5751
Air_01,Air,Training,1320.69,1015.67,731.9,289.38,140.35,-0.4333,0.5565,-0.3468
Air_01,Air,Training,1387.11,1223.96,783.12,306.19,68.16,-0.4378,0.5998,-0.6358
Air_01,Air,Training,1721.81,1310.64,688.64,324.57,116.59,-0.3593,0.603,-0.4714
Air_02,Air,Training,1551.34,1103.28,716.21,343.82,110.09,-0.3513,0.5248,-0.5149
Air_02,Air,Training,1531.77,1162.42,654.8,252.82,115.15,-0.4429,0.6427,-0.3741
Air_02,Air,Training,1482.33,1106.1,748.82,282.39,82.84,-0.4523,0.5932,-0.5464
Air_02,Air,Training,1460.3,1186.48,722.9,273.74,120.21,-0.4507,0.6251,-0.3897
Air_02,Air,Training,1538.74,1163.97,692.01,287.32,101.32,-0.4132,0.604,-0.4786
Air_02,Air,Training,1621.59,1169.69,709.47,279.04,110.64,-0.4354,0.6148,-0.4322
Air_02,Air,Training,1522.11,1293.07,658.54,320.72,125.28,-0.345,0.6025,-0.4382
Air_02,Air,Training,1464.99,1191.11,709.54,292.9,103.55,-0.4156,0.6053,-0.4776
Air_02,Air,Training,1553.87,1192.02,693.91,308.0,92.02,-0.3852,0.5893,-0.5399
Air_02,Air,Training,1472.02,1137.08,697.89,313.43,94.62,-0.3802,0.5678,-0.5362
Air_02,Air,Training,1438.12,1193.26,719.85,303.84,144.59,-0.4064,0.5941,-0.3551
Air_02,Air,Training,1447.49,1189.48,738.96,279.16,138.56,-0.4516,0.6198,-0.3366
Air_02,Air,Training,1500.37,1239.28,700.95,330.56,78.74,-0.3591,0.5789,-0.6152
Air_02,Air,Training,1625.75,1216.22,732.92,277.85,106.74,-0.4502,0.6281,-0.4449
Air_02,Air,Training,1422.56,1282.3,635.51,304.63,92.23,-0.352,0.6161,-0.5352
Air_02,Air,Training,1374.99,1134.52,722.48,273.1,86.62,-0.4514,0.612,-0.5184
Air_02,Air,Training,1529.87,1264.04,733.04,298.6,104.35,-0.4211,0.6178,-0.4821
Air_02,Air,Training,1509.5,1127.46,713.97,268.64,112.29,-0.4532,0.6152,-0.4105
Air_02,Air,Training,1510.81,1048.51,748.96,284.34,87.9,-0.4496,0.5733,-0.5277
Air_02,Air,Training,1576.47,1188.57,729.87,280.4,116.07,-0.4449,0.6182,-0.4145
Air_02,Air,Training,1515.78,1228.34,691.07,348.89,137.41,-0.329,0.5576,-0.4349
Air_02,Air,Training,1323.7,1264.84,646.01,315.29,64.45,-0.344,0.6009,-0.6606
Air_02,Air,Training,1532.26,1141.46,677.06,287.04,85.31,-0.4045,0.5981,-0.5418
Air_02,Air,Training,1443.41,1172.14,692.3,309.69,137.21,-0.3818,0.582,-0.3859
Air_02,Air,Training,1424.25,1208.87,738.63,278.73,54.85,-0.452,0.6253,-0.6711
Air_02,Air,Training,1347.26,1044.57,777.01,318.42,115.12,-0.4186,0.5328,-0.4689
Air_02,Air,Training,1578.51,1159.72,815.15,310.06,98.54,-0.4489,0.5781,-0.5177
Air_02,Air,Training,1588.8,1246.71,766.75,341.81,92.94,-0.3833,0.5696,-0.5725
Air_02,Air,Training,1514.96,1136.36,618.59,325.1,119.14,-0.311,0.5551,-0.4636
Air_02,Air,Training,1341.42,1149.8,702.8,304.54,140.9,-0.3954,0.5812,-0.3674
Air_02,Air,Training,1449.84,1188.01,732.49,289.49,89.9,-0.4335,0.6081,-0.5261
Air_02,Air,Training,1453.04,1216.31,691.22,320.47,107.15,-0.3665,0.5829,-0.4989
Air_02,Air,Training,1266.77,1077.39,674.96,329.4,86.97,-0.3441,0.5317,-0.5823
Air_02,Air,Training,1529.97,1241.89,727.01,283.58,77.04,-0.4388,0.6282,-0.5727
Air_02,Air,Training,1395.02,1407.97,722.77,355.22,83.34,-0.341,0.5971,-0.6199
Air_02,Air,Training,1599.87,1166.62,698.55,291.41,82.41,-0.4113,0.6003,-0.5591
Air_02,Air,Training,1430.86,1197.26,670.65,303.8,83.24,-0.3765,0.5952,-0.5699
Air_02,Air,Training,1556.6,1167.8,781.85,298.48,97.96,-0.4474,0.5929,-0.5058
Air_02,Air,Training,1628.28,1165.33,679.65,278.97,104.09,-0.418,0.6137,-0.4565
Air_02,Air,Training,1441.19,1254.37,697.67,325.17,114.52,-0.3642,0.5883,-0.4791
Air_02,Air,Training,1459.0,1148.41,683.58,300.27,106.68,-0.3896,0.5855,-0.4757
Air_02,Air,Training,1535.61,1197.77,665.94,282.4,110.37,-0.4044,0.6184,-0.438
Air_02,Air,Training,1447.99,1239.22,729.65,346.02,90.38,-0.3566,0.5634,-0.5858
Air_02,Air,Training,1473.99,1038.11,652.85,271.32,110.11,-0.4128,0.5856,-0.4226
Air_02,Air,Training,1644.59,1240.65,749.54,278.66,76.04,-0.458,0.6332,-0.5712
Air_02,Air,Training,1480.64,1156.34,656.95,306.55,76.28,-0.3637,0.5809,-0.6015
Air_02,Air,Training,1566.12,1172.04,697.74,302.99,90.67,-0.3945,0.5892,-0.5394
Air_02,Air,Training,1601.24,1087.6,764.17,289.59,118.41,-0.4504,0.5794,-0.4195
Air_02,Air,Training,1516.1,1259.53,694.08,307.15,121.96,-0.3865,0.6079,-0.4316
Air_02,Air,Training,1507.67,1293.11,717.61,278.02,92.9,-0.4415,0.6461,-0.4991
Air_04,Air,Training,1438.26,1261.69,715.63,319.68,110.03,-0.3824,0.5957,-0.4879
Air_04,Air,Training,1691.21,1236.48,635.99,332.14,91.39,-0.3139,0.5765,-0.5684
Air_04,Air,Training,1607.62,1308.0,731.09,261.67,90.79,-0.4728,0.6666,-0.4848
Air_04,Air,Training,1607.26,1339.93,703.1,291.76,76.4,-0.4135,0.6424,-0.585
Air_04,Air,Training,1406.64,1216.29,735.04,255.38,116.59,-0.4843,0.6529,-0.3731
Air_04,Air,Training,1609.78,1244.14,782.64,310.66,107.31,-0.4317,0.6004,-0.4865
Air_04,Air,Training,1527.7,1295.16,726.88,284.11,108.47,-0.438,0.6402,-0.4474
Air_04,Air,Training,1534.68,1185.14,751.13,302.74,114.11,-0.4255,0.5931,-0.4525
Air_04,Air,Training,1540.78,1149.2,651.02,278.54,98.38,-0.4007,0.6098,-0.478
Air_04,Air,Training,1627.32,1196.68,718.69,326.19,92.82,-0.3756,0.5716,-0.5569
Air_04,Air,Training,1466.83,1273.61,728.41,283.08,91.75,-0.4403,0.6363,-0.5104
Air_04,Air,Training,1506.83,1223.07,762.2,315.96,80.33,-0.4139,0.5894,-0.5946
Air_04,Air,Training,1437.1,1221.68,707.14,274.68,121.06,-0.4405,0.6329,-0.3882
Air_04,Air,Training,1320.17,1223.49,622.65,326.42,94.7,-0.3121,0.5788,-0.5502
Air_04,Air,Training,1559.82,1172.63,766.29,244.03,117.59,-0.5169,0.6555,-0.3496
Air_04,Air,Training,1451.37,1226.26,720.85,258.23,119.95,-0.4725,0.6521,-0.3656
Air_04,Air,Training,1531.5,1208.19,719.26,303.76,116.69,-0.4062,0.5982,-0.4449
Air_04,Air,Training,1462.29,1258.53,728.61,294.84,136.92,-0.4238,0.6204,-0.3657
Air_04,Air,Training,1536.13,1213.65,728.7,296.86,124.02,-0.4211,0.6069,-0.4107
Air_04,Air,Training,1498.29,1257.36,646.59,246.13,108.05,-0.4486,0.6726,-0.3898
Air_04,Air,Training,1469.3,1186.51,582.93,351.02,102.09,-0.2483,0.5434,-0.5494
Air_04,Air,Training,1606.77,1102.52,704.93,312.23,102.68,-0.3861,0.5586,-0.505
Air_04,Air,Training,1518.68,1102.71,715.85,274.72,87.65,-0.4453,0.6011,-0.5163
Air_04,Air,Training,1501.32,1175.37,685.28,333.72,96.88,-0.345,0.5577,-0.55
Air_04,Air,Training,1468.25,1191.39,644.43,304.88,114.44,-0.3577,0.5925,-0.4542
Air_04,Air,Training,1525.12,1202.57,730.07,283.38,100.78,-0.4408,0.6186,-0.4753
Air_04,Air,Training,1611.86,1179.41,730.39,318.99,84.85,-0.392,0.5742,-0.5798
Air_04,Air,Training,1555.04,1157.52,721.45,281.31,105.62,-0.4389,0.609,-0.4541
Air_04,Air,Training,1510.34,1207.84,713.6,284.08,76.67,-0.4305,0.6192,-0.5749
Air_04,Air,Training,1506.53,1277.2,729.16,313.42,89.78,-0.3988,0.6059,-0.5547
Air_04,Air,Training,1514.92,1141.87,678.82,310.71,63.67,-0.372,0.5722,-0.6599
Air_04,Air,Training,1638.36,1106.61,794.44,274.83,83.02,-0.4859,0.6021,-0.536
Air_04,Air,Training,1468.19,1169.24,669.75,288.88,101.83,-0.3973,0.6038,-0.4787
Air_04,Air,Training,1428.21,1258.85,770.61,241.66,137.11,-0.5225,0.6779,-0.276
Air_04,Air,Training,1561.8,1218.03,671.29,305.0,117.95,-0.3752,0.5995,-0.4423
Air_04,Air,Training,1708.79,1353.44,623.57,293.77,101.55,-0.3595,0.6433,-0.4862
Air_04,Air,Training,1607.48,1194.13,662.24,301.61,92.29,-0.3741,0.5967,-0.5314
Air_04,Air,Training,1578.92,1367.13,745.53,328.53,124.71,-0.3883,0.6125,-0.4497
Air_04,Air,Training,1536.36,1172.09,684.99,332.88,105.78,-0.3459,0.5576,-0.5177
Air_04,Air,Training,1421.42,1291.64,661.29,266.18,82.46,-0.426,0.6583,-0.527
Air_04,Air,Training,1524.51,1268.09,712.74,283.29,83.84,-0.4312,0.6348,-0.5433
Air_04,Air,Training,1561.69,1193.51,717.05,295.79,105.99,-0.4159,0.6028,-0.4724
Air_04,Air,Training,1531.22,1369.78,720.12,288.38,103.51,-0.4281,0.6522,-0.4717
Air_04,Air,Training,1424.03,1132.91,762.48,309.12,122.38,-0.4231,0.5713,-0.4328
Air_04,Air,Training,1370.01,1131.71,714.91,275.27,71.52,-0.444,0.6087,-0.5875
Air_04,Air,Training,1413.69,1177.52,720.66,351.45,78.95,-0.3444,0.5403,-0.6331
Air_04,Air,Training,1419.93,1098.43,728.66,303.74,80.7,-0.4116,0.5668,-0.5802
Air_04,Air,Training,1433.53,1191.32,696.63,268.81,103.54,-0.4431,0.6318,-0.4438
Air_04,Air,Training,1389.9,1203.43,691.12,312.03,124.23,-0.3779,0.5882,-0.4305
Air_04,Air,Training,1470.35,1200.03,600.97,359.15,62.79,-0.2519,0.5393,-0.7024
Air_05,Air,Training,1493.37,1021.6,658.72,352.06,122.89,-0.3034,0.4874,-0.4825
Air_05,Air,Training,1578.8,1186.51,782.55,307.72,113.8,-0.4355,0.5881,-0.4601
Air_05,Air,Training,1711.75,1276.32,696.73,315.31,128.08,-0.3769,0.6038,-0.4223
Air_05,Air,Training,1549.8,1254.81,764.4,375.9,81.3,-0.3407,0.539,-0.6443
Air_05,Air,Training,1556.17,1232.17,680.72,280.58,133.04,-0.4162,0.629,-0.3567
Air_05,Air,Training,1418.22,1101.37,671.85,246.54,83.08,-0.4631,0.6342,-0.4959
Air_05,Air,Training,1415.8,1206.02,772.27,282.32,117.3,-0.4646,0.6206,-0.4129
Air_05,Air,Training,1560.1,1044.57,672.4,288.72,107.63,-0.3992,0.5669,-0.4569
Air_05,Air,Training,1545.61,1223.16,655.25,281.0,69.94,-0.3997,0.6264,-0.6014
Air_05,Air,Training,1505.31,1174.3,726.63,320.91,93.32,-0.3873,0.5708,-0.5494
Air_05,Air,Training,1522.57,1184.89,644.33,276.0,54.62,-0.4002,0.6222,-0.6696
Air_05,Air,Training,1468.34,1158.45,645.24,324.58,110.53,-0.3306,0.5623,-0.492
Air_05,Air,Training,1544.3,1248.41,699.91,299.64,116.6,-0.4005,0.6129,-0.4397
Air_05,Air,Training,1553.38,1271.92,697.82,270.41,104.74,-0.4414,0.6493,-0.4416
Air_05,Air,Training,1453.74,1245.75,714.39,301.54,92.16,-0.4064,0.6102,-0.5318
Air_05,Air,Training,1580.05,1264.67,671.98,263.15,103.59,-0.4372,0.6555,-0.4351
Air_05,Air,Training,1594.87,1111.67,723.52,275.37,79.66,-0.4486,0.6029,-0.5512
Air_05,Air,Training,1574.49,1245.52,692.39,323.68,113.67,-0.3629,0.5875,-0.4802
Air_05,Air,Training,1381.1,1205.9,770.64,314.21,47.68,-0.4207,0.5866,-0.7365
Air_05,Air,Training,1414.35,1269.7,672.14,333.64,140.92,-0.3366,0.5838,-0.4061
Air_05,Air,Training,1480.96,1156.75,649.69,322.75,87.95,-0.3362,0.5637,-0.5717
Air_05,Air,Training,1467.82,1122.4,678.37,278.8,60.36,-0.4175,0.6021,-0.6441
Air_05,Air,Training,1432.91,1252.23,767.45,296.8,100.67,-0.4422,0.6168,-0.4934
Air_05,Air,Training,1522.88,1337.38,649.51,262.14,98.97,-0.4249,0.6722,-0.4519
Air_05,Air,Training,1531.54,1197.66,631.77,326.54,97.24,-0.3185,0.5715,-0.5411
Air_05,Air,Training,1544.35,1308.7,626.84,248.45,111.31,-0.4323,0.6809,-0.3812
Air_05,Air,Training,1337.24,1172.01,671.44,310.8,86.68,-0.3672,0.5808,-0.5639
Air_05,Air,Training,1539.36,1125.31,637.9,300.58,102.11,-0.3594,0.5784,-0.4929
Air_05,Air,Training,1523.62,1303.57,764.03,313.55,116.19,-0.4181,0.6122,-0.4593
Air_05,Air,Training,1520.97,1282.57,718.19,283.43,84.95,-0.4341,0.638,-0.5388
Air_05,Air,Training,1592.08,1187.18,795.84,266.87,125.03,-0.4978,0.6329,-0.3619
Air_05,Air,Training,1465.88,1228.51,634.91,244.85,129.6,-0.4434,0.6676,-0.3078
Air_05,Air,Training,1464.91,1268.98,667.18,329.6,91.43,-0.3387,0.5876,-0.5657
Air_05,Air,Training,1403.16,1245.25,747.23,319.21,97.1,-0.4014,0.5919,-0.5335
Air_05,Air,Training,1360.09,1125.17,664.9,292.25,122.62,-0.3893,0.5876,-0.4089
Air_05,Air,Training,1490.61,1052.54,570.45,279.16,89.73,-0.3429,0.5807,-0.5135
Air_05,Air,Training,1528.45,1098.33,630.87,313.61,126.68,-0.3359,0.5558,-0.4245
Air_05,Air,Training,1342.92,1146.17,755.56,327.99,81.49,-0.3946,0.555,-0.602
Air_05,Air,Training,1592.79,1203.14,733.0,278.88,105.85,-0.4488,0.6237,-0.4497
Air_05,Air,Training,1406.74,1161.69,685.16,304.2,148.13,-0.385,0.585,-0.345
Air_05,Air,Training,1704.79,1172.85,773.98,266.73,107.99,-0.4874,0.6294,-0.4236
Air_05,Air,Training,1445.15,1168.43,833.04,288.39,87.0,-0.4857,0.6041,-0.5365
Air_05,Air,Training,1419.97,1146.15,628.91,306.69,104.1,-0.3444,0.5778,-0.4932
Air_05,Air,Training,1527.02,1199.2,671.63,280.29,103.18,-0.4111,0.6211,-0.4619
Air_05,Air,Training,1495.88,1155.5,685.67,346.18,139.4,-0.329,0.5389,-0.4258
Air_05,Air,Training,1482.38,1148.64,697.85,334.08,99.13,-0.3525,0.5494,-0.5424
Air_05,Air,Training,1528.41,1153.97,641.67,322.85,103.9,-0.3305,0.5628,-0.5131
Air_05,Air,Training,1552.47,1080.24,791.63,307.57,63.86,-0.4404,0.5568,-0.6562
Air_05,Air,Training,1578.95,1173.86,701.53,285.67,98.04,-0.4213,0.6085,-0.489
Air_05,Air,Training,1496.2,1083.1,743.29,303.39,108.92,-0.4203,0.5624,-0.4716
Air_06,Air,Training,1565.28,1208.46,716.55,255.89,83.39,-0.4737,0.6505,-0.5084
Air_06,Air,Training,1506.8,1213.0,720.04,342.18,98.12,-0.3557,0.5599,-0.5543
Air_06,Air,Training,1529.03,1204.13,687.51,293.68,84.31,-0.4014,0.6079,-0.5539
Air_06,Air,Training,1490.64,1184.68,692.42,247.74,98.02,-0.473,0.6541,-0.433
Air_06,Air,Training,1429.84,1195.67,645.26,301.5,94.06,-0.3631,0.5972,-0.5244
Air_06,Air,Training,1449.9,1220.25,718.77,298.52,111.38,-0.4131,0.6069,-0.4566
Air_06,Air,Training,1466.94,1228.0,697.89,270.02,83.97,-0.4421,0.6395,-0.5256
Air_06,Air,Training,1593.23,1310.34,735.66,282.5,128.55,-0.4451,0.6453,-0.3745
Air_06,Air,Training,1549.0,1223.5,792.12,274.2,115.46,-0.4857,0.6338,-0.4074
Air_06,Air,Training,1434.83,1157.54,830.1,315.07,136.98,-0.4497,0.5721,-0.394
Air_06,Air,Training,1543.49,1228.17,668.7,329.33,100.51,-0.34,0.5771,-0.5324
Air_06,Air,Training,1506.44,1181.72,694.96,300.75,102.46,-0.3959,0.5943,-0.4918
Air_06,Air,Training,1495.94,1091.02,727.1,296.31,33.65,-0.4209,0.5728,-0.796
Air_06,Air,Training,1372.97,1166.86,763.93,318.23,86.26,-0.4119,0.5714,-0.5735
Air_06,Air,Training,1484.74,1277.32,669.18,267.42,117.61,-0.429,0.6538,-0.3891
Air_06,Air,Training,1589.29,1157.66,724.38,298.78,88.19,-0.416,0.5897,-0.5442
Air_06,Air,Training,1593.5,1153.52,737.8,302.04,96.55,-0.4191,0.585,-0.5155
Air_06,Air,Training,1455.58,1130.94,687.5,284.63,101.85,-0.4144,0.5979,-0.4729
Air_06,Air,Training,1404.2,1189.38,720.3,279.8,114.82,-0.4405,0.6191,-0.4181
Air_06,Air,Training,1567.97,1115.5,662.08,259.79,108.46,-0.4364,0.6222,-0.4109
Air_06,Air,Training,1510.23,1087.92,667.4,309.25,102.26,-0.3667,0.5573,-0.503
Air_06,Air,Training,1596.81,1119.37,699.56,269.95,102.2,-0.4431,0.6114,-0.4507
Air_06,Air,Training,1485.52,1219.02,679.54,322.87,85.71,-0.3558,0.5812,-0.5805
Air_06,Air,Training,1418.78,1215.77,792.69,254.36,77.11,-0.5141,0.654,-0.5347
Air_06,Air,Training,1518.52,1278.91,715.32,281.76,108.41,-0.4348,0.6389,-0.4443
Air_06,Air,Training,1541.31,1152.39,741.24,298.96,65.01,-0.4252,0.588,-0.6428
Air_06,Air,Training,1489.21,1160.17,765.24,260.13,90.34,-0.4926,0.6337,-0.4845
Air_06,Air,Training,1520.58,1369.33,797.75,298.64,106.99,-0.4552,0.6419,-0.4725
Air_06,Air,Training,1548.16,1129.13,700.51,340.69,102.83,-0.3456,0.5364,-0.5363
Air_06,Air,Training,1655.98,1168.81,695.57,297.58,73.97,-0.4007,0.5941,-0.6018
Air_06,Air,Training,1588.48,1176.64,712.91,282.05,134.5,-0.433,0.6133,-0.3542
Air_06,Air,Training,1598.61,1204.08,638.79,322.32,121.66,-0.3293,0.5777,-0.452
Air_06,Air,Training,1425.81,1189.96,703.84,332.61,96.97,-0.3582,0.5631,-0.5485
Air_06,Air,Training,1576.96,1145.9,647.23,354.95,73.75,-0.2916,0.527,-0.6559
Air_06,Air,Training,1439.9,1254.95,673.47,283.28,96.05,-0.4078,0.6317,-0.4936
Air_06,Air,Training,1327.52,1278.44,708.79,275.66,65.67,-0.44,0.6453,-0.6152
Air_06,Air,Training,1390.77,1088.4,711.36,307.12,112.24,-0.3969,0.5599,-0.4647
Air_06,Air,Training,1558.61,1243.97,776.89,335.86,119.17,-0.3963,0.5748,-0.4762
Air_06,Air,Training,1518.94,1250.45,679.47,293.37,134.43,-0.3969,0.6199,-0.3715
Air_06,Air,Training,1455.43,1155.85,681.9,283.52,90.71,-0.4126,0.606,-0.5152
Air_06,Air,Training,1519.38,1219.25,745.55,365.64,92.63,-0.3419,0.5386,-0.5957
Air_06,Air,Training,1494.76,1071.34,635.38,295.61,109.27,-0.365,0.5675,-0.4602
Air_06,Air,Training,1539.31,1243.2,762.87,351.17,95.13,-0.3696,0.5595,-0.5737
Air_06,Air,Training,1435.83,1245.84,746.69,304.07,96.42,-0.4212,0.6076,-0.5185
Air_06,Air,Training,1459.67,1197.04,734.5,279.95,83.98,-0.4481,0.6209,-0.5385
Air_06,Air,Training,1547.97,1140.64,707.56,302.95,100.01,-0.4004,0.5803,-0.5036
Air_06,Air,Training,1448.59,1321.37,719.92,284.57,106.62,-0.4334,0.6456,-0.4549
Air_06,Air,Training,1646.58,1206.27,776.67,265.57,82.98,-0.4904,0.6391,-0.5239
Air_06,Air,Training,1328.77,1338.3,614.91,305.23,134.75,-0.3366,0.6286,-0.3875
Air_06,Air,Training,1577.69,1226.34,764.16,279.95,110.35,-0.4638,0.6283,-0.4345
Air_07,Air,Training,1490.99,1190.67,709.53,335.26,131.33,-0.3582,0.5606,-0.4371
Air_07,Air,Training,1478.64,1123.79,659.02,358.43,129.62,-0.2954,0.5164,-0.4688
Air_07,Air,Training,1412.7,1316.27,664.42,319.94,85.75,-0.35,0.6089,-0.5773
Air_07,Air,Training,1673.03,1160.09,647.51,286.3,152.54,-0.3868,0.6041,-0.3048
Air_07,Air,Training,1520.84,1128.02,660.58,247.57,110.8,-0.4548,0.6401,-0.3816
Air_07,Air,Training,1399.96,1277.4,739.5,297.0,124.72,-0.4269,0.6227,-0.4085
Air_07,Air,Training,1574.05,1210.98,661.59,312.41,108.15,-0.3585,0.5899,-0.4857
Air_07,Air,Training,1539.32,1205.53,716.36,309.06,127.24,-0.3972,0.5919,-0.4167
Air_07,Air,Training,1398.07,1129.89,703.76,277.2,104.22,-0.4348,0.606,-0.4535
Air_07,Air,Training,1410.95,1133.12,803.02,293.12,76.58,-0.4652,0.589,-0.5857
Air_07,Air,Training,1490.81,1272.55,760.28,256.17,84.66,-0.496,0.6649,-0.5032
Air_07,Air,Training,1517.82,1197.62,620.0,256.86,78.65,-0.4141,0.6468,-0.5312
Air_07,Air,Training,1358.33,1167.91,759.72,280.02,121.65,-0.4614,0.6132,-0.3943
Air_07,Air,Training,1502.38,1187.16,616.71,335.09,102.33,-0.2959,0.5597,-0.5321
Air_07,Air,Training,1372.01,1226.73,670.61,301.84,104.8,-0.3792,0.6051,-0.4845
Air_07,Air,Training,1597.26,1121.09,728.59,339.85,150.41,-0.3638,0.5348,-0.3864
Air_07,Air,Training,1583.96,1225.3,713.75,346.56,94.27,-0.3463,0.559,-0.5723
Air_07,Air,Training,1563.67,1353.59,694.53,239.58,82.78,-0.487,0.6992,-0.4864
Air_07,Air,Training,1523.48,1141.41,682.64,291.15,111.22,-0.402,0.5935,-0.4472
Air_07,Air,Training,1424.32,1159.14,770.35,285.54,114.52,-0.4591,0.6047,-0.4275
Air_07,Air,Training,1501.12,1198.38,736.91,244.13,108.87,-0.5023,0.6615,-0.3832
Air_07,Air,Training,1544.22,1259.39,681.23,300.02,50.95,-0.3885,0.6152,-0.7097
Air_07,Air,Training,1446.41,1212.29,773.53,355.37,93.15,-0.3704,0.5466,-0.5846
Air_07,Air,Training,1569.92,1189.7,619.2,318.15,136.63,-0.3212,0.578,-0.3992
Air_07,Air,Training,1469.49,1136.49,703.37,296.32,152.2,-0.4072,0.5864,-0.3213
Air_07,Air,Training,1580.47,1209.06,555.23,295.7,137.04,-0.305,0.607,-0.3666
Air_07,Air,Training,1506.4,1257.53,719.6,285.4,133.83,-0.432,0.6301,-0.3616
Air_07,Air,Training,1515.11,1150.52,701.08,342.83,70.41,-0.3432,0.5409,-0.6592
Air_07,Air,Training,1521.62,1205.15,622.99,323.0,105.13,-0.3171,0.5773,-0.5089
Air_07,Air,Training,1570.28,1279.67,697.22,283.33,71.51,-0.4221,0.6375,-0.5969
Air_07,Air,Training,1448.45,1200.77,651.82,317.5,81.93,-0.3449,0.5818,-0.5898
Air_07,Air,Training,1358.97,1159.54,709.21,262.22,82.23,-0.4601,0.6311,-0.5225
Air_07,Air,Training,1449.59,1165.08,714.89,319.14,90.51,-0.3827,0.57,-0.5581
Air_07,Air,Training,1416.88,1209.57,725.89,348.41,122.92,-0.3514,0.5527,-0.4784
Air_07,Air,Training,1399.29,1190.13,722.81,274.49,92.99,-0.4495,0.6252,-0.4939
Air_07,Air,Training,1553.92,1217.5,700.09,280.39,71.09,-0.428,0.6256,-0.5955
Air_07,Air,Training,1475.01,1193.61,626.58,301.44,107.84,-0.3504,0.5968,-0.473
Air_07,Air,Training,1444.64,1228.24,713.79,290.86,91.68,-0.421,0.6171,-0.5207
Air_07,Air,Training,1473.42,1140.07,717.23,274.64,84.38,-0.4462,0.6117,-0.53
Air_07,Air,Training,1539.78,1183.06,703.08,248.65,89.53,-0.4775,0.6527,-0.4705
Air_07,Air,Training,1634.46,1075.34,787.48,307.84,89.34,-0.4379,0.5549,-0.5501
Air_07,Air,Training,1483.65,1286.14,586.13,342.46,105.31,-0.2624,0.5794,-0.5296
Air_07,Air,Training,1580.98,1077.62,688.63,230.15,123.95,-0.499,0.648,-0.2999
Air_07,Air,Training,1421.38,1130.18,603.28,313.33,101.44,-0.3163,0.5659,-0.5109
Air_07,Air,Training,1440.17,1218.42,661.0,247.22,92.72,-0.4556,0.6626,-0.4545
Air_07,Air,Training,1631.58,1268.02,722.77,307.32,92.73,-0.4033,0.6098,-0.5364
Air_07,Air,Training,1558.88,1239.57,695.84,305.97,67.88,-0.3892,0.6041,-0.6368
Air_07,Air,Training,1461.58,1116.48,639.39,314.11,74.71,-0.3411,0.5609,-0.6157
Air_07,Air,Training,1561.45,1272.24,696.91,281.83,120.62,-0.4241,0.6373,-0.4006
Air_07,Air,Training,1544.19,1283.66,645.92,292.19,95.63,-0.3771,0.6292,-0.5068
Air_09,Air,Training,1629.53,1122.96,641.3,320.09,117.26,-0.3341,0.5564,-0.4638
Air_09,Air,Training,1366.7,1217.41,672.58,309.92,93.95,-0.3691,0.5942,-0.5348
Air_09,Air,Training,1390.75,1166.3,731.29,358.31,107.8,-0.3423,0.53,-0.5375
Air_09,Air,Training,1468.73,1117.42,692.08,288.65,106.12,-0.4114,0.5894,-0.4624
Air_09,Air,Training,1495.23,1233.57,682.01,351.27,111.68,-0.3201,0.5567,-0.5175
Air_09,Air,Training,1443.46,1270.08,642.2,274.36,83.98,-0.4013,0.6447,-0.5313
Air_09,Air,Training,1606.27,1187.49,668.57,304.92,110.84,-0.3735,0.5914,-0.4668
Air_09,Air,Training,1627.13,1095.21,763.17,237.98,118.13,-0.5246,0.643,-0.3366
Air_09,Air,Training,1593.06,1285.05,728.44,268.05,114.94,-0.462,0.6548,-0.3998
Air_09,Air,Training,1414.6,1134.29,677.19,289.02,104.81,-0.4017,0.5939,-0.4677
Air_09,Air,Training,1444.37,1223.08,631.38,301.16,94.55,-0.3541,0.6048,-0.5221
Air_09,Air,Training,1581.11,1278.01,691.5,241.22,70.51,-0.4828,0.6825,-0.5476
Air_09,Air,Training,1589.9,1189.97,787.46,326.9,105.1,-0.4133,0.569,-0.5134
Air_09,Air,Training,1510.28,1119.58,668.43,312.49,93.1,-0.3629,0.5636,-0.5409
Air_09,Air,Training,1537.46,1272.05,691.02,287.05,82.07,-0.413,0.6318,-0.5553
Air_09,Air,Training,1566.79,1252.75,809.35,305.31,98.07,-0.4522,0.6081,-0.5138
Air_09,Air,Training,1537.39,1179.84,655.73,302.66,109.16,-0.3684,0.5917,-0.4699
Air_09,Air,Training,1541.93,1231.08,753.19,315.62,105.41,-0.4094,0.5919,-0.4993
Air_09,Air,Training,1398.75,1217.21,691.46,266.35,110.02,-0.4438,0.6409,-0.4154
Air_09,Air,Training,1541.46,1229.78,727.78,303.72,95.07,-0.4111,0.6039,-0.5232
Air_09,Air,Training,1641.6,1210.38,572.87,227.17,124.1,-0.4321,0.6839,-0.2934
Air_09,Air,Training,1353.28,1161.9,639.21,290.92,107.72,-0.3744,0.5995,-0.4596
Air_09,Air,Training,1446.83,1142.91,736.46,378.96,110.81,-0.3205,0.502,-0.5475
Air_09,Air,Training,1426.88,1260.98,787.21,331.9,69.13,-0.4068,0.5833,-0.6553
Air_09,Air,Training,1542.28,1167.87,702.63,288.78,114.85,-0.4174,0.6035,-0.4309
Air_09,Air,Training,1471.76,1299.25,699.85,293.3,111.44,-0.4094,0.6317,-0.4493
Air_09,Air,Training,1528.58,1242.03,693.34,340.03,119.81,-0.3419,0.5701,-0.4789
Air_09,Air,Training,1499.02,1257.59,686.85,317.11,116.51,-0.3683,0.5972,-0.4626
Air_09,Air,Training,1519.98,1142.59,640.33,308.8,85.52,-0.3493,0.5745,-0.5662
Air_09,Air,Training,1584.35,1094.39,765.86,301.53,82.91,-0.435,0.568,-0.5687
Air_09,Air,Training,1463.89,1185.75,724.15,263.24,80.82,-0.4668,0.6367,-0.5302
Air_09,Air,Training,1474.06,1197.85,735.82,308.08,92.21,-0.4098,0.5908,-0.5393
Air_09,Air,Training,1518.92,1211.58,687.41,303.49,56.97,-0.3875,0.5994,-0.6839
Air_09,Air,Training,1574.68,1238.36,774.9,275.67,111.43,-0.4752,0.6358,-0.4243
Air_09,Air,Training,1347.6,1076.41,688.15,282.64,120.95,-0.4177,0.5841,-0.4006
Air_09,Air,Training,1594.27,1289.85,729.89,319.23,74.37,-0.3914,0.6032,-0.6221
Air_09,Air,Training,1611.98,1287.63,631.0,314.04,89.07,-0.3354,0.6079,-0.5581
Air_09,Air,Training,1647.97,1131.75,704.63,305.58,98.93,-0.395,0.5748,-0.5109
Air_09,Air,Training,1671.87,1318.37,618.12,314.61,99.77,-0.3254,0.6147,-0.5185
Air_09,Air,Training,1566.74,1214.9,659.37,268.88,91.96,-0.4207,0.6376,-0.4903
Air_09,Air,Training,1490.36,1213.57,671.47,351.18,110.71,-0.3132,0.5511,-0.5206
Air_09,Air,Training,1569.92,1190.29,648.12,326.5,80.13,-0.33,0.5695,-0.6059
Air_09,Air,Training,1338.17,1239.59,662.22,289.97,113.88,-0.3909,0.6208,-0.436
Air_09,Air,Training,1425.57,1087.85,760.97,298.25,125.15,-0.4368,0.5697,-0.4088
Air_09,Air,Training,1550.09,1245.9,708.17,304.88,122.69,-0.3981,0.6068,-0.4261
Air_09,Air,Training,1565.16,1158.77,724.65,281.42,93.75,-0.4406,0.6092,-0.5002
Air_09,Air,Training,1545.47,1155.59,707.38,311.4,93.21,-0.3887,0.5755,-0.5393
Air_09,Air,Training,1557.57,1169.24,747.13,303.92,103.46,-0.4217,0.5874,-0.4921
Air_09,Air,Training,1428.1,1183.58,709.74,330.73,93.57,-0.3643,0.5632,-0.559
Air_09,Air,Training,1581.66,1147.11,716.71,284.8,130.88,-0.4313,0.6022,-0.3703
Air_10,Air,Training,1609.09,1220.0,673.25,254.49,107.57,-0.4514,0.6548,-0.4058
Air_10,Air,Training,1516.6,1260.07,626.68,304.25,108.58,-0.3464,0.611,-0.474
Air_10,Air,Training,1427.84,1208.16,663.65,275.24,89.39,-0.4137,0.6289,-0.5097
Air_10,Air,Training,1478.71,1286.71,683.91,274.62,116.26,-0.427,0.6482,-0.4052
Air_10,Air,Training,1582.22,1257.36,768.46,305.77,103.11,-0.4307,0.6088,-0.4956
Air_10,Air,Training,1443.69,1297.93,695.39,290.89,92.14,-0.4101,0.6338,-0.5189
Air_10,Air,Training,1550.93,1205.85,709.48,290.26,96.03,-0.4193,0.612,-0.5028
Air_10,Air,Training,1488.15,1299.51,609.94,313.45,121.76,-0.3211,0.6113,-0.4404
Air_10,Air,Training,1352.92,1195.0,749.11,277.41,105.37,-0.4595,0.6232,-0.4494
Air_10,Air,Training,1425.44,1202.32,763.88,350.87,105.1,-0.3705,0.5482,-0.539
Air_10,Air,Training,1397.68,1178.27,609.34,291.18,119.29,-0.3533,0.6037,-0.4188
Air_10,Air,Training,1390.97,1185.5,659.19,353.81,107.97,-0.3015,0.5403,-0.5324
Air_10,Air,Training,1568.03,1220.48,738.05,332.42,100.77,-0.3789,0.5719,-0.5348
Air_10,Air,Training,1457.51,1134.53,787.94,324.62,55.54,-0.4164,0.5551,-0.7078
Air_10,Air,Training,1480.43,1229.13,783.61,266.92,108.53,-0.4918,0.6432,-0.4219
Air_10,Air,Training,1468.02,1116.21,767.27,271.07,119.42,-0.4779,0.6092,-0.3884
Air_10,Air,Training,1372.43,1165.7,728.6,321.5,108.74,-0.3877,0.5676,-0.4945
Air_10,Air,Training,1578.83,1179.8,769.62,310.7,114.7,-0.4248,0.5831,-0.4608
Air_10,Air,Training,1529.09,1234.4,649.94,271.75,89.18,-0.4103,0.6391,-0.5058
Air_10,Air,Training,1541.15,1158.8,685.2,297.82,128.36,-0.3941,0.5911,-0.3976
Air_10,Air,Training,1548.22,1097.71,707.98,290.9,95.43,-0.4176,0.581,-0.5059
Air_10,Air,Training,1500.05,1278.81,659.32,306.12,105.81,-0.3659,0.6137,-0.4863
Air_10,Air,Training,1482.29,1155.32,662.23,287.38,114.75,-0.3947,0.6016,-0.4293
Air_10,Air,Training,1471.33,1193.06,642.15,285.77,104.59,-0.3841,0.6135,-0.4641
Air_10,Air,Training,1366.62,1273.14,670.36,352.89,108.4,-0.3103,0.5659,-0.53
Air_10,Air,Training,1353.21,1219.43,684.1,308.7,132.33,-0.3781,0.596,-0.3999
Air_10,Air,Training,1556.4,1184.2,630.16,326.18,110.19,-0.3179,0.5681,-0.495
Air_10,Air,Training,1592.63,1190.0,714.76,292.61,101.74,-0.4191,0.6053,-0.484
Air_10,Air,Training,1378.84,1222.28,719.12,284.88,112.13,-0.4325,0.622,-0.4351
Air_10,Air,Training,1569.8,1298.01,649.0,320.08,126.76,-0.3394,0.6044,-0.4326
Air_10,Air,Training,1471.94,1297.64,663.7,302.09,65.46,-0.3744,0.6223,-0.6438
Air_10,Air,Training,1350.62,1091.26,770.94,276.73,84.54,-0.4717,0.5954,-0.532
Air_10,Air,Training,1532.66,1147.95,760.25,355.91,55.57,-0.3623,0.5267,-0.7299
Air_10,Air,Training,1541.62,1055.77,631.99,314.33,81.13,-0.3357,0.5412,-0.5897
Air_10,Air,Training,1520.87,1202.17,617.6,319.72,105.98,-0.3178,0.5798,-0.5021
Air_10,Air,Training,1503.11,1154.64,719.48,261.18,79.84,-0.4673,0.6311,-0.5318
Air_10,Air,Training,1525.67,1272.11,676.14,313.71,104.1,-0.3661,0.6044,-0.5017
Air_10,Air,Training,1533.14,1151.58,692.54,298.85,129.97,-0.3971,0.5879,-0.3938
Air_10,Air,Training,1411.64,1101.73,849.97,309.27,110.97,-0.4664,0.5616,-0.4719
Air_10,Air,Training,1551.37,1254.03,744.95,323.29,122.54,-0.3947,0.5901,-0.4503
Air_10,Air,Training,1513.39,1275.06,794.6,305.88,109.62,-0.4441,0.613,-0.4724
Air_10,Air,Training,1453.62,1188.46,717.64,288.32,101.85,-0.4268,0.6095,-0.4779
Air_10,Air,Training,1527.31,1306.44,656.81,312.6,87.92,-0.3551,0.6138,-0.561
Air_10,Air,Training,1561.28,1259.18,783.87,287.23,102.91,-0.4637,0.6285,-0.4724
Air_10,Air,Training,1564.32,1246.1,575.61,279.38,111.4,-0.3465,0.6337,-0.4298
Air_10,Air,Training,1483.22,1256.8,752.1,293.6,112.02,-0.4385,0.6213,-0.4477
Air_10,Air,Training,1616.49,1271.3,661.47,294.45,100.55,-0.3839,0.6239,-0.4909
Air_10,Air,Training,1425.18,1274.9,667.75,296.96,121.44,-0.3844,0.6222,-0.4195
Air_10,Air,Training,1463.92,1176.44,716.9,287.73,130.65,-0.4272,0.607,-0.3754
Air_10,Air,Training,1426.76,1039.36,742.15,289.27,83.85,-0.4391,0.5646,-0.5506
Air_12,Air,Training,1465.8,1272.41,763.64,292.12,90.49,-0.4466,0.6266,-0.527
Air_12,Air,Training,1491.57,1119.02,616.62,287.0,80.8,-0.3648,0.5918,-0.5606
Air_12,Air,Training,1641.66,1168.07,722.79,281.15,135.64,-0.4399,0.612,-0.3491
Air_12,Air,Training,1484.49,1112.94,733.51,307.78,124.06,-0.4088,0.5667,-0.4254
Air_12,Air,Training,1487.67,1207.55,624.63,325.06,101.25,-0.3154,0.5758,-0.525
Air_12,Air,Training,1490.06,1183.95,685.89,325.47,81.49,-0.3564,0.5687,-0.5995
Air_12,Air,Training,1559.48,1087.63,604.17,342.32,79.54,-0.2767,0.5212,-0.6229
Air_12,Air,Training,1508.46,1181.24,717.21,301.54,120.86,-0.408,0.5933,-0.4277
Air_12,Air,Training,1385.66,1246.97,697.43,254.03,89.4,-0.466,0.6615,-0.4794
Air_12,Air,Training,1371.69,1082.87,678.17,335.59,106.25,-0.3379,0.5268,-0.519
Air_12,Air,Training,1603.95,1205.32,777.49,343.4,81.0,-0.3873,0.5565,-0.6183
Air_12,Air,Training,1505.68,1149.43,692.76,349.75,87.17,-0.329,0.5334,-0.601
Air_12,Air,Training,1405.11,1121.6,680.23,412.36,129.46,-0.2452,0.4624,-0.5221
Air_12,Air,Training,1270.16,1197.49,668.55,329.59,76.42,-0.3396,0.5683,-0.6236
Air_12,Air,Training,1417.08,1160.0,665.41,319.55,93.31,-0.3511,0.568,-0.548
Air_12,Air,Training,1580.26,1143.28,743.29,265.29,112.3,-0.4739,0.6233,-0.4052
Air_12,Air,Training,1460.01,1262.41,577.95,276.5,123.37,-0.3528,0.6407,-0.383
Air_12,Air,Training,1483.85,1080.91,664.65,311.51,83.78,-0.3618,0.5526,-0.5761
Air_12,Air,Training,1592.88,1275.96,733.39,330.93,89.7,-0.3781,0.5881,-0.5735
Air_12,Air,Training,1618.97,1275.29,693.56,251.21,52.67,-0.4682,0.6709,-0.6534
Air_12,Air,Training,1579.17,1087.23,653.93,314.31,74.0,-0.3508,0.5515,-0.6188
Air_12,Air,Training,1694.75,1216.62,773.9,331.28,49.24,-0.4005,0.572,-0.7412
Air_12,Air,Training,1559.56,1198.87,696.88,299.24,121.09,-0.3992,0.6005,-0.4238
Air_12,Air,Training,1631.63,1116.55,703.87,342.06,95.85,-0.3459,0.531,-0.5622
Air_12,Air,Training,1516.24,1215.21,805.74,322.45,141.41,-0.4284,0.5806,-0.3903
Air_12,Air,Training,1639.49,1184.11,715.04,361.56,77.17,-0.3283,0.5322,-0.6482
Air_12,Air,Training,1560.89,1253.98,686.18,288.59,95.14,-0.4079,0.6258,-0.5041
Air_12,Air,Training,1556.2,1303.11,736.95,262.27,130.12,-0.4751,0.6649,-0.3368
Air_12,Air,Training,1595.43,1182.81,667.28,272.75,121.49,-0.4197,0.6252,-0.3837
Air_12,Air,Training,1349.65,1276.92,677.43,308.55,31.57,-0.3741,0.6108,-0.8143
Air_12,Air,Training,1358.13,1152.44,654.38,322.75,106.06,-0.3394,0.5624,-0.5053
Air_12,Air,Training,1654.73,1235.93,667.5,336.7,90.74,-0.3294,0.5718,-0.5754
Air_12,Air,Training,1458.36,1200.15,780.96,331.53,120.4,-0.404,0.5671,-0.4672
Air_12,Air,Training,1656.84,1269.73,638.58,316.15,132.46,-0.3377,0.6013,-0.4095
Air_12,Air,Training,1378.54,1198.92,646.61,303.85,122.7,-0.3606,0.5956,-0.4247
Air_12,Air,Training,1607.42,1187.11,733.07,254.88,65.03,-0.484,0.6465,-0.5934
Air_12,Air,Training,1589.57,988.15,665.63,320.31,104.41,-0.3503,0.5104,-0.5083
Air_12,Air,Training,1273.1,1236.8,656.94,303.62,87.52,-0.3678,0.6058,-0.5525
Air_12,Air,Training,1444.62,1074.03,682.05,337.09,91.55,-0.3385,0.5222,-0.5728
Air_12,Air,Training,1469.82,1150.68,635.69,270.07,104.43,-0.4037,0.6198,-0.4423
Air_12,Air,Training,1696.74,1268.29,731.0,359.74,109.36,-0.3404,0.5581,-0.5338
Air_12,Air,Training,1585.97,1214.97,722.6,257.74,93.8,-0.4742,0.65,-0.4664
Air_12,Air,Training,1455.05,1156.95,666.32,342.93,92.63,-0.3204,0.5427,-0.5747
Air_12,Air,Training,1488.44,1358.53,738.77,300.24,121.17,-0.4221,0.638,-0.4249
Air_12,Air,Training,1446.47,1170.27,681.92,307.49,109.33,-0.3784,0.5838,-0.4754
Air_12,Air,Training,1424.06,1228.49,730.22,285.97,96.69,-0.4372,0.6223,-0.4946
Air_12,Air,Training,1409.04,1094.38,642.64,321.62,110.46,-0.3329,0.5457,-0.4887
Air_12,Air,Training,1654.2,1202.68,702.59,310.11,78.66,-0.3875,0.59,-0.5953
Air_12,Air,Training,1572.27,1226.75,652.63,311.15,115.17,-0.3543,0.5954,-0.4597
Air_12,Air,Training,1393.48,1274.01,677.49,207.89,119.44,-0.5304,0.7194,-0.2702
Air_13,Air,Training,1607.42,1121.35,616.45,339.84,87.65,-0.2893,0.5348,-0.5899
Air_13,Air,Training,1607.59,1074.56,770.26,332.2,110.81,-0.3973,0.5277,-0.4997
Air_13,Air,Training,1339.66,1174.63,750.38,249.39,89.55,-0.5011,0.6497,-0.4716
Air_13,Air,Training,1531.72,1118.87,765.03,333.08,104.84,-0.3934,0.5412,-0.5212
Air_13,Air,Training,1534.72,1162.17,729.49,282.07,96.06,-0.4423,0.6094,-0.4919
Air_13,Air,Training,1460.61,1300.49,760.35,269.9,126.75,-0.4761,0.6563,-0.3609
Air_13,Air,Training,1436.16,1329.7,778.55,365.78,105.86,-0.3607,0.5685,-0.5511
Air_13,Air,Training,1477.56,1178.81,718.76,269.58,51.81,-0.4545,0.6278,-0.6776
Air_13,Air,Training,1468.03,1202.86,727.78,311.92,102.82,-0.4,0.5882,-0.5042
Air_13,Air,Training,1593.56,1138.92,666.4,363.28,36.32,-0.2944,0.5163,-0.8182
Air_13,Air,Training,1589.52,1239.44,699.93,326.89,114.37,-0.3633,0.5826,-0.4816
Air_13,Air,Training,1383.26,1131.83,675.97,236.36,99.83,-0.4818,0.6545,-0.4061
Air_13,Air,Training,1551.0,1281.6,703.9,277.51,104.48,-0.4345,0.644,-0.453
Air_13,Air,Training,1493.7,1254.96,697.73,326.68,94.77,-0.3622,0.5869,-0.5503
Air_13,Air,Training,1603.22,1212.43,670.11,290.01,114.54,-0.3959,0.614,-0.4337
Air_13,Air,Training,1398.34,1190.93,753.46,315.51,76.98,-0.4097,0.5811,-0.6077
Air_13,Air,Training,1524.9,1106.06,709.33,341.4,101.47,-0.3502,0.5283,-0.5418
Air_13,Air,Training,1409.45,1186.63,709.72,332.76,121.66,-0.3616,0.562,-0.4645
Air_13,Air,Training,1412.86,1177.31,719.68,281.86,109.97,-0.4372,0.6137,-0.4387
Air_13,Air,Training,1392.16,1218.3,751.37,301.62,103.51,-0.4271,0.6031,-0.489
Air_13,Air,Training,1567.54,1168.91,731.1,299.08,81.84,-0.4194,0.5925,-0.5703
Air_13,Air,Training,1572.18,1298.06,757.93,327.07,110.21,-0.3971,0.5975,-0.4959
Air_13,Air,Training,1529.04,1193.43,666.87,238.02,68.65,-0.4739,0.6674,-0.5523
Air_13,Air,Training,1501.17,1110.65,720.7,352.42,35.49,-0.3432,0.5182,-0.817
Air_13,Air,Training,1422.2,1353.01,741.71,296.65,89.36,-0.4286,0.6404,-0.537
Air_13,Air,Training,1546.87,1268.54,636.53,344.75,107.97,-0.2973,0.5726,-0.523
Air_13,Air,Training,1575.05,1271.68,715.61,313.36,110.35,-0.3909,0.6046,-0.4791
Air_13,Air,Training,1471.43,1245.39,687.02,300.02,131.28,-0.3921,0.6117,-0.3912
Air_13,Air,Training,1497.12,1228.95,691.26,289.03,138.57,-0.4103,0.6192,-0.3519
Air_13,Air,Training,1382.85,1203.65,639.91,337.63,98.77,-0.3092,0.5619,-0.5473
Air_13,Air,Training,1462.49,1071.55,778.81,260.17,109.74,-0.4992,0.6093,-0.4067
Air_13,Air,Training,1574.54,1352.17,672.44,274.34,91.45,-0.4205,0.6627,-0.5
Air_13,Air,Training,1452.93,1068.15,781.77,287.46,96.81,-0.4623,0.5759,-0.4961
Air_13,Air,Training,1550.2,1297.03,641.97,310.73,75.68,-0.3477,0.6135,-0.6083
Air_13,Air,Training,1526.69,1220.45,676.35,307.0,105.04,-0.3756,0.598,-0.4902
Air_13,Air,Training,1493.47,1185.68,631.78,267.28,87.72,-0.4054,0.6321,-0.5058
Air_13,Air,Training,1419.31,1159.87,696.19,302.65,111.23,-0.394,0.5861,-0.4625
Air_13,Air,Training,1512.55,1208.33,726.82,272.49,83.34,-0.4546,0.632,-0.5316
Air_13,Air,Training,1470.14,1151.2,612.35,317.28,80.03,-0.3174,0.5679,-0.5971
Air_13,Air,Training,1644.93,1211.58,624.91,320.01,100.67,-0.3227,0.5821,-0.5214
Air_13,Air,Training,1523.28,1165.17,653.44,256.16,74.36,-0.4368,0.6395,-0.55
Air_13,Air,Training,1390.55,1174.98,697.42,253.59,118.05,-0.4667,0.645,-0.3647
Air_13,Air,Training,1511.33,1369.9,679.75,366.99,114.92,-0.2988,0.5774,-0.5231
Air_13,Air,Training,1343.25,1116.65,715.9,247.57,82.07,-0.4861,0.6371,-0.502
Air_13,Air,Training,1372.61,1349.71,754.93,289.83,130.25,-0.4452,0.6464,-0.3799
Air_13,Air,Training,1600.63,1291.72,672.03,290.73,78.07,-0.396,0.6326,-0.5766
Air_13,Air,Training,1490.9,1143.12,646.29,333.95,113.43,-0.3186,0.5478,-0.4929
Air_13,Air,Training,1429.41,1266.18,715.44,290.54,131.82,-0.4224,0.6267,-0.3758
Air_13,Air,Training,1524.43,1324.43,728.3,319.56,78.48,-0.3901,0.6112,-0.6057
Air_13,Air,Training,1455.43,1302.02,758.1,289.25,72.94,-0.4477,0.6365,-0.5972
Air_14,Air,Training,1632.78,1274.66,642.78,265.66,136.67,-0.4151,0.6551,-0.3206
Air_14,Air,Training,1459.39,1165.71,665.97,310.66,71.99,-0.3638,0.5792,-0.6237
Air_14,Air,Training,1519.01,1101.53,630.01,259.03,73.46,-0.4173,0.6192,-0.5581
Air_14,Air,Training,1557.79,1250.59,691.86,281.05,127.64,-0.4222,0.633,-0.3754
Air_14,Air,Training,1555.59,1117.49,717.53,308.97,114.37,-0.398,0.5668,-0.4597
Air_14,Air,Training,1719.92,1142.71,727.72,344.88,134.36,-0.3569,0.5363,-0.4393
Air_14,Air,Training,1514.44,1108.46,610.26,324.79,106.85,-0.3053,0.5468,-0.5049
Air_14,Air,Training,1510.25,1219.79,748.93,316.39,107.73,-0.406,0.5881,-0.492
Air_14,Air,Training,1452.51,1272.76,671.13,329.03,92.15,-0.342,0.5892,-0.5624
Air_14,Air,Training,1547.15,1323.45,733.03,342.49,92.57,-0.3631,0.5888,-0.5744
Air_14,Air,Training,1507.69,1175.18,617.01,332.06,111.38,-0.3002,0.5594,-0.4977
Air_14,Air,Training,1539.83,1286.22,643.23,258.74,124.83,-0.4263,0.6651,-0.3491
Air_14,Air,Training,1494.37,1215.04,626.64,344.16,113.43,-0.291,0.5585,-0.5042
Air_14,Air,Training,1453.95,1346.0,631.83,290.12,119.74,-0.3706,0.6454,-0.4157
Air_14,Air,Training,1592.26,1095.48,685.83,322.37,129.46,-0.3605,0.5453,-0.427
Air_14,Air,Training,1611.11,1249.03,704.48,294.62,109.96,-0.4102,0.6183,-0.4564
Air_14,Air,Training,1614.72,1185.02,686.34,334.36,121.23,-0.3448,0.5599,-0.4678
Air_14,Air,Training,1460.01,1107.69,614.33,303.9,77.91,-0.3381,0.5694,-0.5919
Air_14,Air,Training,1571.7,1079.83,780.68,289.9,84.03,-0.4584,0.5767,-0.5506
Air_14,Air,Training,1456.71,1139.47,775.74,320.15,101.94,-0.4157,0.5613,-0.517
Air_14,Air,Training,1403.77,1196.15,661.47,221.07,86.13,-0.499,0.688,-0.4393
Air_14,Air,Training,1548.42,1170.17,692.75,331.23,117.24,-0.3531,0.5588,-0.4772
Air_14,Air,Training,1656.87,1046.45,657.89,327.24,108.63,-0.3356,0.5236,-0.5016
Air_14,Air,Training,1507.96,1157.66,711.32,305.07,62.96,-0.3997,0.5829,-0.6579
Air_14,Air,Training,1517.09,1163.81,742.05,310.34,139.12,-0.4102,0.579,-0.381
Air_14,Air,Training,1499.99,1123.61,575.57,271.85,107.55,-0.3584,0.6104,-0.4331
Air_14,Air,Training,1550.63,1157.64,678.49,302.1,107.6,-0.3838,0.5861,-0.4747
Air_14,Air,Training,1581.61,1158.87,662.87,360.74,135.66,-0.2952,0.5252,-0.4534
Air_14,Air,Training,1457.65,1279.98,810.24,339.51,84.74,-0.4094,0.5807,-0.6005
Air_14,Air,Training,1508.39,1077.37,651.75,299.54,104.4,-0.3702,0.5649,-0.4831
Air_14,Air,Training,1444.56,1007.38,709.68,321.85,115.32,-0.376,0.5157,-0.4724
Air_14,Air,Training,1483.53,1190.54,712.33,312.27,98.13,-0.3905,0.5844,-0.5218
Air_14,Air,Training,1314.16,1297.79,676.78,263.28,92.15,-0.4399,0.6627,-0.4815
Air_14,Air,Training,1508.93,1157.36,673.0,290.26,107.24,-0.3973,0.599,-0.4604
Air_14,Air,Training,1436.08,1223.62,630.99,360.18,121.45,-0.2732,0.5452,-0.4957
Air_14,Air,Training,1478.03,1223.43,641.59,316.85,116.91,-0.3388,0.5886,-0.461
Air_14,Air,Training,1521.31,1263.16,699.65,296.96,86.8,-0.4041,0.6193,-0.5476
Air_14,Air,Training,1544.47,1141.44,720.72,309.1,126.88,-0.3997,0.5738,-0.418
Air_14,Air,Training,1546.68,1077.02,666.82,279.32,85.36,-0.4096,0.5881,-0.5318
Air_14,Air,Training,1577.33,1045.76,771.22,329.96,103.72,-0.4007,0.5203,-0.5217
Air_14,Air,Training,1527.94,1205.25,707.93,333.79,95.53,-0.3592,0.5662,-0.555
Air_14,Air,Training,1548.03,1139.01,726.63,291.82,108.56,-0.4269,0.5921,-0.4577
Air_14,Air,Training,1430.83,1231.45,697.66,346.95,105.18,-0.3357,0.5604,-0.5347
Air_14,Air,Training,1539.46,1169.09,715.6,314.22,92.92,-0.3898,0.5763,-0.5436
Air_14,Air,Training,1465.42,1143.54,696.2,280.41,105.85,-0.4258,0.6062,-0.4519
Air_14,Air,Training,1436.77,1191.43,652.71,334.33,100.5,-0.3226,0.5617,-0.5378
Air_14,Air,Training,1501.27,1241.68,788.76,302.43,70.18,-0.4457,0.6083,-0.6233
Air_14,Air,Training,1594.55,1104.99,675.18,335.78,93.3,-0.3357,0.5339,-0.5651
Air_14,Air,Training,1454.22,1219.69,700.48,279.2,117.55,-0.43,0.6275,-0.4074
Air_14,Air,Training,1598.24,1297.15,727.59,278.97,74.89,-0.4457,0.646,-0.5767
Air_16,Air,Training,1399.25,1186.93,710.01,312.48,79.71,-0.3888,0.5832,-0.5935
Air_16,Air,Training,1485.73,1196.09,759.85,323.23,71.29,-0.4031,0.5745,-0.6386
Air_16,Air,Training,1349.3,1192.23,668.14,271.17,84.87,-0.4226,0.6294,-0.5232
Air_16,Air,Training,1546.36,1094.74,792.42,278.47,112.65,-0.4799,0.5944,-0.424
Air_16,Air,Training,1446.48,1093.72,692.7,262.38,102.94,-0.4506,0.613,-0.4364
Air_16,Air,Training,1497.98,1151.38,707.57,331.17,97.8,-0.3624,0.5532,-0.544
Air_16,Air,Training,1441.72,1228.0,722.08,291.45,127.47,-0.4249,0.6164,-0.3914
Air_16,Air,Training,1476.04,1304.16,667.26,325.51,95.6,-0.3442,0.6005,-0.5459
Air_16,Air,Training,1521.48,1058.17,808.44,309.51,120.34,-0.4463,0.5474,-0.4401
Air_16,Air,Training,1389.79,1212.01,691.03,268.27,125.71,-0.4407,0.6375,-0.3619
Air_16,Air,Training,1511.7,1196.21,731.24,274.36,103.23,-0.4543,0.6269,-0.4532
Air_16,Air,Training,1507.21,1209.39,751.37,287.27,89.4,-0.4468,0.6161,-0.5253
Air_16,Air,Training,1450.85,1154.1,755.12,297.88,120.46,-0.4342,0.5897,-0.4241
Air_16,Air,Training,1521.68,1138.81,624.65,256.44,82.18,-0.4179,0.6324,-0.5146
Air_16,Air,Training,1581.58,1291.06,704.65,327.81,88.9,-0.365,0.595,-0.5733
Air_16,Air,Training,1449.77,1253.95,708.31,322.0,101.02,-0.3749,0.5914,-0.5224
Air_16,Air,Training,1469.97,1184.9,715.36,307.2,81.36,-0.3992,0.5882,-0.5812
Air_16,Air,Training,1490.26,1093.56,682.54,272.38,39.08,-0.4295,0.6012,-0.749
Air_16,Air,Training,1676.8,1145.94,652.94,348.69,76.56,-0.3038,0.5334,-0.6399
Air_16,Air,Training,1383.89,1185.62,675.25,280.82,81.65,-0.4126,0.617,-0.5495
Air_16,Air,Training,1484.91,1314.55,619.47,325.22,130.67,-0.3115,0.6033,-0.4267
Air_16,Air,Training,1449.9,1226.35,693.9,248.42,124.38,-0.4727,0.6631,-0.3327
Air_16,Air,Training,1502.82,1163.53,623.92,315.63,103.04,-0.3281,0.5732,-0.5078
Air_16,Air,Training,1548.46,1238.87,659.34,197.4,97.8,-0.5392,0.7251,-0.3374
Air_16,Air,Training,1485.83,1211.47,775.89,298.54,113.85,-0.4443,0.6046,-0.4478
Air_16,Air,Training,1530.17,1103.06,635.49,334.61,82.41,-0.3102,0.5345,-0.6048
Air_16,Air,Training,1529.53,1128.32,737.32,307.42,94.04,-0.4115,0.5718,-0.5315
Air_16,Air,Training,1553.33,1218.18,663.89,300.36,113.38,-0.377,0.6044,-0.4519
Air_16,Air,Training,1588.62,1190.99,789.32,277.66,68.86,-0.4795,0.6219,-0.6026
Air_16,Air,Training,1387.12,1199.3,700.6,303.77,86.64,-0.3951,0.5958,-0.5562
Air_16,Air,Training,1678.06,1305.77,642.79,296.94,100.99,-0.368,0.6294,-0.4924
Air_16,Air,Training,1554.85,1093.31,614.29,263.43,130.08,-0.3997,0.6117,-0.3389
Air_16,Air,Training,1447.62,1256.6,729.44,294.61,116.55,-0.4246,0.6202,-0.4331
Air_16,Air,Training,1401.8,1167.0,589.16,302.93,84.15,-0.3209,0.5878,-0.5652
Air_16,Air,Training,1675.19,1204.11,740.97,319.58,98.45,-0.3973,0.5805,-0.529
Air_16,Air,Training,1579.37,1202.32,723.78,370.74,103.85,-0.3226,0.5286,-0.5624
Air_16,Air,Training,1457.78,1150.45,695.85,303.52,101.18,-0.3926,0.5825,-0.5
Air_16,Air,Training,1373.44,1041.55,651.56,301.76,101.26,-0.3669,0.5507,-0.4975
Air_16,Air,Training,1536.36,1225.41,675.02,269.38,110.42,-0.4295,0.6396,-0.4185
Air_16,Air,Training,1518.09,1123.48,731.24,328.71,115.79,-0.3798,0.5473,-0.479
Air_16,Air,Training,1577.16,1147.46,742.59,295.26,140.9,-0.431,0.5907,-0.3539
Air_16,Air,Training,1571.53,1230.06,785.81,284.81,111.01,-0.468,0.624,-0.4391
Air_16,Air,Training,1678.85,1256.92,707.57,291.91,80.63,-0.4159,0.6231,-0.5671
Air_16,Air,Training,1476.84,1142.68,688.49,296.69,119.77,-0.3977,0.5877,-0.4248
Air_16,Air,Training,1467.31,1158.24,744.36,320.9,95.13,-0.3975,0.5661,-0.5427
Air_16,Air,Training,1548.07,1181.66,689.34,346.62,97.24,-0.3308,0.5464,-0.5618
Air_16,Air,Training,1467.53,1201.25,601.73,294.96,105.09,-0.3421,0.6057,-0.4746
Air_16,Air,Training,1658.51,1206.47,721.9,310.39,145.37,-0.3986,0.5907,-0.3621
Air_16,Air,Training,1580.22,1098.43,761.46,271.65,86.93,-0.4741,0.6035,-0.5152
Air_16,Air,Training,1396.02,1327.56,759.32,336.92,120.72,-0.3853,0.5952,-0.4724
Air_17,Air,Training,1555.26,1177.62,710.3,284.51,82.97,-0.428,0.6108,-0.5484
Air_17,Air,Training,1448.76,1364.79,680.88,330.02,141.54,-0.3471,0.6105,-0.3997
Air_17,Air,Training,1562.46,1144.84,663.17,303.57,145.14,-0.372,0.5808,-0.3531
Air_17,Air,Training,1613.88,1237.57,689.79,311.38,103.78,-0.378,0.5979,-0.5
Air_17,Air,Training,1514.63,1138.72,655.29,309.86,76.81,-0.3579,0.5722,-0.6027
Air_17,Air,Training,1449.99,1202.08,716.54,333.47,74.94,-0.3648,0.5657,-0.633
Air_17,Air,Training,1400.0,1291.44,783.82,268.68,83.1,-0.4894,0.6556,-0.5276
Air_17,Air,Training,1543.64,1203.41,702.83,276.58,114.39,-0.4352,0.6262,-0.4148
Air_17,Air,Training,1481.03,1181.1,643.44,323.74,92.77,-0.3305,0.5697,-0.5545
Air_17,Air,Training,1496.39,1283.29,647.66,297.4,68.84,-0.3706,0.6237,-0.6241
Air_17,Air,Training,1458.11,1290.18,622.93,307.07,132.07,-0.3396,0.6155,-0.3985
Air_17,Air,Training,1543.9,1159.13,644.41,242.11,131.25,-0.4538,0.6544,-0.2969
Air_17,Air,Training,1466.33,1073.86,648.94,267.66,90.1,-0.416,0.601,-0.4963
Air_17,Air,Training,1691.07,1264.61,724.22,335.92,136.68,-0.3663,0.5802,-0.4216
Air_17,Air,Training,1542.25,1300.88,667.96,274.12,79.37,-0.4181,0.6519,-0.5509
Air_17,Air,Training,1523.52,1015.91,766.24,285.19,116.53,-0.4575,0.5616,-0.4199
Air_17,Air,Training,1388.66,1277.79,769.14,303.09,110.56,-0.4347,0.6166,-0.4655
Air_17,Air,Training,1417.9,1203.19,748.61,290.91,130.53,-0.4403,0.6106,-0.3806
Air_17,Air,Training,1357.34,1176.99,603.94,309.48,95.74,-0.3224,0.5836,-0.5275
Air_17,Air,Training,1485.93,1251.8,685.81,384.2,116.17,-0.2819,0.5303,-0.5357
Air_17,Air,Training,1502.4,1152.77,654.46,313.11,89.47,-0.3528,0.5728,-0.5555
Air_17,Air,Training,1579.27,1194.24,696.05,303.44,96.96,-0.3928,0.5948,-0.5157
Air_17,Air,Training,1522.17,1344.87,727.04,312.7,115.74,-0.3985,0.6227,-0.4597
Air_17,Air,Training,1491.32,1132.54,549.05,238.48,114.96,-0.3944,0.6521,-0.3495
Air_17,Air,Training,1529.5,1189.64,818.11,298.97,52.76,-0.4647,0.5983,-0.7
Air_17,Air,Training,1560.04,1281.27,736.0,335.27,64.78,-0.3741,0.5852,-0.6761
Air_17,Air,Training,1507.57,1141.9,726.15,345.61,92.64,-0.3551,0.5353,-0.5772
Air_17,Air,Training,1552.13,1138.65,699.12,284.57,136.02,-0.4214,0.6001,-0.3532
Air_17,Air,Training,1413.61,1206.18,768.47,241.65,108.63,-0.5215,0.6662,-0.3798
Air_17,Air,Training,1508.89,1152.32,760.81,351.48,113.16,-0.368,0.5325,-0.5129
Air_17,Air,Training,1476.26,1098.72,709.0,295.39,98.14,-0.4118,0.5762,-0.5012
Air_17,Air,Training,1460.25,1159.06,701.45,263.06,120.73,-0.4545,0.63,-0.3709
Air_17,Air,Training,1438.94,1207.84,683.79,319.51,111.91,-0.3631,0.5816,-0.4812
Air_17,Air,Training,1540.56,1118.18,690.38,348.07,93.16,-0.3296,0.5252,-0.5777
Air_17,Air,Training,1583.94,1199.29,684.51,305.6,83.36,-0.3827,0.5939,-0.5714
Air_17,Air,Training,1571.99,1140.23,727.68,332.36,108.51,-0.3729,0.5486,-0.5077
Air_17,Air,Training,1454.48,1213.0,663.29,293.66,89.53,-0.3863,0.6102,-0.5327
Air_17,Air,Training,1439.1,1244.14,749.2,331.6,104.84,-0.3864,0.5791,-0.5196
Air_17,Air,Training,1617.53,1152.62,764.26,327.29,100.8,-0.4003,0.5577,-0.5291
Air_17,Air,Training,1517.85,1272.54,733.09,307.84,91.0,-0.4085,0.6104,-0.5437
Air_17,Air,Training,1426.06,1207.58,642.78,321.97,64.51,-0.3325,0.579,-0.6661
Air_17,Air,Training,1524.56,1180.62,678.03,291.7,42.35,-0.3984,0.6038,-0.7464
Air_17,Air,Training,1464.65,1139.26,657.25,393.63,72.22,-0.2509,0.4864,-0.6899
Air_17,Air,Training,1531.69,1144.31,654.39,259.6,122.57,-0.4319,0.6302,-0.3586
Air_17,Air,Training,1596.35,1156.58,745.61,268.93,91.98,-0.4699,0.6227,-0.4903
Air_17,Air,Training,1554.32,1129.92,663.03,300.74,100.75,-0.3759,0.5796,-0.4981
Air_17,Air,Training,1413.73,1356.31,657.81,328.58,111.92,-0.3338,0.61,-0.4919
Air_17,Air,Training,1435.57,1232.43,657.97,302.13,116.48,-0.3706,0.6062,-0.4435
Air_17,Air,Training,1455.34,1228.8,671.2,305.27,102.12,-0.3747,0.602,-0.4987
Air_17,Air,Training,1470.67,1071.81,739.04,359.71,102.79,-0.3452,0.4974,-0.5555
Air_18,Air,Training,1450.96,1214.57,757.3,338.39,118.23,-0.3823,0.5642,-0.4821
Air_18,Air,Training,1535.61,1247.27,705.91,271.32,92.43,-0.4447,0.6427,-0.4918
Air_18,Air,Training,1474.17,1220.48,611.8,315.33,59.74,-0.3198,0.5894,-0.6814
Air_18,Air,Training,1532.91,1281.89,744.74,273.13,112.47,-0.4633,0.6487,-0.4166
Air_18,Air,Training,1556.35,1319.4,718.29,330.78,91.26,-0.3694,0.5991,-0.5675
Air_18,Air,Training,1431.83,1260.5,743.91,280.94,75.76,-0.4517,0.6355,-0.5752
Air_18,Air,Training,1509.86,1203.06,711.69,326.57,120.58,-0.3709,0.573,-0.4607
Air_18,Air,Training,1500.63,1130.33,663.72,282.1,97.6,-0.4035,0.6005,-0.4859
Air_18,Air,Training,1458.83,1182.87,703.69,280.71,106.44,-0.4297,0.6164,-0.4501
Air_18,Air,Training,1646.21,1188.33,665.92,309.2,84.1,-0.3658,0.5871,-0.5723
Air_18,Air,Training,1488.22,1152.51,646.51,273.64,86.78,-0.4052,0.6163,-0.5184
Air_18,Air,Training,1416.66,1289.52,721.57,328.25,72.83,-0.3746,0.5942,-0.6368
Air_18,Air,Training,1476.48,1229.34,782.64,277.42,74.27,-0.4766,0.6318,-0.5776
Air_18,Air,Training,1515.25,1152.84,785.29,316.26,94.29,-0.4258,0.5694,-0.5407
Air_18,Air,Training,1477.38,1191.14,608.77,301.26,90.26,-0.3379,0.5963,-0.5389
Air_18,Air,Training,1550.62,1137.17,734.13,316.29,103.19,-0.3978,0.5648,-0.508
Air_18,Air,Training,1600.3,1068.07,722.19,298.66,98.52,-0.4149,0.563,-0.5039
Air_18,Air,Training,1421.46,1100.62,744.62,323.64,135.97,-0.3941,0.5455,-0.4083
Air_18,Air,Training,1657.03,1091.63,692.27,307.52,119.24,-0.3848,0.5604,-0.4412
Air_18,Air,Training,1614.15,1127.96,672.95,341.13,66.54,-0.3272,0.5356,-0.6736
Air_18,Air,Training,1413.88,1230.64,802.72,249.69,101.19,-0.5255,0.6627,-0.4232
Air_18,Air,Training,1544.35,1302.89,722.34,244.75,74.28,-0.4938,0.6837,-0.5343
Air_18,Air,Training,1609.76,1230.82,643.71,314.8,106.14,-0.3431,0.5926,-0.4957
Air_18,Air,Training,1300.44,1053.04,715.54,361.06,105.28,-0.3293,0.4893,-0.5485
Air_18,Air,Training,1304.05,1087.13,731.29,322.04,96.12,-0.3885,0.5429,-0.5403
Air_18,Air,Training,1461.29,1255.57,755.24,320.82,80.92,-0.4037,0.593,-0.5971
Air_18,Air,Training,1571.94,1175.29,669.92,280.78,100.42,-0.4093,0.6143,-0.4731
Air_18,Air,Training,1545.63,1058.56,663.46,286.17,120.73,-0.3973,0.5744,-0.4066
Air_18,Air,Training,1430.66,1176.83,740.48,301.19,130.66,-0.4217,0.5924,-0.3949
Air_18,Air,Training,1487.99,1331.81,803.13,313.74,108.37,-0.4382,0.6187,-0.4865
Air_18,Air,Training,1544.72,1257.16,706.19,335.06,110.01,-0.3564,0.5791,-0.5057
Air_18,Air,Training,1610.89,1098.31,710.81,330.46,77.17,-0.3653,0.5374,-0.6214
Air_18,Air,Training,1534.45,1242.6,786.39,289.81,104.22,-0.4614,0.6218,-0.471
Air_18,Air,Training,1455.53,1190.14,780.97,299.12,85.82,-0.4461,0.5983,-0.5541
Air_18,Air,Training,1485.38,1163.68,677.93,283.83,90.0,-0.4098,0.6078,-0.5185
Air_18,Air,Training,1405.06,1204.85,651.07,334.24,93.76,-0.3216,0.5657,-0.5619
Air_18,Air,Training,1532.69,1228.75,608.18,292.01,134.37,-0.3512,0.616,-0.3697
Air_18,Air,Training,1437.93,1359.0,727.22,315.51,104.79,-0.3948,0.6232,-0.5014
Air_18,Air,Training,1583.68,1277.1,699.07,287.09,71.5,-0.4178,0.6329,-0.6012
Air_18,Air,Training,1565.1,1204.6,657.81,282.59,98.63,-0.399,0.62,-0.4825
Air_18,Air,Training,1421.48,1203.4,618.99,284.03,76.76,-0.3709,0.6181,-0.5745
Air_18,Air,Training,1516.03,1131.55,672.05,367.79,117.3,-0.2926,0.5094,-0.5164
Air_18,Air,Training,1548.05,1290.83,725.62,257.87,73.67,-0.4756,0.667,-0.5556
Air_18,Air,Training,1283.21,1214.14,646.99,282.89,93.6,-0.3916,0.6221,-0.5028
Air_18,Air,Training,1451.32,1197.59,685.85,288.52,69.04,-0.4078,0.6117,-0.6138
Air_18,Air,Training,1519.34,1352.31,713.81,368.07,88.63,-0.3196,0.5721,-0.6119
Air_18,Air,Training,1479.78,1198.61,691.51,334.95,56.18,-0.3474,0.5632,-0.7127
Air_18,Air,Training,1463.62,1316.44,675.17,327.86,112.08,-0.3463,0.6012,-0.4905
Air_18,Air,Training,1494.19,1222.16,695.73,236.21,109.2,-0.4931,0.6761,-0.3677
Air_18,Air,Training,1450.71,1103.62,719.35,309.63,119.63,-0.3982,0.5618,-0.4426
Air_20,Air,Training,1555.91,1251.83,748.37,325.41,108.89,-0.3939,0.5874,-0.4985
Air_20,Air,Training,1532.36,1283.46,668.83,311.01,88.94,-0.3652,0.6099,-0.5552
Air_20,Air,Training,1487.83,1012.94,656.47,286.91,91.54,-0.3917,0.5585,-0.5162
Air_20,Air,Training,1473.32,1117.05,683.38,332.56,94.03,-0.3453,0.5412,-0.5592
Air_20,Air,Training,1603.86,1286.28,670.65,317.08,73.74,-0.358,0.6045,-0.6226
Air_20,Air,Training,1415.69,1207.82,725.43,348.4,96.74,-0.3511,0.5522,-0.5653
Air_20,Air,Training,1514.04,1206.85,789.68,340.27,107.69,-0.3977,0.5601,-0.5192
Air_20,Air,Training,1563.51,1224.48,753.74,325.85,93.96,-0.3963,0.5796,-0.5524
Air_20,Air,Training,1507.96,1211.33,707.59,284.77,106.74,-0.4261,0.6193,-0.4547
Air_20,Air,Training,1459.28,1159.03,694.06,308.08,124.51,-0.3852,0.58,-0.4243
Air_20,Air,Training,1556.8,1277.71,788.63,282.44,114.22,-0.4726,0.6379,-0.4241
Air_20,Air,Training,1560.1,1217.91,744.64,302.63,113.42,-0.4221,0.6019,-0.4548
Air_20,Air,Training,1386.68,1200.15,735.42,330.85,82.78,-0.3794,0.5678,-0.5997
Air_20,Air,Training,1493.46,1125.58,680.61,309.48,120.71,-0.3748,0.5687,-0.4388
Air_20,Air,Training,1572.3,1215.59,667.46,295.82,150.74,-0.3858,0.6086,-0.3249
Air_20,Air,Training,1388.11,1115.46,708.76,321.2,117.27,-0.3763,0.5528,-0.4651
Air_20,Air,Training,1523.05,1093.64,689.02,247.03,107.9,-0.4722,0.6315,-0.392
Air_20,Air,Training,1536.46,1191.16,640.85,275.43,67.54,-0.3988,0.6244,-0.6062
Air_20,Air,Training,1495.89,1421.78,694.9,287.4,104.34,-0.4148,0.6637,-0.4673
Air_20,Air,Training,1407.96,1121.89,669.05,326.55,106.67,-0.344,0.5491,-0.5075
Air_20,Air,Training,1487.25,1252.42,785.43,322.09,79.64,-0.4184,0.5909,-0.6035
Air_20,Air,Training,1349.33,1077.89,743.45,277.27,116.37,-0.4567,0.5908,-0.4088
Air_20,Air,Training,1463.62,1227.16,735.05,276.51,116.46,-0.4533,0.6322,-0.4073
Air_20,Air,Training,1447.22,1150.86,741.05,318.96,109.2,-0.3982,0.566,-0.4899
Air_20,Air,Training,1411.78,1173.12,734.45,368.51,136.22,-0.3318,0.5219,-0.4602
Air_20,Air,Training,1462.57,1153.86,786.5,318.02,90.64,-0.4241,0.5679,-0.5564
Air_20,Air,Training,1510.13,1112.54,750.45,342.0,130.8,-0.3739,0.5298,-0.4467
Air_20,Air,Training,1590.07,1177.57,744.71,343.82,118.9,-0.3683,0.548,-0.4861
Air_20,Air,Training,1568.26,1213.39,654.71,355.66,99.27,-0.296,0.5467,-0.5636
Air_20,Air,Training,1597.14,1373.46,745.42,335.25,81.29,-0.3796,0.6076,-0.6097
Air_20,Air,Training,1441.81,1288.55,672.52,259.76,66.78,-0.4427,0.6645,-0.591
Air_20,Air,Training,1482.67,1183.95,749.89,270.33,127.55,-0.4701,0.6282,-0.3588
Air_20,Air,Training,1402.99,1116.98,706.92,301.59,111.59,-0.4019,0.5748,-0.4598
Air_20,Air,Training,1405.95,1224.71,616.09,234.14,136.56,-0.4492,0.679,-0.2632
Air_20,Air,Training,1583.72,1199.74,598.87,286.26,108.98,-0.3532,0.6147,-0.4486
Air_20,Air,Training,1463.18,1309.29,731.46,272.31,68.08,-0.4574,0.6557,-0.6
Air_20,Air,Training,1569.97,1258.87,737.8,350.56,109.15,-0.3558,0.5644,-0.5251
Air_20,Air,Training,1507.51,1253.51,761.74,320.62,100.63,-0.4075,0.5926,-0.5222
Air_20,Air,Training,1577.46,1206.73,675.6,303.64,93.62,-0.3798,0.5979,-0.5287
Air_20,Air,Training,1493.13,1140.77,749.95,306.41,114.21,-0.4199,0.5765,-0.4569
Air_20,Air,Training,1538.58,1136.85,766.16,293.24,92.78,-0.4464,0.5899,-0.5193
Air_20,Air,Training,1517.16,1216.38,830.03,317.89,90.29,-0.4461,0.5856,-0.5576
Air_20,Air,Training,1651.84,1085.89,675.9,283.33,99.91,-0.4093,0.5861,-0.4786
Air_20,Air,Training,1527.7,1230.5,720.86,318.9,98.8,-0.3866,0.5884,-0.5269
Air_20,Air,Training,1603.17,1087.16,572.38,322.22,93.38,-0.2796,0.5427,-0.5506
Air_20,Air,Training,1637.39,1272.99,729.44,285.4,113.52,-0.4376,0.6337,-0.4309
Air_20,Air,Training,1468.29,1204.17,683.69,307.77,94.98,-0.3791,0.5929,-0.5283
Air_20,Air,Training,1580.05,1231.69,674.54,286.58,74.6,-0.4037,0.6225,-0.5869
Air_20,Air,Training,1343.82,1265.29,682.19,263.48,108.89,-0.4428,0.6553,-0.4152
Air_20,Air,Training,1442.28,1195.15,635.39,319.47,101.76,-0.3309,0.5781,-0.5168
Air_22,Air,Training,1477.78,1102.97,602.64,255.85,83.95,-0.404,0.6234,-0.5059
Air_22,Air,Training,1500.3,1172.24,734.92,271.93,124.53,-0.4598,0.6234,-0.3718
Air_22,Air,Training,1489.09,1232.08,673.99,330.51,73.46,-0.3419,0.577,-0.6363
Air_22,Air,Training,1401.28,1132.13,758.8,292.89,81.03,-0.443,0.5889,-0.5666
Air_22,Air,Training,1484.29,1212.04,646.15,304.79,97.28,-0.359,0.5981,-0.5161
Air_22,Air,Training,1459.53,1111.36,744.43,285.94,41.31,-0.445,0.5907,-0.7476
Air_22,Air,Training,1528.48,1226.66,746.65,312.4,102.77,-0.41,0.594,-0.5049
Air_22,Air,Training,1461.05,1166.12,733.79,295.3,71.25,-0.4261,0.5959,-0.6112
Air_22,Air,Training,1472.46,1196.2,600.47,322.4,100.01,-0.3013,0.5754,-0.5265
Air_22,Air,Training,1390.98,1179.18,694.89,328.38,118.34,-0.3582,0.5644,-0.4702
Air_22,Air,Training,1586.25,1226.31,667.33,272.78,85.99,-0.4197,0.6361,-0.5207
Air_22,Air,Training,1494.73,1198.24,751.45,292.37,59.53,-0.4398,0.6077,-0.6617
Air_22,Air,Training,1404.59,1131.7,651.16,215.83,131.39,-0.5021,0.6797,-0.2432
Air_22,Air,Training,1325.4,1159.84,732.92,317.69,70.61,-0.3952,0.57,-0.6363
Air_22,Air,Training,1596.54,1274.28,690.93,300.82,81.73,-0.3934,0.618,-0.5727
Air_22,Air,Training,1520.19,1215.83,675.66,319.37,106.63,-0.3581,0.5839,-0.4994
Air_22,Air,Training,1757.06,1136.88,766.65,274.43,110.55,-0.4728,0.6111,-0.4257
Air_22,Air,Training,1292.05,1164.14,723.6,307.2,59.9,-0.404,0.5824,-0.6737
Air_22,Air,Training,1467.05,1303.37,751.45,328.81,147.04,-0.3912,0.5971,-0.382
Air_22,Air,Training,1360.41,1172.39,701.55,278.06,102.5,-0.4323,0.6166,-0.4613
Air_22,Air,Training,1604.08,1207.72,589.8,320.31,99.7,-0.2961,0.5808,-0.5252
Air_22,Air,Training,1325.66,1156.91,613.22,291.37,89.92,-0.3558,0.5976,-0.5283
Air_22,Air,Training,1377.99,1217.57,645.87,339.72,103.36,-0.3106,0.5637,-0.5334
Air_22,Air,Training,1479.13,1287.78,713.01,310.4,98.7,-0.3934,0.6116,-0.5175
Air_22,Air,Training,1474.91,1228.29,776.2,197.41,137.37,-0.5945,0.7231,-0.1794
Air_22,Air,Training,1419.36,1213.47,614.15,344.74,72.34,-0.281,0.5575,-0.6531
Air_22,Air,Training,1589.79,1183.12,691.86,262.22,124.38,-0.4503,0.6371,-0.3565
Air_22,Air,Training,1488.2,1250.24,596.69,273.26,105.01,-0.3718,0.6413,-0.4448
Air_22,Air,Training,1373.77,1225.29,666.91,276.67,110.25,-0.4136,0.6316,-0.4301
Air_22,Air,Training,1513.66,1121.32,756.16,315.16,59.71,-0.4116,0.5612,-0.6814
Air_22,Air,Training,1475.75,1226.13,694.44,200.3,101.27,-0.5523,0.7192,-0.3284
Air_22,Air,Training,1560.6,1194.3,702.77,330.6,68.32,-0.3602,0.5664,-0.6575
Air_22,Air,Training,1558.91,1223.77,618.82,320.93,136.12,-0.317,0.5845,-0.4043
Air_22,Air,Training,1526.71,1238.81,646.73,281.44,79.64,-0.3936,0.6297,-0.5589
Air_22,Air,Training,1531.67,1163.74,671.02,321.11,133.39,-0.3527,0.5675,-0.413
Air_22,Air,Training,1492.99,1089.76,702.01,305.75,116.63,-0.3932,0.5618,-0.4478
Air_22,Air,Training,1474.12,1261.67,736.38,291.06,116.41,-0.4334,0.6251,-0.4286
Air_22,Air,Training,1574.41,1123.62,748.02,296.4,95.05,-0.4324,0.5825,-0.5144
Air_22,Air,Training,1491.36,1286.88,761.92,314.29,105.39,-0.4159,0.6074,-0.4978
Air_22,Air,Training,1491.66,1388.89,665.76,286.58,106.05,-0.3981,0.6579,-0.4598
Air_22,Air,Training,1427.47,1273.41,626.43,278.58,91.97,-0.3844,0.641,-0.5036
Air_22,Air,Training,1419.63,1272.87,634.25,271.1,86.46,-0.4011,0.6488,-0.5164
Air_22,Air,Training,1567.44,1301.67,726.12,260.59,87.6,-0.4718,0.6664,-0.4968
Air_22,Air,Training,1625.77,1202.02,627.71,365.82,88.6,-0.2636,0.5333,-0.61
Air_22,Air,Training,1494.28,1152.07,652.22,338.88,103.92,-0.3162,0.5454,-0.5306
Air_22,Air,Training,1525.22,1110.43,685.04,281.34,83.49,-0.4177,0.5957,-0.5423
Air_22,Air,Training,1537.38,1176.35,734.63,321.62,91.3,-0.391,0.5706,-0.5578
Air_22,Air,Training,1536.32,1167.65,660.6,268.19,101.72,-0.4225,0.6264,-0.45
Air_22,Air,Training,1440.64,1296.47,781.3,314.25,104.87,-0.4263,0.6098,-0.4996
Air_22,Air,Training,1501.49,1366.16,798.12,293.86,96.02,-0.4618,0.646,-0.5074
Air_25,Air,Training,1545.73,1259.99,734.94,306.2,105.29,-0.4118,0.609,-0.4882
Air_25,Air,Training,1556.18,1098.53,766.48,313.5,83.08,-0.4194,0.556,-0.581
Air_25,Air,Training,1514.81,1292.3,714.51,278.04,74.51,-0.4398,0.6459,-0.5773
Air_25,Air,Training,1697.19,1078.28,716.85,282.4,120.85,-0.4348,0.5849,-0.4006
Air_25,Air,Training,1402.7,1312.59,693.75,293.4,93.73,-0.4056,0.6346,-0.5157
Air_25,Air,Training,1452.59,1174.19,735.92,248.35,85.02,-0.4954,0.6508,-0.4899
Air_25,Air,Training,1619.61,1193.67,671.38,261.76,76.6,-0.439,0.6403,-0.5472
Air_25,Air,Training,1578.58,1142.42,740.23,270.58,97.49,-0.4646,0.617,-0.4703
Air_25,Air,Training,1494.47,1147.24,703.85,236.52,98.23,-0.497,0.6581,-0.4131
Air_25,Air,Training,1535.61,1141.55,710.65,304.6,103.87,-0.3999,0.5787,-0.4914
Air_25,Air,Training,1392.41,1206.66,613.89,281.12,99.92,-0.3718,0.6221,-0.4755
Air_25,Air,Training,1516.67,1115.35,685.79,323.84,80.41,-0.3585,0.55,-0.6022
Air_25,Air,Training,1327.71,1237.07,652.89,280.83,102.61,-0.3985,0.63,-0.4648
Air_25,Air,Training,1506.18,1271.51,687.91,302.05,66.14,-0.3898,0.6161,-0.6407
Air_25,Air,Training,1550.26,1151.6,861.55,293.59,108.49,-0.4917,0.5937,-0.4604
Air_25,Air,Training,1551.02,1193.79,721.84,367.66,84.92,-0.3251,0.5291,-0.6247
Air_25,Air,Training,1320.54,1108.8,749.86,285.63,146.64,-0.4483,0.5903,-0.3215
Air_25,Air,Training,1558.17,1154.29,661.07,286.61,58.71,-0.3951,0.6022,-0.66
Air_25,Air,Training,1522.22,1248.55,651.63,253.45,81.79,-0.4399,0.6625,-0.5121
Air_25,Air,Training,1579.78,1256.23,710.77,349.26,66.22,-0.341,0.5649,-0.6812
Air_25,Air,Training,1483.33,1239.22,739.49,324.11,114.48,-0.3905,0.5854,-0.478
Air_25,Air,Training,1605.56,1253.28,642.28,286.35,66.09,-0.3833,0.628,-0.6249
Air_25,Air,Training,1579.71,1283.62,638.98,288.6,64.89,-0.3777,0.6329,-0.6329
Air_25,Air,Training,1490.32,1142.11,641.61,299.26,137.64,-0.3639,0.5848,-0.3699
Air_25,Air,Training,1563.61,1182.38,697.57,356.35,125.17,-0.3238,0.5368,-0.4801
Air_25,Air,Training,1475.15,1235.08,650.07,300.74,115.28,-0.3674,0.6084,-0.4458
Air_25,Air,Training,1581.63,1155.19,750.09,304.45,94.23,-0.4226,0.5828,-0.5273
Air_25,Air,Training,1652.74,1174.78,644.6,279.83,114.51,-0.3946,0.6153,-0.4192
Air_25,Air,Training,1421.06,1258.06,657.33,297.75,144.2,-0.3765,0.6172,-0.3474
Air_25,Air,Training,1429.4,1058.6,768.37,257.99,83.75,-0.4973,0.6081,-0.5099
Air_25,Air,Training,1558.3,1248.21,581.3,289.71,117.04,-0.3348,0.6232,-0.4245
Air_25,Air,Training,1662.28,1113.28,753.41,280.14,120.83,-0.4579,0.5979,-0.3973
Air_25,Air,Training,1416.77,1183.9,719.37,328.63,111.41,-0.3728,0.5655,-0.4936
Air_25,Air,Training,1465.66,1164.84,788.95,308.32,90.49,-0.438,0.5814,-0.5462
Air_25,Air,Training,1543.04,1243.6,632.33,314.59,69.87,-0.3356,0.5962,-0.6365
Air_25,Air,Training,1448.41,1130.96,693.54,286.89,96.0,-0.4148,0.5953,-0.4986
Air_25,Air,Training,1348.41,1194.67,644.94,368.51,92.01,-0.2728,0.5285,-0.6004
Air_25,Air,Training,1479.38,1248.65,766.12,264.67,111.46,-0.4865,0.6502,-0.4073
Air_25,Air,Training,1577.3,1212.93,708.23,284.64,93.56,-0.4266,0.6199,-0.5053
Air_25,Air,Training,1491.38,1170.19,744.4,273.84,117.11,-0.4621,0.6207,-0.4009
Air_25,Air,Training,1606.22,1225.89,610.53,318.37,87.13,-0.3145,0.5877,-0.5703
Air_25,Air,Training,1457.79,1225.34,755.27,250.16,101.15,-0.5024,0.6609,-0.4241
Air_25,Air,Training,1659.34,1123.07,689.98,281.52,114.07,-0.4204,0.5991,-0.4233
Air_25,Air,Training,1399.96,1090.07,741.6,307.16,76.28,-0.4142,0.5603,-0.6021
Air_25,Air,Training,1494.52,1110.27,746.11,308.35,85.71,-0.4152,0.5653,-0.565
Air_25,Air,Training,1453.59,1167.86,646.25,340.2,123.26,-0.3103,0.5488,-0.4681
Air_25,Air,Training,1467.9,1177.98,643.85,295.18,109.78,-0.3713,0.5993,-0.4578
Air_25,Air,Training,1594.5,1137.27,615.76,269.79,111.12,-0.3907,0.6165,-0.4165
Air_25,Air,Training,1496.52,1269.47,702.08,348.47,68.29,-0.3366,0.5692,-0.6723
Air_25,Air,Training,1300.77,1294.73,660.21,304.13,102.69,-0.3693,0.6196,-0.4952
Air_26,Air,Training,1526.15,1166.84,652.41,269.04,112.07,-0.416,0.6253,-0.4119
Air_26,Air,Training,1561.72,1182.49,670.16,317.06,70.37,-0.3577,0.5771,-0.6367
Air_26,Air,Training,1655.98,1231.67,692.03,324.9,112.61,-0.361,0.5825,-0.4852
Air_26,Air,Training,1518.8,1067.68,720.55,343.68,88.9,-0.3541,0.513,-0.589
Air_26,Air,Training,1576.69,1259.43,714.7,305.1,111.2,-0.4016,0.61,-0.4658
Air_26,Air,Training,1533.27,1332.36,748.34,321.21,121.14,-0.3993,0.6115,-0.4523
Air_26,Air,Training,1556.62,1054.34,694.16,281.41,106.56,-0.4231,0.5786,-0.4507
Air_26,Air,Training,1455.46,1241.38,678.94,350.93,133.0,-0.3185,0.5592,-0.4503
Air_26,Air,Training,1384.26,1222.6,676.91,307.56,111.73,-0.3752,0.598,-0.467
Air_26,Air,Training,1397.7,1131.85,657.54,283.46,89.55,-0.3975,0.5994,-0.5198
Air_26,Air,Training,1563.74,1215.57,656.44,290.41,52.61,-0.3866,0.6143,-0.6933
Air_26,Air,Training,1661.58,1201.26,749.63,323.8,99.28,-0.3967,0.5754,-0.5307
Air_26,Air,Training,1309.45,1160.94,717.68,301.82,120.81,-0.4079,0.5873,-0.4283
Air_26,Air,Training,1499.84,1328.94,647.02,315.53,79.42,-0.3444,0.6163,-0.5978
Air_26,Air,Training,1573.13,1147.28,612.17,255.41,90.56,-0.4112,0.6358,-0.4765
Air_26,Air,Training,1624.69,1251.9,722.34,298.05,77.47,-0.4158,0.6154,-0.5874
Air_26,Air,Training,1425.38,1161.38,667.88,280.3,80.97,-0.4088,0.6112,-0.5517
Air_26,Air,Training,1500.49,1147.41,756.58,333.65,112.02,-0.3879,0.5494,-0.4973
Air_26,Air,Training,1538.85,1091.35,814.54,291.55,115.87,-0.4728,0.5783,-0.4312
Air_26,Air,Training,1566.64,1127.12,668.61,311.94,69.08,-0.3637,0.5665,-0.6374
Air_26,Air,Training,1492.85,1032.34,700.51,341.26,99.95,-0.3448,0.5031,-0.5469
Air_26,Air,Training,1382.94,1161.3,730.76,305.0,109.04,-0.4111,0.584,-0.4733
Air_26,Air,Training,1486.22,1146.4,706.27,302.04,120.54,-0.4009,0.5829,-0.4295
Air_26,Air,Training,1462.41,1203.41,692.74,368.22,84.94,-0.3059,0.5314,-0.6251
Air_26,Air,Training,1469.23,1132.98,765.19,341.34,95.66,-0.383,0.537,-0.5622
Air_26,Air,Training,1594.85,1222.97,735.1,270.15,103.23,-0.4625,0.6381,-0.4471
Air_26,Air,Training,1649.79,1303.42,740.26,328.53,148.66,-0.3852,0.5974,-0.3769
Air_26,Air,Training,1562.86,1153.68,760.65,297.77,109.78,-0.4373,0.5897,-0.4613
Air_26,Air,Training,1509.48,1150.38,715.43,329.01,114.78,-0.37,0.5552,-0.4827
Air_26,Air,Training,1538.39,1185.95,617.05,298.58,111.09,-0.3478,0.5977,-0.4577
Air_26,Air,Training,1327.3,1195.31,695.26,272.56,115.21,-0.4368,0.6286,-0.4058
Air_26,Air,Training,1575.54,1326.99,698.59,338.75,83.61,-0.3469,0.5933,-0.6041
Air_26,Air,Training,1470.3,1247.56,667.2,295.13,116.79,-0.3866,0.6174,-0.433
Air_26,Air,Training,1499.52,1135.63,670.52,291.8,111.75,-0.3936,0.5912,-0.4462
Air_26,Air,Training,1474.01,1028.57,739.31,319.36,78.69,-0.3967,0.5261,-0.6046
Air_26,Air,Training,1409.34,1294.58,687.97,322.61,86.12,-0.3615,0.601,-0.5786
Air_26,Air,Training,1552.42,1135.4,721.11,310.71,58.71,-0.3978,0.5703,-0.6822
Air_26,Air,Training,1509.92,1149.7,754.65,307.06,95.05,-0.4216,0.5784,-0.5272
Air_26,Air,Training,1621.51,1066.77,796.36,356.26,92.21,-0.3818,0.4993,-0.5888
Air_26,Air,Training,1571.07,1233.98,575.74,296.65,74.7,-0.3199,0.6124,-0.5977
Air_26,Air,Training,1391.5,1179.95,687.41,336.47,84.95,-0.3427,0.5562,-0.5968
Air_26,Air,Training,1468.41,1295.71,690.81,284.61,117.14,-0.4164,0.6398,-0.4169
Air_26,Air,Training,1542.45,1207.0,746.2,262.57,88.36,-0.4794,0.6427,-0.4964
Air_26,Air,Training,1659.87,987.59,666.36,264.5,101.42,-0.4317,0.5775,-0.4457
Air_26,Air,Training,1548.4,1277.49,679.48,272.32,70.97,-0.4278,0.6486,-0.5865
Air_26,Air,Training,1503.83,1348.91,670.62,297.85,102.72,-0.3849,0.6383,-0.4871
Air_26,Air,Training,1466.17,1299.63,760.47,324.55,119.21,-0.4018,0.6004,-0.4627
Air_26,Air,Training,1445.18,1119.65,666.13,308.41,93.51,-0.3671,0.5681,-0.5347
Air_26,Air,Training,1545.53,1207.58,633.03,337.22,89.77,-0.3049,0.5634,-0.5795
Air_26,Air,Training,1562.9,1140.67,655.95,272.13,71.36,-0.4136,0.6148,-0.5845
Air_27,Air,Training,1387.37,1226.64,653.62,310.38,102.04,-0.3561,0.5961,-0.5052
Air_27,Air,Training,1570.4,1128.71,753.04,272.82,45.15,-0.4681,0.6107,-0.716
Air_27,Air,Training,1515.22,1138.74,774.99,309.03,98.3,-0.4298,0.5731,-0.5174
Air_27,Air,Training,1516.13,1165.18,784.21,283.56,109.27,-0.4689,0.6085,-0.4437
Air_27,Air,Training,1434.48,1200.12,638.15,306.86,101.3,-0.3506,0.5927,-0.5036
Air_27,Air,Training,1543.91,1232.77,701.46,361.18,99.63,-0.3202,0.5468,-0.5676
Air_27,Air,Training,1503.13,1194.03,710.13,291.42,92.63,-0.4181,0.6076,-0.5176
Air_27,Air,Training,1560.16,1196.61,752.7,243.18,130.46,-0.5116,0.6622,-0.3017
Air_27,Air,Training,1571.62,1196.4,696.12,319.22,79.47,-0.3712,0.5788,-0.6013
Air_27,Air,Training,1503.07,1210.86,597.8,310.44,72.96,-0.3164,0.5919,-0.6194
Air_27,Air,Training,1586.64,1293.66,775.53,290.33,93.27,-0.4552,0.6334,-0.5137
Air_27,Air,Training,1341.9,1247.61,624.57,256.53,93.93,-0.4177,0.6589,-0.464
Air_27,Air,Training,1411.54,1132.68,702.35,326.44,110.79,-0.3654,0.5525,-0.4932
Air_27,Air,Training,1515.16,1280.28,706.38,284.2,84.6,-0.4262,0.6367,-0.5412
Air_27,Air,Training,1544.19,1122.93,717.44,287.15,83.24,-0.4283,0.5927,-0.5505
Air_27,Air,Training,1431.58,1267.57,657.12,291.62,90.63,-0.3852,0.6259,-0.5258
Air_27,Air,Training,1584.73,1307.68,745.44,288.73,106.85,-0.4416,0.6383,-0.4598
Air_27,Air,Training,1427.22,1214.73,612.15,307.06,98.9,-0.3319,0.5965,-0.5128
Air_27,Air,Training,1535.26,1199.14,741.75,277.1,115.13,-0.4561,0.6246,-0.4129
Air_27,Air,Training,1537.79,1276.26,757.83,271.44,110.34,-0.4726,0.6492,-0.422
Air_27,Air,Training,1406.75,1281.18,657.34,288.6,104.35,-0.3898,0.6323,-0.4689
Air_27,Air,Training,1559.08,1225.99,738.28,300.37,104.88,-0.4216,0.6064,-0.4824
Air_27,Air,Training,1358.65,1271.83,685.44,287.09,138.74,-0.4096,0.6317,-0.3484
Air_27,Air,Training,1283.29,1206.67,588.01,310.19,86.02,-0.3093,0.591,-0.5658
Air_27,Air,Training,1265.26,1276.24,635.51,328.46,80.51,-0.3185,0.5906,-0.6063
Air_27,Air,Training,1462.86,1040.15,721.23,282.78,92.67,-0.4367,0.5725,-0.5064
Air_27,Air,Training,1492.4,1084.64,734.56,283.09,145.9,-0.4436,0.586,-0.3198
Air_27,Air,Training,1461.63,1172.73,632.17,251.59,117.55,-0.4306,0.6467,-0.3631
Air_27,Air,Training,1584.89,1160.42,706.07,337.26,105.79,-0.3535,0.5496,-0.5224
Air_27,Air,Training,1538.79,1206.11,667.37,311.56,137.29,-0.3635,0.5894,-0.3882
Air_27,Air,Training,1458.37,1260.72,709.07,282.31,117.91,-0.4305,0.6341,-0.4108
Air_27,Air,Training,1562.32,1240.63,787.43,355.07,101.08,-0.3784,0.555,-0.5568
Air_27,Air,Training,1491.51,1100.08,776.66,297.81,87.82,-0.4457,0.5739,-0.5445
Air_27,Air,Training,1425.33,1134.16,787.94,326.95,70.24,-0.4135,0.5525,-0.6463
Air_27,Air,Training,1384.2,1208.53,649.18,292.44,131.06,-0.3789,0.6103,-0.3811
Air_27,Air,Training,1585.55,1080.2,649.44,307.37,122.6,-0.3575,0.557,-0.4297
Air_27,Air,Training,1434.25,1225.8,677.25,352.56,112.45,-0.3153,0.5533,-0.5164
Air_27,Air,Training,1484.54,1095.37,646.93,224.24,105.44,-0.4852,0.6601,-0.3603
Air_27,Air,Training,1553.28,1250.15,669.3,338.4,131.67,-0.3284,0.5739,-0.4398
Air_27,Air,Training,1446.77,1282.71,706.99,284.2,124.62,-0.4266,0.6372,-0.3903
Air_27,Air,Training,1403.48,1096.05,680.19,293.14,67.13,-0.3976,0.578,-0.6273
Air_27,Air,Training,1539.25,1145.36,634.53,319.49,91.41,-0.3302,0.5638,-0.5551
Air_27,Air,Training,1584.61,1232.15,690.1,332.94,108.41,-0.3491,0.5745,-0.5087
Air_27,Air,Training,1498.42,1235.82,727.21,267.17,147.16,-0.4626,0.6445,-0.2896
Air_27,Air,Training,1505.41,1206.14,612.14,303.86,103.44,-0.3366,0.5975,-0.4921
Air_27,Air,Training,1408.02,1127.23,655.04,291.15,104.27,-0.3846,0.5895,-0.4726
Air_27,Air,Training,1482.16,1221.19,733.76,316.29,107.28,-0.3976,0.5886,-0.4934
Air_27,Air,Training,1522.85,1220.24,692.66,280.21,98.14,-0.424,0.6265,-0.4812
Air_27,Air,Training,1552.25,1245.32,725.39,285.74,95.67,-0.4348,0.6267,-0.4983
Air_27,Air,Training,1482.99,1157.51,744.7,244.78,140.44,-0.5052,0.6509,-0.2709
Air_28,Air,Training,1665.91,1203.5,720.26,325.47,84.84,-0.3775,0.5743,-0.5865
Air_28,Air,Training,1545.41,1292.33,609.86,256.78,115.0,-0.4074,0.6685,-0.3813
Air_28,Air,Training,1478.39,1172.94,683.64,266.19,91.8,-0.4395,0.6301,-0.4872
Air_28,Air,Training,1394.37,1291.61,706.66,303.2,113.33,-0.3995,0.6198,-0.4558
Air_28,Air,Training,1723.22,1126.33,607.89,299.08,63.47,-0.3405,0.5804,-0.6499
Air_28,Air,Training,1472.91,1261.21,776.4,253.03,81.13,-0.5084,0.6658,-0.5144
Air_28,Air,Training,1529.08,1252.78,740.54,344.25,114.57,-0.3653,0.5689,-0.5006
Air_28,Air,Training,1490.41,1274.34,703.49,308.24,90.12,-0.3907,0.6105,-0.5476
Air_28,Air,Training,1512.54,1085.93,751.74,269.73,82.24,-0.4719,0.6021,-0.5327
Air_28,Air,Training,1313.88,1142.42,652.08,306.52,74.11,-0.3605,0.5769,-0.6106
Air_28,Air,Training,1464.48,1152.39,611.99,307.14,95.62,-0.3317,0.5791,-0.5252
Air_28,Air,Training,1503.19,1258.11,700.38,290.01,118.45,-0.4143,0.6253,-0.42
Air_28,Air,Training,1473.94,1164.68,733.48,276.6,123.34,-0.4523,0.6162,-0.3832
Air_28,Air,Training,1512.83,1309.83,697.0,328.45,67.22,-0.3594,0.599,-0.6602
Air_28,Air,Training,1602.57,1248.25,667.73,325.95,74.66,-0.344,0.5859,-0.6273
Air_28,Air,Training,1460.21,1140.42,746.0,337.45,91.02,-0.3771,0.5433,-0.5751
Air_28,Air,Training,1398.29,1131.62,704.6,300.88,93.2,-0.4015,0.5799,-0.527
Air_28,Air,Training,1433.62,1313.99,669.0,275.01,122.95,-0.4174,0.6539,-0.3821
Air_28,Air,Training,1477.4,1235.83,656.24,315.18,114.7,-0.3511,0.5936,-0.4664
Air_28,Air,Training,1410.7,1162.61,654.76,284.16,132.02,-0.3947,0.6072,-0.3656
Air_28,Air,Training,1520.55,1336.36,774.14,333.93,129.09,-0.3973,0.6002,-0.4424
Air_28,Air,Training,1592.79,1319.32,727.23,320.59,113.16,-0.3881,0.609,-0.4782
Air_28,Air,Training,1464.84,1259.23,762.89,281.99,82.86,-0.4602,0.6341,-0.5458
Air_28,Air,Training,1455.92,1294.97,688.14,266.88,79.23,-0.4411,0.6583,-0.5422
Air_28,Air,Training,1427.69,1150.1,630.05,318.17,96.21,-0.3289,0.5666,-0.5356
Air_28,Air,Training,1542.76,1039.18,753.62,297.54,110.0,-0.4339,0.5548,-0.4602
Air_28,Air,Training,1621.71,1225.75,805.58,243.61,93.65,-0.5356,0.6684,-0.4446
Air_28,Air,Training,1355.72,1222.01,703.83,267.23,143.47,-0.4496,0.6411,-0.3013
Air_28,Air,Training,1471.25,1045.57,734.01,320.87,90.41,-0.3916,0.5304,-0.5603
Air_28,Air,Training,1563.07,1133.48,679.14,311.81,118.49,-0.3707,0.5685,-0.4493
Air_28,Air,Training,1482.06,1166.23,697.94,238.61,94.41,-0.4905,0.6603,-0.433
Air_28,Air,Training,1341.55,1141.09,628.88,315.85,85.38,-0.3313,0.5664,-0.5744
Air_28,Air,Training,1599.03,1070.69,687.82,302.54,109.8,-0.389,0.5594,-0.4674
Air_28,Air,Training,1672.29,1062.33,662.12,359.91,81.58,-0.2957,0.4939,-0.6304
Air_28,Air,Training,1535.34,1134.22,630.3,275.53,139.55,-0.3916,0.6091,-0.3276
Air_28,Air,Training,1406.68,1179.12,687.27,327.49,122.58,-0.3545,0.5653,-0.4553
Air_28,Air,Training,1508.62,976.72,655.54,264.06,123.17,-0.4257,0.5744,-0.3638
Air_28,Air,Training,1426.32,1317.84,720.41,334.04,145.12,-0.3664,0.5956,-0.3943
Air_28,Air,Training,1424.49,1086.6,709.35,328.62,86.7,-0.3668,0.5356,-0.5825
Air_28,Air,Training,1502.91,1285.19,755.9,282.55,105.43,-0.4558,0.6395,-0.4565
Air_28,Air,Training,1425.14,1098.5,767.91,236.0,103.82,-0.5298,0.6463,-0.389
Air_28,Air,Training,1470.38,1238.41,665.75,334.25,95.56,-0.3315,0.5749,-0.5554
Air_28,Air,Training,1616.12,1215.32,647.51,316.28,108.35,-0.3437,0.587,-0.4897
Air_28,Air,Training,1491.44,1147.61,743.03,271.04,82.8,-0.4654,0.6179,-0.532
Air_28,Air,Training,1542.2,1185.24,601.76,271.14,108.12,-0.3788,0.6276,-0.4299
Air_28,Air,Training,1478.42,1192.92,713.1,313.69,102.32,-0.389,0.5836,-0.5081
Air_28,Air,Training,1233.76,1196.13,674.18,300.92,121.35,-0.3828,0.598,-0.4252
Air_28,Air,Training,1414.2,1204.92,723.85,290.71,73.82,-0.4269,0.6112,-0.595
Air_28,Air,Training,1403.69,1197.58,668.98,242.17,84.04,-0.4684,0.6636,-0.4848
Air_28,Air,Training,1395.95,1252.39,625.79,342.61,143.19,-0.2924,0.5704,-0.4105
Air_30,Air,Training,1443.44,1153.92,685.57,335.89,50.66,-0.3423,0.5491,-0.7379
Air_30,Air,Training,1660.78,1199.93,758.84,263.11,114.47,-0.4851,0.6403,-0.3937
Air_30,Air,Training,1530.94,1239.48,665.41,288.52,75.3,-0.3951,0.6224,-0.5861
Air_30,Air,Training,1561.13,1293.98,714.12,219.62,127.13,-0.5296,0.7098,-0.2667
Air_30,Air,Training,1509.53,1014.19,614.84,268.39,99.99,-0.3923,0.5815,-0.4571
Air_30,Air,Training,1418.28,1137.7,745.7,335.62,118.99,-0.3792,0.5444,-0.4765
Air_30,Air,Training,1369.12,1266.01,676.05,358.88,105.21,-0.3065,0.5583,-0.5466
Air_30,Air,Training,1597.31,1238.93,721.64,288.96,124.15,-0.4281,0.6218,-0.3989
Air_30,Air,Training,1574.48,1176.83,677.98,278.63,116.35,-0.4175,0.6171,-0.4108
Air_30,Air,Training,1518.91,1220.14,681.97,343.73,70.22,-0.3298,0.5604,-0.6607
Air_30,Air,Training,1562.57,1268.73,684.13,256.5,107.65,-0.4546,0.6637,-0.4088
Air_30,Air,Training,1595.72,1324.04,732.86,281.59,113.87,-0.4448,0.6492,-0.4241
Air_30,Air,Training,1540.04,1222.53,655.77,317.95,109.4,-0.3469,0.5872,-0.488
Air_30,Air,Training,1694.21,1206.13,784.77,341.74,101.0,-0.3933,0.5584,-0.5438
Air_30,Air,Training,1598.98,1145.16,690.39,283.93,96.85,-0.4172,0.6026,-0.4913
Air_30,Air,Training,1339.66,1325.96,684.77,323.61,104.91,-0.3582,0.6076,-0.5104
Air_30,Air,Training,1478.27,1110.6,654.3,292.93,90.51,-0.3815,0.5826,-0.5279
Air_30,Air,Training,1422.1,1151.9,723.06,326.31,76.67,-0.3781,0.5585,-0.6195
Air_30,Air,Training,1429.59,1215.05,691.83,289.01,118.45,-0.4107,0.6157,-0.4186
Air_30,Air,Training,1514.79,1086.38,660.03,250.17,96.42,-0.4503,0.6257,-0.4436
Air_30,Air,Training,1393.75,1076.72,597.24,359.53,72.69,-0.2484,0.4993,-0.6636
Air_30,Air,Training,1474.75,1204.16,705.95,318.63,98.98,-0.378,0.5815,-0.526
Air_30,Air,Training,1463.71,1215.38,710.47,301.52,112.82,-0.4041,0.6025,-0.4554
Air_30,Air,Training,1449.94,1185.94,633.71,292.65,87.24,-0.3682,0.6041,-0.5407
Air_30,Air,Training,1584.43,1097.63,676.24,284.27,113.42,-0.4081,0.5886,-0.4296
Air_30,Air,Training,1397.89,1200.26,703.93,327.71,82.9,-0.3647,0.5711,-0.5962
Air_30,Air,Training,1395.41,1233.25,630.26,284.32,95.23,-0.3783,0.6253,-0.4982
Air_30,Air,Training,1549.26,1092.08,685.19,300.78,82.78,-0.3899,0.5681,-0.5684
Air_30,Air,Training,1471.39,1262.23,674.65,289.08,117.71,-0.4001,0.6273,-0.4213
Air_30,Air,Training,1482.55,1293.68,618.08,291.8,115.53,-0.3586,0.6319,-0.4328
Air_30,Air,Training,1442.45,1183.59,763.17,276.76,109.65,-0.4677,0.621,-0.4325
Air_30,Air,Training,1559.73,1205.36,702.0,269.25,114.62,-0.4456,0.6348,-0.4028
Air_30,Air,Training,1399.65,1227.39,674.08,288.16,95.97,-0.4011,0.6197,-0.5003
Air_30,Air,Training,1539.96,1309.34,705.57,278.4,71.21,-0.4341,0.6493,-0.5926
Air_30,Air,Training,1592.8,1212.28,688.42,301.76,115.33,-0.3905,0.6014,-0.447
Air_30,Air,Training,1467.19,1153.38,634.5,267.62,93.1,-0.4067,0.6233,-0.4838
Air_30,Air,Training,1585.97,1164.41,713.03,333.74,107.64,-0.3623,0.5545,-0.5123
Air_30,Air,Training,1657.9,1204.74,692.15,288.55,139.85,-0.4115,0.6135,-0.3471
Air_30,Air,Training,1597.56,1097.84,805.5,314.94,102.58,-0.4378,0.5542,-0.5086
Air_30,Air,Training,1541.46,1132.88,709.84,290.74,92.79,-0.4189,0.5916,-0.5161
Air_30,Air,Training,1576.71,1181.49,704.98,309.83,118.87,-0.3894,0.5845,-0.4454
Air_30,Air,Training,1601.44,1201.04,681.09,357.11,48.39,-0.3121,0.5416,-0.7613
Air_30,Air,Training,1569.39,1189.92,728.53,301.23,125.63,-0.415,0.596,-0.4114
Air_30,Air,Training,1533.53,1100.53,626.7,293.55,112.15,-0.362,0.5789,-0.4471
Air_30,Air,Training,1604.58,1153.14,589.43,312.93,100.85,-0.3064,0.5731,-0.5126
Air_30,Air,Training,1511.46,1122.92,759.64,275.51,106.16,-0.4677,0.606,-0.4437
Air_30,Air,Training,1522.06,1238.49,662.77,272.3,117.06,-0.4176,0.6395,-0.3987
Air_30,Air,Training,1544.21,1223.45,756.29,310.25,92.6,-0.4182,0.5954,-0.5403
Air_30,Air,Training,1541.44,1231.53,723.78,273.51,80.42,-0.4515,0.6365,-0.5456
Air_30,Air,Training,1570.41,1189.61,602.84,258.86,73.63,-0.3992,0.6426,-0.5571
Air_31,Air,Training,1585.39,1196.61,701.77,289.4,78.82,-0.416,0.6105,-0.5719
Air_31,Air,Training,1560.78,1245.66,664.77,342.06,114.9,-0.3205,0.5691,-0.4971
Air_31,Air,Training,1431.69,1179.89,681.6,309.37,71.43,-0.3756,0.5845,-0.6249
Air_31,Air,Training,1443.6,1255.61,620.66,294.07,75.47,-0.357,0.6205,-0.5915
Air_31,Air,Training,1573.06,1224.03,626.61,268.73,100.28,-0.3997,0.64,-0.4565
Air_31,Air,Training,1315.44,1122.99,658.8,338.55,88.47,-0.3211,0.5367,-0.5856
Air_31,Air,Training,1552.75,1166.89,737.23,253.43,85.53,-0.4884,0.6431,-0.4953
Air_31,Air,Training,1491.25,1212.45,716.19,305.78,110.12,-0.4016,0.5972,-0.4705
Air_31,Air,Training,1499.07,1212.18,649.34,251.46,77.64,-0.4417,0.6564,-0.5282
Air_31,Air,Training,1365.04,1215.71,746.95,271.56,120.17,-0.4667,0.6348,-0.3865
Air_31,Air,Training,1536.14,1161.24,682.53,333.46,53.53,-0.3436,0.5538,-0.7234
Air_31,Air,Training,1588.91,1262.72,670.54,297.21,132.54,-0.3858,0.6189,-0.3832
Air_31,Air,Training,1395.21,1187.26,732.36,306.29,101.04,-0.4102,0.5898,-0.5039
Air_31,Air,Training,1645.34,1122.43,646.83,224.61,78.43,-0.4845,0.6665,-0.4824
Air_31,Air,Training,1446.79,1222.39,747.99,271.08,97.15,-0.468,0.637,-0.4724
Air_31,Air,Training,1611.67,1186.88,725.94,333.63,81.4,-0.3703,0.5612,-0.6077
Air_31,Air,Training,1409.33,1313.47,728.96,260.19,78.87,-0.4739,0.6693,-0.5348
Air_31,Air,Training,1483.97,1297.56,749.09,332.01,91.27,-0.3858,0.5925,-0.5687
Air_31,Air,Training,1499.39,1144.12,679.22,266.32,82.56,-0.4367,0.6224,-0.5267
Air_31,Air,Training,1441.91,1189.84,721.03,349.99,92.69,-0.3464,0.5454,-0.5812
Air_31,Air,Training,1547.03,1187.45,748.14,262.34,89.29,-0.4808,0.6381,-0.4921
Air_31,Air,Training,1553.03,1240.71,730.0,342.28,65.33,-0.3616,0.5676,-0.6795
Air_31,Air,Training,1399.64,1239.29,740.67,319.65,154.17,-0.3971,0.5899,-0.3492
Air_31,Air,Training,1426.73,1225.84,696.46,318.64,107.52,-0.3722,0.5874,-0.4954
Air_31,Air,Training,1458.59,1227.15,704.17,303.85,122.68,-0.3971,0.6031,-0.4248
Air_31,Air,Training,1698.45,1066.03,764.44,319.27,85.17,-0.4108,0.5391,-0.5788
Air_31,Air,Training,1470.99,1261.74,702.53,298.53,86.27,-0.4036,0.6173,-0.5516
Air_31,Air,Training,1439.27,1132.4,674.5,296.14,107.09,-0.3898,0.5854,-0.4688
Air_31,Air,Training,1434.16,1252.89,654.6,323.07,82.68,-0.3391,0.59,-0.5925
Air_31,Air,Training,1661.37,1245.38,742.05,294.84,112.14,-0.4313,0.6171,-0.4489
Air_31,Air,Training,1399.83,1131.68,684.63,345.54,120.13,-0.3292,0.5322,-0.484
Air_31,Air,Training,1321.08,1130.98,695.66,337.69,104.88,-0.3464,0.5401,-0.526
Air_31,Air,Training,1297.01,1117.91,736.0,306.12,102.7,-0.4125,0.5701,-0.4976
Air_31,Air,Training,1588.96,1175.77,734.94,349.26,104.49,-0.3557,0.542,-0.5394
Air_31,Air,Training,1428.45,1170.14,654.84,232.77,84.19,-0.4755,0.6682,-0.4688
Air_31,Air,Training,1550.84,1200.66,767.94,304.32,117.67,-0.4324,0.5956,-0.4423
Air_31,Air,Training,1359.23,1169.3,686.55,275.24,130.51,-0.4277,0.6189,-0.3567
Air_31,Air,Training,1345.61,1192.03,756.63,322.9,92.4,-0.4018,0.5737,-0.555
Air_31,Air,Training,1428.0,1276.37,673.94,275.08,120.0,-0.4203,0.6454,-0.3925
Air_31,Air,Training,1524.59,1175.36,716.26,313.35,98.93,-0.3913,0.579,-0.5201
Air_31,Air,Training,1512.3,1048.61,694.72,280.81,84.01,-0.4243,0.5775,-0.5394
Air_31,Air,Training,1445.23,1165.24,685.14,304.98,85.33,-0.384,0.5851,-0.5628
Air_31,Air,Training,1541.45,1251.51,736.28,328.05,88.63,-0.3836,0.5846,-0.5746
Air_31,Air,Training,1478.34,1217.26,678.75,265.25,89.95,-0.438,0.6422,-0.4935
Air_31,Air,Training,1630.78,1147.98,660.31,283.59,111.14,-0.3991,0.6038,-0.4369
Air_31,Air,Training,1527.84,1249.44,826.63,324.63,117.99,-0.436,0.5875,-0.4669
Air_31,Air,Training,1728.77,1234.27,680.41,290.91,121.14,-0.401,0.6185,-0.412
Air_31,Air,Training,1399.86,1063.74,658.95,324.6,111.85,-0.3399,0.5324,-0.4874
Air_31,Air,Training,1487.2,1274.84,730.41,310.32,99.65,-0.4037,0.6085,-0.5138
Air_31,Air,Training,1571.71,1252.87,686.35,324.4,86.93,-0.3581,0.5887,-0.5773
Air_32,Air,Training,1518.79,1228.03,683.25,304.02,112.16,-0.3841,0.6031,-0.461
Air_32,Air,Training,1413.41,1212.88,810.74,275.21,120.6,-0.4931,0.6301,-0.3906
Air_32,Air,Training,1492.35,1282.81,663.83,300.18,144.22,-0.3772,0.6207,-0.351
Air_32,Air,Training,1486.14,1244.34,729.73,239.14,108.92,-0.5063,0.6776,-0.3741
Air_32,Air,Training,1401.0,1244.3,705.89,266.55,76.19,-0.4518,0.6472,-0.5554
Air_32,Air,Training,1494.18,1373.67,781.17,310.79,110.31,-0.4308,0.631,-0.4761
Air_32,Air,Training,1548.13,1162.59,665.37,325.53,87.97,-0.343,0.5625,-0.5745
Air_32,Air,Training,1615.24,1105.27,654.92,342.47,94.26,-0.3133,0.5269,-0.5683
Air_32,Air,Training,1490.19,1245.18,757.94,318.29,105.75,-0.4085,0.5928,-0.5012
Air_32,Air,Training,1564.05,1228.64,754.26,385.71,110.11,-0.3233,0.5222,-0.5559
Air_32,Air,Training,1431.21,1272.71,692.69,310.11,107.33,-0.3815,0.6082,-0.4858
Air_32,Air,Training,1453.47,1174.04,584.58,296.96,111.22,-0.3263,0.5963,-0.4551
Air_32,Air,Training,1501.17,1167.8,718.86,271.72,78.84,-0.4514,0.6225,-0.5502
Air_32,Air,Training,1542.07,1240.66,725.55,290.98,121.87,-0.4275,0.62,-0.4096
Air_32,Air,Training,1410.1,1179.21,737.39,325.79,84.55,-0.3871,0.5671,-0.5879
Air_32,Air,Training,1671.41,1190.86,704.39,329.34,131.04,-0.3628,0.5667,-0.4307
Air_32,Air,Training,1504.92,1282.13,677.19,350.05,100.77,-0.3185,0.5711,-0.5529
Air_32,Air,Training,1525.15,1175.73,710.8,278.09,98.75,-0.4376,0.6174,-0.4759
Air_32,Air,Training,1501.37,1126.09,671.44,237.01,75.19,-0.4782,0.6522,-0.5183
Air_32,Air,Training,1498.88,1267.16,682.15,299.08,123.23,-0.3904,0.6181,-0.4164
Air_32,Air,Training,1566.66,1257.31,705.96,285.3,107.92,-0.4244,0.6301,-0.4511
Air_32,Air,Training,1602.6,1326.52,820.3,345.89,100.87,-0.4068,0.5864,-0.5484
Air_32,Air,Training,1403.81,1242.14,754.83,223.4,70.42,-0.5433,0.6951,-0.5207
Air_32,Air,Training,1463.45,1146.18,619.55,311.4,124.82,-0.331,0.5727,-0.4277
Air_32,Air,Training,1484.93,1083.79,710.31,266.7,79.83,-0.454,0.605,-0.5393
Air_32,Air,Training,1576.78,1284.02,685.54,321.93,78.51,-0.3609,0.5991,-0.6079
Air_32,Air,Training,1542.33,1173.13,633.72,272.79,108.2,-0.3982,0.6227,-0.432
Air_32,Air,Training,1381.55,1180.28,753.42,285.22,69.17,-0.4508,0.6108,-0.6096
Air_32,Air,Training,1477.84,1247.44,635.12,335.61,115.27,-0.3085,0.576,-0.4887
Air_32,Air,Training,1528.01,1240.41,706.36,310.03,101.43,-0.3899,0.6001,-0.507
Air_32,Air,Training,1570.63,1290.5,658.96,278.95,92.17,-0.4052,0.6445,-0.5033
Air_32,Air,Training,1451.3,1279.37,625.02,316.28,127.73,-0.328,0.6036,-0.4246
Air_32,Air,Training,1453.7,1303.04,757.87,289.52,116.38,-0.4472,0.6364,-0.4266
Air_32,Air,Training,1433.87,1122.88,676.81,340.51,90.83,-0.3306,0.5346,-0.5788
Air_32,Air,Training,1503.33,1129.69,743.33,324.94,85.91,-0.3916,0.5532,-0.5818
Air_32,Air,Training,1314.64,1174.68,722.13,299.6,101.61,-0.4135,0.5936,-0.4935
Air_32,Air,Training,1527.96,1164.23,637.23,322.17,82.3,-0.3284,0.5665,-0.593
Air_32,Air,Training,1403.87,1235.0,644.71,275.45,131.61,-0.4013,0.6353,-0.3534
Air_32,Air,Training,1627.09,1283.39,737.97,334.69,139.25,-0.376,0.5863,-0.4124
Air_32,Air,Training,1587.53,1217.59,743.65,286.05,102.93,-0.4444,0.6195,-0.4708
Air_32,Air,Training,1515.26,1190.33,684.26,338.64,80.94,-0.3379,0.557,-0.6142
Air_32,Air,Training,1511.82,1109.75,599.61,335.86,125.72,-0.282,0.5353,-0.4553
Air_32,Air,Training,1461.17,1203.54,685.54,291.35,90.24,-0.4035,0.6102,-0.527
Air_32,Air,Training,1536.81,1173.32,720.75,350.03,107.79,-0.3462,0.5404,-0.5291
Air_32,Air,Training,1509.98,1160.0,699.28,249.89,130.79,-0.4735,0.6455,-0.3128
Air_32,Air,Training,1423.36,1065.7,694.77,310.63,126.49,-0.3821,0.5486,-0.4213
Air_32,Air,Training,1519.58,1264.78,746.49,324.96,77.33,-0.3934,0.5912,-0.6156
Air_32,Air,Training,1540.88,1103.05,799.72,320.93,87.5,-0.4272,0.5492,-0.5715
Air_32,Air,Training,1530.07,1129.26,622.27,326.3,80.38,-0.312,0.5516,-0.6047
Air_32,Air,Training,1485.52,1214.39,690.88,269.16,101.21,-0.4393,0.6371,-0.4534
Air_33,Air,Training,1511.84,1260.99,822.24,240.71,84.03,-0.5471,0.6794,-0.4825
Air_33,Air,Training,1517.84,1270.75,717.32,333.69,70.4,-0.365,0.584,-0.6515
Air_33,Air,Training,1474.59,1302.31,656.99,213.03,83.66,-0.5103,0.7188,-0.436
Air_33,Air,Training,1534.99,1195.04,635.76,278.35,73.39,-0.391,0.6222,-0.5827
Air_33,Air,Training,1402.96,1138.47,705.27,228.36,127.31,-0.5108,0.6659,-0.2841
Air_33,Air,Training,1491.72,1122.53,651.32,280.96,100.12,-0.3973,0.5996,-0.4745
Air_33,Air,Training,1512.11,1186.43,662.23,299.67,58.52,-0.3769,0.5967,-0.6732
Air_33,Air,Training,1402.77,1152.67,632.89,293.44,73.24,-0.3664,0.5942,-0.6005
Air_33,Air,Training,1637.04,1097.97,775.56,239.84,140.1,-0.5276,0.6414,-0.2625
Air_33,Air,Training,1546.72,1255.41,631.73,290.32,94.85,-0.3703,0.6244,-0.5075
Air_33,Air,Training,1491.94,1289.08,734.57,295.03,119.98,-0.4269,0.6275,-0.4218
Air_33,Air,Training,1594.65,1160.24,670.14,364.85,95.2,-0.295,0.5215,-0.5861
Air_33,Air,Training,1448.56,1189.18,753.72,321.55,97.49,-0.4019,0.5743,-0.5347
Air_33,Air,Training,1548.93,1217.52,692.89,291.0,102.96,-0.4085,0.6142,-0.4773
Air_33,Air,Training,1466.71,1204.94,697.52,256.48,89.41,-0.4623,0.649,-0.483
Air_33,Air,Training,1479.33,1330.18,692.0,308.2,143.03,-0.3837,0.6238,-0.3661
Air_33,Air,Training,1373.66,1092.59,661.08,290.01,95.36,-0.3902,0.5805,-0.5051
Air_33,Air,Training,1459.13,1113.64,748.7,286.38,123.69,-0.4467,0.5909,-0.3967
Air_33,Air,Training,1418.64,1337.18,616.71,299.57,80.03,-0.3461,0.6339,-0.5783
Air_33,Air,Training,1502.85,1131.43,592.73,276.58,131.92,-0.3637,0.6071,-0.3541
Air_33,Air,Training,1420.0,1235.59,700.28,286.36,140.87,-0.4195,0.6237,-0.3406
Air_33,Air,Training,1474.84,1211.86,704.28,347.25,70.03,-0.3395,0.5546,-0.6644
Air_33,Air,Training,1679.53,1306.36,719.88,318.54,95.44,-0.3865,0.6079,-0.5389
Air_33,Air,Training,1512.01,1229.4,654.57,345.58,104.48,-0.3089,0.5612,-0.5357
Air_33,Air,Training,1511.33,1139.33,758.49,298.62,89.5,-0.435,0.5847,-0.5388
Air_33,Air,Training,1413.12,1188.69,641.51,310.37,115.49,-0.3479,0.5859,-0.4576
Air_33,Air,Training,1468.56,1216.53,761.01,294.81,97.89,-0.4415,0.6099,-0.5015
Air_33,Air,Training,1500.44,1169.16,682.42,276.94,108.59,-0.4227,0.617,-0.4367
Air_33,Air,Training,1494.28,1241.92,751.09,268.48,83.27,-0.4733,0.6445,-0.5266
Air_33,Air,Training,1555.35,1182.19,704.04,302.51,81.04,-0.3989,0.5925,-0.5774
Air_33,Air,Training,1540.48,1217.42,649.58,295.04,97.82,-0.3753,0.6099,-0.502
Air_33,Air,Training,1559.8,1282.12,699.58,249.58,114.52,-0.4741,0.6741,-0.3709
Air_33,Air,Training,1675.85,1250.25,686.36,312.03,116.01,-0.3749,0.6005,-0.458
Air_33,Air,Training,1509.04,1292.05,643.38,287.88,109.18,-0.3817,0.6356,-0.45
Air_33,Air,Training,1555.87,1161.7,677.37,280.0,85.11,-0.4151,0.6116,-0.5338
Air_33,Air,Training,1541.52,1197.37,764.86,267.19,96.86,-0.4822,0.6351,-0.4679
Air_33,Air,Training,1558.87,1224.1,645.09,334.56,101.92,-0.317,0.5707,-0.533
Air_33,Air,Training,1653.36,1190.75,757.9,289.25,95.28,-0.4475,0.6091,-0.5044
Air_33,Air,Training,1539.52,1080.84,599.05,279.69,74.01,-0.3634,0.5889,-0.5815
Air_33,Air,Training,1319.55,1251.98,660.44,289.69,102.78,-0.3902,0.6242,-0.4762
Air_33,Air,Training,1540.36,1219.8,710.1,314.08,90.01,-0.3867,0.5905,-0.5545
Air_33,Air,Training,1442.98,1037.81,731.92,279.43,139.67,-0.4474,0.5757,-0.3335
Air_33,Air,Training,1559.03,1266.51,735.29,315.92,109.52,-0.3989,0.6007,-0.4851
Air_33,Air,Training,1545.53,1212.25,669.18,264.64,108.46,-0.4332,0.6416,-0.4186
Air_33,Air,Training,1603.32,1191.22,707.57,260.47,90.92,-0.4619,0.6411,-0.4825
Air_33,Air,Training,1401.69,1118.84,704.94,298.27,115.75,-0.4054,0.579,-0.4408
Air_33,Air,Training,1561.3,1138.82,603.22,271.55,85.79,-0.3792,0.6149,-0.5198
Air_33,Air,Training,1544.16,1242.87,697.67,322.2,151.25,-0.3681,0.5883,-0.3611
Air_33,Air,Training,1490.52,1183.68,657.97,309.56,122.75,-0.3601,0.5854,-0.4321
Air_33,Air,Training,1460.11,1172.62,673.92,265.48,102.68,-0.4348,0.6308,-0.4422
Air_34,Air,Training,1513.6,1197.11,791.95,312.0,77.67,-0.4348,0.5865,-0.6014
Air_34,Air,Training,1550.59,1176.24,683.56,294.8,94.29,-0.3974,0.5992,-0.5153
Air_34,Air,Training,1521.59,1348.08,681.58,302.67,104.69,-0.385,0.6333,-0.486
Air_34,Air,Training,1458.99,1171.9,749.68,284.69,82.24,-0.4495,0.6091,-0.5517
Air_34,Air,Training,1642.63,1115.63,744.17,293.96,75.7,-0.4337,0.5829,-0.5905
Air_34,Air,Training,1469.86,1184.21,618.49,312.84,106.54,-0.3282,0.5821,-0.4919
Air_34,Air,Training,1472.13,1233.14,710.2,338.81,78.44,-0.354,0.5689,-0.624
Air_34,Air,Training,1476.59,1270.08,727.07,230.95,66.62,-0.5179,0.6923,-0.5523
Air_34,Air,Training,1500.06,1314.79,678.41,319.47,101.65,-0.3597,0.609,-0.5172
Air_34,Air,Training,1546.31,1274.95,747.21,327.27,87.7,-0.3908,0.5915,-0.5773
Air_34,Air,Training,1487.9,1236.3,724.12,317.84,64.63,-0.3899,0.591,-0.6621
Air_34,Air,Training,1595.77,1080.77,662.46,305.86,99.41,-0.3683,0.5588,-0.5094
Air_34,Air,Training,1613.5,1118.05,681.8,240.92,102.63,-0.4778,0.6454,-0.4025
Air_34,Air,Training,1483.35,1113.2,765.46,332.4,101.44,-0.3945,0.5401,-0.5324
Air_34,Air,Training,1591.08,1193.53,735.69,325.89,78.63,-0.386,0.571,-0.6113
Air_34,Air,Training,1534.6,1211.79,648.8,261.68,109.96,-0.4252,0.6448,-0.4082
Air_34,Air,Training,1477.45,1097.46,728.97,328.05,76.58,-0.3793,0.5397,-0.6215
Air_34,Air,Training,1499.88,1306.29,654.43,351.22,93.52,-0.3015,0.5762,-0.5794
Air_34,Air,Training,1494.39,1102.37,632.09,280.32,117.71,-0.3855,0.5945,-0.4085
Air_34,Air,Training,1687.25,1382.41,693.84,289.31,80.32,-0.4115,0.6539,-0.5654
Air_34,Air,Training,1589.18,1149.18,688.14,314.91,109.03,-0.3721,0.5698,-0.4856
Air_34,Air,Training,1451.16,1193.34,670.81,275.03,79.5,-0.4184,0.6254,-0.5515
Air_34,Air,Training,1382.27,1225.33,687.97,265.93,75.44,-0.4424,0.6433,-0.558
Air_34,Air,Training,1400.52,1157.15,756.28,279.56,111.15,-0.4602,0.6108,-0.431
Air_34,Air,Training,1624.84,1211.79,661.76,297.32,99.13,-0.38,0.606,-0.4999
Air_34,Air,Training,1638.21,1078.73,755.78,247.71,116.23,-0.5063,0.6265,-0.3613
Air_34,Air,Training,1467.25,1327.81,733.68,317.2,81.16,-0.3963,0.6143,-0.5925
Air_34,Air,Training,1644.42,1397.05,800.57,269.91,96.2,-0.4957,0.6762,-0.4745
Air_34,Air,Training,1404.92,1157.33,714.18,321.89,110.66,-0.3786,0.5648,-0.4883
Air_34,Air,Training,1362.34,1197.46,725.88,328.46,108.56,-0.3769,0.5695,-0.5032
Air_34,Air,Training,1539.09,1183.33,713.59,377.54,124.14,-0.308,0.5162,-0.5051
Air_34,Air,Training,1529.18,1251.01,703.79,302.13,119.01,-0.3993,0.6109,-0.4348
Air_34,Air,Training,1452.08,1190.94,631.49,323.29,121.39,-0.3228,0.573,-0.454
Air_34,Air,Training,1548.25,1183.6,697.79,304.41,121.9,-0.3925,0.5909,-0.4281
Air_34,Air,Training,1582.92,1099.57,656.09,313.03,73.23,-0.354,0.5568,-0.6208
Air_34,Air,Training,1573.49,1180.72,735.36,301.03,98.03,-0.4191,0.5937,-0.5087
Air_34,Air,Training,1413.04,1161.68,694.24,295.55,114.48,-0.4028,0.5944,-0.4416
Air_34,Air,Training,1448.58,1197.93,775.22,324.65,102.1,-0.4097,0.5736,-0.5215
Air_34,Air,Training,1383.36,1103.84,731.87,322.19,61.1,-0.3887,0.5481,-0.6812
Air_34,Air,Training,1555.98,1160.65,679.73,326.67,114.65,-0.3508,0.5607,-0.4804
Air_34,Air,Training,1492.1,1248.18,681.82,276.31,125.2,-0.4232,0.6375,-0.3764
Air_34,Air,Training,1606.06,1154.95,673.31,326.74,86.13,-0.3466,0.559,-0.5828
Air_34,Air,Training,1564.07,1128.29,685.67,329.36,80.62,-0.351,0.5481,-0.6067
Air_34,Air,Training,1452.97,1226.34,610.09,302.19,123.22,-0.3375,0.6046,-0.4207
Air_34,Air,Training,1569.18,1196.53,701.03,344.75,127.41,-0.3407,0.5526,-0.4603
Air_34,Air,Training,1492.43,1155.93,742.86,333.92,127.57,-0.3798,0.5517,-0.4471
Air_34,Air,Training,1546.69,1175.07,616.5,358.15,132.06,-0.2651,0.5328,-0.4612
Air_34,Air,Training,1438.64,1213.35,688.96,301.99,91.99,-0.3905,0.6014,-0.533
Air_34,Air,Training,1555.32,1120.62,680.31,326.21,60.53,-0.3518,0.5491,-0.687
Air_34,Air,Training,1524.68,1161.65,780.77,309.87,84.26,-0.4318,0.5788,-0.5724
Air_35,Air,Training,1616.16,1201.52,706.56,326.62,87.88,-0.3677,0.5725,-0.576
Air_35,Air,Training,1615.78,1240.39,667.94,287.03,74.87,-0.3989,0.6242,-0.5862
Air_35,Air,Training,1524.62,1187.56,715.64,248.95,89.52,-0.4838,0.6534,-0.471
Air_35,Air,Training,1421.43,1234.51,669.91,314.11,89.34,-0.3616,0.5943,-0.5571
Air_35,Air,Training,1630.09,1203.61,745.79,296.6,118.46,-0.4309,0.6046,-0.4292
Air_35,Air,Training,1438.16,1197.06,676.75,356.06,76.23,-0.3105,0.5415,-0.6473
Air_35,Air,Training,1665.62,1103.8,736.8,281.34,105.1,-0.4473,0.5938,-0.4561
Air_35,Air,Training,1486.33,1141.87,704.05,287.49,111.43,-0.4201,0.5977,-0.4413
Air_35,Air,Training,1419.56,1233.07,743.21,296.75,73.54,-0.4293,0.612,-0.6028
Air_35,Air,Training,1638.58,1232.69,663.95,314.82,66.49,-0.3567,0.5931,-0.6513
Air_35,Air,Training,1594.11,1348.71,741.2,269.91,60.22,-0.4661,0.6665,-0.6352
Air_35,Air,Training,1609.12,1189.68,680.43,334.95,88.19,-0.3402,0.5606,-0.5832
Air_35,Air,Training,1560.99,1201.66,712.35,348.88,90.22,-0.3425,0.55,-0.5891
Air_35,Air,Training,1453.58,1185.84,639.86,328.09,116.07,-0.3221,0.5666,-0.4774
Air_35,Air,Training,1499.25,1135.31,562.74,274.99,95.38,-0.3435,0.61,-0.485
Air_35,Air,Training,1348.07,1374.62,720.78,316.33,97.0,-0.39,0.6259,-0.5306
Air_35,Air,Training,1559.0,1178.94,691.9,342.15,121.96,-0.3382,0.5501,-0.4744
Air_35,Air,Training,1499.12,1341.57,695.9,284.83,102.54,-0.4192,0.6497,-0.4706
Air_35,Air,Training,1524.07,1116.53,724.37,363.44,119.0,-0.3318,0.5089,-0.5067
Air_35,Air,Training,1553.13,1233.63,650.11,270.11,103.26,-0.4129,0.6408,-0.4469
Air_35,Air,Training,1465.74,1098.73,682.47,313.52,111.61,-0.3704,0.556,-0.475
Air_35,Air,Training,1433.38,1196.79,720.74,261.95,84.55,-0.4669,0.6409,-0.512
Air_35,Air,Training,1498.94,1136.36,683.6,374.87,69.86,-0.2917,0.5039,-0.6859
Air_35,Air,Training,1613.97,1223.92,638.8,320.36,100.86,-0.332,0.5851,-0.5211
Air_35,Air,Training,1596.43,1246.23,709.82,290.81,123.38,-0.4187,0.6216,-0.4042
Air_35,Air,Training,1468.64,1101.99,605.21,262.92,116.06,-0.3943,0.6147,-0.3875
Air_35,Air,Training,1470.94,1145.96,678.32,324.88,112.67,-0.3523,0.5582,-0.485
Air_35,Air,Training,1512.96,1158.01,680.47,296.03,82.11,-0.3937,0.5928,-0.5657
Air_35,Air,Training,1491.16,1133.73,718.29,314.35,122.34,-0.3912,0.5658,-0.4397
Air_35,Air,Training,1520.84,1216.01,658.21,298.57,79.55,-0.3759,0.6057,-0.5792
Air_35,Air,Training,1363.66,1181.44,674.81,318.34,80.77,-0.3589,0.5755,-0.5953
Air_35,Air,Training,1725.08,1166.4,696.48,282.99,115.56,-0.4222,0.6095,-0.4201
Air_35,Air,Training,1482.9,1131.45,608.33,317.22,113.0,-0.3145,0.5621,-0.4747
Air_35,Air,Training,1527.42,1184.93,684.04,323.33,97.98,-0.3581,0.5713,-0.5349
Air_35,Air,Training,1589.96,1193.07,693.23,311.13,127.83,-0.3804,0.5863,-0.4176
Air_35,Air,Training,1594.14,1196.62,681.31,263.75,113.84,-0.4418,0.6388,-0.397
Air_35,Air,Training,1357.3,1319.37,742.16,277.62,124.62,-0.4555,0.6523,-0.3804
Air_35,Air,Training,1543.85,1232.74,686.65,316.58,71.66,-0.3689,0.5913,-0.6308
Air_35,Air,Training,1505.03,1152.41,685.6,279.33,87.25,-0.421,0.6098,-0.524
Air_35,Air,Training,1603.08,1099.7,720.43,266.08,126.43,-0.4606,0.6104,-0.3558
Air_35,Air,Training,1534.22,1101.67,716.73,279.12,104.54,-0.4394,0.5957,-0.4551
Air_35,Air,Training,1393.73,1286.17,600.13,275.77,78.36,-0.3703,0.6469,-0.5575
Air_35,Air,Training,1530.34,1165.52,690.78,280.75,72.63,-0.422,0.6118,-0.5889
Air_35,Air,Training,1481.72,1108.8,608.4,318.78,75.22,-0.3124,0.5534,-0.6182
Air_35,Air,Training,1616.57,1299.24,744.28,265.93,142.43,-0.4735,0.6602,-0.3024
Air_35,Air,Training,1311.8,1138.19,741.66,322.64,85.5,-0.3937,0.5583,-0.581
Air_35,Air,Training,1437.15,1184.92,695.65,285.92,133.16,-0.4174,0.6112,-0.3645
Air_35,Air,Training,1445.31,1302.65,720.3,330.58,70.1,-0.3709,0.5952,-0.6501
Air_35,Air,Training,1582.24,1269.48,666.7,325.44,70.4,-0.344,0.5919,-0.6443
Air_35,Air,Training,1462.03,1281.7,690.9,292.07,128.09,-0.4057,0.6288,-0.3903
Air_37,Air,Training,1476.66,1247.11,773.8,309.41,103.82,-0.4287,0.6024,-0.4975
Air_37,Air,Training,1367.2,1104.67,625.51,294.26,83.32,-0.3601,0.5793,-0.5586
Air_37,Air,Training,1460.32,1140.75,662.09,244.38,104.4,-0.4608,0.6471,-0.4013
Air_37,Air,Training,1556.01,1204.88,718.24,313.95,108.5,-0.3917,0.5866,-0.4863
Air_37,Air,Training,1567.72,1283.35,778.92,242.23,109.34,-0.5256,0.6824,-0.378
Air_37,Air,Training,1403.19,1298.43,703.3,308.29,102.34,-0.3905,0.6162,-0.5015
Air_37,Air,Training,1516.83,1315.31,761.98,348.13,96.11,-0.3728,0.5814,-0.5673
Air_37,Air,Training,1330.02,1252.31,644.18,289.14,98.76,-0.3804,0.6248,-0.4908
Air_37,Air,Training,1500.16,1245.06,653.83,318.8,96.19,-0.3445,0.5923,-0.5364
Air_37,Air,Training,1708.17,1088.69,706.37,318.45,91.78,-0.3785,0.5474,-0.5526
Air_37,Air,Training,1454.09,1292.72,742.05,276.04,70.34,-0.4577,0.6481,-0.5938
Air_37,Air,Training,1547.07,1222.59,728.55,296.06,117.18,-0.4221,0.6101,-0.4329
Air_37,Air,Training,1628.03,1307.13,659.05,374.99,113.16,-0.2747,0.5541,-0.5364
Air_37,Air,Training,1385.88,1230.61,711.48,296.5,95.93,-0.4117,0.6117,-0.5111
Air_37,Air,Training,1556.18,1249.43,670.67,283.92,88.5,-0.4051,0.6297,-0.5247
Air_37,Air,Training,1486.02,1262.05,760.13,293.57,121.98,-0.4428,0.6226,-0.4129
Air_37,Air,Training,1535.34,1209.31,793.38,309.87,97.29,-0.4383,0.5921,-0.5221
Air_37,Air,Training,1566.86,1113.84,689.03,307.85,114.39,-0.3824,0.5669,-0.4582
Air_37,Air,Training,1519.28,1109.77,655.75,287.07,104.83,-0.391,0.589,-0.465
Air_37,Air,Training,1396.25,1298.64,715.65,308.57,96.54,-0.3974,0.616,-0.5234
Air_37,Air,Training,1384.53,1206.36,737.41,295.4,121.38,-0.428,0.6066,-0.4175
Air_37,Air,Training,1495.01,1248.72,694.46,311.38,117.36,-0.3809,0.6008,-0.4525
Air_37,Air,Training,1413.57,1245.31,752.72,365.71,101.42,-0.346,0.546,-0.5658
Air_37,Air,Training,1332.06,1075.34,655.64,338.47,143.94,-0.319,0.5212,-0.4033
Air_37,Air,Training,1467.48,1203.73,570.94,319.54,102.69,-0.2823,0.5805,-0.5136
Air_37,Air,Training,1480.0,1132.55,682.38,259.64,82.78,-0.4488,0.627,-0.5165
Air_37,Air,Training,1398.35,1128.81,642.24,317.31,77.0,-0.3386,0.5612,-0.6094
Air_37,Air,Training,1495.82,1123.56,647.36,267.24,119.55,-0.4156,0.6157,-0.3818
Air_37,Air,Training,1485.4,1147.7,649.79,259.67,85.63,-0.429,0.631,-0.504
Air_37,Air,Training,1385.07,1169.58,664.61,276.62,124.76,-0.4122,0.6174,-0.3783
Air_37,Air,Training,1480.48,1187.25,764.1,259.24,90.26,-0.4933,0.6416,-0.4835
Air_37,Air,Training,1376.06,1204.92,730.36,227.25,117.2,-0.5254,0.6826,-0.3195
Air_37,Air,Training,1524.88,1202.55,637.91,323.16,133.66,-0.3275,0.5764,-0.4148
Air_37,Air,Training,1467.4,1177.78,701.14,288.02,96.44,-0.4177,0.607,-0.4983
Air_37,Air,Training,1582.28,1195.36,714.5,361.0,129.29,-0.3287,0.5361,-0.4726
Air_37,Air,Training,1416.27,1322.1,768.84,344.83,87.49,-0.3807,0.5863,-0.5953
Air_37,Air,Training,1516.92,1172.59,706.05,352.55,102.8,-0.3339,0.5377,-0.5485
Air_37,Air,Training,1362.41,1173.88,667.27,353.69,83.74,-0.3071,0.5369,-0.6171
Air_37,Air,Training,1467.43,1173.92,779.98,328.81,111.36,-0.4069,0.5624,-0.494
Air_37,Air,Training,1518.63,1215.06,703.81,361.66,74.66,-0.3211,0.5412,-0.6578
Air_37,Air,Training,1278.76,1231.01,770.14,305.57,60.4,-0.4319,0.6023,-0.6699
Air_37,Air,Training,1559.67,1125.46,635.82,270.67,67.83,-0.4028,0.6123,-0.5992
Air_37,Air,Training,1516.27,1154.65,633.48,371.4,89.37,-0.2608,0.5133,-0.6121
Air_37,Air,Training,1504.14,1308.78,733.87,357.25,86.08,-0.3452,0.5711,-0.6117
Air_37,Air,Training,1583.79,1234.34,749.75,325.33,84.56,-0.3948,0.5828,-0.5874
Air_37,Air,Training,1725.87,1041.75,656.79,320.43,105.81,-0.3442,0.5295,-0.5035
Air_37,Air,Training,1510.71,1250.09,657.86,325.2,97.42,-0.3384,0.5871,-0.539
Air_37,Air,Training,1612.08,1178.68,723.39,319.12,118.1,-0.3878,0.5739,-0.4598
Air_37,Air,Training,1502.99,1179.94,661.25,314.58,62.05,-0.3552,0.579,-0.6705
Air_37,Air,Training,1524.71,1226.83,793.7,280.18,103.75,-0.4782,0.6282,-0.4595
Air_38,Air,Training,1512.73,1122.58,699.72,259.75,119.26,-0.4586,0.6242,-0.3707
Air_38,Air,Training,1547.26,1230.21,668.15,342.56,78.3,-0.3221,0.5644,-0.6279
Air_38,Air,Training,1504.0,1118.16,690.84,338.13,109.45,-0.3428,0.5356,-0.5109
Air_38,Air,Training,1426.32,1163.45,681.03,274.97,105.45,-0.4247,0.6177,-0.4456
Air_38,Air,Training,1674.71,1160.84,796.49,299.89,106.44,-0.4529,0.5894,-0.4761
Air_38,Air,Training,1520.87,1081.26,722.73,227.04,104.18,-0.5219,0.6529,-0.3709
Air_38,Air,Training,1513.02,1092.56,703.24,291.21,96.93,-0.4143,0.5791,-0.5006
Air_38,Air,Training,1488.51,1158.77,703.78,325.97,95.22,-0.3669,0.5609,-0.5478
Air_38,Air,Training,1495.98,1245.44,813.48,294.22,65.95,-0.4688,0.6178,-0.6338
Air_38,Air,Training,1428.26,1242.17,775.63,271.63,99.13,-0.4813,0.6411,-0.4653
Air_38,Air,Training,1501.54,1146.18,776.76,334.92,106.88,-0.3975,0.5477,-0.5162
Air_38,Air,Training,1466.41,1266.94,725.7,286.89,119.43,-0.4334,0.6307,-0.4121
Air_38,Air,Training,1529.54,1083.75,650.39,260.12,120.62,-0.4286,0.6129,-0.3664
Air_38,Air,Training,1443.83,1243.9,808.59,323.82,91.62,-0.4281,0.5869,-0.5589
Air_38,Air,Training,1440.51,1178.56,648.61,265.67,83.9,-0.4189,0.6321,-0.52
Air_38,Air,Training,1542.58,1163.54,688.74,314.08,114.54,-0.3736,0.5749,-0.4655
Air_38,Air,Training,1345.66,1079.37,680.7,266.56,117.09,-0.4372,0.6039,-0.3896
Air_38,Air,Training,1462.89,1325.83,675.6,309.26,86.66,-0.372,0.6217,-0.5622
Air_38,Air,Training,1539.01,1235.67,744.39,295.97,125.41,-0.431,0.6135,-0.4048
Air_38,Air,Training,1523.97,1154.98,668.2,321.86,125.29,-0.3498,0.5641,-0.4396
Air_38,Air,Training,1410.24,1252.57,625.68,281.48,109.79,-0.3794,0.633,-0.4388
Air_38,Air,Training,1432.2,1302.6,730.43,264.55,113.11,-0.4682,0.6624,-0.401
Air_38,Air,Training,1394.37,1200.26,743.87,321.28,98.27,-0.3967,0.5777,-0.5315
Air_38,Air,Training,1472.46,1118.95,709.13,324.13,141.29,-0.3726,0.5508,-0.3928
Air_38,Air,Training,1463.51,1259.27,738.22,285.71,114.42,-0.4419,0.6301,-0.4281
Air_38,Air,Training,1434.69,1217.99,689.44,313.31,110.46,-0.3751,0.5908,-0.4787
Air_38,Air,Training,1457.7,1199.32,693.57,267.32,92.6,-0.4436,0.6355,-0.4854
Air_38,Air,Training,1453.68,1121.1,659.81,292.25,101.1,-0.3861,0.5864,-0.486
Air_38,Air,Training,1400.51,1284.02,730.67,297.44,75.62,-0.4214,0.6238,-0.5946
Air_38,Air,Training,1483.0,1180.87,645.98,265.15,115.33,-0.418,0.6333,-0.3938
Air_38,Air,Training,1474.08,1261.99,699.34,322.55,114.37,-0.3687,0.5929,-0.4765
Air_38,Air,Training,1537.33,1282.78,705.02,255.16,73.3,-0.4685,0.6682,-0.5537
Air_38,Air,Training,1447.78,1251.94,680.0,306.16,110.71,-0.3791,0.607,-0.4688
Air_38,Air,Training,1513.15,1039.62,640.65,352.98,106.52,-0.2895,0.4931,-0.5364
Air_38,Air,Training,1284.03,1204.88,790.13,308.21,100.89,-0.4388,0.5926,-0.5068
Air_38,Air,Training,1353.73,1181.04,617.84,263.33,70.98,-0.4023,0.6354,-0.5754
Air_38,Air,Training,1639.16,1250.96,770.05,260.3,103.82,-0.4947,0.6555,-0.4298
Air_38,Air,Training,1419.35,1136.92,723.47,305.36,105.72,-0.4064,0.5766,-0.4856
Air_38,Air,Training,1399.51,1208.93,717.39,279.74,94.56,-0.4389,0.6242,-0.4947
Air_38,Air,Training,1368.38,1049.1,800.42,306.15,92.82,-0.4467,0.5482,-0.5347
Air_38,Air,Training,1563.86,1139.09,705.51,333.19,77.96,-0.3584,0.5474,-0.6208
Air_38,Air,Training,1460.64,1103.35,741.76,306.16,123.43,-0.4157,0.5656,-0.4253
Air_38,Air,Training,1567.43,1181.7,720.54,312.64,114.67,-0.3948,0.5816,-0.4633
Air_38,Air,Training,1617.31,1123.67,606.18,268.46,109.46,-0.3861,0.6143,-0.4207
Air_38,Air,Training,1533.1,1160.18,686.41,274.97,97.86,-0.428,0.6168,-0.4751
Air_38,Air,Training,1444.5,1314.58,766.14,321.71,100.62,-0.4085,0.6068,-0.5235
Air_38,Air,Training,1591.14,1206.91,708.06,248.16,105.21,-0.481,0.6589,-0.4045
Air_38,Air,Training,1396.71,1171.8,708.45,273.04,109.57,-0.4436,0.622,-0.4272
Air_38,Air,Training,1584.14,1138.13,705.87,262.61,76.66,-0.4577,0.625,-0.5481
Air_38,Air,Training,1524.8,1249.94,624.54,361.46,90.06,-0.2668,0.5514,-0.6011
Air_40,Air,Training,1523.45,1275.71,770.45,291.1,98.94,-0.4516,0.6284,-0.4927
Air_40,Air,Training,1448.67,1267.78,638.27,278.34,16.85,-0.3927,0.64,-0.8859
Air_40,Air,Training,1405.66,1158.63,674.46,261.15,77.4,-0.4417,0.6321,-0.5427
Air_40,Air,Training,1600.93,1145.41,609.54,268.71,79.41,-0.3881,0.62,-0.5438
Air_40,Air,Training,1494.37,1225.17,632.32,309.01,127.99,-0.3435,0.5972,-0.4142
Air_40,Air,Training,1581.28,1240.55,720.39,290.49,128.38,-0.4253,0.6205,-0.387
Air_40,Air,Training,1534.34,1143.69,692.46,279.73,97.22,-0.4245,0.607,-0.4842
Air_40,Air,Training,1597.24,1187.66,660.27,331.22,125.53,-0.3319,0.5639,-0.4503
Air_40,Air,Training,1437.17,1303.6,748.13,283.44,124.38,-0.4505,0.6428,-0.39
Air_40,Air,Training,1401.45,1166.28,645.25,270.7,117.02,-0.4089,0.6232,-0.3964
Air_40,Air,Training,1498.83,1122.22,670.52,280.06,105.02,-0.4108,0.6006,-0.4546
Air_40,Air,Training,1681.85,1214.4,713.6,346.23,89.14,-0.3466,0.5563,-0.5905
Air_40,Air,Training,1606.63,1170.28,681.99,290.11,97.86,-0.4031,0.6027,-0.4955
Air_40,Air,Training,1486.01,1225.08,678.79,303.01,67.77,-0.3827,0.6034,-0.6345
Air_40,Air,Training,1562.59,1279.24,711.08,322.44,83.25,-0.376,0.5974,-0.5896
Air_40,Air,Training,1621.41,1213.31,619.74,336.46,114.35,-0.2963,0.5658,-0.4927
Air_40,Air,Training,1649.73,1316.47,767.09,314.22,114.26,-0.4188,0.6146,-0.4667
Air_40,Air,Training,1413.71,1180.61,849.21,248.17,106.2,-0.5477,0.6526,-0.4006
Air_40,Air,Training,1496.84,1259.73,709.93,336.44,100.3,-0.3569,0.5784,-0.5407
Air_40,Air,Training,1561.94,1225.6,685.42,286.98,125.56,-0.4098,0.6205,-0.3913
Air_40,Air,Training,1550.0,1269.73,762.74,284.47,94.58,-0.4567,0.6339,-0.5009
Air_40,Air,Training,1472.74,1272.18,704.54,305.5,78.91,-0.3951,0.6127,-0.5895
Air_40,Air,Training,1565.92,1260.0,728.05,304.88,120.86,-0.4097,0.6103,-0.4322
Air_40,Air,Training,1496.08,1299.37,735.74,262.13,97.33,-0.4746,0.6643,-0.4585
Air_40,Air,Training,1525.99,1151.24,753.98,240.72,116.08,-0.516,0.6541,-0.3493
Air_40,Air,Training,1555.23,1060.88,705.18,286.95,128.35,-0.4215,0.5742,-0.3819
Air_40,Air,Training,1433.0,1255.94,749.92,288.22,125.95,-0.4447,0.6267,-0.3918
Air_40,Air,Training,1466.76,1293.28,830.22,327.91,112.24,-0.4337,0.5955,-0.49
Air_40,Air,Training,1462.15,1329.99,744.41,286.19,129.98,-0.4446,0.6458,-0.3753
Air_40,Air,Training,1508.79,1247.38,679.48,271.84,82.27,-0.4285,0.6421,-0.5354
Air_40,Air,Training,1469.49,1235.92,685.1,276.26,80.98,-0.4253,0.6346,-0.5466
Air_40,Air,Training,1601.32,1191.43,602.12,299.77,91.69,-0.3352,0.5979,-0.5315
Air_40,Air,Training,1516.36,1160.29,764.34,295.4,95.79,-0.4425,0.5941,-0.5103
Air_40,Air,Training,1474.72,1233.16,719.75,288.27,100.48,-0.428,0.621,-0.4831
Air_40,Air,Training,1479.76,1259.48,635.56,289.78,96.09,-0.3737,0.6259,-0.502
Air_40,Air,Training,1611.57,1282.27,719.61,270.17,101.14,-0.4541,0.6519,-0.4552
Air_40,Air,Training,1650.37,1189.59,706.43,305.59,83.0,-0.3961,0.5912,-0.5728
Air_40,Air,Training,1435.28,1143.3,685.09,313.27,103.4,-0.3724,0.5699,-0.5037
Air_40,Air,Training,1540.59,1351.23,829.74,302.82,118.46,-0.4653,0.6338,-0.4376
Air_40,Air,Training,1552.73,1275.39,752.08,284.15,139.63,-0.4516,0.6356,-0.341
Air_40,Air,Training,1622.49,1267.66,734.28,311.95,104.1,-0.4037,0.605,-0.4996
Air_40,Air,Training,1563.01,1217.76,718.9,300.71,97.33,-0.4101,0.6039,-0.511
Air_40,Air,Training,1653.26,1214.75,685.77,308.73,78.35,-0.3791,0.5947,-0.5952
Air_40,Air,Training,1585.31,1209.66,689.91,290.88,70.94,-0.4069,0.6123,-0.6079
Air_40,Air,Training,1656.1,1222.73,796.85,296.25,111.79,-0.458,0.6099,-0.452
Air_40,Air,Training,1569.53,1243.68,684.13,250.89,147.82,-0.4633,0.6643,-0.2585
Air_40,Air,Training,1452.23,1386.94,676.49,345.36,114.37,-0.3241,0.6013,-0.5025
Air_40,Air,Training,1561.12,1165.34,686.33,292.22,105.5,-0.4027,0.599,-0.4695
Air_40,Air,Training,1493.22,1171.53,659.22,278.49,110.67,-0.406,0.6159,-0.4312
Air_40,Air,Training,1443.85,1123.07,707.05,234.54,99.87,-0.5018,0.6545,-0.4027
Air_42,Air,Training,1400.08,1358.35,629.29,288.37,82.63,-0.3715,0.6498,-0.5546
Air_42,Air,Training,1504.44,1201.31,708.32,307.84,126.13,-0.3941,0.592,-0.4187
Air_42,Air,Training,1512.53,1297.19,612.48,234.47,102.54,-0.4463,0.6938,-0.3915
Air_42,Air,Training,1526.16,1162.63,699.49,332.26,113.41,-0.3559,0.5555,-0.4911
Air_42,Air,Training,1473.6,1213.85,737.94,263.11,83.9,-0.4743,0.6437,-0.5164
Air_42,Air,Training,1573.87,1078.92,645.48,263.6,118.36,-0.4201,0.6073,-0.3803
Air_42,Air,Training,1413.21,1255.43,682.33,353.36,102.57,-0.3176,0.5607,-0.5501
Air_42,Air,Training,1585.36,1232.23,677.46,299.62,100.17,-0.3867,0.6088,-0.4989
Air_42,Air,Training,1463.05,1262.15,825.53,303.48,114.33,-0.4624,0.6123,-0.4527
Air_42,Air,Training,1542.3,1017.3,724.58,313.25,75.03,-0.3963,0.5291,-0.6135
Air_42,Air,Training,1356.92,1229.9,782.26,288.92,93.37,-0.4606,0.6195,-0.5115
Air_42,Air,Training,1684.66,1262.72,639.29,278.61,143.59,-0.3929,0.6385,-0.3198
Air_42,Air,Training,1446.96,1162.67,733.53,292.09,108.87,-0.4304,0.5984,-0.457
Air_42,Air,Training,1523.03,1189.84,760.47,261.74,102.35,-0.4879,0.6394,-0.4378
Air_42,Air,Training,1453.58,1314.94,691.28,357.68,91.56,-0.318,0.5723,-0.5924
Air_42,Air,Training,1508.73,1276.17,652.22,345.27,100.52,-0.3077,0.5741,-0.549
Air_42,Air,Training,1532.92,1238.22,696.2,275.71,101.88,-0.4326,0.6358,-0.4603
Air_42,Air,Training,1339.1,1108.25,692.99,346.42,130.34,-0.3334,0.5237,-0.4532
Air_42,Air,Training,1578.36,1092.27,715.04,274.18,98.66,-0.4457,0.5987,-0.4708
Air_42,Air,Training,1576.36,1246.05,764.16,257.72,79.54,-0.4956,0.6572,-0.5283
Air_42,Air,Training,1620.51,1306.52,699.19,299.3,123.46,-0.4005,0.6272,-0.4159
Air_42,Air,Training,1542.57,1242.44,653.76,334.48,96.01,-0.3231,0.5758,-0.554
Air_42,Air,Training,1388.61,1145.31,670.15,344.34,86.07,-0.3212,0.5377,-0.6001
Air_42,Air,Training,1530.78,1052.28,746.84,276.25,107.82,-0.46,0.5841,-0.4386
Air_42,Air,Training,1531.23,1244.31,716.62,357.44,104.17,-0.3344,0.5537,-0.5486
Air_42,Air,Training,1679.88,1244.64,713.74,326.75,103.93,-0.3719,0.5841,-0.5173
Air_42,Air,Training,1535.93,1224.31,712.38,363.56,145.45,-0.3242,0.5421,-0.4285
Air_42,Air,Training,1526.16,1288.16,760.05,332.78,110.9,-0.391,0.5894,-0.5001
Air_42,Air,Training,1553.07,1239.98,664.07,298.04,76.06,-0.3804,0.6124,-0.5934
Air_42,Air,Training,1546.12,1230.18,734.97,276.76,119.29,-0.4529,0.6327,-0.3976
Air_42,Air,Training,1537.71,1356.31,740.3,282.07,72.99,-0.4482,0.6557,-0.5888
Air_42,Air,Training,1517.45,1127.95,663.27,271.02,88.38,-0.4198,0.6125,-0.5082
Air_42,Air,Training,1616.5,1132.29,678.77,257.08,65.87,-0.4506,0.6299,-0.5921
Air_42,Air,Training,1477.65,1214.52,642.48,254.42,62.57,-0.4327,0.6536,-0.6052
Air_42,Air,Training,1511.64,1265.45,628.59,280.57,121.65,-0.3828,0.637,-0.3951
Air_42,Air,Training,1482.92,1192.97,719.02,286.7,84.45,-0.4299,0.6125,-0.545
Air_42,Air,Training,1524.59,1103.31,619.39,279.24,114.24,-0.3785,0.5961,-0.4193
Air_42,Air,Training,1593.0,1166.76,741.51,341.45,100.76,-0.3694,0.5472,-0.5443
Air_42,Air,Training,1550.91,1330.66,664.76,292.75,132.01,-0.3885,0.6393,-0.3784
Air_42,Air,Training,1424.78,1210.89,668.59,340.91,76.3,-0.3246,0.5606,-0.6342
Air_42,Air,Training,1494.63,1126.71,626.67,243.06,96.71,-0.4411,0.6451,-0.4307
Air_42,Air,Training,1538.69,1201.28,711.73,286.97,119.69,-0.4253,0.6144,-0.4114
Air_42,Air,Training,1558.22,1208.79,710.27,286.03,138.91,-0.4258,0.6173,-0.3462
Air_42,Air,Training,1564.66,1192.8,691.37,288.31,94.03,-0.4114,0.6107,-0.5081
Air_42,Air,Training,1519.71,1080.53,687.54,296.07,99.83,-0.398,0.5699,-0.4957
Air_42,Air,Training,1513.97,1202.23,720.25,295.95,119.76,-0.4175,0.6049,-0.4238
Air_42,Air,Training,1552.63,1357.22,735.09,277.65,96.86,-0.4517,0.6603,-0.4827
Air_42,Air,Training,1459.42,1200.56,754.89,290.28,88.63,-0.4445,0.6106,-0.5322
Air_42,Air,Training,1541.3,1142.93,656.28,311.46,64.17,-0.3563,0.5717,-0.6583
Air_42,Air,Training,1461.38,1259.91,608.32,247.17,71.32,-0.4221,0.672,-0.5521
Air_45,Air,Training,1401.91,1175.06,711.06,298.35,112.6,-0.4089,0.595,-0.452
Air_45,Air,Training,1498.84,1311.7,725.44,300.54,69.78,-0.4141,0.6272,-0.6231
Air_45,Air,Training,1528.02,1234.94,664.32,265.31,121.89,-0.4292,0.6463,-0.3704
Air_45,Air,Training,1422.52,1211.59,701.5,313.4,80.78,-0.3824,0.589,-0.5902
Air_45,Air,Training,1490.36,1132.28,703.71,315.12,117.91,-0.3814,0.5646,-0.4554
Air_45,Air,Training,1619.58,1181.55,685.94,338.18,111.5,-0.3396,0.5549,-0.5041
Air_45,Air,Training,1598.97,1336.68,657.82,324.28,88.02,-0.3396,0.6095,-0.573
Air_45,Air,Training,1625.08,1116.86,745.88,283.39,111.09,-0.4493,0.5952,-0.4368
Air_45,Air,Training,1601.45,1154.92,626.58,292.23,92.25,-0.3639,0.5961,-0.5201
Air_45,Air,Training,1397.24,1059.34,760.83,344.75,87.96,-0.3763,0.5089,-0.5934
Air_45,Air,Training,1476.59,1256.54,741.17,353.37,112.43,-0.3543,0.561,-0.5173
Air_45,Air,Training,1417.97,1255.38,665.11,298.03,122.25,-0.3811,0.6163,-0.4182
Air_45,Air,Training,1427.57,1194.88,638.71,270.34,89.06,-0.4052,0.631,-0.5044
Air_45,Air,Training,1630.42,1202.34,832.2,328.65,119.64,-0.4338,0.5707,-0.4662
Air_45,Air,Training,1412.49,1189.26,642.85,290.71,90.86,-0.3772,0.6071,-0.5238
Air_45,Air,Training,1496.65,1257.79,686.9,325.31,70.68,-0.3572,0.589,-0.643
Air_45,Air,Training,1535.86,1169.5,712.67,325.89,71.17,-0.3724,0.5641,-0.6415
Air_45,Air,Training,1617.53,1186.44,793.1,302.13,126.42,-0.4483,0.5941,-0.41
Air_45,Air,Training,1504.78,1218.71,705.81,293.41,94.85,-0.4127,0.6119,-0.5114
Air_45,Air,Training,1518.05,1238.38,711.68,315.58,69.64,-0.3856,0.5938,-0.6384
Air_45,Air,Training,1572.32,1148.02,617.63,355.43,128.2,-0.2695,0.5272,-0.4698
Air_45,Air,Training,1499.16,1274.87,683.44,285.92,88.11,-0.4101,0.6336,-0.5288
Air_45,Air,Training,1448.82,1181.86,664.3,214.54,96.33,-0.5118,0.6927,-0.3803
Air_45,Air,Training,1422.46,1220.81,688.01,319.04,100.26,-0.3664,0.5856,-0.5218
Air_45,Air,Training,1398.69,1111.37,637.95,274.09,85.95,-0.399,0.6043,-0.5226
Air_45,Air,Training,1573.55,1213.04,606.95,273.73,99.27,-0.3784,0.6318,-0.4677
Air_45,Air,Training,1419.66,1205.67,658.05,295.98,88.62,-0.3795,0.6058,-0.5392
Air_45,Air,Training,1508.97,1300.85,744.65,267.56,150.22,-0.4713,0.6588,-0.2809
Air_45,Air,Training,1594.46,1151.99,656.68,310.21,114.09,-0.3583,0.5757,-0.4622
Air_45,Air,Training,1641.37,1235.59,666.81,284.78,112.53,-0.4015,0.6254,-0.4335
Air_45,Air,Training,1392.76,1304.63,672.77,328.79,123.99,-0.3434,0.5974,-0.4523
Air_45,Air,Training,1744.39,1178.63,686.11,290.11,103.47,-0.4056,0.605,-0.4742
Air_45,Air,Training,1448.43,1284.83,750.41,292.29,85.79,-0.4394,0.6293,-0.5462
Air_45,Air,Training,1465.1,1167.16,724.69,305.79,116.44,-0.4065,0.5848,-0.4485
Air_45,Air,Training,1618.99,1220.91,729.65,373.69,111.41,-0.3226,0.5313,-0.5407
Air_45,Air,Training,1460.83,1195.22,616.71,316.36,89.01,-0.3219,0.5814,-0.5609
Air_45,Air,Training,1428.74,1139.44,757.17,292.23,115.29,-0.443,0.5918,-0.4342
Air_45,Air,Training,1530.86,1214.02,680.84,314.87,91.48,-0.3675,0.5881,-0.5497
Air_45,Air,Training,1512.52,1277.44,765.85,286.92,107.44,-0.4549,0.6332,-0.4551
Air_45,Air,Training,1546.74,1216.62,738.18,323.24,136.75,-0.3909,0.5802,-0.4054
Air_45,Air,Training,1672.5,1188.46,783.01,313.17,96.45,-0.4286,0.5829,-0.5291
Air_45,Air,Training,1548.57,1183.69,697.87,267.1,101.61,-0.4464,0.6318,-0.4488
Air_45,Air,Training,1574.61,1250.44,718.18,352.1,142.68,-0.342,0.5606,-0.4233
Air_45,Air,Training,1539.86,1311.84,717.46,302.64,119.22,-0.4066,0.6251,-0.4348
Air_45,Air,Training,1494.36,1034.82,687.06,254.83,92.24,-0.4589,0.6048,-0.4685
Air_45,Air,Training,1456.38,1162.25,647.42,264.03,87.06,-0.4206,0.6298,-0.5041
Air_45,Air,Training,1470.32,1179.13,712.95,321.19,79.8,-0.3788,0.5718,-0.602
Air_45,Air,Training,1430.03,1316.53,737.87,276.73,74.93,-0.4545,0.6526,-0.5738
Air_45,Air,Training,1460.12,1182.28,734.09,230.94,80.71,-0.5214,0.6732,-0.4821
Air_45,Air,Training,1644.0,1201.14,703.12,283.07,115.77,-0.4259,0.6186,-0.4194
Air_46,Air,Training,1355.7,1170.25,595.94,299.41,91.08,-0.3312,0.5926,-0.5335
Air_46,Air,Training,1369.61,1270.74,734.5,330.89,69.87,-0.3788,0.5868,-0.6513
Air_46,Air,Training,1419.71,1284.15,740.53,342.11,95.2,-0.368,0.5793,-0.5646
Air_46,Air,Training,1491.25,1243.13,632.44,305.87,150.7,-0.348,0.6051,-0.3399
Air_46,Air,Training,1471.37,1087.76,720.55,272.97,97.86,-0.4505,0.5988,-0.4722
Air_46,Air,Training,1587.01,1239.07,675.57,325.15,66.64,-0.3502,0.5843,-0.6598
Air_46,Air,Training,1515.77,1173.12,582.02,263.68,99.71,-0.3764,0.633,-0.4512
Air_46,Air,Training,1559.74,1201.52,685.2,324.29,105.48,-0.3575,0.5749,-0.5091
Air_46,Air,Training,1579.78,1240.21,664.4,320.13,119.22,-0.3497,0.5897,-0.4573
Air_46,Air,Training,1612.01,1163.1,681.84,326.41,116.83,-0.3525,0.5617,-0.4728
Air_46,Air,Training,1459.17,1152.93,678.35,302.38,82.24,-0.3834,0.5844,-0.5723
Air_46,Air,Training,1533.58,1079.12,658.42,305.52,81.61,-0.3661,0.5587,-0.5784
Air_46,Air,Training,1466.53,1191.09,806.05,260.82,104.71,-0.5111,0.6407,-0.4271
Air_46,Air,Training,1418.01,1125.64,656.25,295.3,128.68,-0.3793,0.5844,-0.393
Air_46,Air,Training,1593.99,1167.93,686.68,317.74,101.15,-0.3673,0.5723,-0.517
Air_46,Air,Training,1449.07,1246.3,781.05,331.75,127.13,-0.4038,0.5795,-0.4459
Air_46,Air,Training,1488.85,1124.22,599.99,237.84,95.93,-0.4322,0.6508,-0.4252
Air_46,Air,Training,1540.55,1259.02,712.15,278.35,113.09,-0.438,0.6379,-0.4222
Air_46,Air,Training,1404.15,1122.74,730.65,263.0,84.69,-0.4706,0.6204,-0.5128
Air_46,Air,Training,1421.79,1211.84,729.41,318.42,88.39,-0.3922,0.5838,-0.5654
Air_46,Air,Training,1486.57,1251.45,673.48,272.61,87.17,-0.4237,0.6423,-0.5154
Air_46,Air,Training,1451.37,1202.15,698.66,294.98,84.0,-0.4063,0.6059,-0.5567
Air_46,Air,Training,1425.42,1245.44,717.16,286.96,98.86,-0.4284,0.6255,-0.4875
Air_46,Air,Training,1596.97,1194.97,699.69,345.82,121.41,-0.3385,0.5511,-0.4803
Air_46,Air,Training,1448.73,1274.93,691.5,268.48,126.08,-0.4407,0.6521,-0.3609
Air_46,Air,Training,1443.24,1164.3,680.93,361.11,80.96,-0.3069,0.5265,-0.6337
Air_46,Air,Training,1451.79,1176.04,726.36,297.92,86.65,-0.4183,0.5958,-0.5493
Air_46,Air,Training,1549.9,1294.95,618.84,279.55,110.24,-0.3777,0.6449,-0.4344
Air_46,Air,Training,1401.37,1189.16,763.54,318.68,110.42,-0.4111,0.5773,-0.4853
Air_46,Air,Training,1559.79,1222.74,683.14,328.95,90.48,-0.35,0.576,-0.5685
Air_46,Air,Training,1487.08,1084.09,676.11,302.36,100.53,-0.382,0.5638,-0.501
Air_46,Air,Training,1573.91,1169.35,680.12,283.77,104.83,-0.4112,0.6094,-0.4605
Air_46,Air,Training,1623.7,1038.27,675.62,289.47,57.37,-0.4001,0.564,-0.6692
Air_46,Air,Training,1490.07,1175.27,678.06,266.9,98.25,-0.4351,0.6299,-0.4619
Air_46,Air,Training,1406.68,1141.06,690.03,330.65,108.21,-0.3521,0.5507,-0.5069
Air_46,Air,Training,1549.11,1337.31,722.02,268.6,88.75,-0.4577,0.6655,-0.5033
Air_46,Air,Training,1431.43,1190.5,679.43,271.72,118.48,-0.4286,0.6283,-0.3927
Air_46,Air,Training,1579.64,1212.56,649.9,303.65,87.76,-0.3631,0.5995,-0.5516
Air_46,Air,Training,1602.86,1116.3,732.88,319.09,117.93,-0.3933,0.5554,-0.4603
Air_46,Air,Training,1515.7,1176.89,819.66,273.69,114.36,-0.4994,0.6227,-0.4106
Air_46,Air,Training,1501.47,1224.0,716.88,267.53,73.15,-0.4565,0.6413,-0.5705
Air_46,Air,Training,1397.82,1168.78,712.41,279.38,71.27,-0.4366,0.6142,-0.5935
Air_46,Air,Training,1573.48,1092.3,723.99,277.46,124.35,-0.4459,0.5949,-0.381
Air_46,Air,Training,1457.95,1076.76,698.02,274.79,116.22,-0.4351,0.5934,-0.4055
Air_46,Air,Training,1526.38,1155.96,649.87,267.07,88.28,-0.4175,0.6246,-0.5031
Air_46,Air,Training,1609.1,1189.94,747.35,255.57,61.58,-0.4903,0.6464,-0.6117
Air_46,Air,Training,1424.37,1246.0,685.56,326.69,125.28,-0.3545,0.5845,-0.4456
Air_46,Air,Training,1423.42,1258.4,769.4,331.01,68.12,-0.3984,0.5835,-0.6586
Air_46,Air,Training,1351.61,1168.6,679.46,325.29,80.65,-0.3525,0.5645,-0.6027
Air_46,Air,Training,1533.26,1124.18,717.25,286.29,107.17,-0.4294,0.5941,-0.4552
Air_47,Air,Training,1470.89,1045.48,725.45,335.1,83.28,-0.3681,0.5146,-0.6019
Air_47,Air,Training,1564.76,1157.06,632.5,281.66,96.32,-0.3838,0.6085,-0.4903
Air_47,Air,Training,1394.37,1294.47,623.46,283.76,81.55,-0.3744,0.6404,-0.5535
Air_47,Air,Training,1608.3,1094.48,741.26,305.91,75.05,-0.4157,0.5631,-0.606
Air_47,Air,Training,1471.87,1187.22,729.25,280.65,112.63,-0.4442,0.6176,-0.4272
Air_47,Air,Training,1503.9,1231.58,655.94,292.77,102.2,-0.3828,0.6159,-0.4825
Air_47,Air,Training,1506.53,1197.23,804.61,317.23,114.55,-0.4345,0.5811,-0.4694
Air_47,Air,Training,1519.75,1237.33,709.93,354.53,98.8,-0.3339,0.5546,-0.5641
Air_47,Air,Training,1566.51,1345.97,732.65,291.46,85.32,-0.4308,0.644,-0.5471
Air_47,Air,Training,1460.36,1227.42,789.21,318.11,92.27,-0.4254,0.5883,-0.5503
Air_47,Air,Training,1475.61,1189.54,632.97,286.27,89.97,-0.3772,0.6121,-0.5217
Air_47,Air,Training,1722.25,1264.88,646.35,252.92,73.88,-0.4375,0.6667,-0.5479
Air_47,Air,Training,1613.09,1105.57,780.49,307.19,95.08,-0.4351,0.5651,-0.5273
Air_47,Air,Training,1408.43,1288.47,727.31,327.0,94.55,-0.3797,0.5952,-0.5514
Air_47,Air,Training,1553.33,1303.71,729.76,268.33,110.4,-0.4623,0.6586,-0.417
Air_47,Air,Training,1560.38,1317.38,729.25,333.05,112.33,-0.373,0.5964,-0.4956
Air_47,Air,Training,1391.6,1258.06,706.0,359.91,71.21,-0.3247,0.5551,-0.6696
Air_47,Air,Training,1409.43,1250.78,775.58,296.39,97.7,-0.447,0.6169,-0.5042
Air_47,Air,Training,1516.57,1166.11,749.38,285.52,114.01,-0.4482,0.6066,-0.4293
Air_47,Air,Training,1394.14,1320.3,593.98,268.1,145.07,-0.378,0.6624,-0.2978
Air_47,Air,Training,1508.08,1153.81,636.14,286.92,105.8,-0.3783,0.6017,-0.4612
Air_47,Air,Training,1538.94,1222.56,610.69,304.17,106.78,-0.335,0.6015,-0.4803
Air_47,Air,Training,1527.89,1202.06,638.55,272.35,124.26,-0.402,0.6306,-0.3734
Air_47,Air,Training,1437.94,1149.46,685.19,263.5,112.68,-0.4445,0.627,-0.4009
Air_47,Air,Training,1398.52,1275.88,632.76,291.61,106.88,-0.3691,0.6279,-0.4636
Air_47,Air,Training,1563.25,1184.25,664.86,342.57,103.63,-0.3199,0.5513,-0.5355
Air_47,Air,Training,1486.35,1072.7,709.58,299.85,72.88,-0.4059,0.5631,-0.6089
Air_47,Air,Training,1437.51,1206.53,723.37,269.45,79.82,-0.4572,0.6349,-0.5429
Air_47,Air,Training,1509.25,1141.11,689.97,353.26,99.15,-0.3228,0.5272,-0.5617
Air_47,Air,Training,1581.82,1112.81,661.61,276.33,77.92,-0.4108,0.6022,-0.5601
Air_47,Air,Training,1358.53,1213.51,719.34,271.63,85.1,-0.4518,0.6342,-0.5229
Air_47,Air,Training,1506.24,1201.46,751.65,334.01,86.63,-0.3847,0.5649,-0.5881
Air_47,Air,Training,1494.59,1129.94,775.11,307.99,119.88,-0.4313,0.5716,-0.4397
Air_47,Air,Training,1470.94,1271.45,737.22,338.37,73.12,-0.3708,0.5796,-0.6446
Air_47,Air,Training,1505.98,1276.83,653.22,315.66,111.43,-0.3484,0.6036,-0.4782
Air_47,Air,Training,1556.08,1223.36,730.88,312.98,123.7,-0.4003,0.5926,-0.4335
Air_47,Air,Training,1442.58,1223.83,760.94,276.49,86.18,-0.467,0.6314,-0.5248
Air_47,Air,Training,1541.95,1296.75,693.29,302.87,107.28,-0.3919,0.6213,-0.4769
Air_47,Air,Training,1461.06,1353.56,653.77,302.7,102.12,-0.367,0.6345,-0.4955
Air_47,Air,Training,1324.93,1141.04,632.39,321.61,66.14,-0.3258,0.5602,-0.6589
Air_47,Air,Training,1575.35,1117.42,748.08,258.11,108.48,-0.487,0.6247,-0.4082
Air_47,Air,Training,1574.81,1240.12,638.94,333.89,110.92,-0.3136,0.5757,-0.5013
Air_47,Air,Training,1311.37,1207.75,841.69,333.49,90.02,-0.4324,0.5672,-0.5749
Air_47,Air,Training,1543.52,1172.5,750.73,275.57,124.17,-0.463,0.6194,-0.3787
Air_47,Air,Training,1573.63,1244.98,803.54,330.18,120.43,-0.4175,0.5808,-0.4655
Air_47,Air,Training,1590.11,1249.96,723.21,279.68,86.73,-0.4422,0.6343,-0.5266
Air_47,Air,Training,1534.56,1242.64,700.89,285.55,97.28,-0.421,0.6263,-0.4918
Air_47,Air,Training,1495.77,1219.25,688.89,334.97,97.79,-0.3457,0.569,-0.5481
Air_47,Air,Training,1448.53,1194.34,644.93,360.4,113.11,-0.283,0.5364,-0.5222
Air_47,Air,Training,1498.99,1299.15,689.75,299.0,85.92,-0.3952,0.6258,-0.5536
Air_48,Air,Training,1424.76,1214.76,753.2,273.65,95.21,-0.467,0.6323,-0.4837
Air_48,Air,Training,1483.72,1254.01,678.43,322.59,114.31,-0.3555,0.5908,-0.4767
Air_48,Air,Training,1447.04,1179.49,704.02,286.89,82.1,-0.421,0.6087,-0.555
Air_48,Air,Training,1618.59,1075.21,711.64,340.94,83.89,-0.3522,0.5185,-0.6051
Air_48,Air,Training,1502.11,1263.2,547.88,298.49,68.55,-0.2947,0.6177,-0.6265
Air_48,Air,Training,1577.07,1144.53,789.22,271.35,108.99,-0.4883,0.6167,-0.4269
Air_48,Air,Training,1429.89,1183.39,699.79,300.77,133.1,-0.3988,0.5947,-0.3865
Air_48,Air,Training,1614.19,1147.54,702.14,265.09,72.17,-0.4519,0.6247,-0.572
Air_48,Air,Training,1446.65,1317.83,615.62,317.29,109.21,-0.3198,0.6119,-0.4879
Air_48,Air,Training,1440.54,1245.15,732.02,298.88,96.99,-0.4202,0.6129,-0.51
Air_48,Air,Training,1480.36,1140.92,708.27,284.85,103.23,-0.4264,0.6004,-0.468
Air_48,Air,Training,1451.2,1153.99,672.76,338.07,72.45,-0.3311,0.5468,-0.647
Air_48,Air,Training,1641.81,1253.77,621.85,282.65,67.55,-0.375,0.6321,-0.6142
Air_48,Air,Training,1551.75,1289.37,711.46,336.57,103.67,-0.3577,0.586,-0.529
Air_48,Air,Training,1577.68,1220.44,700.7,323.21,96.87,-0.3687,0.5812,-0.5388
Air_48,Air,Training,1616.56,1177.92,728.36,278.8,68.54,-0.4464,0.6172,-0.6054
Air_48,Air,Training,1528.64,1073.72,807.46,289.38,98.44,-0.4723,0.5754,-0.4923
Air_48,Air,Training,1475.2,1209.85,717.01,274.8,48.92,-0.4459,0.6298,-0.6978
Air_48,Air,Training,1411.94,1166.03,714.01,305.51,115.06,-0.4007,0.5848,-0.4528
Air_48,Air,Training,1368.57,1137.51,677.95,345.72,154.41,-0.3245,0.5338,-0.3825
Air_48,Air,Training,1392.12,1276.41,704.34,316.69,73.51,-0.3797,0.6024,-0.6232
Air_48,Air,Training,1608.4,1044.52,634.26,291.91,88.14,-0.3696,0.5632,-0.5362
Air_48,Air,Training,1502.07,1152.07,682.17,294.47,95.53,-0.397,0.5929,-0.5101
Air_48,Air,Training,1511.89,1262.73,662.32,340.43,100.98,-0.321,0.5753,-0.5425
Air_48,Air,Training,1600.88,1176.02,656.69,302.41,151.28,-0.3694,0.5909,-0.3331
Air_48,Air,Training,1390.79,1247.41,708.87,312.12,75.88,-0.3886,0.5997,-0.6088
Air_48,Air,Training,1536.57,1220.68,625.82,303.94,95.14,-0.3462,0.6013,-0.5232
Air_48,Air,Training,1471.69,1196.81,754.38,313.74,79.13,-0.4125,0.5846,-0.5972
Air_48,Air,Training,1539.77,1196.9,669.19,262.81,116.14,-0.436,0.6399,-0.387
Air_48,Air,Training,1454.36,1263.57,646.17,359.84,152.67,-0.2846,0.5567,-0.4042
Air_48,Air,Training,1543.38,1290.75,677.33,283.43,123.88,-0.41,0.6399,-0.3917
Air_48,Air,Training,1512.11,1103.96,703.86,263.34,96.3,-0.4555,0.6148,-0.4645
Air_48,Air,Training,1583.91,1302.16,713.81,340.14,90.8,-0.3545,0.5858,-0.5786
Air_48,Air,Training,1636.06,1149.39,659.54,286.17,85.05,-0.3948,0.6013,-0.5418
Air_48,Air,Training,1541.39,1287.66,700.78,309.34,72.35,-0.3875,0.6126,-0.6209
Air_48,Air,Training,1507.7,1323.95,770.63,267.16,91.24,-0.4851,0.6642,-0.4909
Air_48,Air,Training,1772.52,1229.27,775.77,347.81,77.69,-0.3809,0.5589,-0.6349
Air_48,Air,Training,1557.91,1213.11,787.08,358.86,83.36,-0.3737,0.5434,-0.623
Air_48,Air,Training,1775.32,1211.83,731.61,220.43,120.17,-0.5369,0.6922,-0.2944
Air_48,Air,Training,1327.67,1189.93,672.36,313.98,103.59,-0.3633,0.5824,-0.5039
Air_48,Air,Training,1546.96,1287.22,649.8,293.87,83.09,-0.3772,0.6283,-0.5591
Air_48,Air,Training,1426.34,1335.29,636.55,275.34,143.89,-0.3961,0.6581,-0.3136
Air_48,Air,Training,1489.85,1195.49,720.03,263.85,81.56,-0.4636,0.6384,-0.5278
Air_48,Air,Training,1450.67,1272.96,733.58,281.09,97.33,-0.4459,0.6382,-0.4856
Air_48,Air,Training,1562.36,1033.06,715.11,322.74,81.63,-0.3781,0.5239,-0.5963
Air_48,Air,Training,1552.01,1201.05,790.53,284.31,111.82,-0.471,0.6172,-0.4354
Air_48,Air,Training,1382.4,1205.26,740.76,284.24,122.39,-0.4454,0.6183,-0.398
Air_48,Air,Training,1573.62,1210.07,686.44,207.48,87.03,-0.5358,0.7073,-0.409
Air_48,Air,Training,1588.06,1180.86,722.59,286.08,71.46,-0.4328,0.61,-0.6003
Air_48,Air,Training,1559.83,1114.02,686.89,310.93,86.44,-0.3768,0.5636,-0.565
Air_49,Air,Training,1625.63,1338.06,659.52,276.89,91.23,-0.4086,0.6571,-0.5043
Air_49,Air,Training,1592.24,1234.02,737.55,339.46,81.89,-0.3696,0.5685,-0.6113
Air_49,Air,Training,1540.22,1203.59,721.5,334.47,96.97,-0.3665,0.5651,-0.5505
Air_49,Air,Training,1444.26,1126.42,787.71,298.74,72.64,-0.4501,0.5808,-0.6088
Air_49,Air,Training,1610.64,1080.3,622.5,290.52,89.06,-0.3636,0.5761,-0.5307
Air_49,Air,Training,1524.95,1065.15,716.3,338.35,80.36,-0.3584,0.5178,-0.6161
Air_49,Air,Training,1469.73,1143.89,716.02,267.74,75.98,-0.4557,0.6207,-0.5579
Air_49,Air,Training,1487.91,1223.59,707.52,286.81,113.37,-0.4231,0.6202,-0.4334
Air_49,Air,Training,1518.43,1118.16,566.21,315.65,94.87,-0.2841,0.5597,-0.5378
Air_49,Air,Training,1411.2,1313.78,780.74,338.21,104.52,-0.3955,0.5905,-0.5278
Air_49,Air,Training,1246.85,1282.27,653.97,283.23,117.98,-0.3956,0.6382,-0.4119
Air_49,Air,Training,1662.55,1307.88,708.63,322.17,77.89,-0.3749,0.6047,-0.6106
Air_49,Air,Training,1370.19,1275.6,716.13,256.55,99.04,-0.4725,0.6651,-0.443
Air_49,Air,Training,1549.36,1263.47,731.41,289.1,83.03,-0.4334,0.6276,-0.5537
Air_49,Air,Training,1509.37,1256.15,745.26,347.41,100.7,-0.3641,0.5667,-0.5506
Air_49,Air,Training,1411.18,1276.05,704.15,261.52,112.47,-0.4584,0.6598,-0.3985
Air_49,Air,Training,1612.95,1226.81,771.2,285.46,85.45,-0.4597,0.6225,-0.5393
Air_49,Air,Training,1568.36,1175.31,760.26,305.12,124.37,-0.4272,0.5878,-0.4208
Air_49,Air,Training,1550.5,1137.0,600.42,323.46,111.3,-0.2998,0.557,-0.488
Air_49,Air,Training,1418.56,1255.9,769.53,278.78,61.33,-0.4681,0.6367,-0.6394
Air_49,Air,Training,1577.65,1289.07,663.31,323.22,106.63,-0.3447,0.5991,-0.5039
Air_49,Air,Training,1491.24,1240.64,674.9,266.96,108.12,-0.4331,0.6458,-0.4235
Air_49,Air,Training,1521.45,1021.72,640.94,279.83,110.5,-0.3922,0.57,-0.4338
Air_49,Air,Training,1378.19,1177.63,796.88,302.0,102.58,-0.4503,0.5918,-0.4929
Air_49,Air,Training,1495.12,1268.74,702.09,293.4,103.04,-0.4105,0.6244,-0.4802
Air_49,Air,Training,1606.06,1228.14,702.87,335.33,89.56,-0.354,0.571,-0.5784
Air_49,Air,Training,1243.84,1231.34,721.8,281.33,94.62,-0.4391,0.628,-0.4966
Air_49,Air,Training,1600.64,1231.78,773.73,308.06,96.93,-0.4305,0.5999,-0.5213
Air_49,Air,Training,1556.62,1225.77,721.94,293.09,88.56,-0.4225,0.6141,-0.5359
Air_49,Air,Training,1457.25,1236.4,732.47,221.14,85.34,-0.5362,0.6966,-0.4431
Air_49,Air,Training,1372.76,1165.12,669.84,304.44,103.72,-0.375,0.5857,-0.4918
Air_49,Air,Training,1670.43,1226.1,731.93,257.34,93.3,-0.4797,0.653,-0.4678
Air_49,Air,Training,1413.33,1241.9,702.61,289.75,119.13,-0.416,0.6216,-0.4173
Air_49,Air,Training,1478.46,1293.38,766.03,280.93,122.27,-0.4633,0.6431,-0.3935
Air_49,Air,Training,1509.02,1172.42,719.74,252.39,89.24,-0.4808,0.6457,-0.4776
Air_49,Air,Training,1533.42,1179.4,753.91,288.06,102.43,-0.4471,0.6074,-0.4754
Air_49,Air,Training,1490.38,1093.04,719.62,309.51,61.35,-0.3985,0.5586,-0.6692
Air_49,Air,Training,1302.42,1168.26,761.53,381.55,63.58,-0.3324,0.5076,-0.7143
Air_49,Air,Training,1630.05,1281.31,670.83,356.5,109.33,-0.306,0.5647,-0.5306
Air_49,Air,Training,1481.8,1075.37,705.1,301.24,144.78,-0.4013,0.5623,-0.3508
Air_49,Air,Training,1424.33,1137.97,674.47,379.69,76.99,-0.2796,0.4996,-0.6628
Air_49,Air,Training,1604.65,1090.95,721.58,302.95,86.01,-0.4086,0.5653,-0.5578
Air_49,Air,Training,1557.43,1143.97,619.24,290.65,81.65,-0.3611,0.5948,-0.5614
Air_49,Air,Training,1520.74,1179.97,778.2,290.42,105.51,-0.4565,0.605,-0.467
Air_49,Air,Training,1407.03,1170.14,654.42,335.54,84.85,-0.3221,0.5543,-0.5963
Air_49,Air,Training,1447.97,1220.92,664.31,342.29,139.15,-0.3199,0.5621,-0.4219
Air_49,Air,Training,1428.2,1259.19,657.75,289.3,113.8,-0.389,0.6263,-0.4354
Air_49,Air,Training,1511.19,1211.64,754.92,332.74,101.02,-0.3882,0.5691,-0.5342
Air_49,Air,Training,1449.24,1200.06,649.56,323.58,96.24,-0.335,0.5753,-0.5415
Air_49,Air,Training,1411.56,1293.87,699.3,277.56,122.86,-0.4317,0.6467,-0.3863
