ID_Poligon,Kelas,B02,B03,B04,B08,B11,NDVI,NDWI,NDBI
Sawah_01,Sawah,0.0472,0.0682,0.0579,0.1633,0.0927,0.4765,-0.4108,-0.2758
Sawah_01,Sawah,0.048,0.0765,0.0572,0.1338,0.0957,0.401,-0.2725,-0.166
Sawah_01,Sawah,0.0508,0.0818,0.0615,0.0988,0.0957,0.2327,-0.0941,-0.0159
Sawah_01,Sawah,0.0517,0.084,0.0636,0.1052,0.0658,0.2464,-0.1121,-0.2304
Sawah_01,Sawah,0.0539,0.0836,0.0651,0.109,0.0658,0.2522,-0.1319,-0.2471
Sawah_01,Sawah,0.052,0.0873,0.0649,0.114,0.0601,0.2745,-0.1326,-0.3096
Sawah_01,Sawah,0.0489,0.0849,0.0628,0.1204,0.0601,0.3144,-0.1729,-0.3341
Sawah_01,Sawah,0.0517,0.082,0.0605,0.1215,0.0568,0.3352,-0.1941,-0.3629
Sawah_01,Sawah,0.0512,0.0841,0.0604,0.121,0.0568,0.3341,-0.1799,-0.3611
Sawah_01,Sawah,0.0504,0.0837,0.0609,0.1182,0.0533,0.3199,-0.1709,-0.3784
Sawah_01,Sawah,0.0526,0.0811,0.0669,0.1395,0.0868,0.3517,-0.2647,-0.2329
Sawah_01,Sawah,0.0493,0.0828,0.0585,0.1004,0.066,0.2637,-0.0961,-0.2067
Sawah_01,Sawah,0.0483,0.0826,0.0583,0.0863,0.066,0.1936,-0.0219,-0.1333
Sawah_01,Sawah,0.0513,0.084,0.0576,0.0706,0.0427,0.1014,0.0867,-0.2462
Sawah_01,Sawah,0.0498,0.0855,0.0568,0.0671,0.0427,0.0831,0.1206,-0.2222
Sawah_01,Sawah,0.0559,0.0848,0.0568,0.0706,0.0374,0.1083,0.0914,-0.3074
Sawah_01,Sawah,0.0552,0.0858,0.0579,0.0752,0.0374,0.13,0.0658,-0.3357
Sawah_01,Sawah,0.0558,0.087,0.0585,0.0827,0.0379,0.1714,0.0253,-0.3715
Sawah_01,Sawah,0.0532,0.0889,0.0595,0.0856,0.0379,0.1799,0.0189,-0.3862
Sawah_01,Sawah,0.0508,0.0875,0.0602,0.0876,0.0392,0.1854,-0.0006,-0.3817
Sawah_01,Sawah,0.0482,0.0859,0.0595,0.0899,0.0392,0.2035,-0.0228,-0.3927
Sawah_01,Sawah,0.0497,0.0858,0.0602,0.0989,0.043,0.2432,-0.0709,-0.3939
Sawah_01,Sawah,0.0515,0.0853,0.0604,0.1014,0.043,0.2534,-0.0862,-0.4044
Sawah_01,Sawah,0.0527,0.0842,0.0599,0.0917,0.0406,0.2098,-0.0426,-0.3862
Sawah_01,Sawah,0.0499,0.0837,0.058,0.0983,0.0406,0.2578,-0.0802,-0.4154
Sawah_01,Sawah,0.0489,0.0815,0.0584,0.0999,0.0367,0.2622,-0.1014,-0.4627
Sawah_01,Sawah,0.0526,0.0834,0.0575,0.0957,0.0367,0.2493,-0.0687,-0.4456
Sawah_01,Sawah,0.0542,0.0824,0.0573,0.0957,0.0376,0.251,-0.0747,-0.4359
Sawah_01,Sawah,0.0522,0.0837,0.0558,0.0955,0.0376,0.2624,-0.0658,-0.435
Sawah_01,Sawah,0.0529,0.0833,0.0547,0.0919,0.0372,0.2538,-0.0491,-0.4237
Sawah_01,Sawah,0.0533,0.0823,0.0539,0.0899,0.0372,0.2503,-0.0441,-0.4146
Sawah_01,Sawah,0.0517,0.0854,0.0589,0.0994,0.066,0.2558,-0.0758,-0.2019
Sawah_01,Sawah,0.0487,0.0831,0.0566,0.0752,0.0427,0.1411,0.0499,-0.2757
Sawah_01,Sawah,0.0507,0.0853,0.0585,0.0608,0.0427,0.0193,0.1677,-0.1749
Sawah_01,Sawah,0.0562,0.0854,0.0561,0.0626,0.0374,0.0548,0.1541,-0.252
Sawah_01,Sawah,0.0549,0.0875,0.0568,0.0617,0.0374,0.0413,0.1729,-0.2452
Sawah_01,Sawah,0.052,0.0891,0.0572,0.0601,0.0379,0.0247,0.1944,-0.2265
Sawah_01,Sawah,0.052,0.0888,0.0559,0.0602,0.0379,0.037,0.1919,-0.2273
Sawah_01,Sawah,0.0502,0.0897,0.0552,0.0582,0.0392,0.0265,0.213,-0.1951
Sawah_01,Sawah,0.049,0.0886,0.0573,0.0565,0.0392,-0.007,0.2212,-0.1808
Sawah_01,Sawah,0.0473,0.0895,0.0559,0.059,0.043,0.027,0.2054,-0.1569
Sawah_01,Sawah,0.0524,0.0887,0.0578,0.06,0.043,0.0187,0.193,-0.165
Sawah_01,Sawah,0.0523,0.0878,0.0578,0.0603,0.0406,0.0212,0.1857,-0.1952
Sawah_01,Sawah,0.0522,0.0873,0.0566,0.0663,0.0406,0.0789,0.1367,-0.2404
Sawah_01,Sawah,0.0506,0.0868,0.0554,0.0675,0.0367,0.0985,0.1251,-0.2956
Sawah_01,Sawah,0.0522,0.0862,0.058,0.0711,0.0367,0.1015,0.096,-0.3191
Sawah_01,Sawah,0.0525,0.0862,0.0551,0.0738,0.0376,0.1451,0.0775,-0.325
Sawah_01,Sawah,0.0533,0.0855,0.0565,0.0824,0.0376,0.1865,0.0185,-0.3733
Sawah_01,Sawah,0.0551,0.0845,0.0553,0.0869,0.0372,0.2222,-0.014,-0.4005
Sawah_01,Sawah,0.0511,0.0847,0.0557,0.0856,0.0372,0.2116,-0.0053,-0.3941
Sawah_01,Sawah,0.0523,0.0861,0.0578,0.0887,0.0509,0.2109,-0.0149,-0.2708
Sawah_01,Sawah,0.055,0.0875,0.0616,0.0987,0.0509,0.2314,-0.0602,-0.3195
Sawah_01,Sawah,0.0496,0.0827,0.0589,0.1571,0.0783,0.4546,-0.3103,-0.3347
Sawah_01,Sawah,0.0497,0.0851,0.0584,0.0934,0.0476,0.2306,-0.0465,-0.3248
Sawah_01,Sawah,0.0467,0.084,0.0543,0.0731,0.0273,0.1476,0.0694,-0.4562
Sawah_01,Sawah,0.0545,0.0834,0.0556,0.0609,0.0273,0.0455,0.1559,-0.3809
Sawah_01,Sawah,0.0517,0.0872,0.0576,0.0626,0.0209,0.0416,0.1642,-0.4994
Sawah_01,Sawah,0.0515,0.0889,0.0575,0.0601,0.0209,0.0221,0.1933,-0.4839
Sawah_01,Sawah,0.0528,0.0905,0.058,0.0582,0.0208,0.0017,0.2172,-0.4734
Sawah_01,Sawah,0.0498,0.0878,0.0574,0.0591,0.0208,0.0146,0.1954,-0.4793
Sawah_01,Sawah,0.0484,0.089,0.0562,0.0579,0.0211,0.0149,0.2117,-0.4658
Sawah_01,Sawah,0.0459,0.0876,0.0558,0.0586,0.0211,0.0245,0.1984,-0.4705
Sawah_01,Sawah,0.0563,0.0892,0.0555,0.058,0.0218,0.022,0.212,-0.4536
Sawah_01,Sawah,0.0548,0.0879,0.0561,0.0577,0.0218,0.0141,0.2074,-0.4516
Sawah_01,Sawah,0.0519,0.0884,0.0562,0.0562,0.0213,0.0,0.2227,-0.4503
Sawah_01,Sawah,0.0515,0.087,0.0556,0.0544,0.0213,-0.0109,0.2306,-0.4372
Sawah_01,Sawah,0.0495,0.0861,0.0548,0.0531,0.0216,-0.0158,0.2371,-0.4217
Sawah_01,Sawah,0.0496,0.0875,0.0543,0.0511,0.0216,-0.0304,0.2626,-0.4058
Sawah_01,Sawah,0.0491,0.0861,0.0542,0.0517,0.0236,-0.0236,0.2496,-0.3732
Sawah_01,Sawah,0.0488,0.0851,0.0552,0.0574,0.0236,0.0195,0.1944,-0.4173
Sawah_01,Sawah,0.0519,0.0875,0.0535,0.0559,0.0231,0.0219,0.2204,-0.4152
Sawah_01,Sawah,0.0508,0.0862,0.0533,0.0588,0.0231,0.0491,0.189,-0.4359
Sawah_01,Sawah,0.0508,0.0861,0.0521,0.0582,0.0511,0.0553,0.1933,-0.065
Sawah_01,Sawah,0.0501,0.0856,0.0573,0.0845,0.0511,0.1918,0.0065,-0.2463
Sawah_01,Sawah,0.0511,0.0828,0.0602,0.1556,0.0759,0.4421,-0.3054,-0.3443
Sawah_01,Sawah,0.0481,0.0842,0.058,0.0906,0.0476,0.2194,-0.0366,-0.3111
Sawah_01,Sawah,0.0504,0.0839,0.0556,0.0661,0.0273,0.0863,0.1187,-0.4154
Sawah_01,Sawah,0.0545,0.0838,0.0548,0.0597,0.0273,0.0428,0.1679,-0.3724
Sawah_01,Sawah,0.0558,0.0861,0.0551,0.0596,0.0209,0.0392,0.1819,-0.4807
Sawah_01,Sawah,0.0506,0.0879,0.0568,0.0585,0.0209,0.0147,0.2008,-0.4735
Sawah_01,Sawah,0.0475,0.0883,0.056,0.0596,0.0208,0.0311,0.194,-0.4826
Sawah_01,Sawah,0.0485,0.0869,0.0552,0.0591,0.0208,0.0341,0.1904,-0.4793
Sawah_01,Sawah,0.0512,0.0873,0.0563,0.059,0.0211,0.0234,0.1934,-0.4732
Sawah_01,Sawah,0.0477,0.0872,0.0559,0.0585,0.0211,0.0227,0.197,-0.4698
Sawah_01,Sawah,0.0471,0.0867,0.0554,0.0563,0.0218,0.0081,0.2126,-0.4417
Sawah_01,Sawah,0.0475,0.0889,0.0559,0.0549,0.0218,-0.009,0.2364,-0.4315
Sawah_01,Sawah,0.0506,0.0857,0.0557,0.0534,0.0213,-0.0211,0.2322,-0.4297
Sawah_01,Sawah,0.0494,0.087,0.0551,0.0507,0.0213,-0.0416,0.2636,-0.4083
Sawah_01,Sawah,0.0491,0.0866,0.056,0.0526,0.0216,-0.0313,0.2443,-0.4178
Sawah_01,Sawah,0.0486,0.0875,0.0554,0.0535,0.0216,-0.0174,0.2411,-0.4248
Sawah_01,Sawah,0.0492,0.0862,0.054,0.0517,0.0236,-0.0218,0.2502,-0.3732
Sawah_01,Sawah,0.0491,0.0866,0.0546,0.0528,0.0236,-0.0168,0.2425,-0.3822
Sawah_01,Sawah,0.0513,0.086,0.0562,0.0567,0.0231,0.0044,0.2053,-0.421
Sawah_01,Sawah,0.0493,0.0878,0.0525,0.0588,0.0231,0.0566,0.1978,-0.4359
Sawah_01,Sawah,0.0463,0.0881,0.0511,0.0536,0.0511,0.0239,0.2435,-0.0239
Sawah_01,Sawah,0.0508,0.0846,0.0602,0.0905,0.0511,0.2011,-0.0337,-0.2782
Sawah_01,Sawah,0.0486,0.0828,0.0533,0.0849,0.0581,0.2287,-0.0125,-0.1874
Sawah_01,Sawah,0.0503,0.0827,0.0518,0.0604,0.0433,0.0766,0.1558,-0.1649
Sawah_01,Sawah,0.0544,0.0822,0.0538,0.0607,0.0433,0.0603,0.1505,-0.1673
Sawah_01,Sawah,0.0541,0.0847,0.0576,0.0604,0.0327,0.0237,0.1675,-0.2975
Sawah_01,Sawah,0.0523,0.0878,0.0582,0.06,0.0327,0.0152,0.1881,-0.2945
Sawah_01,Sawah,0.0518,0.0886,0.0554,0.0589,0.0289,0.0306,0.2014,-0.3417
Sawah_01,Sawah,0.0539,0.0869,0.0583,0.0586,0.0289,0.0026,0.1945,-0.3394
Sawah_01,Sawah,0.0542,0.0856,0.0585,0.059,0.0252,0.0043,0.184,-0.4014
Sawah_01,Sawah,0.0545,0.0869,0.056,0.0578,0.0252,0.0158,0.2011,-0.3928
Sawah_01,Sawah,0.0467,0.0867,0.0566,0.0569,0.0237,0.0026,0.2075,-0.4119
Sawah_01,Sawah,0.0473,0.0863,0.0564,0.0556,0.0237,-0.0071,0.2163,-0.4023
Sawah_01,Sawah,0.0485,0.0858,0.0556,0.0555,0.023,-0.0009,0.2144,-0.414
Sawah_01,Sawah,0.0497,0.0875,0.0556,0.0525,0.023,-0.0287,0.25,-0.3907
Sawah_01,Sawah,0.0499,0.0865,0.0563,0.0538,0.0211,-0.0227,0.2331,-0.4366
Sawah_01,Sawah,0.0545,0.0879,0.0562,0.0554,0.0211,-0.0072,0.2268,-0.4484
Sawah_01,Sawah,0.0539,0.0862,0.0543,0.0522,0.021,-0.0197,0.2457,-0.4262
Sawah_01,Sawah,0.0535,0.084,0.0549,0.0544,0.021,-0.0046,0.2139,-0.443
Sawah_01,Sawah,0.0493,0.085,0.0546,0.0526,0.0178,-0.0187,0.2355,-0.4943
Sawah_01,Sawah,0.0476,0.0859,0.0519,0.0581,0.0178,0.0564,0.1931,-0.531
Sawah_01,Sawah,0.0446,0.0844,0.0514,0.0553,0.0542,0.0366,0.2083,-0.01
Sawah_01,Sawah,0.052,0.0858,0.0619,0.1106,0.0542,0.2823,-0.1263,-0.3422
Sawah_01,Sawah,0.0536,0.085,0.0604,0.1242,0.0581,0.3456,-0.1874,-0.3626
Sawah_01,Sawah,0.0528,0.0852,0.0575,0.1046,0.0581,0.2906,-0.1022,-0.2858
Sawah_01,Sawah,0.0521,0.0865,0.0588,0.0822,0.0433,0.166,0.0255,-0.31
Sawah_01,Sawah,0.0518,0.0851,0.0589,0.0769,0.0433,0.1325,0.0506,-0.2795
Sawah_01,Sawah,0.0536,0.0864,0.0575,0.0766,0.0327,0.1424,0.0601,-0.4016
Sawah_01,Sawah,0.0527,0.0884,0.0576,0.0705,0.0327,0.1007,0.1126,-0.3663
Sawah_01,Sawah,0.0563,0.0898,0.0558,0.0642,0.0289,0.07,0.1662,-0.3792
Sawah_01,Sawah,0.0551,0.087,0.0603,0.0634,0.0289,0.0251,0.1569,-0.3738
Sawah_01,Sawah,0.0543,0.0877,0.0598,0.0604,0.0252,0.005,0.1843,-0.4112
Sawah_01,Sawah,0.0544,0.0894,0.0572,0.0581,0.0252,0.0078,0.2122,-0.395
Sawah_01,Sawah,0.0496,0.0868,0.0562,0.0569,0.0237,0.0062,0.2081,-0.4119
Sawah_01,Sawah,0.0465,0.0878,0.0559,0.0553,0.0237,-0.0054,0.2271,-0.4
Sawah_01,Sawah,0.0474,0.087,0.0557,0.0562,0.023,0.0045,0.2151,-0.4192
Sawah_01,Sawah,0.0497,0.0849,0.0565,0.0571,0.023,0.0053,0.1958,-0.4257
Sawah_01,Sawah,0.0489,0.0856,0.055,0.053,0.0211,-0.0185,0.2352,-0.4305
Sawah_01,Sawah,0.0534,0.0864,0.0551,0.0515,0.0211,-0.0338,0.2531,-0.4187
Sawah_01,Sawah,0.0544,0.0848,0.057,0.0582,0.021,0.0104,0.186,-0.4697
Sawah_01,Sawah,0.0547,0.0831,0.0591,0.0583,0.021,-0.0068,0.1754,-0.4704
Sawah_01,Sawah,0.0518,0.0831,0.0583,0.0523,0.0178,-0.0542,0.2275,-0.4921
Sawah_01,Sawah,0.0465,0.0829,0.0511,0.0578,0.0178,0.0615,0.1784,-0.5291
Sawah_01,Sawah,0.0466,0.0846,0.0515,0.0578,0.0542,0.0576,0.1882,-0.0321
Sawah_01,Sawah,0.056,0.086,0.0651,0.1287,0.0542,0.3282,-0.1989,-0.4073
Sawah_01,Sawah,0.0608,0.0927,0.0689,0.1055,0.0451,0.2099,-0.0646,-0.4011
Sawah_01,Sawah,0.0618,0.0932,0.0683,0.105,0.0452,0.2118,-0.0595,-0.3981
Sawah_01,Sawah,0.0604,0.0925,0.0659,0.1025,0.0452,0.2173,-0.0513,-0.3879
Sawah_01,Sawah,0.0601,0.0923,0.0668,0.0975,0.0432,0.1869,-0.0274,-0.3859
Sawah_01,Sawah,0.0589,0.0928,0.0666,0.0948,0.0432,0.1747,-0.0107,-0.3739
Sawah_01,Sawah,0.0569,0.0916,0.064,0.0907,0.0384,0.1726,0.0049,-0.4051
Sawah_01,Sawah,0.0579,0.0916,0.0615,0.0844,0.0384,0.157,0.0409,-0.3746
Sawah_01,Sawah,0.0569,0.0894,0.0607,0.0806,0.0356,0.1408,0.0518,-0.3873
Sawah_01,Sawah,0.0569,0.0871,0.059,0.0777,0.0356,0.1368,0.057,-0.3716
Sawah_01,Sawah,0.053,0.0876,0.0587,0.0753,0.0362,0.1239,0.0755,-0.3507
Sawah_01,Sawah,0.0488,0.0858,0.0589,0.0705,0.0362,0.0896,0.0979,-0.3215
Sawah_01,Sawah,0.0505,0.0856,0.0582,0.0679,0.0356,0.0769,0.1153,-0.3121
Sawah_01,Sawah,0.0525,0.0854,0.0572,0.0638,0.0356,0.0545,0.1448,-0.2837
Sawah_01,Sawah,0.0527,0.0841,0.058,0.0623,0.041,0.0357,0.1489,-0.2062
Sawah_01,Sawah,0.0527,0.0861,0.0573,0.0621,0.041,0.0402,0.1619,-0.2047
Sawah_01,Sawah,0.0521,0.0821,0.0579,0.0615,0.0418,0.0302,0.1435,-0.1907
Sawah_01,Sawah,0.0498,0.0854,0.0521,0.0599,0.0418,0.0696,0.1755,-0.178
Sawah_01,Sawah,0.0461,0.0846,0.0524,0.0681,0.0694,0.1303,0.1081,0.0095
Sawah_01,Sawah,0.0534,0.0841,0.0632,0.1437,0.0694,0.3891,-0.2616,-0.3487
Sawah_01,Sawah,0.0589,0.0945,0.0624,0.0954,0.0356,0.2091,-0.0047,-0.4565
Sawah_01,Sawah,0.0573,0.093,0.066,0.0933,0.0362,0.1714,-0.0016,-0.4409
Sawah_01,Sawah,0.0558,0.0913,0.0664,0.0914,0.0362,0.1584,-0.0005,-0.4326
Sawah_01,Sawah,0.0589,0.0908,0.064,0.0918,0.0356,0.1784,-0.0055,-0.4411
Sawah_01,Sawah,0.0553,0.0888,0.0611,0.0929,0.0356,0.2065,-0.0226,-0.4459
Sawah_01,Sawah,0.0551,0.0865,0.0579,0.0941,0.041,0.2382,-0.0421,-0.393
Sawah_01,Sawah,0.0588,0.0911,0.0681,0.0986,0.041,0.183,-0.0395,-0.4126
Sawah_01,Sawah,0.052,0.0884,0.0648,0.095,0.0418,0.189,-0.036,-0.3889
Sawah_01,Sawah,0.0495,0.0857,0.0541,0.0817,0.0418,0.2032,0.0239,-0.3231
Sawah_01,Sawah,0.049,0.0833,0.0565,0.1067,0.0694,0.3076,-0.1232,-0.2118
Sawah_03,Sawah,0.0463,0.068,0.0488,0.1282,0.0596,0.4486,-0.3068,-0.3653
Sawah_03,Sawah,0.0462,0.0681,0.05,0.1321,0.0592,0.4508,-0.3197,-0.3811
Sawah_03,Sawah,0.0448,0.0679,0.0486,0.1344,0.0592,0.4688,-0.3287,-0.3884
Sawah_03,Sawah,0.0475,0.0659,0.0504,0.1335,0.0596,0.4519,-0.339,-0.3827
Sawah_03,Sawah,0.0486,0.0693,0.0494,0.1378,0.0596,0.4722,-0.3308,-0.3961
Sawah_03,Sawah,0.0469,0.0661,0.0503,0.0984,0.0592,0.3235,-0.1964,-0.2487
Sawah_03,Sawah,0.0455,0.0674,0.0486,0.1182,0.0592,0.4173,-0.2737,-0.3326
Sawah_03,Sawah,0.0456,0.0691,0.0478,0.1512,0.0619,0.5196,-0.3727,-0.4191
Sawah_03,Sawah,0.0493,0.0722,0.055,0.1574,0.0619,0.4821,-0.3711,-0.4355
Sawah_03,Sawah,0.0478,0.07,0.0527,0.1875,0.092,0.5612,-0.4563,-0.3417
Sawah_03,Sawah,0.0487,0.073,0.056,0.1606,0.0801,0.4829,-0.375,-0.3344
Sawah_03,Sawah,0.0487,0.0737,0.052,0.1512,0.0801,0.4882,-0.3446,-0.3074
Sawah_03,Sawah,0.047,0.0705,0.0516,0.1298,0.0766,0.4311,-0.2961,-0.2578
Sawah_03,Sawah,0.0475,0.0699,0.051,0.1191,0.0766,0.4004,-0.2603,-0.2172
Sawah_03,Sawah,0.0482,0.072,0.0528,0.1472,0.0927,0.472,-0.3431,-0.2272
Sawah_03,Sawah,0.0489,0.0766,0.0529,0.2017,0.0927,0.5844,-0.4495,-0.3702
Sawah_05,Sawah,0.0519,0.0789,0.0605,0.2058,0.0966,0.5456,-0.4457,-0.3611
Sawah_05,Sawah,0.0546,0.0896,0.0689,0.1631,0.0837,0.406,-0.2909,-0.3217
Sawah_05,Sawah,0.0511,0.0739,0.0565,0.2048,0.0966,0.5675,-0.4697,-0.359
Sawah_05,Sawah,0.0458,0.0695,0.05,0.1231,0.0966,0.4223,-0.2783,-0.1206
Sawah_05,Sawah,0.0551,0.0728,0.0625,0.125,0.0837,0.3333,-0.2639,-0.1979
Sawah_05,Sawah,0.0575,0.0883,0.0681,0.1502,0.0837,0.3761,-0.2595,-0.2843
Sawah_05,Sawah,0.0533,0.076,0.0659,0.2112,0.1084,0.5244,-0.4708,-0.3217
Sawah_05,Sawah,0.0516,0.0703,0.0506,0.1294,0.0718,0.4378,-0.2959,-0.2863
Sawah_05,Sawah,0.0526,0.0664,0.0518,0.0659,0.0718,0.1198,0.0038,0.0428
Sawah_05,Sawah,0.0479,0.0691,0.0524,0.0788,0.0596,0.2012,-0.0656,-0.1387
Sawah_05,Sawah,0.0485,0.0684,0.0588,0.1083,0.0596,0.2962,-0.2258,-0.2901
Sawah_05,Sawah,0.052,0.077,0.0659,0.1563,0.0806,0.4068,-0.3399,-0.3195
Sawah_05,Sawah,0.0552,0.0754,0.0679,0.2037,0.1084,0.5,-0.4597,-0.3053
Sawah_05,Sawah,0.0472,0.0663,0.0498,0.1086,0.0718,0.3712,-0.2419,-0.204
Sawah_05,Sawah,0.049,0.0659,0.0491,0.0661,0.0718,0.1476,-0.0015,0.0413
Sawah_05,Sawah,0.0479,0.0659,0.046,0.0625,0.0596,0.1521,0.0265,-0.0238
Sawah_05,Sawah,0.0488,0.0691,0.0566,0.086,0.0596,0.2062,-0.109,-0.1813
Sawah_05,Sawah,0.0492,0.0706,0.0576,0.1552,0.0806,0.4586,-0.3747,-0.3164
Sawah_05,Sawah,0.045,0.0694,0.051,0.1237,0.0641,0.4161,-0.2812,-0.3174
Sawah_05,Sawah,0.0483,0.0678,0.049,0.0986,0.0641,0.336,-0.1851,-0.212
Sawah_05,Sawah,0.0491,0.0654,0.0456,0.0828,0.0571,0.2897,-0.1174,-0.1837
Sawah_05,Sawah,0.0457,0.0707,0.0539,0.1057,0.0571,0.3246,-0.1984,-0.2985
Sawah_05,Sawah,0.0478,0.0665,0.0489,0.1475,0.0571,0.502,-0.3785,-0.4418
Sawah_10,Sawah,0.0498,0.0664,0.0545,0.0894,0.0418,0.2425,-0.1476,-0.3628
Sawah_10,Sawah,0.0453,0.0648,0.0497,0.0979,0.046,0.3266,-0.2034,-0.3607
Sawah_10,Sawah,0.046,0.0652,0.0528,0.1056,0.046,0.3333,-0.2365,-0.3931
Sawah_10,Sawah,0.0515,0.0699,0.0565,0.0896,0.0457,0.2266,-0.1235,-0.3245
Sawah_10,Sawah,0.0507,0.07,0.0538,0.1041,0.0457,0.3186,-0.1959,-0.3899
Sawah_10,Sawah,0.0498,0.0674,0.0533,0.1071,0.0555,0.3354,-0.2275,-0.3173
Sawah_10,Sawah,0.0539,0.073,0.0569,0.1163,0.0555,0.343,-0.2287,-0.3539
Sawah_10,Sawah,0.0529,0.0734,0.058,0.1207,0.0471,0.3509,-0.2437,-0.4386
Sawah_10,Sawah,0.05,0.0719,0.0582,0.1147,0.0471,0.3268,-0.2294,-0.4178
Sawah_10,Sawah,0.0514,0.0748,0.0595,0.1042,0.0457,0.2731,-0.1642,-0.3903
Sawah_10,Sawah,0.0517,0.076,0.0568,0.1075,0.0457,0.3086,-0.1717,-0.4034
Sawah_10,Sawah,0.052,0.0757,0.0644,0.1115,0.0555,0.2678,-0.1912,-0.3353
Sawah_10,Sawah,0.0548,0.0742,0.059,0.1164,0.0555,0.3273,-0.2214,-0.3543
Sawah_10,Sawah,0.051,0.0715,0.0558,0.1114,0.0471,0.3325,-0.2182,-0.4057
Sawah_10,Sawah,0.053,0.0717,0.0588,0.1036,0.0471,0.2759,-0.182,-0.3749
Sawah_10,Sawah,0.0526,0.0725,0.0608,0.0964,0.0478,0.2265,-0.1415,-0.337
Sawah_10,Sawah,0.0515,0.075,0.0572,0.1088,0.0767,0.3108,-0.1839,-0.173
Sawah_10,Sawah,0.0536,0.0773,0.0628,0.114,0.0795,0.2896,-0.1918,-0.1783
Sawah_10,Sawah,0.0558,0.0754,0.0679,0.1165,0.0872,0.2636,-0.2142,-0.1438
Sawah_10,Sawah,0.056,0.0759,0.069,0.1155,0.0872,0.252,-0.2069,-0.1396
Sawah_11,Sawah,0.051,0.0692,0.0659,0.1627,0.075,0.4234,-0.4032,-0.369
Sawah_11,Sawah,0.0525,0.0688,0.0612,0.1149,0.075,0.3049,-0.251,-0.2101
Sawah_11,Sawah,0.048,0.0701,0.0592,0.1158,0.075,0.3234,-0.2458,-0.2138
Sawah_11,Sawah,0.0515,0.0704,0.0599,0.1008,0.075,0.2545,-0.1776,-0.1468
Sawah_11,Sawah,0.0643,0.0789,0.0793,0.1064,0.0719,0.1459,-0.1484,-0.1935
Sawah_11,Sawah,0.0489,0.0652,0.051,0.0951,0.0418,0.3018,-0.1865,-0.3893
Sawah_11,Sawah,0.047,0.0658,0.0513,0.092,0.046,0.284,-0.166,-0.3333
Sawah_11,Sawah,0.047,0.0672,0.0532,0.1005,0.046,0.3077,-0.1986,-0.372
Sawah_11,Sawah,0.0497,0.0704,0.06,0.1055,0.0488,0.2749,-0.1995,-0.3675
Sawah_11,Sawah,0.0564,0.0742,0.0679,0.0983,0.0488,0.1829,-0.1397,-0.3365
Sawah_11,Sawah,0.0603,0.0763,0.0727,0.0858,0.0449,0.0826,-0.0586,-0.3129
Sawah_11,Sawah,0.0641,0.0825,0.0788,0.0848,0.0449,0.0367,-0.0137,-0.3076
Sawah_11,Sawah,0.0498,0.0664,0.0545,0.0894,0.0418,0.2425,-0.1476,-0.3628
Sawah_11,Sawah,0.0453,0.0648,0.0497,0.0979,0.046,0.3266,-0.2034,-0.3607
Sawah_11,Sawah,0.046,0.0652,0.0528,0.1056,0.046,0.3333,-0.2365,-0.3931
Sawah_11,Sawah,0.0455,0.0653,0.0569,0.1145,0.0488,0.3361,-0.2736,-0.4023
Sawah_11,Sawah,0.0492,0.0687,0.0573,0.1056,0.0488,0.2965,-0.2117,-0.3679
Sawah_11,Sawah,0.0552,0.0714,0.0614,0.0976,0.0449,0.2277,-0.155,-0.3698
Sawah_11,Sawah,0.0578,0.0762,0.0698,0.0936,0.0449,0.1457,-0.1025,-0.3516
Sawah_11,Sawah,0.0529,0.0734,0.058,0.1207,0.0471,0.3509,-0.2437,-0.4386
Sawah_11,Sawah,0.05,0.0719,0.0582,0.1147,0.0471,0.3268,-0.2294,-0.4178
Sawah_11,Sawah,0.0514,0.0718,0.0601,0.0998,0.0478,0.2483,-0.1632,-0.3523
Sawah_12,Sawah,0.0409,0.0698,0.059,0.2218,0.1179,0.5798,-0.5213,-0.3059
Sawah_12,Sawah,0.0414,0.0718,0.0579,0.1879,0.1131,0.5289,-0.4471,-0.2485
Sawah_12,Sawah,0.0402,0.0713,0.0564,0.2089,0.1131,0.5748,-0.4911,-0.2975
Sawah_12,Sawah,0.0428,0.0688,0.059,0.1768,0.0841,0.4996,-0.4397,-0.3553
Sawah_12,Sawah,0.0457,0.077,0.0623,0.1517,0.0841,0.4178,-0.3266,-0.2867
Sawah_12,Sawah,0.0419,0.0758,0.0614,0.0959,0.0833,0.2193,-0.1171,-0.0703
Sawah_12,Sawah,0.0432,0.0742,0.0578,0.1208,0.0833,0.3527,-0.239,-0.1837
Sawah_12,Sawah,0.0419,0.071,0.0598,0.2278,0.1004,0.5841,-0.5248,-0.3882
Sawah_12,Sawah,0.0475,0.0733,0.0666,0.1539,0.0841,0.3959,-0.3548,-0.2933
Sawah_12,Sawah,0.0559,0.0858,0.0695,0.1255,0.0841,0.2872,-0.1879,-0.1975
Sawah_12,Sawah,0.043,0.0757,0.0611,0.0927,0.0833,0.2055,-0.1009,-0.0534
Sawah_12,Sawah,0.0443,0.0739,0.0588,0.1268,0.0833,0.3664,-0.2636,-0.207
Sawah_12,Sawah,0.0445,0.0735,0.0606,0.1572,0.0844,0.4435,-0.3628,-0.3013
Sawah_12,Sawah,0.053,0.0804,0.0717,0.1332,0.0651,0.3001,-0.2472,-0.3434
Sawah_12,Sawah,0.0518,0.0899,0.071,0.1099,0.0651,0.215,-0.1001,-0.256
Sawah_12,Sawah,0.0467,0.0817,0.0645,0.1088,0.0754,0.2556,-0.1423,-0.1813
Sawah_12,Sawah,0.0449,0.0744,0.0665,0.1552,0.0754,0.4001,-0.3519,-0.3461
Sawah_12,Sawah,0.0451,0.0751,0.0649,0.1504,0.0844,0.3971,-0.3339,-0.2811
Sawah_12,Sawah,0.0553,0.0886,0.0734,0.1112,0.0651,0.2048,-0.1131,-0.2615
Sawah_12,Sawah,0.053,0.0854,0.0696,0.1053,0.0651,0.2041,-0.1044,-0.2359
Sawah_12,Sawah,0.0482,0.0772,0.0606,0.1415,0.0754,0.4003,-0.294,-0.3047
Sawah_12,Sawah,0.0404,0.0684,0.0561,0.1599,0.0679,0.4806,-0.4008,-0.4039
Sawah_12,Sawah,0.0508,0.0833,0.0683,0.1376,0.0679,0.3366,-0.2458,-0.3392
Sawah_12,Sawah,0.0555,0.0911,0.0729,0.1033,0.0651,0.1725,-0.0628,-0.2268
Sawah_12,Sawah,0.0495,0.0822,0.0676,0.1047,0.0651,0.2153,-0.1204,-0.2332
Sawah_12,Sawah,0.0427,0.0738,0.0655,0.1706,0.0865,0.4451,-0.3961,-0.3271
Sawah_12,Sawah,0.0391,0.0629,0.0496,0.1523,0.0956,0.5087,-0.4154,-0.2287
Sawah_12,Sawah,0.0475,0.0765,0.0644,0.1554,0.0679,0.414,-0.3402,-0.3918
Sawah_12,Sawah,0.0552,0.0887,0.0739,0.1178,0.0679,0.229,-0.1409,-0.2687
Sawah_12,Sawah,0.0505,0.087,0.069,0.1022,0.0651,0.1939,-0.0803,-0.2218
Sawah_12,Sawah,0.0459,0.08,0.0662,0.1355,0.0651,0.3436,-0.2575,-0.3509
Sawah_12,Sawah,0.0412,0.067,0.0606,0.157,0.0758,0.443,-0.4018,-0.3488
Sawah_12,Sawah,0.0495,0.0823,0.0678,0.1237,0.0557,0.2919,-0.201,-0.379
Sawah_12,Sawah,0.0525,0.0872,0.0715,0.0986,0.0557,0.1593,-0.0614,-0.278
Sawah_12,Sawah,0.0503,0.0829,0.0662,0.1151,0.0775,0.2697,-0.1626,-0.1952
Sawah_12,Sawah,0.0453,0.0762,0.0652,0.1555,0.0775,0.4092,-0.3423,-0.3348
Sawah_12,Sawah,0.0425,0.0612,0.0485,0.1417,0.0758,0.49,-0.3967,-0.303
Sawah_12,Sawah,0.046,0.0742,0.0667,0.1445,0.0758,0.3684,-0.3214,-0.3118
Sawah_12,Sawah,0.0521,0.0838,0.0711,0.1022,0.0557,0.1795,-0.0989,-0.2945
Sawah_12,Sawah,0.0479,0.0814,0.0683,0.1001,0.0557,0.1888,-0.103,-0.285
Sawah_12,Sawah,0.0442,0.0727,0.0624,0.1368,0.0775,0.3735,-0.306,-0.2767
Sawah_12,Sawah,0.0418,0.0693,0.0566,0.1519,0.0598,0.4571,-0.3734,-0.435
Sawah_12,Sawah,0.05,0.0819,0.0689,0.118,0.0598,0.2627,-0.1806,-0.3273
Sawah_12,Sawah,0.0514,0.0831,0.0692,0.094,0.0615,0.152,-0.0615,-0.209
Sawah_12,Sawah,0.043,0.0762,0.0635,0.1041,0.0615,0.2422,-0.1547,-0.2572
Sawah_12,Sawah,0.0454,0.0748,0.0648,0.1552,0.0811,0.4109,-0.3496,-0.3136
Sawah_12,Sawah,0.0441,0.0727,0.0592,0.1353,0.0598,0.3913,-0.301,-0.387
Sawah_12,Sawah,0.051,0.0798,0.067,0.1033,0.0598,0.2132,-0.1283,-0.2667
Sawah_12,Sawah,0.0485,0.0796,0.0653,0.0914,0.0615,0.1666,-0.069,-0.1956
Sawah_12,Sawah,0.0396,0.0712,0.0601,0.1302,0.0615,0.3684,-0.2929,-0.3584
Sawah_12,Sawah,0.0459,0.0758,0.0639,0.1191,0.0554,0.3016,-0.2222,-0.365
Sawah_12,Sawah,0.0478,0.081,0.0671,0.0971,0.0554,0.1827,-0.0904,-0.2734
Sawah_12,Sawah,0.0438,0.0741,0.0616,0.1073,0.0657,0.2706,-0.183,-0.2405
Sawah_12,Sawah,0.0406,0.0704,0.0595,0.1552,0.0657,0.4457,-0.3759,-0.4052
Sawah_12,Sawah,0.0437,0.073,0.0586,0.1386,0.0712,0.4057,-0.31,-0.3213
Sawah_12,Sawah,0.0503,0.0812,0.0672,0.1044,0.0554,0.2168,-0.125,-0.3066
Sawah_12,Sawah,0.0461,0.0778,0.0641,0.0958,0.0554,0.1982,-0.1037,-0.2672
Sawah_12,Sawah,0.0414,0.0699,0.0584,0.1405,0.0657,0.4128,-0.3355,-0.3628
Sawah_12,Sawah,0.0479,0.0761,0.0603,0.1123,0.0634,0.3013,-0.1921,-0.2783
Sawah_12,Sawah,0.0509,0.0824,0.0669,0.0981,0.0586,0.1891,-0.087,-0.2521
Sawah_12,Sawah,0.0411,0.0717,0.0597,0.1072,0.0586,0.2846,-0.1984,-0.2931
Sawah_12,Sawah,0.0433,0.0723,0.0558,0.125,0.0634,0.3827,-0.2671,-0.327
Sawah_12,Sawah,0.0446,0.0752,0.0611,0.0949,0.0634,0.2167,-0.1158,-0.199
Sawah_12,Sawah,0.0448,0.0779,0.0628,0.0928,0.0586,0.1928,-0.0873,-0.2259
Sawah_12,Sawah,0.0408,0.0715,0.0571,0.1389,0.0586,0.4173,-0.3203,-0.4066
Sawah_12,Sawah,0.0404,0.0726,0.0545,0.0924,0.0645,0.258,-0.12,-0.1778
Sawah_12,Sawah,0.041,0.0716,0.0573,0.0789,0.0645,0.1586,-0.0485,-0.1004
Sawah_12,Sawah,0.042,0.0702,0.0568,0.1095,0.0638,0.3169,-0.2187,-0.2637
Sawah_12,Sawah,0.047,0.0764,0.0637,0.1368,0.0914,0.3646,-0.2833,-0.1989
Sawah_12,Sawah,0.0378,0.0682,0.0511,0.0779,0.0645,0.2078,-0.0664,-0.0941
Sawah_12,Sawah,0.0387,0.0688,0.0542,0.0679,0.0645,0.1122,0.0066,-0.0257
Sawah_12,Sawah,0.043,0.0695,0.0582,0.1417,0.0638,0.4177,-0.3419,-0.3791
Sawah_12,Sawah,0.0381,0.0667,0.0489,0.1553,0.0994,0.5211,-0.3991,-0.2195
Sawah_12,Sawah,0.0393,0.0685,0.0527,0.1374,0.0994,0.4456,-0.3346,-0.1605
Sawah_13,Sawah,0.0418,0.0713,0.0581,0.21,0.1307,0.5666,-0.4931,-0.2328
Sawah_13,Sawah,0.0372,0.068,0.0541,0.2317,0.1179,0.6214,-0.5462,-0.3255
Sawah_13,Sawah,0.0383,0.0648,0.053,0.1786,0.1024,0.5423,-0.4675,-0.2712
Sawah_13,Sawah,0.0415,0.0631,0.0504,0.1672,0.1024,0.5368,-0.452,-0.2404
Sawah_13,Sawah,0.0428,0.0688,0.059,0.1768,0.0841,0.4996,-0.4397,-0.3553
Sawah_13,Sawah,0.0383,0.0626,0.0531,0.1822,0.0945,0.5487,-0.4886,-0.3169
Sawah_13,Sawah,0.0389,0.0616,0.0493,0.1637,0.1024,0.5371,-0.4532,-0.2304
Sawah_13,Sawah,0.0403,0.0653,0.0503,0.1596,0.1024,0.5207,-0.4193,-0.2183
Sawah_13,Sawah,0.041,0.0646,0.0548,0.1709,0.0965,0.5144,-0.4514,-0.2782
Sawah_13,Sawah,0.041,0.0631,0.0475,0.1497,0.0844,0.5183,-0.407,-0.2789
Sawah_13,Sawah,0.0445,0.0735,0.0606,0.1572,0.0844,0.4435,-0.3628,-0.3013
Sawah_13,Sawah,0.0415,0.0629,0.0546,0.1713,0.0965,0.5166,-0.4629,-0.2793
Sawah_13,Sawah,0.0419,0.0643,0.05,0.1533,0.0844,0.5081,-0.409,-0.2899
Sawah_15,Sawah,0.0523,0.0718,0.0606,0.1595,0.0986,0.4493,-0.3792,-0.236
Sawah_15,Sawah,0.0495,0.0715,0.0553,0.1797,0.0986,0.5294,-0.4307,-0.2914
Sawah_15,Sawah,0.0431,0.0681,0.0576,0.1545,0.0856,0.4569,-0.3881,-0.287
Sawah_15,Sawah,0.0524,0.0729,0.0618,0.1605,0.0986,0.444,-0.3753,-0.2389
Sawah_15,Sawah,0.0477,0.073,0.053,0.1388,0.0986,0.4473,-0.3107,-0.1693
Sawah_15,Sawah,0.0542,0.0838,0.0627,0.15,0.0856,0.4104,-0.2831,-0.2733
Sawah_15,Sawah,0.0485,0.0692,0.0609,0.1581,0.0856,0.4438,-0.3911,-0.2975
Sawah_15,Sawah,0.0528,0.0722,0.0657,0.1694,0.1215,0.4411,-0.4023,-0.1647
Sawah_15,Sawah,0.0509,0.0802,0.0594,0.1442,0.0813,0.4165,-0.2852,-0.2789
Sawah_15,Sawah,0.058,0.0881,0.0751,0.1268,0.0813,0.2561,-0.1801,-0.2186
Sawah_15,Sawah,0.0639,0.093,0.0781,0.1352,0.0821,0.2677,-0.1849,-0.2444
Sawah_15,Sawah,0.0507,0.077,0.0589,0.1494,0.0821,0.4345,-0.3198,-0.2907
Sawah_15,Sawah,0.0522,0.0742,0.0603,0.2,0.1215,0.5367,-0.4588,-0.2442
Sawah_15,Sawah,0.0519,0.077,0.0555,0.1456,0.0813,0.448,-0.3082,-0.2834
Sawah_15,Sawah,0.0485,0.079,0.0594,0.1302,0.0813,0.3734,-0.2447,-0.2312
Sawah_15,Sawah,0.0513,0.0742,0.0614,0.1702,0.0821,0.4698,-0.3928,-0.3492
Sawah_15,Sawah,0.0449,0.0696,0.0526,0.2074,0.1179,0.5954,-0.4975,-0.2751
Sawah_15,Sawah,0.0461,0.0697,0.0525,0.2014,0.1179,0.5864,-0.4858,-0.2615
Sawah_16,Sawah,0.0441,0.0621,0.0505,0.1165,0.0703,0.3952,-0.3046,-0.2473
Sawah_16,Sawah,0.0451,0.0714,0.0587,0.1385,0.0703,0.4047,-0.3197,-0.3266
Sawah_16,Sawah,0.0507,0.0804,0.0656,0.1456,0.0791,0.3788,-0.2885,-0.2959
Sawah_16,Sawah,0.0569,0.0895,0.0732,0.146,0.0791,0.3321,-0.2399,-0.2972
Sawah_16,Sawah,0.0444,0.0654,0.0569,0.131,0.0601,0.3944,-0.334,-0.371
Sawah_16,Sawah,0.041,0.0685,0.0554,0.0957,0.0601,0.2667,-0.1657,-0.2285
Sawah_16,Sawah,0.0407,0.0708,0.055,0.093,0.0655,0.2568,-0.1355,-0.1735
Sawah_16,Sawah,0.052,0.0764,0.0672,0.1097,0.0655,0.2402,-0.1789,-0.2523
Sawah_16,Sawah,0.0567,0.0833,0.0699,0.1455,0.0769,0.351,-0.2719,-0.3085
Sawah_16,Sawah,0.0437,0.0659,0.0576,0.1354,0.077,0.4031,-0.3453,-0.275
Sawah_16,Sawah,0.0431,0.0714,0.0529,0.1234,0.0601,0.3999,-0.2669,-0.345
Sawah_16,Sawah,0.0438,0.074,0.0586,0.0971,0.0601,0.2473,-0.135,-0.2354
Sawah_16,Sawah,0.057,0.0864,0.0644,0.0955,0.0655,0.1945,-0.05,-0.1863
Sawah_16,Sawah,0.049,0.08,0.061,0.0907,0.0655,0.1958,-0.0627,-0.1613
Sawah_16,Sawah,0.0462,0.0725,0.0626,0.1002,0.0769,0.231,-0.1604,-0.1316
Sawah_16,Sawah,0.0549,0.0821,0.0714,0.1428,0.0769,0.3333,-0.2699,-0.3
Sawah_16,Sawah,0.045,0.0689,0.0559,0.1408,0.0761,0.4316,-0.3429,-0.2983
Sawah_16,Sawah,0.0414,0.0696,0.0522,0.1146,0.0599,0.3741,-0.2443,-0.3135
Sawah_16,Sawah,0.0469,0.0717,0.0531,0.0985,0.0599,0.2995,-0.1575,-0.2437
Sawah_16,Sawah,0.0512,0.082,0.0652,0.1078,0.0412,0.2462,-0.1359,-0.447
Sawah_16,Sawah,0.0484,0.0792,0.0611,0.1018,0.0412,0.2498,-0.1249,-0.4238
Sawah_16,Sawah,0.0479,0.0735,0.0528,0.0875,0.0549,0.2473,-0.087,-0.2289
Sawah_16,Sawah,0.051,0.0737,0.0615,0.0912,0.0549,0.1945,-0.1061,-0.2485
Sawah_16,Sawah,0.0656,0.0874,0.0774,0.129,0.0851,0.25,-0.1922,-0.205
Sawah_16,Sawah,0.0444,0.0707,0.0564,0.1139,0.0599,0.3376,-0.234,-0.3107
Sawah_16,Sawah,0.0466,0.0722,0.0551,0.0994,0.0412,0.2867,-0.1585,-0.4139
Sawah_16,Sawah,0.0507,0.0794,0.0649,0.1005,0.0412,0.2152,-0.1173,-0.4185
Sawah_16,Sawah,0.0493,0.0781,0.0648,0.0933,0.0549,0.1803,-0.0887,-0.2591
Sawah_16,Sawah,0.0482,0.0756,0.0538,0.0834,0.0549,0.2157,-0.0491,-0.2061
Sawah_16,Sawah,0.0539,0.075,0.0631,0.1098,0.0851,0.2701,-0.1883,-0.1267
Sawah_16,Sawah,0.0501,0.0764,0.0627,0.1357,0.0851,0.3679,-0.2796,-0.2292
Sawah_16,Sawah,0.0521,0.0808,0.0688,0.1641,0.0939,0.4092,-0.3401,-0.2721
Sawah_16,Sawah,0.0489,0.0748,0.0569,0.1089,0.0597,0.3136,-0.1856,-0.2918
Sawah_16,Sawah,0.0452,0.0714,0.0563,0.1046,0.0597,0.3002,-0.1886,-0.2733
Sawah_16,Sawah,0.05,0.0737,0.0589,0.0925,0.0601,0.2219,-0.1131,-0.2123
Sawah_16,Sawah,0.0444,0.0696,0.0574,0.1108,0.0601,0.3175,-0.2284,-0.2967
Sawah_16,Sawah,0.0459,0.0696,0.0565,0.1122,0.0822,0.3302,-0.2343,-0.1543
Sawah_16,Sawah,0.0473,0.074,0.0652,0.1672,0.1084,0.4389,-0.3864,-0.2134
Sawah_16,Sawah,0.0479,0.0724,0.0581,0.1064,0.0597,0.2936,-0.1902,-0.2812
Sawah_16,Sawah,0.0443,0.0709,0.0565,0.1129,0.0601,0.3329,-0.2285,-0.3052
Sawah_18,Sawah,0.0558,0.0794,0.064,0.1543,0.0765,0.4136,-0.3205,-0.3371
Sawah_18,Sawah,0.0517,0.0804,0.0705,0.1458,0.0759,0.3481,-0.2891,-0.3153
Sawah_18,Sawah,0.0475,0.072,0.0626,0.121,0.0759,0.3181,-0.2539,-0.229
Sawah_18,Sawah,0.0507,0.0745,0.0618,0.1462,0.0765,0.4058,-0.3249,-0.313
Sawah_18,Sawah,0.0594,0.0958,0.0731,0.1343,0.0765,0.2951,-0.1673,-0.2742
Sawah_18,Sawah,0.0626,0.1058,0.0823,0.1049,0.0759,0.1207,0.0043,-0.1604
Sawah_18,Sawah,0.0642,0.1029,0.0793,0.1257,0.0759,0.2263,-0.0997,-0.247
Sawah_18,Sawah,0.063,0.0939,0.0764,0.1423,0.0746,0.3013,-0.2049,-0.3121
Sawah_18,Sawah,0.0501,0.0804,0.0647,0.1321,0.0746,0.3425,-0.2433,-0.2782
Sawah_18,Sawah,0.0555,0.0846,0.0643,0.1519,0.0791,0.4052,-0.2846,-0.3152
Sawah_18,Sawah,0.064,0.103,0.0772,0.111,0.0791,0.1796,-0.0374,-0.1678
Sawah_18,Sawah,0.0668,0.1066,0.0838,0.0903,0.0524,0.0373,0.0828,-0.2656
Sawah_18,Sawah,0.0693,0.1122,0.0835,0.0914,0.0524,0.0452,0.1022,-0.2712
Sawah_18,Sawah,0.0801,0.1155,0.0949,0.103,0.0581,0.0409,0.0572,-0.2787
Sawah_18,Sawah,0.0812,0.1112,0.0835,0.1302,0.0581,0.2185,-0.0787,-0.3829
Sawah_18,Sawah,0.0631,0.0969,0.0813,0.1367,0.0797,0.2541,-0.1704,-0.2634
Sawah_18,Sawah,0.0489,0.0753,0.0591,0.1688,0.0797,0.4813,-0.383,-0.3585
Sawah_18,Sawah,0.0507,0.0804,0.0656,0.1456,0.0791,0.3788,-0.2885,-0.2959
Sawah_18,Sawah,0.0569,0.0895,0.0732,0.146,0.0791,0.3321,-0.2399,-0.2972
Sawah_18,Sawah,0.0586,0.1011,0.0787,0.1209,0.0524,0.2114,-0.0892,-0.3953
Sawah_18,Sawah,0.0659,0.1088,0.083,0.0989,0.0524,0.0874,0.0477,-0.3073
Sawah_18,Sawah,0.0764,0.1202,0.0928,0.0959,0.0581,0.0164,0.1124,-0.2455
Sawah_18,Sawah,0.0841,0.1128,0.0897,0.1102,0.0581,0.1026,0.0117,-0.3096
Sawah_18,Sawah,0.0806,0.1094,0.0874,0.1067,0.0797,0.0994,0.0125,-0.1448
Sawah_18,Sawah,0.0599,0.0938,0.07,0.1315,0.0797,0.3052,-0.1673,-0.2453
Sawah_18,Sawah,0.0473,0.0819,0.0624,0.1956,0.1063,0.5163,-0.4097,-0.2958
Sawah_18,Sawah,0.0567,0.0833,0.0699,0.1455,0.0769,0.351,-0.2719,-0.3085
Sawah_18,Sawah,0.0612,0.1012,0.0754,0.1316,0.0769,0.2715,-0.1306,-0.2623
Sawah_18,Sawah,0.0651,0.1106,0.0808,0.1006,0.0639,0.1092,0.0473,-0.2231
Sawah_18,Sawah,0.0685,0.1249,0.0939,0.0863,0.0639,-0.0422,0.1828,-0.1491
Sawah_18,Sawah,0.0773,0.1075,0.079,0.0969,0.0682,0.1018,0.0519,-0.1738
Sawah_18,Sawah,0.0589,0.0989,0.071,0.1011,0.0682,0.1749,-0.011,-0.1943
Sawah_18,Sawah,0.0535,0.0853,0.0694,0.1348,0.1123,0.3203,-0.2249,-0.0911
Sawah_18,Sawah,0.0549,0.0821,0.0714,0.1428,0.0769,0.3333,-0.2699,-0.3
Sawah_18,Sawah,0.0685,0.1022,0.0775,0.153,0.0639,0.3275,-0.1991,-0.4108
Sawah_18,Sawah,0.0599,0.1038,0.0722,0.1271,0.0639,0.2755,-0.1009,-0.3309
Sawah_18,Sawah,0.054,0.0936,0.066,0.1199,0.0682,0.2899,-0.1232,-0.2749
Sawah_18,Sawah,0.0546,0.0945,0.0718,0.1019,0.0682,0.1733,-0.0377,-0.1981
Sawah_18,Sawah,0.0525,0.0811,0.0656,0.1649,0.1123,0.4308,-0.3406,-0.1898
Sawah_18,Sawah,0.054,0.0844,0.0668,0.1476,0.0939,0.3769,-0.2724,-0.2224
Sawah_19,Sawah,0.044,0.0768,0.0572,0.2166,0.1122,0.5822,-0.4765,-0.3175
Sawah_19,Sawah,0.0488,0.0742,0.0595,0.1975,0.1122,0.537,-0.4538,-0.2754
Sawah_19,Sawah,0.0441,0.0775,0.0547,0.2061,0.1074,0.5805,-0.4535,-0.3148
Sawah_19,Sawah,0.0457,0.0822,0.0518,0.1218,0.1122,0.4032,-0.1941,-0.041
Sawah_19,Sawah,0.0505,0.0782,0.0549,0.1225,0.1122,0.3811,-0.2207,-0.0439
Sawah_19,Sawah,0.0518,0.0775,0.0667,0.158,0.1154,0.4063,-0.3418,-0.1558
Sawah_19,Sawah,0.0421,0.0745,0.0536,0.2025,0.0803,0.5814,-0.4621,-0.4321
Sawah_19,Sawah,0.0484,0.0757,0.0525,0.1399,0.0803,0.4543,-0.2978,-0.2707
Sawah_19,Sawah,0.0432,0.0717,0.0463,0.0774,0.0703,0.2514,-0.0382,-0.0481
Sawah_19,Sawah,0.0498,0.0782,0.0544,0.0947,0.0703,0.2703,-0.0954,-0.1479
Sawah_19,Sawah,0.0402,0.0694,0.0543,0.1949,0.0823,0.5642,-0.4748,-0.4062
Sawah_19,Sawah,0.0461,0.0744,0.053,0.1633,0.0803,0.5099,-0.374,-0.3407
Sawah_19,Sawah,0.0463,0.0698,0.0494,0.0845,0.0803,0.2621,-0.0953,-0.0255
Sawah_19,Sawah,0.0449,0.0676,0.0494,0.0856,0.0703,0.2681,-0.1175,-0.0981
Sawah_19,Sawah,0.0559,0.0814,0.0637,0.1063,0.0703,0.2506,-0.1327,-0.2038
Sawah_19,Sawah,0.0429,0.074,0.0505,0.1908,0.0836,0.5814,-0.4411,-0.3907
Sawah_19,Sawah,0.0446,0.0717,0.0481,0.1027,0.0619,0.3621,-0.1778,-0.2479
Sawah_19,Sawah,0.0445,0.0668,0.0488,0.0764,0.0619,0.2204,-0.067,-0.1048
Sawah_19,Sawah,0.0489,0.0739,0.0596,0.0958,0.0706,0.2329,-0.1291,-0.1514
Sawah_19,Sawah,0.0419,0.0689,0.0487,0.2013,0.0836,0.6104,-0.49,-0.4131
Sawah_19,Sawah,0.0492,0.0759,0.0478,0.1257,0.0836,0.449,-0.247,-0.2011
Sawah_19,Sawah,0.0455,0.0739,0.0471,0.0783,0.0619,0.2488,-0.0289,-0.117
Sawah_19,Sawah,0.0517,0.0751,0.0482,0.0927,0.0619,0.3158,-0.1049,-0.1992
Sawah_19,Sawah,0.0547,0.0781,0.062,0.1174,0.0706,0.3088,-0.201,-0.2489
Sawah_19,Sawah,0.0461,0.0734,0.053,0.2306,0.1063,0.6262,-0.5171,-0.369
Sawah_19,Sawah,0.0492,0.0786,0.0559,0.1548,0.1063,0.4694,-0.3265,-0.1858
Sawah_19,Sawah,0.0466,0.0771,0.0495,0.0948,0.0833,0.3139,-0.103,-0.0646
Sawah_19,Sawah,0.0556,0.0782,0.0599,0.1173,0.0833,0.3239,-0.2,-0.1695
Sawah_19,Sawah,0.0486,0.078,0.0594,0.2258,0.1063,0.5834,-0.4865,-0.3598
Sawah_19,Sawah,0.0569,0.0814,0.0641,0.1462,0.0833,0.3904,-0.2847,-0.2741
Sawah_19,Sawah,0.0573,0.0794,0.0616,0.1157,0.0833,0.3051,-0.1861,-0.1628
Sawah_21,Sawah,0.0559,0.0729,0.0652,0.1357,0.0746,0.3509,-0.3011,-0.2905
Sawah_21,Sawah,0.0551,0.0775,0.0652,0.1179,0.0746,0.2878,-0.2068,-0.2249
Sawah_21,Sawah,0.0551,0.0744,0.0642,0.1323,0.0778,0.3466,-0.2801,-0.2594
Sawah_21,Sawah,0.0589,0.0767,0.0698,0.1285,0.0778,0.296,-0.2524,-0.2458
Sawah_21,Sawah,0.0637,0.0865,0.072,0.125,0.0586,0.269,-0.182,-0.3617
Sawah_21,Sawah,0.0567,0.08,0.064,0.1149,0.0586,0.2845,-0.1791,-0.3245
Sawah_21,Sawah,0.0533,0.0746,0.0574,0.1143,0.0575,0.3314,-0.2102,-0.3306
Sawah_21,Sawah,0.0514,0.0725,0.0618,0.1192,0.0575,0.3171,-0.2436,-0.3492
Sawah_21,Sawah,0.0576,0.0742,0.0658,0.1198,0.0623,0.2909,-0.2351,-0.3158
Sawah_21,Sawah,0.0564,0.0712,0.0667,0.1266,0.0623,0.3099,-0.2801,-0.3404
Sawah_21,Sawah,0.0574,0.0825,0.0705,0.1212,0.0586,0.2645,-0.19,-0.3482
Sawah_21,Sawah,0.0541,0.075,0.058,0.1175,0.0586,0.339,-0.2208,-0.3345
Sawah_21,Sawah,0.0522,0.0754,0.0553,0.1201,0.0575,0.3694,-0.2286,-0.3525
Sawah_21,Sawah,0.0494,0.0731,0.056,0.1189,0.0575,0.3596,-0.2385,-0.3481
Sawah_21,Sawah,0.0498,0.0724,0.0591,0.1142,0.0623,0.3179,-0.224,-0.294
Sawah_21,Sawah,0.0502,0.067,0.0582,0.1094,0.0623,0.3055,-0.2404,-0.2743
Sawah_21,Sawah,0.048,0.0701,0.0592,0.1158,0.075,0.3234,-0.2458,-0.2138
Sawah_21,Sawah,0.0487,0.0681,0.0515,0.111,0.0386,0.3662,-0.2395,-0.484
Sawah_21,Sawah,0.0486,0.0683,0.0532,0.1046,0.0386,0.3257,-0.2099,-0.4609
Sawah_21,Sawah,0.0494,0.0695,0.0529,0.103,0.0418,0.3214,-0.1942,-0.4226
Sawah_21,Sawah,0.0489,0.0652,0.051,0.0951,0.0418,0.3018,-0.1865,-0.3893
Sawah_21,Sawah,0.0494,0.0695,0.053,0.0863,0.0418,0.2391,-0.1078,-0.3474
Sawah_21,Sawah,0.0498,0.0664,0.0545,0.0894,0.0418,0.2425,-0.1476,-0.3628
Sawah_22,Sawah,0.0574,0.0825,0.0705,0.1212,0.0586,0.2645,-0.19,-0.3482
Sawah_22,Sawah,0.0541,0.075,0.058,0.1175,0.0586,0.339,-0.2208,-0.3345
Sawah_22,Sawah,0.0553,0.0787,0.0623,0.1148,0.0435,0.2964,-0.1866,-0.4504
Sawah_22,Sawah,0.0518,0.0803,0.0632,0.1151,0.0451,0.2911,-0.1781,-0.437
Sawah_22,Sawah,0.0499,0.0731,0.0534,0.1127,0.0451,0.357,-0.2131,-0.4284
Sawah_22,Sawah,0.0487,0.0681,0.0515,0.111,0.0386,0.3662,-0.2395,-0.484
Sawah_22,Sawah,0.0486,0.0683,0.0532,0.1046,0.0386,0.3257,-0.2099,-0.4609
Sawah_22,Sawah,0.0494,0.0695,0.0529,0.103,0.0418,0.3214,-0.1942,-0.4226
Sawah_22,Sawah,0.0503,0.0736,0.0555,0.1069,0.0435,0.3165,-0.1845,-0.4215
Sawah_22,Sawah,0.0494,0.0726,0.0529,0.1098,0.0451,0.3497,-0.2039,-0.4177
Sawah_22,Sawah,0.0456,0.0682,0.0506,0.1051,0.0451,0.35,-0.2129,-0.3995
Sawah_22,Sawah,0.0469,0.065,0.0494,0.0966,0.0386,0.3233,-0.1955,-0.429
Sawah_22,Sawah,0.05,0.0673,0.054,0.082,0.0386,0.2059,-0.0985,-0.3599
Sawah_22,Sawah,0.0494,0.0695,0.053,0.0863,0.0418,0.2391,-0.1078,-0.3474
Sawah_22,Sawah,0.0498,0.0664,0.0545,0.0894,0.0418,0.2425,-0.1476,-0.3628
Sawah_22,Sawah,0.048,0.0677,0.0504,0.1037,0.0405,0.3459,-0.21,-0.4383
Sawah_22,Sawah,0.0484,0.0668,0.0501,0.1004,0.0405,0.3342,-0.201,-0.4251
Sawah_22,Sawah,0.0487,0.0682,0.0518,0.0958,0.0425,0.2981,-0.1683,-0.3854
Sawah_22,Sawah,0.0492,0.0677,0.0556,0.0875,0.0425,0.2229,-0.1276,-0.3462
Sawah_22,Sawah,0.0515,0.0699,0.0565,0.0896,0.0457,0.2266,-0.1235,-0.3245
Sawah_22,Sawah,0.0498,0.0721,0.0579,0.1094,0.0425,0.3078,-0.2055,-0.4404
Sawah_22,Sawah,0.0522,0.0718,0.0549,0.108,0.0425,0.326,-0.2013,-0.4352
Sawah_22,Sawah,0.0514,0.0748,0.0595,0.1042,0.0457,0.2731,-0.1642,-0.3903
Sawah_23,Sawah,0.0546,0.0774,0.0667,0.1357,0.0704,0.3409,-0.2736,-0.3168
Sawah_23,Sawah,0.0541,0.0732,0.0654,0.1455,0.0704,0.3798,-0.3306,-0.3478
Sawah_23,Sawah,0.0581,0.0829,0.0709,0.1278,0.0704,0.2864,-0.2131,-0.2896
Sawah_23,Sawah,0.0584,0.0804,0.067,0.1331,0.0704,0.3303,-0.2468,-0.3081
Sawah_23,Sawah,0.0609,0.0803,0.0685,0.1375,0.0738,0.3349,-0.2626,-0.3015
Sawah_23,Sawah,0.0506,0.0712,0.0628,0.142,0.0738,0.3867,-0.3321,-0.316
Sawah_23,Sawah,0.0635,0.0888,0.0736,0.1259,0.0665,0.2622,-0.1728,-0.3087
Sawah_23,Sawah,0.0619,0.0901,0.0839,0.1232,0.0699,0.1898,-0.1552,-0.276
Sawah_23,Sawah,0.0601,0.0898,0.0753,0.1089,0.0699,0.1824,-0.0961,-0.2181
Sawah_23,Sawah,0.0606,0.0895,0.0678,0.1085,0.071,0.2309,-0.096,-0.2089
Sawah_23,Sawah,0.0599,0.082,0.071,0.1311,0.071,0.2974,-0.2304,-0.2974
Sawah_23,Sawah,0.0596,0.0787,0.0692,0.1437,0.0746,0.3499,-0.2923,-0.3165
Sawah_23,Sawah,0.0559,0.0729,0.0652,0.1357,0.0746,0.3509,-0.3011,-0.2905
Sawah_23,Sawah,0.0622,0.0895,0.0801,0.1251,0.0699,0.2193,-0.1659,-0.2831
Sawah_23,Sawah,0.0583,0.0903,0.0811,0.1155,0.0699,0.175,-0.1224,-0.246
Sawah_23,Sawah,0.0651,0.0964,0.0841,0.1201,0.071,0.1763,-0.1095,-0.2569
Sawah_23,Sawah,0.0635,0.0931,0.0749,0.1177,0.071,0.2222,-0.1167,-0.2475
Sawah_23,Sawah,0.0582,0.0809,0.0685,0.1249,0.0746,0.2916,-0.2138,-0.2521
Sawah_23,Sawah,0.0602,0.0901,0.0823,0.1277,0.0567,0.2162,-0.1726,-0.385
Sawah_23,Sawah,0.063,0.0906,0.0742,0.1243,0.0567,0.2524,-0.1568,-0.3735
Sawah_23,Sawah,0.0637,0.0865,0.072,0.125,0.0586,0.269,-0.182,-0.3617
Sawah_24,Sawah,0.0647,0.0952,0.0772,0.1299,0.0665,0.2545,-0.1542,-0.3228
Sawah_24,Sawah,0.0622,0.0895,0.0801,0.1251,0.0699,0.2193,-0.1659,-0.2831
Sawah_24,Sawah,0.0583,0.0903,0.0811,0.1155,0.0699,0.175,-0.1224,-0.246
Sawah_24,Sawah,0.0561,0.0837,0.0646,0.149,0.0574,0.3951,-0.2806,-0.4438
Sawah_24,Sawah,0.0616,0.0889,0.0736,0.1324,0.0574,0.2854,-0.1966,-0.3952
Sawah_24,Sawah,0.0602,0.0939,0.0726,0.1231,0.0547,0.258,-0.1346,-0.3847
Sawah_24,Sawah,0.0591,0.0878,0.0725,0.1257,0.0547,0.2684,-0.1775,-0.3936
Sawah_24,Sawah,0.0602,0.0901,0.0823,0.1277,0.0567,0.2162,-0.1726,-0.385
Sawah_24,Sawah,0.063,0.0906,0.0742,0.1243,0.0567,0.2524,-0.1568,-0.3735
Sawah_24,Sawah,0.0557,0.0798,0.0638,0.1263,0.0574,0.3288,-0.2256,-0.3751
Sawah_24,Sawah,0.056,0.0798,0.0647,0.1159,0.0547,0.2835,-0.1845,-0.3587
Sawah_24,Sawah,0.0576,0.0825,0.063,0.1232,0.0547,0.3233,-0.1979,-0.385
Sawah_24,Sawah,0.059,0.0869,0.0652,0.1263,0.0567,0.3191,-0.1848,-0.3803
Sawah_24,Sawah,0.0593,0.085,0.0713,0.124,0.0567,0.2698,-0.1866,-0.3724
Sawah_24,Sawah,0.0574,0.0825,0.0705,0.1212,0.0586,0.2645,-0.19,-0.3482
Sawah_24,Sawah,0.0502,0.0735,0.0574,0.1149,0.0394,0.3337,-0.2197,-0.4893
Sawah_24,Sawah,0.0536,0.0765,0.0589,0.1178,0.0435,0.3333,-0.2126,-0.4606
Sawah_24,Sawah,0.0553,0.0787,0.0623,0.1148,0.0435,0.2964,-0.1866,-0.4504
Sawah_24,Sawah,0.0503,0.0736,0.0555,0.1069,0.0435,0.3165,-0.1845,-0.4215
Sawah_25,Sawah,0.0483,0.077,0.0613,0.1405,0.0676,0.3925,-0.292,-0.3503
Sawah_25,Sawah,0.0543,0.0806,0.0633,0.1395,0.0574,0.3757,-0.2676,-0.417
Sawah_25,Sawah,0.0557,0.0798,0.0638,0.1263,0.0574,0.3288,-0.2256,-0.3751
Sawah_25,Sawah,0.056,0.0798,0.0647,0.1159,0.0547,0.2835,-0.1845,-0.3587
Sawah_25,Sawah,0.0509,0.077,0.0623,0.132,0.0737,0.3587,-0.2632,-0.2834
Sawah_25,Sawah,0.0507,0.0751,0.0552,0.1144,0.0468,0.3491,-0.2074,-0.4194
Sawah_25,Sawah,0.0482,0.0715,0.0546,0.1016,0.0468,0.3009,-0.1739,-0.3693
Sawah_25,Sawah,0.0501,0.0749,0.0562,0.1154,0.0394,0.345,-0.2128,-0.491
Sawah_25,Sawah,0.0502,0.0735,0.0574,0.1149,0.0394,0.3337,-0.2197,-0.4893
Sawah_25,Sawah,0.0536,0.0765,0.0589,0.1178,0.0435,0.3333,-0.2126,-0.4606
Sawah_25,Sawah,0.0509,0.076,0.0623,0.1264,0.0737,0.3397,-0.249,-0.2634
Sawah_25,Sawah,0.0497,0.0706,0.0534,0.0933,0.0468,0.272,-0.1385,-0.3319
Sawah_25,Sawah,0.0476,0.0684,0.0498,0.0909,0.0468,0.2921,-0.1412,-0.3203
Sawah_25,Sawah,0.0463,0.0675,0.0499,0.1039,0.0394,0.3511,-0.2124,-0.4501
Sawah_25,Sawah,0.0446,0.0682,0.051,0.1075,0.0394,0.3565,-0.2237,-0.4636
Sawah_25,Sawah,0.0496,0.0722,0.0528,0.1066,0.0435,0.3375,-0.1924,-0.4204
Sawah_25,Sawah,0.0488,0.0696,0.0528,0.0919,0.0539,0.2702,-0.1381,-0.2606
Sawah_25,Sawah,0.0461,0.0667,0.0507,0.0964,0.0432,0.3107,-0.1821,-0.3811
Sawah_25,Sawah,0.0455,0.0695,0.0517,0.1026,0.0432,0.3299,-0.1923,-0.4074
Sawah_25,Sawah,0.0494,0.0699,0.0521,0.0974,0.0411,0.303,-0.1644,-0.4065
Sawah_25,Sawah,0.0461,0.0699,0.0545,0.0993,0.0432,0.2913,-0.1738,-0.3937
Sawah_25,Sawah,0.0495,0.0698,0.054,0.0994,0.0411,0.296,-0.1749,-0.4149
Sawah_27,Sawah,0.0524,0.0767,0.0697,0.1381,0.0737,0.3292,-0.2858,-0.3041
Sawah_27,Sawah,0.0509,0.076,0.0623,0.1264,0.0737,0.3397,-0.249,-0.2634
Sawah_27,Sawah,0.0497,0.0706,0.0534,0.0933,0.0468,0.272,-0.1385,-0.3319
Sawah_27,Sawah,0.0588,0.0812,0.0753,0.1584,0.0919,0.3556,-0.3222,-0.2657
Sawah_27,Sawah,0.0548,0.0814,0.0657,0.1268,0.0919,0.3174,-0.2181,-0.1596
Sawah_27,Sawah,0.0522,0.0756,0.0562,0.0929,0.0539,0.2461,-0.1027,-0.2657
Sawah_27,Sawah,0.0488,0.0696,0.0528,0.0919,0.0539,0.2702,-0.1381,-0.2606
Sawah_27,Sawah,0.0461,0.0667,0.0507,0.0964,0.0432,0.3107,-0.1821,-0.3811
Sawah_27,Sawah,0.0586,0.0817,0.0807,0.1604,0.0919,0.3306,-0.3251,-0.2715
Sawah_27,Sawah,0.0573,0.0834,0.0732,0.1456,0.0919,0.3309,-0.2716,-0.2261
Sawah_27,Sawah,0.0531,0.0776,0.0604,0.1162,0.0539,0.316,-0.1992,-0.3663
Sawah_27,Sawah,0.0499,0.0743,0.058,0.1014,0.0539,0.2723,-0.1542,-0.3059
Sawah_27,Sawah,0.047,0.0702,0.0541,0.0998,0.0432,0.2969,-0.1741,-0.3958
Sawah_27,Sawah,0.0461,0.0699,0.0545,0.0993,0.0432,0.2913,-0.1738,-0.3937
Sawah_27,Sawah,0.0535,0.0774,0.0666,0.131,0.0852,0.3259,-0.2572,-0.2118
Sawah_27,Sawah,0.0517,0.0765,0.0626,0.1298,0.0895,0.3493,-0.2584,-0.1838
Sawah_27,Sawah,0.0531,0.0753,0.0603,0.1257,0.0895,0.3516,-0.2507,-0.1682
Sawah_29,Sawah,0.0882,0.1086,0.115,0.1441,0.1123,0.1123,-0.1405,-0.124
Sawah_29,Sawah,0.0842,0.1025,0.0983,0.0953,0.0794,-0.0155,0.0364,-0.091
Sawah_29,Sawah,0.0826,0.1059,0.1115,0.1366,0.1123,0.1012,-0.1266,-0.0976
Sawah_29,Sawah,0.0824,0.0964,0.1024,0.098,0.0794,-0.022,-0.0082,-0.1048
Sawah_29,Sawah,0.0833,0.103,0.092,0.0988,0.0794,0.0356,0.0208,-0.1089
Sawah_29,Sawah,0.0757,0.1007,0.0972,0.0883,0.0638,-0.048,0.0656,-0.1611
Sawah_29,Sawah,0.0861,0.1038,0.1085,0.1201,0.0866,0.0507,-0.0728,-0.1621
Sawah_29,Sawah,0.0819,0.0952,0.103,0.1057,0.0866,0.0129,-0.0523,-0.0993
Sawah_29,Sawah,0.077,0.095,0.0948,0.0919,0.0841,-0.0155,0.0166,-0.0443
Sawah_29,Sawah,0.0797,0.0945,0.0958,0.0944,0.0841,-0.0074,0.0005,-0.0577
Sawah_29,Sawah,0.0778,0.0964,0.1013,0.1085,0.0841,0.0343,-0.0591,-0.1267
Sawah_30,Sawah,0.0536,0.0731,0.0595,0.1325,0.0888,0.3802,-0.2889,-0.1975
Sawah_30,Sawah,0.0467,0.07,0.0521,0.1549,0.0888,0.4966,-0.3775,-0.2712
Sawah_30,Sawah,0.0534,0.0737,0.056,0.1908,0.1682,0.5462,-0.4427,-0.063
Sawah_30,Sawah,0.0537,0.0743,0.0589,0.1353,0.0797,0.3934,-0.291,-0.2586
Sawah_30,Sawah,0.0431,0.0646,0.0488,0.1283,0.0771,0.4489,-0.3302,-0.2493
Sawah_30,Sawah,0.0371,0.0485,0.0374,0.0864,0.0771,0.3958,-0.2809,-0.0569
Sawah_30,Sawah,0.0438,0.0614,0.0449,0.1418,0.1131,0.519,-0.3957,-0.1126
Sawah_30,Sawah,0.0483,0.075,0.0565,0.2366,0.1131,0.6145,-0.5186,-0.3532
Sawah_30,Sawah,0.051,0.0718,0.0579,0.1386,0.0797,0.4107,-0.3175,-0.2698
Sawah_30,Sawah,0.0397,0.0608,0.047,0.1248,0.0797,0.4528,-0.3448,-0.2205
Sawah_30,Sawah,0.0342,0.0485,0.0359,0.0756,0.0771,0.3561,-0.2184,0.0098
Sawah_30,Sawah,0.0354,0.0512,0.036,0.0946,0.0771,0.4487,-0.2977,-0.1019
Sawah_30,Sawah,0.041,0.0597,0.0435,0.1207,0.1131,0.4702,-0.3381,-0.0325
Sawah_30,Sawah,0.0374,0.0628,0.0457,0.1635,0.0741,0.5631,-0.445,-0.3763
Sawah_30,Sawah,0.0343,0.0499,0.0357,0.1025,0.0741,0.4834,-0.3451,-0.1608
Sawah_30,Sawah,0.0361,0.0511,0.0346,0.1019,0.0641,0.493,-0.332,-0.2277
Sawah_30,Sawah,0.0404,0.0617,0.0419,0.1288,0.0641,0.5091,-0.3522,-0.3354
Sawah_30,Sawah,0.0399,0.0586,0.044,0.1389,0.0741,0.5189,-0.4066,-0.3042
Sawah_31,Sawah,0.074,0.0919,0.0888,0.0876,0.0507,-0.0068,0.024,-0.2668
Sawah_31,Sawah,0.0623,0.079,0.0758,0.086,0.0533,0.063,-0.0424,-0.2347
Sawah_31,Sawah,0.0659,0.0887,0.0864,0.0954,0.0507,0.0495,-0.0364,-0.306
Sawah_31,Sawah,0.0604,0.0756,0.0694,0.0882,0.0533,0.1193,-0.0769,-0.2466
Sawah_31,Sawah,0.0534,0.0693,0.0592,0.076,0.0533,0.1243,-0.0461,-0.1756
Sawah_31,Sawah,0.0532,0.0682,0.0588,0.0752,0.0417,0.1224,-0.0488,-0.2866
Sawah_31,Sawah,0.0581,0.0789,0.0725,0.0948,0.0621,0.1333,-0.0915,-0.2084
Sawah_31,Sawah,0.0574,0.075,0.0688,0.0934,0.0621,0.1517,-0.1093,-0.2013
Sawah_31,Sawah,0.0573,0.0764,0.0714,0.093,0.0998,0.1314,-0.098,0.0353
Sawah_31,Sawah,0.0572,0.0737,0.0725,0.0927,0.0998,0.1223,-0.1142,0.0369
Sawah_31,Sawah,0.0715,0.1001,0.0964,0.126,0.1123,0.1331,-0.1146,-0.0575
Sawah_31,Sawah,0.0783,0.0991,0.1013,0.1327,0.0998,0.1342,-0.145,-0.1415
Sawah_31,Sawah,0.0819,0.1063,0.1122,0.142,0.0998,0.1172,-0.1438,-0.1745
Sawah_31,Sawah,0.0866,0.1117,0.1172,0.1575,0.1123,0.1467,-0.1701,-0.1675
Sawah_32,Sawah,0.0623,0.079,0.0758,0.086,0.0533,0.063,-0.0424,-0.2347
Sawah_32,Sawah,0.0532,0.0681,0.0581,0.0715,0.0533,0.1034,-0.0244,-0.1458
Sawah_32,Sawah,0.0538,0.0679,0.0575,0.073,0.0417,0.1188,-0.0362,-0.2729
Sawah_32,Sawah,0.0604,0.0756,0.0694,0.0882,0.0533,0.1193,-0.0769,-0.2466
Sawah_32,Sawah,0.0534,0.0693,0.0592,0.076,0.0533,0.1243,-0.0461,-0.1756
Sawah_32,Sawah,0.0532,0.0682,0.0588,0.0752,0.0417,0.1224,-0.0488,-0.2866
Sawah_32,Sawah,0.054,0.0706,0.0582,0.0785,0.0417,0.1485,-0.053,-0.3062
Sawah_32,Sawah,0.0587,0.0805,0.0728,0.0971,0.0757,0.143,-0.0935,-0.1238
Sawah_32,Sawah,0.0573,0.0764,0.0714,0.093,0.0998,0.1314,-0.098,0.0353
Sawah_32,Sawah,0.0572,0.0737,0.0725,0.0927,0.0998,0.1223,-0.1142,0.0369
Sawah_32,Sawah,0.0715,0.1001,0.0964,0.126,0.1123,0.1331,-0.1146,-0.0575
Sawah_33,Sawah,0.0396,0.0582,0.0406,0.157,0.0624,0.5891,-0.4591,-0.4312
Sawah_33,Sawah,0.0347,0.0676,0.0414,0.2725,0.1378,0.7362,-0.6025,-0.3283
Sawah_33,Sawah,0.0413,0.0583,0.0419,0.1241,0.1119,0.4952,-0.3607,-0.0517
Sawah_33,Sawah,0.0417,0.0585,0.0402,0.1252,0.0656,0.5139,-0.3631,-0.3124
Sawah_33,Sawah,0.0369,0.0532,0.0365,0.1231,0.0656,0.5426,-0.3965,-0.3047
Sawah_33,Sawah,0.037,0.0603,0.0404,0.1913,0.1187,0.6513,-0.5207,-0.2342
Sawah_33,Sawah,0.0471,0.0736,0.0604,0.2578,0.1119,0.6204,-0.5558,-0.3946
Sawah_33,Sawah,0.042,0.0639,0.0494,0.1685,0.1119,0.5466,-0.4501,-0.2019
Sawah_33,Sawah,0.0349,0.0507,0.0356,0.0902,0.0656,0.434,-0.2803,-0.1579
Sawah_33,Sawah,0.0337,0.045,0.0348,0.0547,0.0656,0.2223,-0.0973,0.0906
Sawah_33,Sawah,0.0361,0.0472,0.0341,0.1003,0.1187,0.4926,-0.36,0.084
Sawah_33,Sawah,0.0463,0.0736,0.0517,0.2487,0.1187,0.6558,-0.5433,-0.3538
Sawah_33,Sawah,0.0417,0.071,0.054,0.2546,0.1284,0.65,-0.5639,-0.3295
Sawah_33,Sawah,0.0342,0.0509,0.0372,0.1108,0.1284,0.4973,-0.3704,0.0736
Sawah_33,Sawah,0.0316,0.0405,0.0287,0.0397,0.0518,0.1608,0.01,0.1322
Sawah_33,Sawah,0.0332,0.0406,0.0306,0.0355,0.0518,0.0741,0.067,0.1867
Sawah_33,Sawah,0.0355,0.0448,0.0325,0.0486,0.0736,0.1985,-0.0407,0.2046
Sawah_33,Sawah,0.0408,0.058,0.0429,0.1601,0.0736,0.5773,-0.4681,-0.3701
Sawah_33,Sawah,0.0465,0.0789,0.0576,0.2843,0.1572,0.6631,-0.5655,-0.2879
Sawah_33,Sawah,0.034,0.0597,0.04,0.1538,0.1284,0.5872,-0.4407,-0.09
Sawah_33,Sawah,0.0299,0.0411,0.0294,0.0515,0.0518,0.2732,-0.1123,0.0029
Sawah_33,Sawah,0.0309,0.0394,0.0278,0.0298,0.0518,0.0347,0.1387,0.2696
Sawah_33,Sawah,0.0348,0.045,0.0326,0.0357,0.0736,0.0454,0.1152,0.3467
Sawah_33,Sawah,0.0361,0.0466,0.0352,0.073,0.0736,0.3493,-0.2207,0.0041
Sawah_33,Sawah,0.0432,0.0674,0.047,0.2267,0.1572,0.6566,-0.5417,-0.181
Sawah_33,Sawah,0.0354,0.0673,0.0435,0.2452,0.1617,0.6986,-0.5693,-0.2052
Sawah_33,Sawah,0.0332,0.0528,0.0358,0.1309,0.0883,0.5705,-0.4251,-0.1943
Sawah_33,Sawah,0.0318,0.0419,0.0301,0.0497,0.0883,0.2456,-0.0852,0.2797
Sawah_33,Sawah,0.0331,0.0429,0.0321,0.0521,0.072,0.2375,-0.0968,0.1604
Sawah_33,Sawah,0.039,0.0536,0.0378,0.0991,0.072,0.4478,-0.298,-0.1584
Sawah_33,Sawah,0.0365,0.0636,0.0403,0.2013,0.111,0.6664,-0.5198,-0.2891
Sawah_33,Sawah,0.0368,0.0672,0.0463,0.2378,0.0883,0.6741,-0.5593,-0.4584
Sawah_33,Sawah,0.0337,0.0556,0.0381,0.1508,0.0883,0.5966,-0.4612,-0.2614
Sawah_33,Sawah,0.0336,0.0551,0.0352,0.1388,0.072,0.5954,-0.4317,-0.3169
Sawah_34,Sawah,0.1638,0.1772,0.1902,0.2376,0.2366,0.1108,-0.1456,-0.0021
Sawah_34,Sawah,0.1211,0.1456,0.1296,0.2452,0.2366,0.3084,-0.2549,-0.0178
Sawah_34,Sawah,0.1041,0.1241,0.1139,0.2192,0.15,0.3161,-0.277,-0.1874
Sawah_34,Sawah,0.0739,0.0939,0.0761,0.2138,0.15,0.475,-0.3897,-0.1754
Sawah_34,Sawah,0.0469,0.0678,0.0503,0.2049,0.15,0.6058,-0.5027,-0.1547
Sawah_34,Sawah,0.0469,0.0679,0.0571,0.1996,0.15,0.5551,-0.4923,-0.1419
Sawah_34,Sawah,0.0466,0.0729,0.0462,0.1977,0.0826,0.6212,-0.4612,-0.4106
Sawah_34,Sawah,0.046,0.0644,0.0509,0.1863,0.0826,0.5708,-0.4862,-0.3856
Sawah_34,Sawah,0.057,0.0735,0.074,0.1952,0.1112,0.4502,-0.4529,-0.2742
Sawah_34,Sawah,0.0407,0.0597,0.0388,0.1272,0.0661,0.5325,-0.3612,-0.3161
Sawah_34,Sawah,0.0457,0.0728,0.0431,0.1561,0.0826,0.5673,-0.3639,-0.3079
Sawah_34,Sawah,0.0499,0.0701,0.0443,0.1054,0.0826,0.4081,-0.2011,-0.1213
Sawah_34,Sawah,0.0473,0.0679,0.0467,0.1457,0.1112,0.5146,-0.3642,-0.1343
Sawah_34,Sawah,0.0445,0.0651,0.0546,0.183,0.1112,0.5404,-0.4752,-0.2441
Sawah_34,Sawah,0.0412,0.0642,0.0399,0.1523,0.0658,0.5848,-0.4069,-0.3966
Sawah_34,Sawah,0.042,0.0688,0.0439,0.1231,0.0485,0.4742,-0.283,-0.4347
Sawah_34,Sawah,0.0447,0.0715,0.0418,0.0936,0.0485,0.3826,-0.1339,-0.3174
Sawah_34,Sawah,0.0447,0.0675,0.0413,0.106,0.0582,0.4392,-0.2219,-0.2911
Sawah_34,Sawah,0.0471,0.0681,0.044,0.1488,0.0582,0.5436,-0.3721,-0.4377
Sawah_34,Sawah,0.0411,0.0686,0.0401,0.1929,0.0658,0.6558,-0.4753,-0.4913
Sawah_34,Sawah,0.0435,0.0656,0.0421,0.1174,0.0485,0.4721,-0.2831,-0.4153
Sawah_34,Sawah,0.0479,0.0726,0.0412,0.0945,0.0485,0.3928,-0.1311,-0.3217
Sawah_34,Sawah,0.0497,0.0724,0.0413,0.1019,0.0582,0.4232,-0.1692,-0.273
Sawah_34,Sawah,0.0465,0.069,0.0424,0.1361,0.0582,0.5249,-0.3272,-0.4009
Sawah_34,Sawah,0.0403,0.069,0.0405,0.2157,0.0675,0.6838,-0.5153,-0.5233
Sawah_34,Sawah,0.0399,0.0662,0.0403,0.1272,0.0546,0.5188,-0.3154,-0.3993
Sawah_34,Sawah,0.0418,0.0659,0.0403,0.0924,0.0546,0.3926,-0.1674,-0.2571
Sawah_34,Sawah,0.0453,0.0706,0.0389,0.131,0.0549,0.5421,-0.2996,-0.4094
Sawah_34,Sawah,0.0393,0.0632,0.0421,0.1593,0.0549,0.5819,-0.4319,-0.4874
Sawah_34,Sawah,0.0358,0.0611,0.0359,0.1858,0.0675,0.6761,-0.5051,-0.467
Sawah_34,Sawah,0.0405,0.0684,0.0385,0.15,0.0546,0.5915,-0.3736,-0.4663
Sawah_34,Sawah,0.0389,0.061,0.0374,0.0996,0.0546,0.454,-0.2403,-0.2918
Sawah_34,Sawah,0.033,0.0558,0.0344,0.1565,0.0549,0.6396,-0.4743,-0.4806
Sawah_34,Sawah,0.0395,0.0608,0.0379,0.1779,0.0569,0.6487,-0.4906,-0.5153
Sawah_34,Sawah,0.0401,0.0672,0.0397,0.1878,0.0705,0.651,-0.4729,-0.4541
Sawah_34,Sawah,0.0376,0.0588,0.0358,0.1454,0.0705,0.6049,-0.4241,-0.3469
Sawah_34,Sawah,0.0341,0.0579,0.0363,0.177,0.0705,0.6596,-0.507,-0.4303
Sawah_37,Sawah,0.0364,0.0609,0.0399,0.2179,0.1504,0.6905,-0.5631,-0.1833
Sawah_37,Sawah,0.0462,0.0685,0.0554,0.2035,0.1504,0.572,-0.4963,-0.15
Sawah_37,Sawah,0.0364,0.0569,0.0382,0.188,0.1504,0.6622,-0.5353,-0.1111
Sawah_37,Sawah,0.0368,0.0565,0.0364,0.1536,0.0707,0.6168,-0.4622,-0.3696
Sawah_37,Sawah,0.034,0.058,0.0417,0.1625,0.1082,0.5916,-0.4739,-0.2006
Sawah_37,Sawah,0.0397,0.0621,0.0408,0.1957,0.1082,0.655,-0.5182,-0.2879
Sawah_37,Sawah,0.0356,0.0596,0.039,0.1819,0.0659,0.6469,-0.5064,-0.4681
Sawah_38,Sawah,0.1113,0.1322,0.1276,0.2101,0.2455,0.2443,-0.2276,0.0777
Sawah_38,Sawah,0.0462,0.0685,0.0554,0.2035,0.1504,0.572,-0.4963,-0.15
Sawah_38,Sawah,0.0988,0.1211,0.1117,0.1875,0.2113,0.2533,-0.2152,0.0597
Sawah_38,Sawah,0.034,0.058,0.0417,0.1625,0.1082,0.5916,-0.4739,-0.2006
Sawah_38,Sawah,0.0397,0.0621,0.0408,0.1957,0.1082,0.655,-0.5182,-0.2879
Sawah_38,Sawah,0.0721,0.0943,0.0864,0.1392,0.2113,0.234,-0.1923,0.2057
Sawah_38,Sawah,0.0287,0.0484,0.0332,0.0838,0.1082,0.4325,-0.2678,0.1271
Sawah_38,Sawah,0.0365,0.0584,0.0392,0.1456,0.1082,0.5758,-0.4274,-0.1474
Sawah_38,Sawah,0.066,0.0869,0.0856,0.1746,0.1903,0.342,-0.3354,0.043
Sawah_38,Sawah,0.0318,0.0493,0.0381,0.0915,0.0797,0.412,-0.2997,-0.0689
Sawah_38,Sawah,0.0373,0.0607,0.0406,0.1523,0.0797,0.5791,-0.43,-0.3129
Sawah_39,Sawah,0.0368,0.0565,0.0364,0.1536,0.0707,0.6168,-0.4622,-0.3696
Sawah_39,Sawah,0.0397,0.0621,0.0408,0.1957,0.1082,0.655,-0.5182,-0.2879
Sawah_39,Sawah,0.0356,0.0596,0.039,0.1819,0.0659,0.6469,-0.5064,-0.4681
Sawah_39,Sawah,0.0354,0.0566,0.0361,0.1252,0.0659,0.5524,-0.3773,-0.3103
Sawah_39,Sawah,0.035,0.0594,0.0382,0.1601,0.0675,0.6147,-0.4588,-0.4069
Sawah_39,Sawah,0.0403,0.069,0.0405,0.2157,0.0675,0.6838,-0.5153,-0.5233
Sawah_39,Sawah,0.0365,0.0584,0.0392,0.1456,0.1082,0.5758,-0.4274,-0.1474
Sawah_39,Sawah,0.0316,0.0539,0.0366,0.1074,0.0659,0.4917,-0.3317,-0.2395
Sawah_39,Sawah,0.0327,0.052,0.0347,0.0539,0.0659,0.2167,-0.0179,0.1002
Sawah_39,Sawah,0.0333,0.053,0.0351,0.0956,0.0675,0.4629,-0.2867,-0.1723
Sawah_39,Sawah,0.0358,0.0611,0.0359,0.1858,0.0675,0.6761,-0.5051,-0.467
Sawah_39,Sawah,0.0373,0.0607,0.0406,0.1523,0.0797,0.5791,-0.43,-0.3129
Sawah_39,Sawah,0.0305,0.0557,0.0364,0.0978,0.052,0.4575,-0.2743,-0.3057
Sawah_39,Sawah,0.0292,0.05,0.0331,0.0398,0.052,0.0919,0.1136,0.1329
Sawah_39,Sawah,0.035,0.051,0.0349,0.069,0.0569,0.3282,-0.15,-0.0961
Sawah_39,Sawah,0.0395,0.0608,0.0379,0.1779,0.0569,0.6487,-0.4906,-0.5153
Sawah_39,Sawah,0.0328,0.0574,0.0366,0.135,0.052,0.5734,-0.4033,-0.4438
Sawah_39,Sawah,0.0292,0.052,0.0351,0.066,0.052,0.3056,-0.1186,-0.1186
Sawah_39,Sawah,0.0349,0.0498,0.0337,0.0567,0.0569,0.2544,-0.0648,0.0018
Sawah_39,Sawah,0.0343,0.0607,0.0369,0.1515,0.0569,0.6083,-0.4279,-0.4539
Sawah_39,Sawah,0.033,0.0565,0.0369,0.1207,0.0527,0.5317,-0.3623,-0.3922
Sawah_39,Sawah,0.0306,0.0525,0.0341,0.0814,0.0586,0.4095,-0.2158,-0.1629
Sawah_39,Sawah,0.0322,0.0577,0.0365,0.1313,0.0586,0.565,-0.3894,-0.3828
Sawah_39,Sawah,0.036,0.0594,0.0365,0.1449,0.0527,0.5976,-0.4185,-0.4666
Sawah_39,Sawah,0.0324,0.0583,0.0372,0.1394,0.0586,0.5787,-0.4102,-0.4081
Sawah_40,Sawah,0.0373,0.0607,0.0406,0.1523,0.0797,0.5791,-0.43,-0.3129
Sawah_40,Sawah,0.0618,0.0815,0.0803,0.1721,0.1903,0.3637,-0.3573,0.0502
Sawah_40,Sawah,0.0381,0.0545,0.0387,0.0956,0.0797,0.4237,-0.2738,-0.0907
Sawah_40,Sawah,0.0332,0.0575,0.0387,0.1196,0.0797,0.5111,-0.3506,-0.2002
Sawah_40,Sawah,0.0328,0.0574,0.0366,0.135,0.052,0.5734,-0.4033,-0.4438
Sawah_40,Sawah,0.0343,0.0607,0.0369,0.1515,0.0569,0.6083,-0.4279,-0.4539
Sawah_40,Sawah,0.0361,0.0628,0.0392,0.1766,0.0705,0.6367,-0.4754,-0.4294
Sawah_40,Sawah,0.0341,0.0579,0.0363,0.177,0.0705,0.6596,-0.507,-0.4303
Sawah_40,Sawah,0.0994,0.1184,0.1238,0.1795,0.1687,0.1836,-0.2051,-0.031
Sawah_40,Sawah,0.0474,0.0657,0.0566,0.1059,0.1687,0.3034,-0.2343,0.2287
Sawah_40,Sawah,0.0332,0.0472,0.0323,0.0465,0.0555,0.1802,0.0075,0.0882
Sawah_40,Sawah,0.0314,0.048,0.0334,0.0545,0.0555,0.24,-0.0634,0.0091
Sawah_40,Sawah,0.032,0.0542,0.0368,0.1226,0.0527,0.5383,-0.3869,-0.3987
Sawah_40,Sawah,0.0322,0.0577,0.0365,0.1313,0.0586,0.565,-0.3894,-0.3828
Sawah_40,Sawah,0.0328,0.0532,0.0353,0.1042,0.0689,0.4939,-0.324,-0.2039
Sawah_40,Sawah,0.0347,0.0555,0.0372,0.1503,0.0689,0.6032,-0.4606,-0.3713
Sawah_40,Sawah,0.0987,0.1176,0.1243,0.1913,0.1687,0.2123,-0.2386,-0.0628
Sawah_40,Sawah,0.039,0.0598,0.0444,0.0816,0.1687,0.2952,-0.1542,0.348
Sawah_40,Sawah,0.0328,0.0457,0.0328,0.0374,0.0555,0.0655,0.0999,0.1948
Sawah_40,Sawah,0.0303,0.0435,0.0322,0.0375,0.0555,0.076,0.0741,0.1935
Sawah_40,Sawah,0.0335,0.0509,0.0341,0.0854,0.0527,0.4293,-0.2531,-0.2368
Sawah_40,Sawah,0.036,0.0594,0.0365,0.1449,0.0527,0.5976,-0.4185,-0.4666
Sawah_40,Sawah,0.0324,0.0583,0.0372,0.1394,0.0586,0.5787,-0.4102,-0.4081
Sawah_40,Sawah,0.03,0.055,0.0339,0.1179,0.0586,0.5534,-0.3638,-0.336
Sawah_40,Sawah,0.032,0.0543,0.036,0.0776,0.0689,0.3662,-0.1766,-0.0594
Sawah_40,Sawah,0.0671,0.0912,0.0881,0.1841,0.1724,0.3527,-0.3374,-0.0328
Sawah_40,Sawah,0.0373,0.0578,0.0453,0.108,0.1724,0.409,-0.3028,0.2297
Sawah_40,Sawah,0.0373,0.0541,0.0428,0.0908,0.0815,0.3593,-0.2533,-0.054
Sawah_40,Sawah,0.0317,0.0503,0.0352,0.0553,0.0815,0.2221,-0.0473,0.1915
Sawah_40,Sawah,0.032,0.0482,0.033,0.0478,0.0439,0.1832,0.0042,-0.0425
Sawah_40,Sawah,0.0352,0.0578,0.0355,0.1004,0.0439,0.4776,-0.2693,-0.3915
Sawah_40,Sawah,0.0357,0.0596,0.0365,0.1191,0.0437,0.5308,-0.333,-0.4631
Sawah_40,Sawah,0.0325,0.055,0.0329,0.0782,0.0437,0.4077,-0.1742,-0.283
Sawah_40,Sawah,0.0369,0.0645,0.0427,0.1156,0.0639,0.4605,-0.2837,-0.288
Sawah_40,Sawah,0.0476,0.0671,0.0482,0.1215,0.0815,0.4319,-0.2884,-0.197
Sawah_40,Sawah,0.0325,0.0499,0.0332,0.0448,0.0439,0.1487,0.0539,-0.0101
Sawah_40,Sawah,0.036,0.0518,0.0341,0.0447,0.0439,0.1345,0.0736,-0.009
Sawah_40,Sawah,0.0359,0.0547,0.0337,0.0576,0.0437,0.2618,-0.0258,-0.1372
Sawah_40,Sawah,0.0354,0.055,0.0346,0.063,0.0437,0.291,-0.0678,-0.1809
Sawah_40,Sawah,0.0396,0.0656,0.0445,0.1399,0.0639,0.5174,-0.3616,-0.3729
Sawah_40,Sawah,0.0402,0.0675,0.0473,0.1772,0.0639,0.5786,-0.4483,-0.4699
Sawah_40,Sawah,0.0925,0.1181,0.104,0.271,0.0992,0.4453,-0.393,-0.4641
Sawah_40,Sawah,0.0461,0.0684,0.0462,0.1278,0.0992,0.469,-0.3028,-0.126
Sawah_40,Sawah,0.0343,0.0531,0.0366,0.0501,0.0329,0.1557,0.0291,-0.2072
Sawah_40,Sawah,0.0388,0.0629,0.0379,0.0543,0.0329,0.1779,0.0734,-0.2454
Sawah_40,Sawah,0.0367,0.0601,0.037,0.0537,0.0321,0.1841,0.0562,-0.2517
Sawah_40,Sawah,0.0372,0.0604,0.0357,0.0548,0.0321,0.211,0.0486,-0.2612
Sawah_40,Sawah,0.0346,0.0563,0.0347,0.0836,0.0571,0.4134,-0.1951,-0.1883
Sawah_40,Sawah,0.0384,0.0632,0.0431,0.1282,0.0571,0.4968,-0.3396,-0.3837
Sawah_40,Sawah,0.0402,0.0631,0.0463,0.1458,0.0525,0.518,-0.3959,-0.4705
Sawah_40,Sawah,0.0558,0.0797,0.0699,0.174,0.0992,0.4268,-0.3717,-0.2738
Sawah_40,Sawah,0.0352,0.0563,0.0381,0.0706,0.0992,0.299,-0.1127,0.1684
Sawah_40,Sawah,0.0363,0.0544,0.0372,0.0466,0.0329,0.1122,0.0772,-0.1723
Sawah_40,Sawah,0.0388,0.057,0.0365,0.0547,0.0329,0.1996,0.0206,-0.2489
Sawah_40,Sawah,0.0385,0.0605,0.0377,0.0533,0.0321,0.1714,0.0633,-0.2482
Sawah_40,Sawah,0.0369,0.057,0.0366,0.0513,0.0321,0.1672,0.0526,-0.2302
Sawah_40,Sawah,0.035,0.0551,0.0351,0.0659,0.0571,0.3049,-0.0893,-0.0715
Sawah_40,Sawah,0.0389,0.059,0.0425,0.1172,0.0571,0.4677,-0.3303,-0.3448
Sawah_40,Sawah,0.0787,0.1024,0.0939,0.2917,0.1986,0.513,-0.4803,-0.1899
Sawah_40,Sawah,0.0448,0.0695,0.0514,0.1272,0.0966,0.4244,-0.2933,-0.1367
Sawah_40,Sawah,0.0352,0.053,0.0377,0.0494,0.0966,0.1343,0.0352,0.3233
Sawah_40,Sawah,0.0393,0.0592,0.038,0.054,0.0489,0.1739,0.0459,-0.0496
Sawah_40,Sawah,0.0361,0.0594,0.0344,0.056,0.0489,0.2389,0.0295,-0.0677
Sawah_40,Sawah,0.0388,0.0589,0.0386,0.0569,0.0448,0.1916,0.0173,-0.119
Sawah_40,Sawah,0.0366,0.0595,0.0406,0.0797,0.0448,0.325,-0.1451,-0.2803
Sawah_40,Sawah,0.04,0.0658,0.0421,0.1058,0.05,0.4307,-0.2331,-0.3581
Sawah_40,Sawah,0.0574,0.0863,0.0668,0.2939,0.1986,0.6296,-0.546,-0.1935
Sawah_40,Sawah,0.0403,0.064,0.0488,0.1584,0.0966,0.529,-0.4245,-0.2424
Sawah_40,Sawah,0.0398,0.0597,0.0415,0.086,0.0966,0.349,-0.1805,0.0581
Sawah_40,Sawah,0.0374,0.062,0.0411,0.0677,0.0489,0.2445,-0.0439,-0.1612
Sawah_40,Sawah,0.0388,0.0578,0.0383,0.06,0.0489,0.2208,-0.0187,-0.1019
Sawah_40,Sawah,0.0382,0.0618,0.0377,0.0823,0.0448,0.3717,-0.1423,-0.295
Sawah_40,Sawah,0.0419,0.0628,0.0456,0.1135,0.0448,0.4268,-0.2876,-0.434
Sawah_40,Sawah,0.0732,0.0995,0.0945,0.1747,0.144,0.2979,-0.2743,-0.0963
Sawah_40,Sawah,0.0478,0.0706,0.0574,0.1283,0.144,0.3818,-0.2901,0.0577
Sawah_40,Sawah,0.0398,0.0665,0.0504,0.1335,0.0731,0.4519,-0.335,-0.2924
Sawah_41,Sawah,0.0555,0.0911,0.0608,0.1589,0.0518,0.4465,-0.2712,-0.5083
Sawah_41,Sawah,0.0548,0.0907,0.0588,0.1399,0.0624,0.4082,-0.2134,-0.3831
Sawah_41,Sawah,0.0541,0.0956,0.0602,0.156,0.0624,0.4431,-0.2401,-0.4286
Sawah_41,Sawah,0.0594,0.0908,0.0657,0.1132,0.0518,0.2655,-0.1098,-0.3721
Sawah_41,Sawah,0.0554,0.0887,0.0625,0.0787,0.0624,0.1147,0.0597,-0.1155
Sawah_41,Sawah,0.0589,0.092,0.0673,0.0915,0.0624,0.1524,0.0027,-0.1891
Sawah_41,Sawah,0.0576,0.0925,0.0656,0.1087,0.0798,0.2473,-0.0805,-0.1533
Sawah_41,Sawah,0.0594,0.0938,0.0629,0.1375,0.0798,0.3723,-0.1889,-0.2655
Sawah_41,Sawah,0.06,0.0945,0.0655,0.168,0.0928,0.439,-0.28,-0.2883
Sawah_41,Sawah,0.0605,0.0953,0.0731,0.1705,0.0928,0.3998,-0.2829,-0.2951
Sawah_41,Sawah,0.0583,0.0924,0.0625,0.0927,0.0387,0.1946,-0.0016,-0.411
Sawah_41,Sawah,0.0576,0.0911,0.0675,0.0674,0.0229,-0.0007,0.1495,-0.4928
Sawah_41,Sawah,0.0581,0.0924,0.0663,0.0706,0.0229,0.0314,0.1337,-0.5102
Sawah_41,Sawah,0.0607,0.0948,0.0655,0.0721,0.0286,0.048,0.136,-0.432
Sawah_41,Sawah,0.0623,0.0944,0.0658,0.0793,0.0286,0.093,0.0869,-0.4699
Sawah_41,Sawah,0.062,0.0944,0.0634,0.0885,0.0384,0.1652,0.0323,-0.3948
Sawah_41,Sawah,0.0598,0.0964,0.0656,0.1064,0.0384,0.2372,-0.0493,-0.4696
Sawah_41,Sawah,0.0625,0.0972,0.0687,0.1259,0.0541,0.2939,-0.1286,-0.3989
Sawah_41,Sawah,0.0639,0.0955,0.0723,0.1435,0.0541,0.3299,-0.2008,-0.4524
Sawah_41,Sawah,0.0577,0.0966,0.0665,0.1099,0.0387,0.246,-0.0644,-0.4791
Sawah_41,Sawah,0.0587,0.0929,0.0621,0.0769,0.0387,0.1065,0.0942,-0.3304
Sawah_41,Sawah,0.0566,0.0898,0.0668,0.069,0.0229,0.0162,0.131,-0.5016
Sawah_41,Sawah,0.0593,0.0897,0.0644,0.0708,0.0229,0.0473,0.1178,-0.5112
Sawah_41,Sawah,0.0606,0.0931,0.0657,0.0689,0.0286,0.0238,0.1494,-0.4133
Sawah_41,Sawah,0.0619,0.0946,0.0678,0.0695,0.0286,0.0124,0.153,-0.4169
Sawah_41,Sawah,0.0632,0.0974,0.0656,0.069,0.0384,0.0253,0.1707,-0.2849
Sawah_41,Sawah,0.0648,0.0947,0.0634,0.072,0.0384,0.0635,0.1362,-0.3043
Sawah_41,Sawah,0.062,0.0934,0.0654,0.0781,0.0541,0.0885,0.0892,-0.1815
Sawah_41,Sawah,0.0609,0.0932,0.0649,0.0902,0.0541,0.1631,0.0164,-0.2502
Sawah_41,Sawah,0.0597,0.0943,0.067,0.1105,0.0725,0.2451,-0.0791,-0.2076
Sawah_41,Sawah,0.0592,0.0959,0.0713,0.1277,0.0725,0.2834,-0.1422,-0.2757
Sawah_41,Sawah,0.0609,0.0919,0.0698,0.161,0.0884,0.3951,-0.2732,-0.2911
Sawah_41,Sawah,0.0547,0.0897,0.0634,0.0958,0.0289,0.2035,-0.0329,-0.5365
Sawah_41,Sawah,0.0587,0.0912,0.0662,0.071,0.0289,0.035,0.1245,-0.4214
Sawah_41,Sawah,0.0588,0.0919,0.0634,0.0659,0.0176,0.0193,0.1648,-0.5784
Sawah_41,Sawah,0.0614,0.0911,0.0647,0.0664,0.0176,0.013,0.1568,-0.5809
Sawah_41,Sawah,0.0612,0.0927,0.0652,0.0659,0.0181,0.0053,0.169,-0.569
Sawah_41,Sawah,0.0618,0.0923,0.0639,0.0689,0.0181,0.0377,0.1452,-0.5839
Sawah_41,Sawah,0.0629,0.0941,0.0638,0.0699,0.0184,0.0456,0.1476,-0.5832
Sawah_41,Sawah,0.0649,0.0967,0.0643,0.0711,0.0184,0.0502,0.1526,-0.5888
Sawah_41,Sawah,0.0638,0.0909,0.0663,0.0698,0.0212,0.0257,0.1313,-0.5341
Sawah_41,Sawah,0.0626,0.0914,0.0669,0.0716,0.0212,0.0339,0.1215,-0.5431
Sawah_41,Sawah,0.0639,0.0951,0.0692,0.0749,0.037,0.0396,0.1188,-0.3387
Sawah_41,Sawah,0.062,0.0963,0.065,0.0884,0.037,0.1525,0.0428,-0.4099
Sawah_41,Sawah,0.0602,0.0928,0.0654,0.1586,0.0623,0.4161,-0.2617,-0.4359
Sawah_41,Sawah,0.0645,0.0976,0.0662,0.1125,0.0339,0.2591,-0.0709,-0.5369
Sawah_41,Sawah,0.0524,0.0877,0.0608,0.0791,0.0289,0.1308,0.0516,-0.4648
Sawah_41,Sawah,0.0574,0.0908,0.0634,0.067,0.0289,0.0276,0.1508,-0.3973
Sawah_41,Sawah,0.0605,0.0917,0.0643,0.0652,0.0176,0.0069,0.1689,-0.5749
Sawah_41,Sawah,0.0603,0.0928,0.0659,0.0657,0.0176,-0.0015,0.171,-0.5774
Sawah_41,Sawah,0.0627,0.0953,0.0678,0.0659,0.0181,-0.0142,0.1824,-0.569
Sawah_41,Sawah,0.0624,0.0931,0.0646,0.066,0.0181,0.0107,0.1703,-0.5696
Sawah_41,Sawah,0.0647,0.093,0.0632,0.067,0.0184,0.0292,0.1625,-0.5691
Sawah_41,Sawah,0.0624,0.0904,0.0636,0.0669,0.0184,0.0253,0.1494,-0.5686
Sawah_41,Sawah,0.0626,0.0906,0.0648,0.0691,0.0212,0.0321,0.1346,-0.5304
Sawah_41,Sawah,0.0605,0.093,0.0648,0.0723,0.0212,0.0547,0.1252,-0.5465
Sawah_41,Sawah,0.0661,0.0968,0.0679,0.0725,0.037,0.0328,0.1435,-0.3242
Sawah_41,Sawah,0.0666,0.0999,0.0682,0.0975,0.037,0.1768,0.0122,-0.4498
Sawah_41,Sawah,0.056,0.0914,0.0651,0.101,0.0333,0.2161,-0.0499,-0.5041
Sawah_41,Sawah,0.0549,0.0887,0.0599,0.0668,0.0216,0.0545,0.1408,-0.5113
Sawah_41,Sawah,0.0592,0.0935,0.0622,0.0654,0.0216,0.0251,0.1768,-0.5034
Sawah_41,Sawah,0.0599,0.0908,0.0663,0.0647,0.0175,-0.0122,0.1678,-0.5742
Sawah_41,Sawah,0.0616,0.0926,0.0665,0.0657,0.0175,-0.0061,0.1699,-0.5793
Sawah_41,Sawah,0.0598,0.0921,0.0685,0.0663,0.0173,-0.0163,0.1629,-0.5861
Sawah_41,Sawah,0.0632,0.0947,0.0655,0.0644,0.0173,-0.0085,0.1904,-0.5765
Sawah_41,Sawah,0.0632,0.0945,0.0635,0.0656,0.0186,0.0163,0.1805,-0.5582
Sawah_41,Sawah,0.0615,0.0938,0.0643,0.065,0.0186,0.0054,0.1814,-0.555
Sawah_41,Sawah,0.061,0.0914,0.0636,0.0661,0.018,0.0193,0.1606,-0.5719
Sawah_41,Sawah,0.0617,0.0937,0.0646,0.071,0.018,0.0472,0.1378,-0.5955
Sawah_41,Sawah,0.0644,0.096,0.0674,0.0737,0.0372,0.0446,0.1314,-0.3291
Sawah_41,Sawah,0.0628,0.0981,0.066,0.1248,0.0372,0.3082,-0.1198,-0.5407
Sawah_41,Sawah,0.0551,0.09,0.0597,0.0853,0.0333,0.1766,0.0268,-0.4384
Sawah_41,Sawah,0.0542,0.0898,0.0606,0.0633,0.0216,0.0218,0.1731,-0.4912
Sawah_41,Sawah,0.0605,0.0903,0.0619,0.0651,0.0216,0.0252,0.1622,-0.5017
Sawah_41,Sawah,0.0575,0.0905,0.0668,0.0637,0.0175,-0.0238,0.1738,-0.569
Sawah_41,Sawah,0.0627,0.0921,0.0675,0.0657,0.0175,-0.0135,0.1673,-0.5793
Sawah_41,Sawah,0.0632,0.0931,0.0671,0.0669,0.0173,-0.0015,0.1637,-0.5891
Sawah_41,Sawah,0.0637,0.0944,0.0638,0.0661,0.0173,0.0177,0.1763,-0.5851
Sawah_41,Sawah,0.062,0.093,0.063,0.0654,0.0186,0.0187,0.1742,-0.5571
Sawah_41,Sawah,0.0594,0.0948,0.0658,0.0645,0.0186,-0.01,0.1902,-0.5523
Sawah_41,Sawah,0.0609,0.0898,0.064,0.0662,0.018,0.0169,0.1513,-0.5724
Sawah_41,Sawah,0.0638,0.0949,0.064,0.0706,0.018,0.049,0.1468,-0.5937
Sawah_41,Sawah,0.0605,0.0962,0.0672,0.0858,0.0372,0.1216,0.0571,-0.3951
Sawah_41,Sawah,0.0594,0.0941,0.0655,0.1487,0.0372,0.3884,-0.2249,-0.5998
Sawah_41,Sawah,0.0582,0.0922,0.0642,0.1017,0.0298,0.226,-0.049,-0.5468
Sawah_41,Sawah,0.054,0.0916,0.0603,0.0703,0.0298,0.0766,0.1316,-0.4046
Sawah_41,Sawah,0.0519,0.092,0.0611,0.0629,0.0182,0.0145,0.1879,-0.5512
Sawah_41,Sawah,0.0568,0.0912,0.0637,0.0631,0.0182,-0.0047,0.1821,-0.5523
Sawah_41,Sawah,0.0564,0.0905,0.0651,0.0632,0.0172,-0.0148,0.1776,-0.5721
Sawah_41,Sawah,0.0604,0.0927,0.0648,0.0665,0.0172,0.0129,0.1646,-0.589
Sawah_41,Sawah,0.0613,0.0923,0.0656,0.0665,0.0178,0.0068,0.1625,-0.5777
Sawah_41,Sawah,0.0624,0.0915,0.0632,0.0667,0.0178,0.0269,0.1568,-0.5787
Sawah_41,Sawah,0.0613,0.092,0.0624,0.0655,0.018,0.0242,0.1683,-0.5689
Sawah_41,Sawah,0.0598,0.0957,0.0648,0.065,0.018,0.0015,0.191,-0.5663
Sawah_41,Sawah,0.0593,0.0908,0.0636,0.0679,0.024,0.0327,0.1443,-0.4777
Sawah_41,Sawah,0.0629,0.0943,0.0646,0.0718,0.024,0.0528,0.1355,-0.499
Sawah_41,Sawah,0.0594,0.0936,0.0661,0.1078,0.0411,0.2398,-0.0705,-0.4479
Sawah_41,Sawah,0.0553,0.09,0.0617,0.0878,0.0298,0.1746,0.0124,-0.4932
Sawah_41,Sawah,0.0539,0.0901,0.0591,0.0615,0.0298,0.0199,0.1887,-0.3472
Sawah_41,Sawah,0.0585,0.0901,0.0603,0.0655,0.0182,0.0413,0.1581,-0.5651
Sawah_41,Sawah,0.0561,0.0905,0.063,0.0623,0.0182,-0.0056,0.1846,-0.5478
Sawah_41,Sawah,0.059,0.0905,0.0627,0.0629,0.0172,0.0016,0.1799,-0.5705
Sawah_41,Sawah,0.0578,0.0907,0.0627,0.0658,0.0172,0.0241,0.1591,-0.5855
Sawah_41,Sawah,0.0593,0.0919,0.0643,0.0667,0.0178,0.0183,0.1589,-0.5787
Sawah_41,Sawah,0.0613,0.0917,0.0627,0.0671,0.0178,0.0339,0.1549,-0.5807
Sawah_41,Sawah,0.0615,0.0934,0.0617,0.0659,0.018,0.0329,0.1726,-0.5709
Sawah_41,Sawah,0.0595,0.0952,0.0621,0.067,0.018,0.038,0.1739,-0.5765
Sawah_41,Sawah,0.0604,0.088,0.0627,0.0665,0.024,0.0294,0.1392,-0.4696
Sawah_41,Sawah,0.0616,0.092,0.0638,0.0765,0.024,0.0905,0.092,-0.5224
Sawah_41,Sawah,0.0589,0.09,0.0643,0.1349,0.0411,0.3544,-0.1996,-0.533
Sawah_41,Sawah,0.0584,0.0938,0.0634,0.103,0.0305,0.238,-0.0467,-0.5431
Sawah_41,Sawah,0.0547,0.0859,0.0588,0.0745,0.0217,0.1178,0.0711,-0.5489
Sawah_41,Sawah,0.0558,0.0891,0.0588,0.0598,0.0217,0.0084,0.1968,-0.4675
Sawah_41,Sawah,0.0574,0.0911,0.0602,0.0648,0.0162,0.0368,0.1687,-0.6
Sawah_41,Sawah,0.0563,0.0916,0.0604,0.0634,0.0162,0.0242,0.1819,-0.593
Sawah_41,Sawah,0.058,0.0924,0.0604,0.0638,0.0162,0.0274,0.1831,-0.595
Sawah_41,Sawah,0.0582,0.0894,0.0606,0.0657,0.0162,0.0404,0.1528,-0.6044
Sawah_41,Sawah,0.057,0.0883,0.0605,0.0673,0.0175,0.0532,0.135,-0.5873
Sawah_41,Sawah,0.0598,0.0903,0.0605,0.0676,0.0175,0.0554,0.1438,-0.5887
Sawah_41,Sawah,0.0591,0.0899,0.0609,0.0665,0.0191,0.044,0.1496,-0.5537
Sawah_41,Sawah,0.059,0.0907,0.062,0.0698,0.0191,0.0592,0.1302,-0.5703
Sawah_41,Sawah,0.0596,0.0883,0.0622,0.0662,0.0326,0.0312,0.143,-0.3401
Sawah_41,Sawah,0.057,0.0875,0.0626,0.0955,0.0326,0.2081,-0.0437,-0.491
Sawah_41,Sawah,0.057,0.0904,0.0635,0.1497,0.0378,0.4043,-0.247,-0.5968
Sawah_41,Sawah,0.0568,0.087,0.0612,0.0993,0.0305,0.2374,-0.066,-0.53
Sawah_41,Sawah,0.0541,0.0869,0.0586,0.0669,0.0217,0.0661,0.13,-0.5102
Sawah_41,Sawah,0.0562,0.087,0.0598,0.0634,0.0217,0.0292,0.1569,-0.49
Sawah_41,Sawah,0.0574,0.0919,0.0617,0.062,0.0162,0.0024,0.1943,-0.5857
Sawah_41,Sawah,0.0561,0.093,0.0613,0.0656,0.0162,0.0339,0.1728,-0.6039
Sawah_41,Sawah,0.0572,0.0916,0.0608,0.0644,0.0162,0.0288,0.1744,-0.598
Sawah_41,Sawah,0.0551,0.088,0.0608,0.0677,0.0162,0.0537,0.1304,-0.6138
Sawah_41,Sawah,0.0551,0.0888,0.0599,0.0682,0.0175,0.0648,0.1312,-0.5916
Sawah_41,Sawah,0.0563,0.0876,0.0621,0.0682,0.0175,0.0468,0.1245,-0.5916
Sawah_41,Sawah,0.0563,0.0896,0.0606,0.0663,0.0191,0.0449,0.1495,-0.5527
Sawah_41,Sawah,0.0575,0.092,0.0629,0.066,0.0191,0.024,0.1646,-0.5511
Sawah_41,Sawah,0.0571,0.0903,0.064,0.0682,0.0326,0.0318,0.1394,-0.3532
Sawah_41,Sawah,0.0551,0.0847,0.0629,0.132,0.0326,0.3545,-0.2183,-0.6039
Sawah_41,Sawah,0.0599,0.0933,0.0657,0.1022,0.0418,0.2174,-0.0455,-0.4194
Sawah_41,Sawah,0.0563,0.0875,0.0576,0.0812,0.0418,0.17,0.0373,-0.3203
Sawah_41,Sawah,0.0526,0.0886,0.0592,0.0629,0.0229,0.0303,0.1696,-0.4662
Sawah_41,Sawah,0.0558,0.087,0.0601,0.066,0.0229,0.0468,0.1373,-0.4848
Sawah_41,Sawah,0.0592,0.0912,0.0604,0.065,0.0166,0.0367,0.1677,-0.5931
Sawah_41,Sawah,0.0559,0.0905,0.0606,0.0645,0.0166,0.0312,0.1677,-0.5906
Sawah_41,Sawah,0.0553,0.0884,0.0602,0.0662,0.0156,0.0475,0.1436,-0.6186
Sawah_41,Sawah,0.0586,0.0904,0.0606,0.0679,0.0156,0.0568,0.1421,-0.6263
Sawah_41,Sawah,0.0587,0.0916,0.06,0.0681,0.0145,0.0632,0.1472,-0.6489
Sawah_41,Sawah,0.0562,0.0904,0.0618,0.0679,0.0145,0.047,0.1421,-0.6481
Sawah_41,Sawah,0.055,0.0903,0.0617,0.0669,0.022,0.0404,0.1489,-0.5051
Sawah_41,Sawah,0.0578,0.0904,0.0631,0.0684,0.022,0.0403,0.1385,-0.5133
Sawah_41,Sawah,0.0591,0.0872,0.0645,0.0833,0.0408,0.1272,0.0229,-0.3425
Sawah_41,Sawah,0.057,0.0876,0.0635,0.1517,0.0408,0.4098,-0.2679,-0.5761
Sawah_41,Sawah,0.0567,0.0882,0.0623,0.1185,0.0418,0.3108,-0.1466,-0.4785
Sawah_41,Sawah,0.0528,0.0875,0.0588,0.0779,0.0418,0.1397,0.058,-0.3016
Sawah_41,Sawah,0.0538,0.0892,0.0604,0.0622,0.0229,0.0147,0.1783,-0.4618
Sawah_41,Sawah,0.0566,0.089,0.0609,0.065,0.0229,0.0326,0.1558,-0.4789
Sawah_41,Sawah,0.0573,0.091,0.0604,0.066,0.0166,0.0443,0.1592,-0.5981
Sawah_41,Sawah,0.0573,0.0926,0.0618,0.0667,0.0166,0.0381,0.1626,-0.6014
Sawah_41,Sawah,0.0543,0.0904,0.0605,0.0672,0.0156,0.0525,0.1472,-0.6232
Sawah_41,Sawah,0.0565,0.0897,0.0608,0.0676,0.0156,0.053,0.1405,-0.625
Sawah_41,Sawah,0.057,0.0894,0.06,0.0692,0.0145,0.0712,0.1274,-0.6535
Sawah_41,Sawah,0.0577,0.0912,0.0606,0.0684,0.0145,0.0605,0.1429,-0.6502
Sawah_41,Sawah,0.0576,0.0902,0.0643,0.0695,0.022,0.0389,0.1296,-0.5191
Sawah_41,Sawah,0.0604,0.0908,0.0631,0.0712,0.022,0.0603,0.121,-0.5279
Sawah_41,Sawah,0.0562,0.0891,0.063,0.1065,0.0408,0.2566,-0.089,-0.446
Sawah_41,Sawah,0.0535,0.0825,0.0568,0.1115,0.0512,0.325,-0.1495,-0.3706
Sawah_41,Sawah,0.0562,0.0876,0.0631,0.0947,0.0358,0.2003,-0.0389,-0.4513
Sawah_41,Sawah,0.059,0.0896,0.0616,0.0701,0.0358,0.0645,0.1221,-0.3239
Sawah_41,Sawah,0.0569,0.0924,0.0594,0.066,0.0203,0.0526,0.1667,-0.5295
Sawah_41,Sawah,0.0593,0.0908,0.0594,0.0688,0.0203,0.0733,0.1378,-0.5443
Sawah_41,Sawah,0.0576,0.091,0.0612,0.0675,0.0179,0.049,0.1483,-0.5808
Sawah_41,Sawah,0.0567,0.0899,0.06,0.0693,0.0179,0.0719,0.1294,-0.5894
Sawah_41,Sawah,0.0573,0.0904,0.0602,0.0702,0.0154,0.0767,0.1258,-0.6402
Sawah_41,Sawah,0.0565,0.0929,0.0621,0.0703,0.0154,0.0619,0.1385,-0.6406
Sawah_41,Sawah,0.0577,0.092,0.0626,0.0706,0.0299,0.0601,0.1316,-0.405
Sawah_41,Sawah,0.0571,0.0914,0.0634,0.0812,0.0299,0.1231,0.0591,-0.4617
Sawah_41,Sawah,0.056,0.0909,0.0634,0.1335,0.0409,0.356,-0.1898,-0.531
Sawah_41,Sawah,0.0572,0.0884,0.0619,0.0795,0.0358,0.1245,0.053,-0.379
Sawah_41,Sawah,0.0568,0.0924,0.0591,0.0619,0.0203,0.0231,0.1977,-0.5061
Sawah_41,Sawah,0.0595,0.0903,0.0617,0.0688,0.0203,0.0544,0.1351,-0.5443
Sawah_41,Sawah,0.0567,0.0923,0.0629,0.0679,0.0179,0.0382,0.1523,-0.5827
Sawah_41,Sawah,0.0558,0.0896,0.0619,0.0707,0.0179,0.0664,0.1179,-0.5959
Sawah_41,Sawah,0.0573,0.0886,0.0619,0.073,0.0154,0.0823,0.0965,-0.6516
Sawah_41,Sawah,0.0569,0.0933,0.0613,0.0729,0.0154,0.0864,0.1227,-0.6512
Sawah_41,Sawah,0.0586,0.0935,0.0619,0.0695,0.0299,0.0578,0.1472,-0.3984
Sawah_41,Sawah,0.0571,0.0879,0.063,0.097,0.0299,0.2125,-0.0492,-0.5288
Sawah_41,Sawah,0.0549,0.0931,0.0602,0.1498,0.0409,0.4267,-0.2334,-0.5711
Sawah_41,Sawah,0.0544,0.0842,0.058,0.1086,0.0434,0.3037,-0.1266,-0.4289
Sawah_41,Sawah,0.0578,0.0903,0.0612,0.0748,0.0434,0.1,0.0939,-0.2656
Sawah_41,Sawah,0.0544,0.0914,0.0599,0.0654,0.0201,0.0439,0.1658,-0.5298
Sawah_41,Sawah,0.0587,0.0928,0.0626,0.0683,0.0201,0.0435,0.1521,-0.5452
Sawah_41,Sawah,0.0565,0.0894,0.0617,0.0665,0.0142,0.0374,0.1469,-0.6481
Sawah_41,Sawah,0.0554,0.0898,0.0612,0.0694,0.0142,0.0628,0.1281,-0.6603
Sawah_41,Sawah,0.057,0.0933,0.0633,0.0721,0.0178,0.065,0.1282,-0.604
Sawah_41,Sawah,0.0571,0.0959,0.0618,0.0715,0.0178,0.0728,0.1458,-0.6013
Sawah_41,Sawah,0.0597,0.0924,0.062,0.0751,0.0364,0.0955,0.1033,-0.3471
Sawah_41,Sawah,0.0595,0.088,0.0646,0.1238,0.0364,0.3142,-0.169,-0.5456
Sawah_41,Sawah,0.0569,0.0854,0.0588,0.0964,0.0434,0.2423,-0.0605,-0.3791
Sawah_41,Sawah,0.0567,0.0896,0.0595,0.0698,0.0434,0.0797,0.1242,-0.2332
Sawah_41,Sawah,0.056,0.0907,0.0624,0.0666,0.0201,0.0326,0.1532,-0.5363
Sawah_41,Sawah,0.0576,0.0919,0.0627,0.0693,0.0201,0.05,0.1402,-0.5503
Sawah_41,Sawah,0.0579,0.0919,0.0609,0.0679,0.0142,0.0543,0.1502,-0.6541
Sawah_41,Sawah,0.0571,0.0911,0.0619,0.0697,0.0142,0.0593,0.1331,-0.6615
Sawah_41,Sawah,0.056,0.0917,0.0635,0.0717,0.0178,0.0607,0.1224,-0.6022
Sawah_41,Sawah,0.0583,0.0943,0.0617,0.0715,0.0178,0.0736,0.1375,-0.6013
Sawah_41,Sawah,0.0572,0.0921,0.0617,0.0907,0.0364,0.1903,0.0077,-0.4272
Sawah_41,Sawah,0.0546,0.0908,0.0652,0.1339,0.0364,0.3451,-0.1918,-0.5725
Sawah_41,Sawah,0.0595,0.0884,0.0643,0.1264,0.0815,0.3256,-0.1769,-0.216
Sawah_41,Sawah,0.0576,0.0864,0.0596,0.0986,0.0815,0.2465,-0.0659,-0.0949
Sawah_41,Sawah,0.0558,0.0894,0.061,0.0808,0.0616,0.1396,0.0505,-0.1348
Sawah_41,Sawah,0.0558,0.0899,0.0613,0.0714,0.0616,0.0761,0.1147,-0.0737
Sawah_41,Sawah,0.0568,0.0914,0.0626,0.0689,0.0461,0.0479,0.1404,-0.1983
Sawah_41,Sawah,0.0575,0.0916,0.0643,0.0727,0.0461,0.0613,0.115,-0.2239
Sawah_41,Sawah,0.0597,0.0915,0.0649,0.0735,0.0379,0.0621,0.1091,-0.3196
Sawah_41,Sawah,0.059,0.0924,0.0626,0.0731,0.0379,0.0774,0.1166,-0.3171
Sawah_41,Sawah,0.0579,0.091,0.0627,0.1068,0.0473,0.2602,-0.0799,-0.3861
Sawah_41,Sawah,0.058,0.0905,0.0678,0.1656,0.0616,0.419,-0.2932,-0.4577
Sawah_41,Sawah,0.0595,0.0915,0.0642,0.1357,0.0616,0.3577,-0.1945,-0.3756
Sawah_41,Sawah,0.0568,0.0929,0.0637,0.1078,0.0461,0.2571,-0.0742,-0.4009
Sawah_41,Sawah,0.0552,0.0892,0.0597,0.088,0.0461,0.1916,0.0068,-0.3125
Sawah_41,Sawah,0.0578,0.0894,0.0583,0.0724,0.0379,0.1079,0.1051,-0.3128
Sawah_41,Sawah,0.0552,0.0885,0.0616,0.0718,0.0379,0.0765,0.1042,-0.309
Sawah_41,Sawah,0.0531,0.0903,0.0607,0.1204,0.0473,0.3297,-0.1429,-0.4359
Sawah_41,Sawah,0.0569,0.0862,0.0633,0.1427,0.0904,0.3854,-0.2468,-0.2244
Sawah_41,Sawah,0.0516,0.0828,0.0583,0.1219,0.0904,0.3529,-0.191,-0.1484
Sawah_41,Sawah,0.0436,0.0757,0.0523,0.1782,0.0914,0.5462,-0.4037,-0.322
Sawah_42,Sawah,0.0634,0.0938,0.0705,0.1254,0.0772,0.2802,-0.1442,-0.2379
Sawah_42,Sawah,0.0603,0.0933,0.0671,0.1102,0.0528,0.2431,-0.083,-0.3521
Sawah_42,Sawah,0.0657,0.0994,0.0684,0.1044,0.0528,0.2083,-0.0245,-0.3282
Sawah_42,Sawah,0.0655,0.097,0.0683,0.114,0.0381,0.2507,-0.0806,-0.499
Sawah_42,Sawah,0.0651,0.0954,0.0692,0.1175,0.0381,0.2587,-0.1038,-0.5103
Sawah_42,Sawah,0.0632,0.097,0.0708,0.0997,0.0638,0.1695,-0.0137,-0.2196
Sawah_42,Sawah,0.0684,0.1012,0.0723,0.0632,0.0324,-0.0672,0.2311,-0.3222
Sawah_42,Sawah,0.0679,0.1047,0.0749,0.0748,0.0324,-0.0007,0.1666,-0.3955
Sawah_42,Sawah,0.0696,0.1087,0.0765,0.083,0.0338,0.0408,0.1341,-0.4212
Sawah_42,Sawah,0.0684,0.1085,0.075,0.085,0.0338,0.0625,0.1214,-0.431
Sawah_42,Sawah,0.0631,0.0985,0.0704,0.1118,0.0518,0.2272,-0.0632,-0.3667
Sawah_42,Sawah,0.0709,0.0984,0.0794,0.1124,0.0638,0.1721,-0.0664,-0.2758
Sawah_42,Sawah,0.0659,0.0983,0.0699,0.0859,0.0638,0.1027,0.0673,-0.1476
Sawah_42,Sawah,0.0674,0.1043,0.0769,0.0609,0.0324,-0.1161,0.2627,-0.3055
Sawah_42,Sawah,0.0703,0.1075,0.0787,0.0735,0.0324,-0.0342,0.1878,-0.3881
Sawah_42,Sawah,0.0726,0.1114,0.0848,0.0759,0.0338,-0.0554,0.1895,-0.3838
Sawah_42,Sawah,0.0827,0.1129,0.0882,0.0798,0.0338,-0.05,0.1718,-0.4049
Sawah_42,Sawah,0.0648,0.1019,0.0742,0.0997,0.0518,0.1466,0.0109,-0.3162
Sawah_42,Sawah,0.0626,0.0983,0.0721,0.1038,0.0441,0.1802,-0.0272,-0.4036
Sawah_42,Sawah,0.067,0.1002,0.0726,0.0694,0.0441,-0.0225,0.1816,-0.2229
Sawah_42,Sawah,0.0745,0.1111,0.0815,0.0688,0.0182,-0.0845,0.2351,-0.5816
Sawah_42,Sawah,0.0737,0.1126,0.0811,0.0764,0.0182,-0.0298,0.1915,-0.6152
Sawah_42,Sawah,0.0739,0.1141,0.0847,0.0762,0.0298,-0.0528,0.1992,-0.4377
Sawah_42,Sawah,0.0818,0.112,0.0855,0.0867,0.0298,0.007,0.1273,-0.4884
Sawah_42,Sawah,0.066,0.1014,0.0696,0.1135,0.0387,0.2398,-0.0563,-0.4915
Sawah_42,Sawah,0.0642,0.0992,0.0692,0.086,0.0441,0.1082,0.0713,-0.3221
Sawah_42,Sawah,0.0695,0.1057,0.0744,0.0616,0.0441,-0.0941,0.2636,-0.1656
Sawah_42,Sawah,0.0771,0.1098,0.0834,0.0692,0.0182,-0.0931,0.2268,-0.5835
Sawah_42,Sawah,0.0715,0.1102,0.082,0.0766,0.0182,-0.034,0.1799,-0.616
Sawah_42,Sawah,0.0731,0.114,0.0853,0.0759,0.0298,-0.0583,0.2006,-0.4361
Sawah_42,Sawah,0.0699,0.109,0.0818,0.0959,0.0298,0.0793,0.0639,-0.5259
Sawah_42,Sawah,0.0679,0.0968,0.0792,0.1172,0.077,0.1935,-0.0953,-0.207
Sawah_42,Sawah,0.0632,0.1034,0.0706,0.0738,0.027,0.0222,0.167,-0.4643
Sawah_42,Sawah,0.07,0.1097,0.082,0.0632,0.027,-0.1295,0.2689,-0.4013
Sawah_42,Sawah,0.077,0.1106,0.0841,0.0749,0.0187,-0.0579,0.1925,-0.6004
Sawah_42,Sawah,0.0747,0.1108,0.0812,0.0778,0.0187,-0.0214,0.175,-0.6124
Sawah_42,Sawah,0.0734,0.1131,0.0818,0.0773,0.0339,-0.0283,0.188,-0.3903
Sawah_42,Sawah,0.0676,0.1063,0.0698,0.1068,0.0339,0.2095,-0.0023,-0.5181
Sawah_42,Sawah,0.0622,0.0963,0.0709,0.1012,0.077,0.1761,-0.0248,-0.1358
Sawah_42,Sawah,0.0681,0.1068,0.0723,0.068,0.027,-0.0306,0.222,-0.4316
Sawah_42,Sawah,0.0736,0.109,0.0818,0.0758,0.027,-0.0381,0.1797,-0.4747
Sawah_42,Sawah,0.0748,0.1112,0.0824,0.0759,0.0187,-0.0411,0.1887,-0.6046
Sawah_42,Sawah,0.0735,0.1102,0.0841,0.0759,0.0187,-0.0512,0.1843,-0.6046
Sawah_42,Sawah,0.0697,0.1116,0.0762,0.0872,0.0339,0.0673,0.1227,-0.4401
Sawah_42,Sawah,0.0731,0.0981,0.081,0.1053,0.0527,0.1304,-0.0354,-0.3329
Sawah_42,Sawah,0.0634,0.1017,0.0742,0.0805,0.0527,0.0407,0.1164,-0.2087
Sawah_42,Sawah,0.0696,0.1063,0.0782,0.0591,0.0181,-0.1391,0.2854,-0.5311
Sawah_42,Sawah,0.076,0.1093,0.0808,0.0751,0.0181,-0.0366,0.1855,-0.6116
Sawah_42,Sawah,0.074,0.1112,0.0803,0.0756,0.0218,-0.0301,0.1906,-0.5524
Sawah_42,Sawah,0.073,0.111,0.0817,0.0769,0.0218,-0.0303,0.1815,-0.5583
Sawah_42,Sawah,0.0686,0.106,0.072,0.1014,0.0333,0.1695,0.0222,-0.5056
Sawah_42,Sawah,0.06,0.0953,0.0725,0.1004,0.0527,0.1614,-0.0261,-0.3116
Sawah_42,Sawah,0.0632,0.1018,0.0748,0.0644,0.0527,-0.0747,0.225,-0.0999
Sawah_42,Sawah,0.0671,0.1068,0.08,0.0644,0.0181,-0.108,0.2477,-0.5612
Sawah_42,Sawah,0.0781,0.1082,0.0803,0.0742,0.0181,-0.0395,0.1864,-0.6078
Sawah_42,Sawah,0.0729,0.1109,0.0797,0.0741,0.0218,-0.0364,0.1989,-0.5454
Sawah_42,Sawah,0.0693,0.1066,0.0764,0.0844,0.0218,0.0498,0.1162,-0.5894
Sawah_42,Sawah,0.0647,0.0979,0.0682,0.1067,0.0333,0.2201,-0.043,-0.5243
Sawah_42,Sawah,0.0617,0.0993,0.0733,0.0912,0.0318,0.1088,0.0425,-0.4829
Sawah_42,Sawah,0.0691,0.1052,0.0764,0.0569,0.0318,-0.1463,0.298,-0.283
Sawah_42,Sawah,0.0694,0.1055,0.0771,0.066,0.0159,-0.0776,0.2303,-0.6117
Sawah_42,Sawah,0.0746,0.1094,0.079,0.0741,0.0159,-0.032,0.1924,-0.6467
Sawah_42,Sawah,0.0759,0.11,0.0782,0.0726,0.0266,-0.0371,0.2048,-0.4637
Sawah_42,Sawah,0.0652,0.1043,0.07,0.0892,0.0266,0.1206,0.078,-0.5406
Sawah_42,Sawah,0.068,0.0956,0.073,0.1164,0.081,0.2291,-0.0981,-0.1793
Sawah_42,Sawah,0.068,0.0998,0.0742,0.0768,0.0318,0.0172,0.1302,-0.4144
Sawah_42,Sawah,0.0673,0.1063,0.0771,0.0569,0.0318,-0.1507,0.3027,-0.283
Sawah_42,Sawah,0.0692,0.1058,0.0753,0.0641,0.0159,-0.0803,0.2454,-0.6025
Sawah_42,Sawah,0.068,0.1046,0.0754,0.0619,0.0159,-0.0983,0.2565,-0.5913
Sawah_42,Sawah,0.068,0.1063,0.0751,0.072,0.0266,-0.0211,0.1924,-0.4604
Sawah_42,Sawah,0.0598,0.0997,0.0682,0.0974,0.0266,0.1763,0.0117,-0.571
Sawah_42,Sawah,0.063,0.0983,0.0706,0.1013,0.0636,0.1786,-0.015,-0.2286
Sawah_42,Sawah,0.065,0.1001,0.0745,0.067,0.0202,-0.053,0.1981,-0.5367
Sawah_42,Sawah,0.0629,0.1028,0.0773,0.0585,0.0202,-0.1384,0.2746,-0.4867
Sawah_42,Sawah,0.0698,0.1038,0.0758,0.063,0.0189,-0.0922,0.2446,-0.5385
Sawah_42,Sawah,0.0679,0.1027,0.0753,0.0623,0.0189,-0.0945,0.2448,-0.5345
Sawah_42,Sawah,0.0656,0.1021,0.073,0.0796,0.0305,0.0433,0.1238,-0.446
Sawah_42,Sawah,0.0675,0.0944,0.0792,0.1166,0.0636,0.191,-0.1052,-0.2941
Sawah_42,Sawah,0.0608,0.0981,0.068,0.083,0.0636,0.0993,0.0834,-0.1323
Sawah_42,Sawah,0.0653,0.1008,0.0735,0.0624,0.0202,-0.0817,0.2353,-0.5109
Sawah_42,Sawah,0.0646,0.1028,0.0765,0.0589,0.0202,-0.13,0.2715,-0.4892
Sawah_42,Sawah,0.0664,0.1032,0.074,0.0625,0.0189,-0.0842,0.2456,-0.5356
Sawah_42,Sawah,0.0659,0.1014,0.0732,0.068,0.0189,-0.0368,0.1972,-0.565
Sawah_42,Sawah,0.061,0.0982,0.0684,0.0884,0.0305,0.1276,0.0525,-0.487
Sawah_42,Sawah,0.061,0.0894,0.0704,0.1204,0.059,0.2621,-0.1478,-0.3423
Sawah_42,Sawah,0.0573,0.0968,0.0687,0.0654,0.059,-0.0246,0.1936,-0.0514
Sawah_42,Sawah,0.0653,0.1006,0.0741,0.0618,0.0236,-0.0905,0.2389,-0.4473
Sawah_42,Sawah,0.0687,0.1041,0.0734,0.0628,0.0236,-0.0778,0.2475,-0.4537
Sawah_42,Sawah,0.0667,0.1026,0.0717,0.0609,0.0297,-0.0814,0.255,-0.3444
Sawah_42,Sawah,0.0638,0.1,0.0712,0.0746,0.0297,0.0233,0.1455,-0.4305
Sawah_42,Sawah,0.0599,0.0933,0.0657,0.1022,0.0418,0.2174,-0.0455,-0.4194
Sawah_42,Sawah,0.0565,0.0866,0.0607,0.1541,0.059,0.4348,-0.2804,-0.4463
Sawah_42,Sawah,0.0573,0.0948,0.0653,0.0876,0.059,0.1458,0.0395,-0.1951
Sawah_42,Sawah,0.0639,0.0999,0.071,0.0734,0.0236,0.0166,0.1529,-0.5134
Sawah_42,Sawah,0.0638,0.0996,0.0714,0.0622,0.0236,-0.0689,0.2311,-0.4499
Sawah_42,Sawah,0.064,0.1003,0.0696,0.0605,0.0297,-0.0699,0.2475,-0.3415
Sawah_42,Sawah,0.0624,0.0915,0.0677,0.0886,0.0297,0.1337,0.0161,-0.4979
Sawah_42,Sawah,0.0554,0.0901,0.0624,0.1047,0.0403,0.2531,-0.0749,-0.4441
Sawah_42,Sawah,0.0579,0.0947,0.0681,0.0646,0.0403,-0.0264,0.189,-0.2316
Sawah_42,Sawah,0.0634,0.0966,0.066,0.0625,0.0456,-0.0272,0.2143,-0.1563
Sawah_42,Sawah,0.0598,0.0872,0.0645,0.113,0.0456,0.2732,-0.1289,-0.425
Sawah_42,Sawah,0.0521,0.0838,0.0576,0.1083,0.0403,0.3056,-0.1275,-0.4576
Sawah_42,Sawah,0.0618,0.0961,0.0651,0.0698,0.0403,0.0348,0.1585,-0.2679
Sawah_42,Sawah,0.0594,0.0925,0.0648,0.0865,0.0456,0.1434,0.0335,-0.3096
Sawah_42,Sawah,0.0562,0.0881,0.0626,0.1218,0.0863,0.321,-0.1606,-0.1706
Sawah_42,Sawah,0.0624,0.0961,0.0657,0.0817,0.0863,0.1085,0.081,0.0274
Sawah_42,Sawah,0.0577,0.0906,0.0655,0.1114,0.0776,0.2595,-0.103,-0.1788
Sawah_43,Sawah,0.0676,0.095,0.0734,0.1232,0.0717,0.2533,-0.1292,-0.2642
Sawah_43,Sawah,0.065,0.0938,0.0699,0.1083,0.0757,0.2155,-0.0717,-0.1772
Sawah_43,Sawah,0.0693,0.0972,0.0758,0.1304,0.0757,0.2648,-0.1459,-0.2654
Sawah_43,Sawah,0.0667,0.0939,0.0683,0.1286,0.0651,0.3062,-0.156,-0.3278
Sawah_43,Sawah,0.0669,0.0966,0.0697,0.091,0.0758,0.1325,0.0299,-0.0911
Sawah_43,Sawah,0.0747,0.1066,0.0847,0.0769,0.0894,-0.0483,0.1619,0.0752
Sawah_43,Sawah,0.0847,0.1093,0.0967,0.1059,0.0894,0.0454,0.0158,-0.0845
Sawah_43,Sawah,0.0836,0.107,0.1021,0.116,0.0915,0.0637,-0.0404,-0.1181
Sawah_43,Sawah,0.0811,0.1026,0.0961,0.1198,0.0915,0.1098,-0.0773,-0.1339
Sawah_43,Sawah,0.0725,0.0968,0.0768,0.1223,0.0772,0.2285,-0.1164,-0.2261
Sawah_43,Sawah,0.0618,0.0854,0.0639,0.1564,0.0772,0.4199,-0.2936,-0.339
Sawah_43,Sawah,0.0712,0.0982,0.0834,0.115,0.0758,0.1593,-0.0788,-0.2054
Sawah_43,Sawah,0.0687,0.1037,0.0812,0.0887,0.0758,0.0441,0.078,-0.0784
Sawah_43,Sawah,0.0839,0.1152,0.1074,0.0893,0.0894,-0.092,0.1266,0.0006
Sawah_43,Sawah,0.0961,0.1187,0.1073,0.1149,0.0894,0.0342,0.0163,-0.1248
Sawah_43,Sawah,0.0959,0.1211,0.1119,0.113,0.0915,0.0049,0.0346,-0.1051
Sawah_43,Sawah,0.0969,0.1155,0.1105,0.1107,0.0915,0.0009,0.0212,-0.095
Sawah_43,Sawah,0.082,0.1027,0.0936,0.1065,0.0772,0.0645,-0.0182,-0.1595
Sawah_43,Sawah,0.0634,0.0938,0.0705,0.1254,0.0772,0.2802,-0.1442,-0.2379
Sawah_43,Sawah,0.068,0.0978,0.0771,0.0997,0.0727,0.1278,-0.0096,-0.1566
Sawah_43,Sawah,0.0787,0.1081,0.0853,0.0821,0.0727,-0.0191,0.1367,-0.0607
Sawah_43,Sawah,0.0922,0.1194,0.1127,0.1035,0.0972,-0.0426,0.0713,-0.0314
Sawah_43,Sawah,0.0975,0.1193,0.1126,0.1224,0.0972,0.0417,-0.0128,-0.1148
Sawah_43,Sawah,0.0966,0.1257,0.1121,0.118,0.101,0.0256,0.0316,-0.0776
Sawah_43,Sawah,0.0955,0.1198,0.1095,0.1138,0.101,0.0193,0.0257,-0.0596
Sawah_43,Sawah,0.0793,0.1036,0.0877,0.1104,0.0638,0.1146,-0.0318,-0.2675
Sawah_43,Sawah,0.0743,0.0981,0.0791,0.1034,0.045,0.1331,-0.0263,-0.3935
Sawah_43,Sawah,0.0666,0.0948,0.0743,0.0784,0.0727,0.0268,0.0947,-0.0377
Sawah_43,Sawah,0.0808,0.1077,0.085,0.0788,0.0727,-0.0379,0.155,-0.0403
Sawah_43,Sawah,0.0992,0.1205,0.116,0.1069,0.0972,-0.0408,0.0598,-0.0475
Sawah_43,Sawah,0.1017,0.121,0.1159,0.1194,0.0972,0.0149,0.0067,-0.1025
Sawah_43,Sawah,0.0979,0.1264,0.1119,0.1138,0.101,0.0084,0.0525,-0.0596
Sawah_43,Sawah,0.0896,0.114,0.102,0.115,0.101,0.0599,-0.0044,-0.0648
Sawah_43,Sawah,0.0709,0.0984,0.0794,0.1124,0.0638,0.1721,-0.0664,-0.2758
Sawah_43,Sawah,0.0731,0.0975,0.0789,0.1111,0.0393,0.1695,-0.0652,-0.4774
Sawah_43,Sawah,0.0674,0.0979,0.0681,0.0632,0.066,-0.0373,0.2154,0.0217
Sawah_43,Sawah,0.0779,0.108,0.0846,0.0767,0.066,-0.049,0.1695,-0.075
Sawah_43,Sawah,0.1007,0.1197,0.1167,0.1104,0.1015,-0.0277,0.0404,-0.042
Sawah_43,Sawah,0.0947,0.1274,0.1153,0.1173,0.1015,0.0086,0.0413,-0.0722
Sawah_43,Sawah,0.0884,0.1261,0.111,0.107,0.0956,-0.0183,0.0819,-0.0563
Sawah_43,Sawah,0.0828,0.1077,0.0938,0.1134,0.0956,0.0946,-0.0258,-0.0852
Sawah_43,Sawah,0.0685,0.0945,0.0789,0.0959,0.0393,0.0973,-0.0074,-0.4186
Sawah_43,Sawah,0.0675,0.0958,0.0756,0.0633,0.066,-0.0886,0.2043,0.0209
Sawah_43,Sawah,0.0816,0.112,0.0945,0.0781,0.066,-0.095,0.1783,-0.084
Sawah_43,Sawah,0.0969,0.1201,0.1151,0.1111,0.1015,-0.0177,0.0389,-0.0452
Sawah_43,Sawah,0.0932,0.1274,0.111,0.1136,0.1015,0.0116,0.0573,-0.0563
Sawah_43,Sawah,0.0897,0.1215,0.1056,0.1073,0.0956,0.008,0.0621,-0.0577
Sawah_43,Sawah,0.0745,0.1008,0.0869,0.1143,0.0956,0.1362,-0.0628,-0.0891
Sawah_43,Sawah,0.0677,0.0949,0.0767,0.103,0.0394,0.1464,-0.0409,-0.4466
Sawah_43,Sawah,0.0653,0.0925,0.0665,0.0859,0.0394,0.1273,0.037,-0.3711
Sawah_43,Sawah,0.0745,0.1019,0.0758,0.0641,0.0685,-0.0836,0.2277,0.0332
Sawah_43,Sawah,0.0858,0.1142,0.0984,0.0875,0.0685,-0.0586,0.1324,-0.1218
Sawah_43,Sawah,0.0993,0.1264,0.113,0.1108,0.1048,-0.0098,0.0658,-0.0278
Sawah_43,Sawah,0.0969,0.1302,0.1136,0.115,0.1048,0.0061,0.062,-0.0464
Sawah_43,Sawah,0.0884,0.1126,0.099,0.1166,0.077,0.0816,-0.0175,-0.2045
Sawah_43,Sawah,0.0679,0.0968,0.0792,0.1172,0.077,0.1935,-0.0953,-0.207
Sawah_43,Sawah,0.069,0.0969,0.0776,0.1104,0.0394,0.1745,-0.0651,-0.474
Sawah_43,Sawah,0.0659,0.0979,0.0656,0.0729,0.0394,0.0527,0.1464,-0.2983
Sawah_43,Sawah,0.0764,0.1073,0.0772,0.0663,0.0685,-0.076,0.2362,0.0163
Sawah_43,Sawah,0.0868,0.1266,0.1017,0.0916,0.0685,-0.0523,0.1604,-0.1443
Sawah_43,Sawah,0.109,0.132,0.1276,0.1128,0.1048,-0.0616,0.0784,-0.0368
Sawah_43,Sawah,0.1006,0.1264,0.1219,0.1152,0.1048,-0.0283,0.0464,-0.0473
Sawah_43,Sawah,0.0814,0.1054,0.0883,0.1103,0.077,0.1108,-0.0227,-0.1778
Sawah_43,Sawah,0.0658,0.0929,0.0767,0.1006,0.0465,0.1348,-0.0398,-0.3678
Sawah_43,Sawah,0.0728,0.1009,0.0705,0.0699,0.0465,-0.0043,0.1815,-0.201
Sawah_43,Sawah,0.0764,0.1088,0.0801,0.0688,0.0657,-0.0759,0.2252,-0.023
Sawah_43,Sawah,0.0933,0.1299,0.1122,0.0993,0.0657,-0.061,0.1335,-0.2036
Sawah_43,Sawah,0.1124,0.1328,0.1317,0.1169,0.0982,-0.0595,0.0637,-0.0869
Sawah_43,Sawah,0.1036,0.1233,0.1176,0.1146,0.0982,-0.0129,0.0366,-0.0771
Sawah_43,Sawah,0.0731,0.0981,0.081,0.1053,0.0527,0.1304,-0.0354,-0.3329
Sawah_43,Sawah,0.0686,0.0947,0.0782,0.1074,0.0398,0.1573,-0.0628,-0.4592
Sawah_43,Sawah,0.0648,0.0942,0.0717,0.0917,0.0465,0.1224,0.0134,-0.3271
Sawah_43,Sawah,0.0742,0.1014,0.0763,0.0695,0.0465,-0.0466,0.1867,-0.1983
Sawah_43,Sawah,0.0802,0.1079,0.0815,0.074,0.0657,-0.0482,0.1864,-0.0594
Sawah_43,Sawah,0.0929,0.1295,0.1103,0.0998,0.0657,-0.05,0.1295,-0.206
Sawah_43,Sawah,0.105,0.1328,0.1285,0.1142,0.0982,-0.0589,0.0753,-0.0753
Sawah_43,Sawah,0.088,0.1151,0.1042,0.1124,0.0982,0.0379,0.0119,-0.0674
Sawah_43,Sawah,0.0673,0.0961,0.0786,0.1141,0.0469,0.1842,-0.0856,-0.4174
Sawah_43,Sawah,0.0676,0.0984,0.0713,0.08,0.0385,0.0575,0.1031,-0.3502
Sawah_43,Sawah,0.0774,0.0991,0.0783,0.0716,0.0385,-0.0447,0.1611,-0.3006
Sawah_43,Sawah,0.0807,0.1062,0.0856,0.0779,0.0593,-0.0471,0.1537,-0.1356
Sawah_43,Sawah,0.0875,0.1255,0.1013,0.0859,0.0593,-0.0823,0.1873,-0.1832
Sawah_43,Sawah,0.0894,0.1224,0.107,0.0998,0.081,-0.0348,0.1017,-0.104
Sawah_43,Sawah,0.0693,0.1014,0.0838,0.1112,0.081,0.1405,-0.0461,-0.1571
Sawah_43,Sawah,0.066,0.0943,0.073,0.1063,0.0469,0.1857,-0.0598,-0.3877
Sawah_43,Sawah,0.073,0.0975,0.0762,0.0758,0.0385,-0.0026,0.1252,-0.3263
Sawah_43,Sawah,0.0728,0.1006,0.0815,0.0729,0.0385,-0.0557,0.1597,-0.3088
Sawah_43,Sawah,0.0805,0.1139,0.0893,0.0788,0.0593,-0.0625,0.1821,-0.1412
Sawah_43,Sawah,0.084,0.1166,0.097,0.0808,0.0593,-0.0911,0.1814,-0.1535
Sawah_43,Sawah,0.082,0.1119,0.0874,0.0978,0.081,0.0562,0.0672,-0.094
Sawah_43,Sawah,0.068,0.0956,0.073,0.1164,0.081,0.2291,-0.0981,-0.1793
Sawah_43,Sawah,0.0671,0.092,0.0777,0.1091,0.0525,0.1681,-0.085,-0.3502
Sawah_43,Sawah,0.0604,0.0916,0.0625,0.09,0.0525,0.1803,0.0088,-0.2632
Sawah_43,Sawah,0.0731,0.0984,0.0818,0.0825,0.0476,0.0043,0.0879,-0.2683
Sawah_43,Sawah,0.0728,0.1105,0.0826,0.0754,0.0476,-0.0456,0.1888,-0.226
Sawah_43,Sawah,0.0865,0.1139,0.0914,0.0908,0.0759,-0.0033,0.1128,-0.0894
Sawah_43,Sawah,0.0851,0.1144,0.0935,0.0884,0.0759,-0.028,0.1282,-0.0761
Sawah_43,Sawah,0.0725,0.0987,0.0817,0.1122,0.0636,0.1573,-0.064,-0.2764
Sawah_43,Sawah,0.0654,0.0939,0.0714,0.121,0.0525,0.2578,-0.1261,-0.3948
Sawah_43,Sawah,0.0605,0.0909,0.0622,0.0797,0.0525,0.1233,0.0657,-0.2057
Sawah_43,Sawah,0.0712,0.0948,0.084,0.0945,0.0476,0.0588,0.0016,-0.33
Sawah_43,Sawah,0.0761,0.105,0.0841,0.0886,0.0476,0.0261,0.0847,-0.301
Sawah_43,Sawah,0.0814,0.1144,0.0958,0.0848,0.0759,-0.0609,0.1486,-0.0554
Sawah_43,Sawah,0.0815,0.115,0.0952,0.0845,0.0759,-0.0595,0.1529,-0.0536
Sawah_43,Sawah,0.0675,0.0944,0.0792,0.1166,0.0636,0.191,-0.1052,-0.2941
Sawah_43,Sawah,0.0654,0.0928,0.0678,0.1127,0.0809,0.2488,-0.0968,-0.1643
Sawah_43,Sawah,0.0643,0.0916,0.0663,0.0807,0.0809,0.098,0.0633,0.0012
Sawah_43,Sawah,0.0714,0.0948,0.0803,0.1322,0.0663,0.2442,-0.1648,-0.332
Sawah_43,Sawah,0.0715,0.0952,0.0859,0.1282,0.0663,0.1976,-0.1477,-0.3183
Sawah_43,Sawah,0.0643,0.0903,0.0751,0.1035,0.0754,0.159,-0.0681,-0.1571
Sawah_43,Sawah,0.066,0.09,0.074,0.1203,0.0754,0.2383,-0.1441,-0.2294
Sawah_43,Sawah,0.062,0.0875,0.0691,0.1611,0.0805,0.3997,-0.2961,-0.3336
Sawah_43,Sawah,0.0645,0.0955,0.0633,0.1292,0.0809,0.3423,-0.15,-0.2299
Sawah_43,Sawah,0.0684,0.0923,0.0665,0.0974,0.0809,0.1885,-0.0269,-0.0925
Sawah_43,Sawah,0.0602,0.0913,0.0684,0.1921,0.1172,0.4749,-0.3557,-0.2422
Sawah_43,Sawah,0.0621,0.0909,0.0708,0.1658,0.1172,0.4015,-0.2918,-0.1717
Sawah_45,Sawah,0.0424,0.0713,0.0603,0.2352,0.153,0.5919,-0.5347,-0.2117
Sawah_45,Sawah,0.047,0.0757,0.0629,0.165,0.1105,0.448,-0.371,-0.1978
Sawah_45,Sawah,0.0445,0.0709,0.0569,0.125,0.1105,0.3744,-0.2762,-0.0616
Sawah_45,Sawah,0.0464,0.0743,0.0646,0.2119,0.1448,0.5327,-0.4808,-0.1881
Sawah_45,Sawah,0.0418,0.0688,0.0515,0.1378,0.095,0.4559,-0.334,-0.1838
Sawah_45,Sawah,0.0417,0.0683,0.0533,0.1286,0.095,0.414,-0.3062,-0.1503
Sawah_45,Sawah,0.0443,0.0713,0.0561,0.1477,0.0712,0.4495,-0.3489,-0.3495
Sawah_45,Sawah,0.0433,0.0734,0.0564,0.1518,0.0712,0.4582,-0.3481,-0.3614
Sawah_45,Sawah,0.049,0.0751,0.064,0.1689,0.1448,0.4504,-0.3844,-0.0768
Sawah_45,Sawah,0.0442,0.071,0.0533,0.1129,0.095,0.3586,-0.2278,-0.0861
Sawah_45,Sawah,0.0443,0.068,0.0515,0.1021,0.095,0.3294,-0.2005,-0.036
Sawah_45,Sawah,0.0434,0.0681,0.0513,0.1043,0.0712,0.3406,-0.21,-0.1886
Sawah_45,Sawah,0.0408,0.0674,0.0504,0.1123,0.0712,0.3805,-0.2499,-0.224
Sawah_45,Sawah,0.0445,0.068,0.0539,0.1371,0.0701,0.4356,-0.3369,-0.3234
Sawah_45,Sawah,0.0425,0.0721,0.0571,0.1739,0.0701,0.5056,-0.4138,-0.4254
Sawah_45,Sawah,0.0447,0.0662,0.0527,0.1251,0.0805,0.4072,-0.3079,-0.2169
Sawah_45,Sawah,0.0443,0.0702,0.0508,0.1234,0.0738,0.4168,-0.2748,-0.2515
Sawah_45,Sawah,0.0418,0.07,0.0502,0.1006,0.0738,0.3342,-0.1794,-0.1537
Sawah_45,Sawah,0.0411,0.0642,0.0474,0.0978,0.0729,0.3471,-0.2074,-0.1459
Sawah_45,Sawah,0.042,0.0661,0.0481,0.1056,0.0729,0.3741,-0.2301,-0.1832
Sawah_45,Sawah,0.0444,0.0677,0.054,0.1487,0.0663,0.4672,-0.3743,-0.3833
Sawah_45,Sawah,0.0436,0.0701,0.0551,0.1815,0.0663,0.5342,-0.4428,-0.4649
Sawah_45,Sawah,0.0439,0.0718,0.0515,0.1657,0.073,0.5258,-0.3954,-0.3884
Sawah_45,Sawah,0.0464,0.0713,0.0557,0.1253,0.0738,0.3845,-0.2747,-0.2587
Sawah_45,Sawah,0.0452,0.068,0.0556,0.1316,0.0729,0.406,-0.3186,-0.287
Sawah_45,Sawah,0.0433,0.0661,0.0518,0.1191,0.0729,0.3938,-0.2862,-0.2406
Sawah_45,Sawah,0.0401,0.0665,0.0513,0.1325,0.0663,0.4418,-0.3317,-0.333
Sawah_45,Sawah,0.0428,0.0689,0.0512,0.1523,0.0663,0.4968,-0.377,-0.3934
Sawah_45,Sawah,0.0435,0.0673,0.0493,0.1685,0.073,0.5473,-0.4292,-0.3954
Sawah_45,Sawah,0.0449,0.07,0.0579,0.1585,0.0713,0.4649,-0.3873,-0.3795
Sawah_45,Sawah,0.0449,0.0694,0.0562,0.1547,0.0713,0.467,-0.3806,-0.369
Sawah_45,Sawah,0.0451,0.0698,0.0531,0.1557,0.0744,0.4914,-0.3809,-0.3533
Sawah_45,Sawah,0.0485,0.0768,0.0608,0.1343,0.0744,0.3767,-0.2724,-0.287
Sawah_45,Sawah,0.0482,0.0725,0.0576,0.169,0.0744,0.4916,-0.3996,-0.3887
Sawah_46,Sawah,0.0465,0.0724,0.06,0.2202,0.1372,0.5717,-0.5051,-0.2322
Sawah_46,Sawah,0.0454,0.0715,0.06,0.1907,0.1372,0.5213,-0.4546,-0.1632
Sawah_46,Sawah,0.0419,0.0663,0.0576,0.1759,0.0978,0.5066,-0.4525,-0.2853
Sawah_46,Sawah,0.047,0.0756,0.0669,0.1772,0.1105,0.4519,-0.4019,-0.2318
Sawah_46,Sawah,0.0431,0.0731,0.0569,0.1198,0.1105,0.356,-0.2421,-0.0404
Sawah_46,Sawah,0.0445,0.0687,0.0545,0.1265,0.0772,0.3978,-0.2961,-0.242
Sawah_46,Sawah,0.0424,0.0671,0.0537,0.1526,0.0772,0.4794,-0.3892,-0.3281
Sawah_46,Sawah,0.0416,0.0673,0.0536,0.1687,0.0751,0.5178,-0.4297,-0.3839
Sawah_46,Sawah,0.047,0.0757,0.0629,0.165,0.1105,0.448,-0.371,-0.1978
Sawah_46,Sawah,0.0445,0.0709,0.0569,0.125,0.1105,0.3744,-0.2762,-0.0616
Sawah_46,Sawah,0.0425,0.0694,0.0548,0.1088,0.0772,0.3301,-0.2211,-0.1699
Sawah_46,Sawah,0.0402,0.0695,0.0503,0.1121,0.0772,0.3805,-0.2346,-0.1844
Sawah_46,Sawah,0.0437,0.069,0.0551,0.1444,0.0751,0.4476,-0.3533,-0.3157
Sawah_46,Sawah,0.0399,0.0706,0.0569,0.1614,0.0751,0.4787,-0.3914,-0.3649
Sawah_46,Sawah,0.0382,0.0664,0.0511,0.1802,0.0738,0.5581,-0.4615,-0.4189
Sawah_46,Sawah,0.0443,0.0713,0.0561,0.1477,0.0712,0.4495,-0.3489,-0.3495
Sawah_46,Sawah,0.0433,0.0734,0.0564,0.1518,0.0712,0.4582,-0.3481,-0.3614
Sawah_46,Sawah,0.0411,0.0744,0.0562,0.142,0.0701,0.4329,-0.3124,-0.339
Sawah_46,Sawah,0.0411,0.0752,0.0549,0.1385,0.0701,0.4323,-0.2962,-0.3279
Sawah_46,Sawah,0.0398,0.0728,0.0512,0.135,0.0692,0.4501,-0.2993,-0.3222
Sawah_46,Sawah,0.0402,0.0687,0.049,0.143,0.0692,0.4896,-0.351,-0.3478
Sawah_46,Sawah,0.0374,0.0654,0.0458,0.1617,0.0829,0.5586,-0.424,-0.3222
Sawah_46,Sawah,0.0378,0.0619,0.0484,0.1909,0.0829,0.5955,-0.5103,-0.3944
Sawah_46,Sawah,0.0425,0.0721,0.0571,0.1739,0.0701,0.5056,-0.4138,-0.4254
Sawah_46,Sawah,0.0389,0.0711,0.0528,0.1499,0.0692,0.479,-0.3566,-0.3683
Sawah_46,Sawah,0.0404,0.0728,0.0518,0.1313,0.0692,0.4342,-0.2866,-0.3097
Sawah_46,Sawah,0.0406,0.072,0.0468,0.1252,0.0829,0.4558,-0.2698,-0.2033
Sawah_46,Sawah,0.0404,0.0704,0.0475,0.1501,0.0829,0.5192,-0.3614,-0.2884
Sawah_46,Sawah,0.0494,0.0794,0.0627,0.1703,0.084,0.4618,-0.364,-0.3394
Sawah_46,Sawah,0.0436,0.0701,0.0551,0.1815,0.0663,0.5342,-0.4428,-0.4649
Sawah_46,Sawah,0.0439,0.0718,0.0515,0.1657,0.073,0.5258,-0.3954,-0.3884
Sawah_46,Sawah,0.0441,0.0751,0.0536,0.1629,0.073,0.5048,-0.3689,-0.3811
Sawah_47,Sawah,0.0639,0.0919,0.0807,0.1392,0.0939,0.266,-0.2047,-0.1943
Sawah_47,Sawah,0.0547,0.0861,0.0627,0.1356,0.0716,0.3676,-0.2233,-0.3089
Sawah_47,Sawah,0.0559,0.0853,0.067,0.1508,0.0716,0.3848,-0.2774,-0.3561
Sawah_47,Sawah,0.0515,0.0898,0.0704,0.1787,0.0881,0.4348,-0.3311,-0.3396
Sawah_47,Sawah,0.0571,0.0938,0.076,0.1188,0.0939,0.2197,-0.1176,-0.1171
Sawah_47,Sawah,0.0534,0.088,0.0593,0.0845,0.0716,0.1752,0.0203,-0.0826
Sawah_47,Sawah,0.0529,0.0887,0.061,0.0865,0.0716,0.1729,0.0126,-0.0942
Sawah_47,Sawah,0.0565,0.0898,0.0626,0.1043,0.0881,0.2498,-0.0747,-0.0842
Sawah_47,Sawah,0.0565,0.0889,0.0641,0.1482,0.0881,0.3961,-0.2501,-0.2543
Sawah_47,Sawah,0.0615,0.0872,0.0799,0.1241,0.0675,0.2167,-0.1746,-0.2954
Sawah_47,Sawah,0.0526,0.084,0.0684,0.1039,0.0675,0.206,-0.1059,-0.2124
Sawah_47,Sawah,0.0565,0.087,0.0594,0.0751,0.0322,0.1167,0.0734,-0.3998
Sawah_47,Sawah,0.0551,0.0894,0.0613,0.0737,0.0322,0.0919,0.0963,-0.3919
Sawah_47,Sawah,0.0608,0.0958,0.0643,0.0765,0.0498,0.0866,0.112,-0.2114
Sawah_47,Sawah,0.0588,0.0894,0.0651,0.1191,0.0498,0.2932,-0.1424,-0.4103
Sawah_47,Sawah,0.0589,0.0894,0.0747,0.1208,0.0675,0.2358,-0.1494,-0.2831
Sawah_47,Sawah,0.0515,0.0874,0.0597,0.0875,0.0675,0.1889,-0.0006,-0.129
Sawah_47,Sawah,0.0554,0.0917,0.0605,0.0745,0.0322,0.1037,0.1035,-0.3964
Sawah_47,Sawah,0.0542,0.0931,0.0591,0.0723,0.0322,0.1005,0.1258,-0.3837
Sawah_47,Sawah,0.0614,0.0946,0.0666,0.0819,0.0498,0.103,0.072,-0.2437
Sawah_47,Sawah,0.056,0.0883,0.062,0.1242,0.0498,0.334,-0.1689,-0.4276
Sawah_47,Sawah,0.0545,0.087,0.0637,0.1056,0.0452,0.2475,-0.0966,-0.4005
Sawah_47,Sawah,0.0543,0.0895,0.0612,0.0778,0.0452,0.1194,0.0699,-0.265
Sawah_47,Sawah,0.0598,0.0926,0.0659,0.0731,0.0274,0.0518,0.1177,-0.4547
Sawah_47,Sawah,0.0596,0.0939,0.0665,0.0701,0.0274,0.0264,0.1451,-0.4379
Sawah_47,Sawah,0.0616,0.0929,0.0676,0.0921,0.0422,0.1534,0.0043,-0.3716
Sawah_47,Sawah,0.059,0.0959,0.0705,0.0978,0.058,0.1622,-0.0098,-0.2555
Sawah_47,Sawah,0.0544,0.0866,0.062,0.0869,0.0452,0.1672,-0.0017,-0.3157
Sawah_47,Sawah,0.054,0.0915,0.0604,0.072,0.0452,0.0876,0.1193,-0.2287
Sawah_47,Sawah,0.0597,0.094,0.0639,0.0724,0.0274,0.0624,0.1298,-0.4509
Sawah_47,Sawah,0.064,0.0945,0.0693,0.0722,0.0274,0.0205,0.1338,-0.4498
Sawah_47,Sawah,0.0633,0.0928,0.0677,0.108,0.0422,0.2294,-0.0757,-0.4381
Sawah_47,Sawah,0.0573,0.0919,0.0682,0.1007,0.0407,0.1924,-0.0457,-0.4243
Sawah_47,Sawah,0.0549,0.0874,0.0602,0.0784,0.0291,0.1313,0.0543,-0.4586
Sawah_47,Sawah,0.0555,0.0933,0.0598,0.0708,0.0291,0.0842,0.1371,-0.4174
Sawah_47,Sawah,0.0626,0.0923,0.0693,0.0731,0.0303,0.0267,0.1161,-0.4139
Sawah_47,Sawah,0.0642,0.0922,0.0685,0.0778,0.0303,0.0636,0.0847,-0.4394
Sawah_47,Sawah,0.0606,0.0901,0.0651,0.1141,0.0368,0.2734,-0.1175,-0.5123
Sawah_47,Sawah,0.0584,0.0949,0.0624,0.0871,0.0407,0.1652,0.0429,-0.3631
Sawah_47,Sawah,0.0531,0.0881,0.0646,0.095,0.0407,0.1905,-0.0377,-0.4001
Sawah_47,Sawah,0.0547,0.0891,0.0607,0.0712,0.0291,0.0796,0.1117,-0.4197
Sawah_47,Sawah,0.0574,0.0916,0.0615,0.0724,0.0291,0.0814,0.1171,-0.4266
Sawah_47,Sawah,0.064,0.0901,0.0673,0.0716,0.0303,0.031,0.1144,-0.4053
Sawah_47,Sawah,0.063,0.0912,0.0672,0.0888,0.0303,0.1385,0.0133,-0.4912
Sawah_47,Sawah,0.059,0.0936,0.0661,0.1013,0.0394,0.2103,-0.0395,-0.4399
Sawah_47,Sawah,0.0541,0.0886,0.0601,0.0908,0.0394,0.2034,-0.0123,-0.3948
Sawah_47,Sawah,0.0571,0.0903,0.0596,0.0692,0.0253,0.0745,0.1323,-0.4645
Sawah_47,Sawah,0.0573,0.0906,0.066,0.0711,0.0253,0.0372,0.1206,-0.4751
Sawah_47,Sawah,0.0637,0.092,0.0663,0.0732,0.0344,0.0495,0.1138,-0.3606
Sawah_47,Sawah,0.0623,0.0906,0.0663,0.1049,0.0344,0.2255,-0.0731,-0.5061
Sawah_47,Sawah,0.0579,0.0874,0.068,0.1061,0.0394,0.2188,-0.0966,-0.4584
Sawah_47,Sawah,0.0529,0.0884,0.0603,0.0803,0.0394,0.1422,0.048,-0.3417
Sawah_47,Sawah,0.0559,0.0916,0.059,0.0672,0.0253,0.065,0.1537,-0.453
Sawah_47,Sawah,0.0629,0.0903,0.0659,0.0684,0.0253,0.0186,0.138,-0.46
Sawah_47,Sawah,0.0626,0.09,0.0647,0.0798,0.0344,0.1045,0.0601,-0.3975
Sawah_47,Sawah,0.0558,0.0905,0.0626,0.1078,0.0344,0.2653,-0.0872,-0.5162
Sawah_47,Sawah,0.061,0.0943,0.0696,0.0914,0.0402,0.1354,0.0156,-0.3891
Sawah_47,Sawah,0.0578,0.0889,0.0668,0.0988,0.037,0.1932,-0.0527,-0.4551
Sawah_47,Sawah,0.0555,0.0868,0.0612,0.0741,0.037,0.0953,0.0789,-0.3339
Sawah_47,Sawah,0.0557,0.0873,0.0609,0.0686,0.0241,0.0595,0.1199,-0.48
Sawah_47,Sawah,0.0568,0.0909,0.064,0.0684,0.0241,0.0332,0.1412,-0.4789
Sawah_47,Sawah,0.0632,0.09,0.0637,0.0914,0.0333,0.1786,-0.0077,-0.4659
Sawah_47,Sawah,0.0616,0.0919,0.0702,0.0997,0.0402,0.1736,-0.0407,-0.4253
Sawah_47,Sawah,0.0537,0.0865,0.065,0.0865,0.037,0.1419,0.0,-0.4008
Sawah_47,Sawah,0.0555,0.0864,0.0608,0.067,0.037,0.0485,0.1265,-0.2885
Sawah_47,Sawah,0.0551,0.0847,0.0612,0.0676,0.0241,0.0497,0.1123,-0.4744
Sawah_47,Sawah,0.0562,0.0901,0.0596,0.0693,0.0241,0.0753,0.1305,-0.4839
Sawah_47,Sawah,0.054,0.0868,0.0575,0.1022,0.0333,0.2799,-0.0815,-0.5085
Sawah_47,Sawah,0.0556,0.0899,0.0684,0.1104,0.0487,0.2349,-0.1023,-0.3878
Sawah_47,Sawah,0.0522,0.0867,0.0632,0.0878,0.0445,0.1629,-0.0063,-0.3273
Sawah_47,Sawah,0.0585,0.0866,0.0611,0.0742,0.0445,0.0968,0.0771,-0.2502
Sawah_47,Sawah,0.0568,0.0867,0.0606,0.0688,0.0412,0.0634,0.1151,-0.2509
Sawah_47,Sawah,0.0551,0.0868,0.0623,0.0789,0.0412,0.1176,0.0477,-0.3139
Sawah_47,Sawah,0.0523,0.0866,0.056,0.1032,0.0368,0.2965,-0.0875,-0.4743
Sawah_47,Sawah,0.0548,0.0894,0.0642,0.0969,0.0445,0.203,-0.0403,-0.3706
Sawah_47,Sawah,0.0569,0.0877,0.0632,0.0945,0.0445,0.1985,-0.0373,-0.3597
Sawah_47,Sawah,0.0569,0.0868,0.0614,0.0968,0.0412,0.2238,-0.0545,-0.4029
Sawah_47,Sawah,0.0568,0.0856,0.0609,0.1158,0.0412,0.3107,-0.1499,-0.4752
Sawah_49,Sawah,0.06,0.0856,0.0816,0.194,0.0954,0.4078,-0.3877,-0.3407
Sawah_49,Sawah,0.0503,0.0776,0.0589,0.1353,0.0954,0.3934,-0.271,-0.173
Sawah_49,Sawah,0.0453,0.0697,0.0536,0.1472,0.0699,0.4661,-0.3573,-0.3561
Sawah_49,Sawah,0.0483,0.0744,0.0592,0.2021,0.0699,0.5469,-0.4618,-0.486
Sawah_49,Sawah,0.056,0.0901,0.0717,0.1544,0.0954,0.3658,-0.263,-0.2362
Sawah_49,Sawah,0.0534,0.0906,0.061,0.092,0.0954,0.2026,-0.0077,0.0181
Sawah_49,Sawah,0.0551,0.0908,0.0606,0.1087,0.0699,0.2841,-0.0897,-0.2172
Sawah_49,Sawah,0.0514,0.0834,0.0605,0.1359,0.0699,0.3839,-0.2394,-0.3207
Sawah_49,Sawah,0.051,0.0808,0.0642,0.171,0.0923,0.4541,-0.3582,-0.2989
Sawah_49,Sawah,0.0527,0.0788,0.0731,0.2018,0.1039,0.4682,-0.4383,-0.3202
Sawah_49,Sawah,0.0563,0.0942,0.0672,0.1327,0.0838,0.3277,-0.1697,-0.2259
Sawah_49,Sawah,0.0532,0.0987,0.0623,0.0913,0.0838,0.1888,0.0389,-0.0428
Sawah_49,Sawah,0.0546,0.1029,0.0641,0.087,0.0418,0.1516,0.0837,-0.3509
Sawah_49,Sawah,0.0548,0.0962,0.0635,0.0906,0.0418,0.1759,0.03,-0.3686
Sawah_49,Sawah,0.0539,0.0899,0.0632,0.1109,0.0557,0.274,-0.1046,-0.3313
Sawah_49,Sawah,0.0548,0.0874,0.0666,0.1364,0.0557,0.3438,-0.2189,-0.4201
Sawah_49,Sawah,0.0565,0.089,0.0693,0.1376,0.0529,0.3301,-0.2145,-0.4446
Sawah_49,Sawah,0.0613,0.0904,0.067,0.1329,0.0529,0.3297,-0.1903,-0.4306
Sawah_49,Sawah,0.0498,0.0792,0.0692,0.2397,0.1039,0.552,-0.5033,-0.3952
Sawah_49,Sawah,0.0507,0.0845,0.0612,0.1529,0.0838,0.4283,-0.2881,-0.2919
Sawah_49,Sawah,0.0527,0.0917,0.0602,0.1181,0.0838,0.3247,-0.1258,-0.1699
Sawah_49,Sawah,0.0529,0.0987,0.066,0.1025,0.0418,0.2166,-0.0189,-0.4206
Sawah_49,Sawah,0.0545,0.1008,0.0662,0.0898,0.0418,0.1513,0.0577,-0.3647
Sawah_49,Sawah,0.0552,0.1032,0.0655,0.0885,0.0557,0.1493,0.0767,-0.2275
Sawah_49,Sawah,0.0577,0.1009,0.0644,0.0892,0.0557,0.1615,0.0615,-0.2312
Sawah_49,Sawah,0.0554,0.0936,0.0655,0.1037,0.0529,0.2258,-0.0512,-0.3244
Sawah_49,Sawah,0.0544,0.0892,0.0665,0.1153,0.0529,0.2684,-0.1276,-0.371
Sawah_49,Sawah,0.0531,0.0892,0.0706,0.1242,0.0573,0.2752,-0.164,-0.3686
Sawah_49,Sawah,0.057,0.09,0.0698,0.1399,0.0573,0.3343,-0.217,-0.4189
Sawah_49,Sawah,0.0498,0.0812,0.0568,0.1479,0.0832,0.445,-0.2911,-0.28
Sawah_49,Sawah,0.0524,0.0858,0.0601,0.1212,0.0832,0.337,-0.171,-0.1859
Sawah_49,Sawah,0.0526,0.0936,0.0625,0.1056,0.0666,0.2564,-0.0602,-0.2265
Sawah_49,Sawah,0.0554,0.1003,0.0652,0.0914,0.0666,0.1673,0.0464,-0.157
Sawah_49,Sawah,0.0563,0.0995,0.0652,0.0835,0.0543,0.1231,0.0874,-0.2119
Sawah_49,Sawah,0.0568,0.0984,0.0637,0.0897,0.0543,0.1695,0.0463,-0.2458
Sawah_49,Sawah,0.0566,0.0933,0.066,0.0958,0.0671,0.1842,-0.0132,-0.1762
Sawah_49,Sawah,0.0568,0.0929,0.0736,0.1216,0.0671,0.2459,-0.1338,-0.2888
Sawah_49,Sawah,0.0494,0.0856,0.0614,0.1455,0.0666,0.4065,-0.2592,-0.372
Sawah_49,Sawah,0.0527,0.0912,0.0667,0.121,0.0543,0.2893,-0.1404,-0.3805
Sawah_49,Sawah,0.055,0.0928,0.0679,0.0984,0.0543,0.1834,-0.0293,-0.2888
Sawah_49,Sawah,0.0555,0.0929,0.0669,0.0825,0.0671,0.1044,0.0593,-0.1029
Sawah_49,Sawah,0.0574,0.0929,0.0716,0.1038,0.0671,0.1836,-0.0554,-0.2147
Sawah_49,Sawah,0.0534,0.0916,0.0662,0.1486,0.0916,0.3836,-0.2373,-0.2373
Sawah_49,Sawah,0.058,0.0938,0.0688,0.1306,0.0916,0.3099,-0.164,-0.1755
Pemukiman_01,Pemukiman,0.0819,0.1078,0.1057,0.2325,0.2647,0.3749,-0.3664,0.0648
Pemukiman_01,Pemukiman,0.1265,0.1455,0.1551,0.2242,0.2647,0.1822,-0.2129,0.0828
Pemukiman_01,Pemukiman,0.0624,0.0839,0.088,0.2468,0.2647,0.4743,-0.4926,0.035
Pemukiman_01,Pemukiman,0.1227,0.1399,0.165,0.2284,0.2647,0.1612,-0.2403,0.0736
Pemukiman_01,Pemukiman,0.1584,0.1725,0.1904,0.2316,0.2938,0.0976,-0.1463,0.1184
Pemukiman_01,Pemukiman,0.1387,0.1557,0.1611,0.2266,0.2938,0.1689,-0.1855,0.1291
Pemukiman_01,Pemukiman,0.0853,0.1084,0.1172,0.2167,0.2589,0.298,-0.3331,0.0887
Pemukiman_01,Pemukiman,0.0522,0.0791,0.0789,0.2563,0.1884,0.5292,-0.5283,-0.1527
Pemukiman_01,Pemukiman,0.0708,0.0942,0.1106,0.2191,0.2831,0.3291,-0.3987,0.1274
Pemukiman_01,Pemukiman,0.0803,0.1088,0.1482,0.208,0.2831,0.1679,-0.3131,0.1529
Pemukiman_01,Pemukiman,0.1351,0.1536,0.1809,0.2404,0.3072,0.1412,-0.2203,0.122
Pemukiman_01,Pemukiman,0.1661,0.1815,0.1937,0.2715,0.3072,0.1672,-0.1987,0.0617
Pemukiman_01,Pemukiman,0.0902,0.1164,0.107,0.2419,0.1877,0.3866,-0.3503,-0.1262
Pemukiman_01,Pemukiman,0.0637,0.0864,0.082,0.2598,0.1884,0.5202,-0.5009,-0.1593
Pemukiman_01,Pemukiman,0.1089,0.1261,0.1396,0.2147,0.2831,0.212,-0.26,0.1374
Pemukiman_01,Pemukiman,0.1053,0.1295,0.1613,0.2106,0.2831,0.1326,-0.2385,0.1469
Pemukiman_01,Pemukiman,0.0798,0.1008,0.1449,0.2139,0.3072,0.1923,-0.3594,0.179
Pemukiman_01,Pemukiman,0.0779,0.1037,0.1202,0.2046,0.3072,0.2599,-0.3273,0.2005
Pemukiman_01,Pemukiman,0.0716,0.0922,0.1,0.2478,0.2271,0.425,-0.4576,-0.0436
Pemukiman_01,Pemukiman,0.099,0.1323,0.1707,0.2406,0.2271,0.1699,-0.2904,-0.0289
Pemukiman_01,Pemukiman,0.0825,0.1088,0.1422,0.2264,0.206,0.2284,-0.3508,-0.0472
Pemukiman_01,Pemukiman,0.0437,0.0712,0.0719,0.267,0.2271,0.5757,-0.5789,-0.0808
Pemukiman_01,Pemukiman,0.0561,0.0925,0.1316,0.2422,0.2271,0.2959,-0.4473,-0.0322
Pemukiman_01,Pemukiman,0.0598,0.0872,0.1064,0.2378,0.206,0.3818,-0.4634,-0.0717
Pemukiman_02,Pemukiman,0.1005,0.1161,0.1211,0.1892,0.2212,0.2195,-0.2394,0.078
Pemukiman_02,Pemukiman,0.097,0.1085,0.1202,0.174,0.2212,0.1829,-0.2319,0.1194
Pemukiman_02,Pemukiman,0.0963,0.1116,0.1217,0.1979,0.2486,0.2384,-0.2788,0.1135
Pemukiman_02,Pemukiman,0.0802,0.0973,0.0985,0.2146,0.1971,0.3708,-0.3761,-0.0425
Pemukiman_02,Pemukiman,0.075,0.0928,0.0947,0.1859,0.2155,0.325,-0.334,0.0737
Pemukiman_02,Pemukiman,0.0861,0.1022,0.111,0.1796,0.2155,0.2361,-0.2747,0.0909
Pemukiman_02,Pemukiman,0.1066,0.1324,0.1354,0.1952,0.253,0.1809,-0.1917,0.129
Pemukiman_02,Pemukiman,0.1057,0.1251,0.1372,0.1945,0.253,0.1727,-0.2171,0.1307
Pemukiman_02,Pemukiman,0.0901,0.1098,0.1155,0.1851,0.2555,0.2315,-0.2553,0.1598
Pemukiman_02,Pemukiman,0.0672,0.088,0.0938,0.1945,0.2555,0.3493,-0.377,0.1356
Pemukiman_02,Pemukiman,0.0597,0.0782,0.0852,0.1699,0.2324,0.332,-0.3696,0.1554
Pemukiman_02,Pemukiman,0.075,0.0942,0.0942,0.1896,0.1971,0.3362,-0.3362,0.0194
Pemukiman_02,Pemukiman,0.064,0.0823,0.0843,0.1897,0.2155,0.3847,-0.3949,0.0637
Pemukiman_02,Pemukiman,0.0697,0.0821,0.0889,0.1934,0.2155,0.3702,-0.404,0.054
Pemukiman_02,Pemukiman,0.0919,0.109,0.1324,0.1793,0.253,0.1505,-0.2438,0.1705
Pemukiman_02,Pemukiman,0.1031,0.1198,0.1597,0.2003,0.253,0.1128,-0.2515,0.1163
Pemukiman_02,Pemukiman,0.1267,0.1417,0.1633,0.2034,0.2555,0.1094,-0.1788,0.1135
Pemukiman_02,Pemukiman,0.1256,0.1351,0.1512,0.2144,0.2555,0.1729,-0.2269,0.0875
Pemukiman_02,Pemukiman,0.0932,0.1104,0.1121,0.2089,0.2324,0.3016,-0.3085,0.0533
Pemukiman_02,Pemukiman,0.0707,0.09,0.0888,0.1888,0.2324,0.3602,-0.3544,0.1035
Pemukiman_02,Pemukiman,0.0626,0.0809,0.0873,0.1797,0.2519,0.3461,-0.3791,0.1673
Pemukiman_02,Pemukiman,0.0605,0.0771,0.0998,0.1584,0.2519,0.227,-0.3452,0.2279
Pemukiman_02,Pemukiman,0.0628,0.0782,0.1107,0.1592,0.2618,0.1797,-0.3412,0.2437
Pemukiman_02,Pemukiman,0.0613,0.0843,0.0723,0.2039,0.19,0.4765,-0.415,-0.0353
Pemukiman_02,Pemukiman,0.0898,0.1111,0.1133,0.1796,0.19,0.2264,-0.2356,0.0281
Pemukiman_02,Pemukiman,0.0779,0.0938,0.1036,0.186,0.2411,0.2845,-0.3295,0.129
Pemukiman_02,Pemukiman,0.0629,0.0768,0.0854,0.181,0.2411,0.3589,-0.4042,0.1424
Pemukiman_02,Pemukiman,0.0718,0.0924,0.1139,0.1647,0.2746,0.1823,-0.2812,0.2502
Pemukiman_02,Pemukiman,0.0839,0.1085,0.1418,0.1824,0.2746,0.1252,-0.254,0.2018
Pemukiman_02,Pemukiman,0.1046,0.1229,0.1494,0.1917,0.2852,0.124,-0.2187,0.1961
Pemukiman_02,Pemukiman,0.1242,0.1497,0.1927,0.2302,0.2852,0.0887,-0.2119,0.1067
Pemukiman_02,Pemukiman,0.1087,0.1351,0.157,0.253,0.2457,0.2341,-0.3038,-0.0146
Pemukiman_02,Pemukiman,0.0804,0.1001,0.0994,0.2165,0.2457,0.3707,-0.3677,0.0632
Pemukiman_02,Pemukiman,0.1038,0.125,0.1333,0.2108,0.2635,0.2252,-0.2555,0.1111
Pemukiman_02,Pemukiman,0.0934,0.1132,0.1376,0.188,0.2635,0.1548,-0.2483,0.1672
Pemukiman_02,Pemukiman,0.0665,0.0804,0.101,0.1494,0.2614,0.1933,-0.3003,0.2726
Pemukiman_02,Pemukiman,0.0841,0.1032,0.115,0.1774,0.2614,0.2134,-0.2644,0.1914
Pemukiman_02,Pemukiman,0.0878,0.1093,0.1168,0.1887,0.2413,0.2354,-0.2664,0.1223
Pemukiman_02,Pemukiman,0.0805,0.1052,0.1394,0.1976,0.2413,0.1727,-0.3052,0.0996
Pemukiman_02,Pemukiman,0.0852,0.1065,0.1222,0.1865,0.2164,0.2083,-0.273,0.0742
Pemukiman_02,Pemukiman,0.0833,0.1021,0.0969,0.1783,0.19,0.2958,-0.2718,0.0318
Pemukiman_02,Pemukiman,0.0973,0.1128,0.1245,0.1647,0.19,0.139,-0.187,0.0713
Pemukiman_02,Pemukiman,0.0682,0.088,0.1099,0.1642,0.2411,0.1981,-0.3021,0.1897
Pemukiman_02,Pemukiman,0.0582,0.0743,0.0947,0.1586,0.2411,0.2523,-0.362,0.2064
Pemukiman_02,Pemukiman,0.0744,0.0889,0.1105,0.1616,0.2746,0.1878,-0.2902,0.2591
Pemukiman_02,Pemukiman,0.0831,0.0942,0.1177,0.1652,0.2746,0.1679,-0.2737,0.2487
Pemukiman_02,Pemukiman,0.0667,0.0877,0.1159,0.1704,0.2852,0.1904,-0.3204,0.252
Pemukiman_02,Pemukiman,0.0638,0.0928,0.1576,0.1991,0.2852,0.1163,-0.3642,0.1778
Pemukiman_02,Pemukiman,0.0673,0.0951,0.1286,0.2347,0.2457,0.292,-0.4233,0.0229
Pemukiman_02,Pemukiman,0.0629,0.0821,0.0827,0.2395,0.2457,0.4867,-0.4894,0.0128
Pemukiman_02,Pemukiman,0.0989,0.1285,0.1565,0.2437,0.2635,0.2179,-0.3095,0.039
Pemukiman_02,Pemukiman,0.0918,0.1071,0.1521,0.2019,0.2635,0.1407,-0.3068,0.1324
Pemukiman_02,Pemukiman,0.0532,0.0717,0.0969,0.1577,0.2614,0.2388,-0.3749,0.2474
Pemukiman_02,Pemukiman,0.0797,0.0964,0.1122,0.167,0.2614,0.1963,-0.268,0.2204
Pemukiman_02,Pemukiman,0.1067,0.1278,0.1319,0.1855,0.2413,0.1689,-0.1842,0.1307
Pemukiman_02,Pemukiman,0.1127,0.1339,0.1352,0.1886,0.2413,0.1649,-0.1696,0.1226
Pemukiman_02,Pemukiman,0.1109,0.1277,0.1299,0.1883,0.2164,0.1835,-0.1918,0.0694
Pemukiman_02,Pemukiman,0.059,0.0856,0.0732,0.2151,0.1581,0.4922,-0.4307,-0.1527
Pemukiman_02,Pemukiman,0.0982,0.1136,0.1063,0.1654,0.2231,0.2175,-0.1857,0.1485
Pemukiman_02,Pemukiman,0.1064,0.1127,0.1234,0.1653,0.2231,0.1451,-0.1892,0.1488
Pemukiman_02,Pemukiman,0.0801,0.0933,0.1061,0.1659,0.277,0.2199,-0.2801,0.2508
Pemukiman_02,Pemukiman,0.0766,0.0931,0.1108,0.1713,0.277,0.2145,-0.2958,0.2358
Pemukiman_02,Pemukiman,0.0779,0.0933,0.1145,0.1711,0.2946,0.1982,-0.2942,0.2652
Pemukiman_02,Pemukiman,0.0736,0.092,0.126,0.1703,0.2946,0.1495,-0.2985,0.2674
Pemukiman_02,Pemukiman,0.0668,0.0878,0.1329,0.1819,0.2758,0.1557,-0.3489,0.2052
Pemukiman_02,Pemukiman,0.062,0.0856,0.1272,0.1768,0.2758,0.1632,-0.3476,0.2187
Pemukiman_02,Pemukiman,0.0608,0.0784,0.0892,0.1896,0.2452,0.3601,-0.4149,0.1279
Pemukiman_02,Pemukiman,0.0549,0.074,0.0885,0.2175,0.2452,0.4216,-0.4923,0.0599
Pemukiman_02,Pemukiman,0.0665,0.0882,0.1382,0.2128,0.2943,0.2125,-0.414,0.1607
Pemukiman_02,Pemukiman,0.066,0.085,0.1309,0.1855,0.2943,0.1726,-0.3715,0.2268
Pemukiman_02,Pemukiman,0.0516,0.0672,0.0989,0.174,0.2883,0.2752,-0.4428,0.2472
Pemukiman_02,Pemukiman,0.0694,0.0841,0.1081,0.1778,0.2883,0.2438,-0.3578,0.2371
Pemukiman_02,Pemukiman,0.0923,0.1108,0.1149,0.1749,0.222,0.207,-0.2244,0.1187
Pemukiman_02,Pemukiman,0.099,0.1139,0.1157,0.1769,0.222,0.2092,-0.2166,0.1131
Pemukiman_02,Pemukiman,0.0867,0.1107,0.1043,0.2049,0.1442,0.3254,-0.2985,-0.1739
Pemukiman_02,Pemukiman,0.0558,0.0774,0.0628,0.2394,0.1581,0.5844,-0.5114,-0.2045
Pemukiman_02,Pemukiman,0.0664,0.0867,0.0817,0.1858,0.1581,0.3892,-0.3637,-0.0805
Pemukiman_02,Pemukiman,0.0957,0.1093,0.1071,0.1608,0.2231,0.2004,-0.1907,0.1623
Pemukiman_02,Pemukiman,0.0906,0.1054,0.1176,0.1791,0.2231,0.2073,-0.2591,0.1094
Pemukiman_02,Pemukiman,0.0797,0.1002,0.1234,0.1917,0.277,0.2168,-0.3135,0.182
Pemukiman_02,Pemukiman,0.1003,0.1234,0.1414,0.1986,0.277,0.1682,-0.2335,0.1648
Pemukiman_02,Pemukiman,0.1338,0.1564,0.1807,0.2256,0.2946,0.1105,-0.1812,0.1326
Pemukiman_02,Pemukiman,0.1134,0.1368,0.1716,0.2036,0.2946,0.0853,-0.1962,0.1827
Pemukiman_02,Pemukiman,0.0799,0.1053,0.1476,0.1914,0.2758,0.1292,-0.2902,0.1807
Pemukiman_02,Pemukiman,0.067,0.0875,0.1158,0.1769,0.2758,0.2087,-0.3381,0.2185
Pemukiman_02,Pemukiman,0.067,0.0839,0.0918,0.1903,0.2452,0.3492,-0.388,0.1261
Pemukiman_02,Pemukiman,0.0595,0.0784,0.099,0.2089,0.2452,0.3569,-0.4542,0.0799
Pemukiman_02,Pemukiman,0.0644,0.0832,0.1193,0.1842,0.2943,0.2138,-0.3777,0.2301
Pemukiman_02,Pemukiman,0.0651,0.0822,0.1255,0.176,0.2943,0.1675,-0.3633,0.2515
Pemukiman_02,Pemukiman,0.0562,0.0723,0.1083,0.1765,0.2883,0.2395,-0.4188,0.2405
Pemukiman_02,Pemukiman,0.0742,0.0917,0.1258,0.1895,0.2883,0.202,-0.3478,0.2068
Pemukiman_02,Pemukiman,0.0864,0.1091,0.1182,0.1642,0.222,0.1629,-0.2016,0.1497
Pemukiman_02,Pemukiman,0.0787,0.0939,0.0961,0.162,0.222,0.2553,-0.2661,0.1562
Pemukiman_02,Pemukiman,0.0626,0.0897,0.0782,0.2198,0.1442,0.4752,-0.4204,-0.2077
Pemukiman_02,Pemukiman,0.0558,0.082,0.0659,0.2234,0.173,0.5444,-0.463,-0.1271
Pemukiman_02,Pemukiman,0.0725,0.085,0.0832,0.1522,0.173,0.2931,-0.2833,0.064
Pemukiman_02,Pemukiman,0.0845,0.0999,0.1061,0.152,0.2558,0.1778,-0.2068,0.2545
Pemukiman_02,Pemukiman,0.0888,0.1087,0.1409,0.2003,0.2558,0.1741,-0.2964,0.1217
Pemukiman_02,Pemukiman,0.0704,0.0911,0.1294,0.1988,0.3147,0.2115,-0.3715,0.2257
Pemukiman_02,Pemukiman,0.0995,0.1116,0.1567,0.1971,0.3147,0.1142,-0.277,0.2298
Pemukiman_02,Pemukiman,0.1412,0.1771,0.2022,0.2402,0.3223,0.0859,-0.1512,0.146
Pemukiman_02,Pemukiman,0.1425,0.1624,0.1935,0.2161,0.3223,0.0552,-0.1419,0.1973
Pemukiman_02,Pemukiman,0.1124,0.1329,0.1514,0.1967,0.2636,0.1301,-0.1936,0.1453
Pemukiman_02,Pemukiman,0.0797,0.0988,0.106,0.1832,0.2636,0.2669,-0.2993,0.1799
Pemukiman_02,Pemukiman,0.0682,0.0858,0.095,0.2014,0.2412,0.359,-0.4025,0.0899
Pemukiman_02,Pemukiman,0.0646,0.083,0.1119,0.2046,0.2412,0.2929,-0.4228,0.0821
Pemukiman_02,Pemukiman,0.0731,0.0959,0.1508,0.204,0.2978,0.1499,-0.3605,0.1869
Pemukiman_02,Pemukiman,0.0688,0.0985,0.1624,0.209,0.2978,0.1255,-0.3593,0.1752
Pemukiman_02,Pemukiman,0.0627,0.0818,0.114,0.1736,0.2893,0.2072,-0.3594,0.2499
Pemukiman_02,Pemukiman,0.0759,0.0925,0.1164,0.1736,0.2893,0.1972,-0.3048,0.2499
Pemukiman_02,Pemukiman,0.1076,0.12,0.1376,0.1789,0.2163,0.1305,-0.1971,0.0946
Pemukiman_02,Pemukiman,0.0881,0.1083,0.1054,0.1961,0.2163,0.3008,-0.2884,0.049
Pemukiman_02,Pemukiman,0.0568,0.0883,0.0682,0.2572,0.1454,0.5808,-0.4889,-0.2777
Pemukiman_02,Pemukiman,0.0602,0.087,0.0726,0.1942,0.173,0.4558,-0.3812,-0.0577
Pemukiman_02,Pemukiman,0.0695,0.085,0.0829,0.1333,0.173,0.2331,-0.2213,0.1296
Pemukiman_02,Pemukiman,0.0778,0.0901,0.1114,0.152,0.2558,0.1541,-0.2557,0.2545
Pemukiman_02,Pemukiman,0.0908,0.1205,0.1786,0.2183,0.2558,0.1,-0.2887,0.0791
Pemukiman_02,Pemukiman,0.0898,0.1138,0.1462,0.1981,0.3147,0.1507,-0.2703,0.2274
Pemukiman_02,Pemukiman,0.116,0.1311,0.1571,0.1946,0.3147,0.1066,-0.195,0.2358
Pemukiman_02,Pemukiman,0.1234,0.1428,0.158,0.1969,0.3223,0.1096,-0.1593,0.2415
Pemukiman_02,Pemukiman,0.121,0.1382,0.1815,0.2059,0.3223,0.063,-0.1967,0.2204
Pemukiman_02,Pemukiman,0.1228,0.1542,0.1742,0.2362,0.2636,0.1511,-0.21,0.0548
Pemukiman_02,Pemukiman,0.0836,0.102,0.1108,0.2054,0.2636,0.2992,-0.3364,0.1241
Pemukiman_02,Pemukiman,0.0725,0.0862,0.0917,0.1674,0.2412,0.2922,-0.3202,0.1806
Pemukiman_02,Pemukiman,0.0726,0.0858,0.1025,0.1643,0.2412,0.2316,-0.3139,0.1896
Pemukiman_02,Pemukiman,0.0858,0.1069,0.1478,0.1926,0.2978,0.1316,-0.2861,0.2145
Pemukiman_02,Pemukiman,0.0726,0.0972,0.1432,0.1882,0.2978,0.1358,-0.3188,0.2255
Pemukiman_02,Pemukiman,0.061,0.0756,0.0952,0.1534,0.2893,0.2341,-0.3397,0.307
Pemukiman_02,Pemukiman,0.0635,0.0745,0.0914,0.1486,0.2893,0.2383,-0.3321,0.3213
Pemukiman_02,Pemukiman,0.1028,0.1104,0.1233,0.1806,0.2163,0.1885,-0.2412,0.0899
Pemukiman_02,Pemukiman,0.0781,0.1012,0.0913,0.2221,0.2163,0.4174,-0.374,-0.0132
Pemukiman_02,Pemukiman,0.0465,0.0751,0.0578,0.2301,0.1406,0.5985,-0.5079,-0.2414
Pemukiman_02,Pemukiman,0.0736,0.0928,0.0835,0.174,0.216,0.3515,-0.3043,0.1077
Pemukiman_02,Pemukiman,0.0881,0.1024,0.1097,0.1533,0.216,0.1658,-0.1991,0.1698
Pemukiman_02,Pemukiman,0.0789,0.0919,0.1121,0.1505,0.2812,0.1462,-0.2417,0.3028
Pemukiman_02,Pemukiman,0.0831,0.1021,0.1409,0.176,0.2812,0.1108,-0.2657,0.2301
Pemukiman_02,Pemukiman,0.0963,0.1107,0.1315,0.1756,0.3101,0.1436,-0.2267,0.2769
Pemukiman_02,Pemukiman,0.1381,0.1405,0.1618,0.1955,0.3101,0.0943,-0.1637,0.2267
Pemukiman_02,Pemukiman,0.1179,0.1317,0.1512,0.1832,0.3037,0.0957,-0.1635,0.2475
Pemukiman_02,Pemukiman,0.0891,0.1064,0.1412,0.1832,0.3037,0.1295,-0.2652,0.2475
Pemukiman_02,Pemukiman,0.1113,0.1354,0.1794,0.2195,0.2631,0.1005,-0.237,0.0903
Pemukiman_02,Pemukiman,0.0928,0.1091,0.1232,0.1849,0.2631,0.2003,-0.2578,0.1746
Pemukiman_02,Pemukiman,0.0709,0.0776,0.0839,0.1252,0.243,0.1975,-0.2347,0.3199
Pemukiman_02,Pemukiman,0.0589,0.0662,0.0763,0.1215,0.243,0.2285,-0.2946,0.3333
Pemukiman_02,Pemukiman,0.1101,0.1216,0.1377,0.1733,0.2846,0.1145,-0.1753,0.2431
Pemukiman_02,Pemukiman,0.113,0.1339,0.1521,0.187,0.2846,0.1029,-0.1655,0.207
Pemukiman_02,Pemukiman,0.0685,0.0856,0.1002,0.1621,0.2628,0.236,-0.3088,0.237
Pemukiman_02,Pemukiman,0.0657,0.0826,0.0924,0.1738,0.2628,0.3058,-0.3557,0.2038
Pemukiman_02,Pemukiman,0.0736,0.0891,0.0933,0.1919,0.1731,0.3457,-0.3658,-0.0515
Pemukiman_02,Pemukiman,0.0458,0.0659,0.0498,0.1829,0.1406,0.572,-0.4703,-0.1308
Pemukiman_02,Pemukiman,0.0555,0.0806,0.0676,0.2134,0.1406,0.5189,-0.4517,-0.2056
Pemukiman_02,Pemukiman,0.1273,0.1375,0.1304,0.1809,0.216,0.1622,-0.1363,0.0884
Pemukiman_02,Pemukiman,0.1218,0.1324,0.1489,0.1866,0.216,0.1124,-0.1699,0.073
Pemukiman_02,Pemukiman,0.0871,0.1079,0.1219,0.1596,0.2812,0.1339,-0.1933,0.2759
Pemukiman_02,Pemukiman,0.097,0.1129,0.1402,0.1698,0.2812,0.0955,-0.2013,0.247
Pemukiman_02,Pemukiman,0.1079,0.1262,0.1414,0.1738,0.3101,0.1028,-0.1587,0.2817
Pemukiman_02,Pemukiman,0.0975,0.1102,0.1313,0.1712,0.3101,0.1319,-0.2168,0.2886
Pemukiman_02,Pemukiman,0.0826,0.0997,0.1296,0.172,0.3037,0.1406,-0.2661,0.2769
Pemukiman_02,Pemukiman,0.0786,0.1035,0.145,0.1888,0.3037,0.1312,-0.2918,0.2333
Pemukiman_02,Pemukiman,0.1121,0.1304,0.1637,0.1981,0.2631,0.0951,-0.2061,0.1409
Pemukiman_02,Pemukiman,0.097,0.1128,0.118,0.163,0.2631,0.1601,-0.182,0.2349
Pemukiman_02,Pemukiman,0.0698,0.0768,0.0841,0.119,0.243,0.1718,-0.2155,0.3425
Pemukiman_02,Pemukiman,0.065,0.0754,0.0874,0.1252,0.243,0.1778,-0.2483,0.3199
Pemukiman_02,Pemukiman,0.1292,0.1337,0.1519,0.177,0.2846,0.0763,-0.1394,0.2331
Pemukiman_02,Pemukiman,0.1382,0.1532,0.1698,0.2006,0.2846,0.0832,-0.134,0.1731
Pemukiman_02,Pemukiman,0.1161,0.1383,0.1469,0.1976,0.2628,0.1472,-0.1765,0.1416
Pemukiman_02,Pemukiman,0.1299,0.1516,0.1589,0.2258,0.2628,0.1739,-0.1966,0.0757
Pemukiman_02,Pemukiman,0.0911,0.1154,0.11,0.232,0.1731,0.3567,-0.3356,-0.1454
Pemukiman_02,Pemukiman,0.0454,0.0676,0.048,0.1263,0.1071,0.4492,-0.3027,-0.0823
Pemukiman_02,Pemukiman,0.043,0.0676,0.048,0.2205,0.1806,0.6425,-0.5307,-0.0995
Pemukiman_02,Pemukiman,0.097,0.1113,0.1021,0.2242,0.1806,0.3742,-0.3365,-0.1077
Pemukiman_02,Pemukiman,0.1488,0.1556,0.1616,0.1941,0.2619,0.0914,-0.1101,0.1487
Pemukiman_02,Pemukiman,0.0995,0.1174,0.144,0.1903,0.2619,0.1385,-0.2369,0.1583
Pemukiman_02,Pemukiman,0.1017,0.1248,0.1519,0.1902,0.3049,0.112,-0.2076,0.2317
Pemukiman_02,Pemukiman,0.1017,0.1187,0.1526,0.1935,0.3049,0.1182,-0.2396,0.2235
Pemukiman_02,Pemukiman,0.1075,0.1147,0.1418,0.1833,0.2999,0.1277,-0.2302,0.2413
Pemukiman_02,Pemukiman,0.0972,0.1126,0.1271,0.1688,0.2999,0.1409,-0.1997,0.2797
Pemukiman_02,Pemukiman,0.0728,0.0889,0.1093,0.1503,0.2721,0.1579,-0.2567,0.2884
Pemukiman_02,Pemukiman,0.0723,0.0956,0.1326,0.1764,0.2721,0.1417,-0.2971,0.2134
Pemukiman_02,Pemukiman,0.0977,0.1255,0.1428,0.1826,0.2458,0.1223,-0.1853,0.1475
Pemukiman_02,Pemukiman,0.1006,0.1086,0.1298,0.1614,0.2458,0.1085,-0.1956,0.2073
Pemukiman_02,Pemukiman,0.0709,0.0803,0.1057,0.1454,0.2583,0.1581,-0.2884,0.2797
Pemukiman_02,Pemukiman,0.0738,0.0886,0.1064,0.1561,0.2583,0.1893,-0.2758,0.2466
Pemukiman_02,Pemukiman,0.1173,0.1353,0.1602,0.1888,0.3032,0.0819,-0.1651,0.2325
Pemukiman_02,Pemukiman,0.1548,0.1766,0.1827,0.2181,0.3032,0.0883,-0.1051,0.1632
Pemukiman_02,Pemukiman,0.1639,0.1774,0.1914,0.2086,0.2578,0.043,-0.0808,0.1055
Pemukiman_02,Pemukiman,0.116,0.13,0.142,0.2194,0.2578,0.2142,-0.2559,0.0805
Pemukiman_02,Pemukiman,0.075,0.1038,0.0922,0.2151,0.1235,0.3999,-0.349,-0.2705
Pemukiman_02,Pemukiman,0.0466,0.071,0.0509,0.2015,0.1071,0.5967,-0.4789,-0.3059
Pemukiman_02,Pemukiman,0.0562,0.0826,0.0626,0.2478,0.1806,0.5966,-0.5,-0.1569
Pemukiman_02,Pemukiman,0.0875,0.1063,0.121,0.2314,0.1806,0.3133,-0.3704,-0.1233
Pemukiman_02,Pemukiman,0.1019,0.131,0.1611,0.2,0.2619,0.1077,-0.2085,0.134
Pemukiman_02,Pemukiman,0.0895,0.1062,0.136,0.1808,0.2619,0.1414,-0.2599,0.1832
Pemukiman_02,Pemukiman,0.1072,0.1293,0.1537,0.1863,0.3049,0.0959,-0.1806,0.2414
Pemukiman_02,Pemukiman,0.0682,0.089,0.1448,0.1968,0.3049,0.1522,-0.3772,0.2155
Pemukiman_02,Pemukiman,0.0709,0.0902,0.1232,0.186,0.2999,0.2031,-0.3468,0.2344
Pemukiman_02,Pemukiman,0.0901,0.1055,0.1185,0.1653,0.2999,0.1649,-0.2208,0.2893
Pemukiman_02,Pemukiman,0.0812,0.0918,0.1072,0.1534,0.2721,0.1773,-0.2512,0.279
Pemukiman_02,Pemukiman,0.0897,0.1062,0.1194,0.1676,0.2721,0.1679,-0.2243,0.2377
Pemukiman_02,Pemukiman,0.0974,0.1135,0.1252,0.1714,0.2458,0.1558,-0.2032,0.1783
Pemukiman_02,Pemukiman,0.0951,0.111,0.1243,0.177,0.2458,0.1749,-0.2292,0.1627
Pemukiman_02,Pemukiman,0.073,0.0891,0.1085,0.1641,0.2583,0.204,-0.2962,0.223
Pemukiman_02,Pemukiman,0.0888,0.1071,0.1292,0.1711,0.2583,0.1395,-0.23,0.2031
Pemukiman_02,Pemukiman,0.1152,0.1312,0.168,0.1934,0.3032,0.0703,-0.1916,0.2211
Pemukiman_02,Pemukiman,0.133,0.1568,0.1835,0.218,0.3032,0.0859,-0.1633,0.1635
Pemukiman_02,Pemukiman,0.124,0.1394,0.1654,0.1949,0.2578,0.0819,-0.166,0.1389
Pemukiman_02,Pemukiman,0.0704,0.0922,0.0991,0.2104,0.2578,0.3596,-0.3906,0.1012
Pemukiman_02,Pemukiman,0.0474,0.0733,0.0539,0.197,0.1579,0.5703,-0.4576,-0.1102
Pemukiman_02,Pemukiman,0.0566,0.0778,0.067,0.2014,0.1579,0.5007,-0.4427,-0.1211
Pemukiman_02,Pemukiman,0.0817,0.1025,0.1008,0.2245,0.2399,0.3803,-0.3731,0.0332
Pemukiman_02,Pemukiman,0.0875,0.1091,0.1332,0.1959,0.2399,0.1905,-0.2846,0.101
Pemukiman_02,Pemukiman,0.0865,0.1106,0.1473,0.1826,0.2713,0.107,-0.2456,0.1954
Pemukiman_02,Pemukiman,0.0809,0.1041,0.1438,0.1814,0.2713,0.1156,-0.2708,0.1986
Pemukiman_02,Pemukiman,0.0691,0.0831,0.1207,0.1674,0.289,0.1621,-0.3365,0.2664
Pemukiman_02,Pemukiman,0.063,0.0906,0.1525,0.2032,0.289,0.1425,-0.3833,0.1743
Pemukiman_02,Pemukiman,0.0712,0.0944,0.1306,0.201,0.2938,0.2123,-0.3609,0.1876
Pemukiman_02,Pemukiman,0.0678,0.0819,0.0984,0.1637,0.2938,0.2491,-0.3331,0.2844
Pemukiman_02,Pemukiman,0.0695,0.0829,0.1014,0.1565,0.2537,0.2136,-0.3074,0.237
Pemukiman_02,Pemukiman,0.0871,0.1063,0.1129,0.1746,0.2537,0.2146,-0.2431,0.1847
Pemukiman_02,Pemukiman,0.0802,0.0989,0.1127,0.1761,0.2611,0.2195,-0.2807,0.1944
Pemukiman_02,Pemukiman,0.0856,0.1077,0.1407,0.1876,0.2611,0.1429,-0.2706,0.1638
Pemukiman_02,Pemukiman,0.1272,0.1445,0.1744,0.215,0.2985,0.1043,-0.1961,0.1626
Pemukiman_02,Pemukiman,0.1475,0.1634,0.171,0.2074,0.2985,0.0962,-0.1187,0.1801
Pemukiman_02,Pemukiman,0.104,0.119,0.1483,0.183,0.2905,0.1047,-0.2119,0.227
Pemukiman_02,Pemukiman,0.0899,0.1165,0.162,0.1966,0.2905,0.0965,-0.2558,0.1928
Pemukiman_02,Pemukiman,0.0998,0.119,0.1356,0.1921,0.2405,0.1724,-0.235,0.1119
Pemukiman_02,Pemukiman,0.0749,0.0996,0.092,0.2422,0.2405,0.4494,-0.4172,-0.0035
Pemukiman_02,Pemukiman,0.0522,0.0754,0.0688,0.1682,0.1579,0.4194,-0.381,-0.0316
Pemukiman_02,Pemukiman,0.0659,0.0842,0.0879,0.1587,0.1579,0.2871,-0.3067,-0.0025
Pemukiman_02,Pemukiman,0.0973,0.1132,0.1183,0.1996,0.2399,0.2557,-0.2762,0.0917
Pemukiman_02,Pemukiman,0.1212,0.1373,0.1484,0.2107,0.2399,0.1735,-0.2109,0.0648
Pemukiman_02,Pemukiman,0.113,0.1271,0.1479,0.1836,0.2713,0.1077,-0.1818,0.1928
Pemukiman_02,Pemukiman,0.0796,0.1011,0.13,0.1763,0.2713,0.1512,-0.2711,0.2122
Pemukiman_02,Pemukiman,0.0589,0.0768,0.1116,0.1686,0.289,0.2034,-0.3741,0.2631
Pemukiman_02,Pemukiman,0.0596,0.0801,0.1324,0.1792,0.289,0.1502,-0.3822,0.2345
Pemukiman_02,Pemukiman,0.0766,0.0983,0.1204,0.1886,0.2938,0.2207,-0.3147,0.2181
Pemukiman_02,Pemukiman,0.0792,0.097,0.12,0.1858,0.2938,0.2152,-0.314,0.2252
Pemukiman_02,Pemukiman,0.0717,0.0884,0.1074,0.1702,0.2537,0.2262,-0.3163,0.197
Pemukiman_02,Pemukiman,0.0848,0.1002,0.1118,0.1692,0.2537,0.2043,-0.2561,0.1998
Pemukiman_02,Pemukiman,0.0676,0.0855,0.1127,0.166,0.2611,0.1912,-0.3201,0.2227
Pemukiman_02,Pemukiman,0.0699,0.0933,0.1429,0.1871,0.2611,0.1339,-0.3345,0.1651
Pemukiman_02,Pemukiman,0.1308,0.1375,0.1834,0.2211,0.2985,0.0932,-0.2331,0.149
Pemukiman_02,Pemukiman,0.1264,0.1435,0.1809,0.2208,0.2985,0.0993,-0.2122,0.1496
Pemukiman_02,Pemukiman,0.0919,0.1149,0.1569,0.1935,0.2905,0.1045,-0.2549,0.2004
Pemukiman_02,Pemukiman,0.0921,0.1144,0.1479,0.1849,0.2905,0.1112,-0.2355,0.2221
Pemukiman_02,Pemukiman,0.0908,0.1065,0.1229,0.1972,0.2405,0.2321,-0.2986,0.0989
Pemukiman_02,Pemukiman,0.0589,0.0765,0.0736,0.1697,0.1704,0.395,-0.3786,0.0021
Pemukiman_02,Pemukiman,0.0664,0.085,0.0945,0.1612,0.2439,0.2609,-0.3095,0.2041
Pemukiman_02,Pemukiman,0.0736,0.0892,0.1067,0.1614,0.2439,0.204,-0.2881,0.2036
Pemukiman_02,Pemukiman,0.1028,0.1183,0.1259,0.1874,0.2889,0.1963,-0.226,0.2131
Pemukiman_02,Pemukiman,0.1242,0.1492,0.1615,0.2109,0.2889,0.1327,-0.1713,0.1561
Pemukiman_02,Pemukiman,0.0984,0.11,0.135,0.1824,0.2856,0.1493,-0.2476,0.2205
Pemukiman_02,Pemukiman,0.0748,0.0865,0.1107,0.161,0.2856,0.1851,-0.301,0.279
Pemukiman_02,Pemukiman,0.0897,0.1083,0.1306,0.1835,0.276,0.1684,-0.2577,0.2013
Pemukiman_02,Pemukiman,0.09,0.1104,0.1295,0.1755,0.276,0.1508,-0.2277,0.2226
Pemukiman_02,Pemukiman,0.0848,0.1028,0.1177,0.1608,0.2629,0.1548,-0.22,0.241
Pemukiman_02,Pemukiman,0.0838,0.0965,0.1155,0.1749,0.2629,0.2045,-0.2889,0.201
Pemukiman_02,Pemukiman,0.0754,0.0978,0.1083,0.1877,0.2443,0.2682,-0.3149,0.131
Pemukiman_02,Pemukiman,0.0819,0.096,0.1095,0.1769,0.2443,0.2353,-0.2964,0.16
Pemukiman_02,Pemukiman,0.059,0.0757,0.1029,0.1511,0.2691,0.1898,-0.3325,0.2808
Pemukiman_02,Pemukiman,0.0627,0.0826,0.1137,0.1583,0.2691,0.164,-0.3142,0.2592
Pemukiman_02,Pemukiman,0.0753,0.0958,0.1448,0.1838,0.2987,0.1187,-0.3147,0.2381
Pemukiman_02,Pemukiman,0.0687,0.098,0.1468,0.1953,0.2987,0.1418,-0.3317,0.2093
Pemukiman_02,Pemukiman,0.0667,0.0951,0.1507,0.1985,0.2684,0.1369,-0.3522,0.1497
Pemukiman_02,Pemukiman,0.0782,0.1015,0.1429,0.1971,0.2684,0.1594,-0.3202,0.1532
Pemukiman_02,Pemukiman,0.091,0.1108,0.1247,0.2308,0.2105,0.2985,-0.3513,-0.046
Pemukiman_02,Pemukiman,0.0555,0.0782,0.0679,0.1852,0.1704,0.4635,-0.4062,-0.0416
Pemukiman_02,Pemukiman,0.0743,0.09,0.1002,0.1716,0.1704,0.2627,-0.3119,-0.0035
Pemukiman_02,Pemukiman,0.1094,0.1267,0.1438,0.1973,0.2439,0.1568,-0.2179,0.1056
Pemukiman_02,Pemukiman,0.1041,0.1254,0.1406,0.1976,0.2439,0.1685,-0.2235,0.1049
Pemukiman_02,Pemukiman,0.0924,0.1078,0.1285,0.1765,0.2889,0.1574,-0.2416,0.2415
Pemukiman_02,Pemukiman,0.0852,0.1074,0.1401,0.1853,0.2889,0.1389,-0.2661,0.2185
Pemukiman_02,Pemukiman,0.0739,0.0934,0.1266,0.1771,0.2856,0.1663,-0.3094,0.2345
Pemukiman_02,Pemukiman,0.0741,0.0894,0.1163,0.1631,0.2856,0.1675,-0.2919,0.273
Pemukiman_02,Pemukiman,0.0938,0.1107,0.1387,0.1844,0.276,0.1414,-0.2497,0.199
Pemukiman_02,Pemukiman,0.1265,0.1405,0.1654,0.2,0.276,0.0947,-0.1747,0.1597
Pemukiman_02,Pemukiman,0.1177,0.135,0.1394,0.1887,0.2629,0.1503,-0.1659,0.1643
Pemukiman_02,Pemukiman,0.0797,0.0948,0.1002,0.1681,0.2629,0.2531,-0.2788,0.22
Pemukiman_02,Pemukiman,0.0776,0.0971,0.1022,0.1812,0.2443,0.2788,-0.3022,0.1483
Pemukiman_02,Pemukiman,0.0834,0.0982,0.1112,0.168,0.2443,0.2034,-0.2622,0.1851
Pemukiman_02,Pemukiman,0.0717,0.0799,0.0971,0.1449,0.2691,0.1975,-0.2891,0.3
Pemukiman_02,Pemukiman,0.0619,0.0737,0.0961,0.1446,0.2691,0.2015,-0.3248,0.3009
Pemukiman_02,Pemukiman,0.0701,0.0944,0.1553,0.1954,0.2987,0.1143,-0.3485,0.2091
Pemukiman_02,Pemukiman,0.0639,0.0911,0.1468,0.1858,0.2987,0.1173,-0.342,0.233
Pemukiman_02,Pemukiman,0.0673,0.0903,0.1322,0.1812,0.2684,0.1563,-0.3348,0.1939
Pemukiman_02,Pemukiman,0.0835,0.1016,0.1305,0.1927,0.2684,0.1924,-0.3095,0.1642
Pemukiman_02,Pemukiman,0.0877,0.1081,0.106,0.2023,0.2105,0.3124,-0.3035,0.0199
Pemukiman_02,Pemukiman,0.0677,0.0885,0.0815,0.2086,0.2002,0.4381,-0.4042,-0.0205
Pemukiman_02,Pemukiman,0.0874,0.1019,0.1139,0.1793,0.2002,0.2231,-0.2752,0.0551
Pemukiman_02,Pemukiman,0.1061,0.1303,0.1568,0.2116,0.2695,0.1488,-0.2378,0.1203
Pemukiman_02,Pemukiman,0.0895,0.1152,0.1485,0.2192,0.2695,0.1923,-0.311,0.1029
Pemukiman_02,Pemukiman,0.112,0.1311,0.1483,0.2183,0.2856,0.1909,-0.2496,0.1336
Pemukiman_02,Pemukiman,0.114,0.1281,0.1475,0.193,0.2856,0.1336,-0.2021,0.1935
Pemukiman_02,Pemukiman,0.0632,0.0795,0.1094,0.1663,0.2849,0.2064,-0.3531,0.2629
Pemukiman_02,Pemukiman,0.078,0.0915,0.1191,0.1698,0.2849,0.1755,-0.2997,0.2531
Pemukiman_02,Pemukiman,0.0743,0.098,0.1163,0.1743,0.2766,0.1996,-0.2802,0.2269
Pemukiman_02,Pemukiman,0.1121,0.132,0.1508,0.1936,0.2766,0.1243,-0.1892,0.1765
Pemukiman_02,Pemukiman,0.1016,0.1276,0.1309,0.2195,0.2434,0.2529,-0.2648,0.0516
Pemukiman_02,Pemukiman,0.0731,0.0895,0.0983,0.203,0.2434,0.3475,-0.388,0.0905
Pemukiman_02,Pemukiman,0.0773,0.0958,0.1054,0.1797,0.2376,0.2606,-0.3045,0.1387
Pemukiman_02,Pemukiman,0.0744,0.0881,0.1033,0.151,0.2376,0.1876,-0.2631,0.2229
Pemukiman_02,Pemukiman,0.0834,0.0922,0.1052,0.154,0.2503,0.1883,-0.251,0.2382
Pemukiman_02,Pemukiman,0.0737,0.0872,0.107,0.1584,0.2503,0.1937,-0.2899,0.2249
Pemukiman_02,Pemukiman,0.076,0.0917,0.139,0.1781,0.261,0.1233,-0.3202,0.1888
Pemukiman_02,Pemukiman,0.0663,0.0843,0.1165,0.1569,0.261,0.1478,-0.301,0.2491
Pemukiman_02,Pemukiman,0.0775,0.0966,0.1203,0.1639,0.2271,0.1534,-0.2583,0.1616
Pemukiman_02,Pemukiman,0.0828,0.1019,0.1202,0.1685,0.2271,0.1673,-0.2463,0.1481
Pemukiman_02,Pemukiman,0.0582,0.0805,0.0719,0.2705,0.2002,0.58,-0.5413,-0.1494
Pemukiman_02,Pemukiman,0.0827,0.0972,0.0996,0.2042,0.2002,0.3443,-0.355,-0.0099
Pemukiman_02,Pemukiman,0.0831,0.1026,0.1241,0.1897,0.2695,0.209,-0.298,0.1738
Pemukiman_02,Pemukiman,0.0849,0.1062,0.132,0.2106,0.2695,0.2294,-0.3295,0.1227
Pemukiman_02,Pemukiman,0.1151,0.1376,0.1436,0.2306,0.2856,0.2325,-0.2526,0.1065
Pemukiman_02,Pemukiman,0.0988,0.1166,0.1324,0.1943,0.2856,0.1895,-0.2499,0.1902
Pemukiman_02,Pemukiman,0.0463,0.067,0.0918,0.1809,0.2849,0.3267,-0.4595,0.2233
Pemukiman_02,Pemukiman,0.0762,0.0992,0.1311,0.1952,0.2849,0.1964,-0.3261,0.1868
Pemukiman_02,Pemukiman,0.0828,0.1007,0.1249,0.1848,0.2766,0.1934,-0.2946,0.199
Pemukiman_02,Pemukiman,0.083,0.0941,0.1133,0.1769,0.2766,0.2192,-0.3055,0.2198
Pemukiman_02,Pemukiman,0.0704,0.0978,0.0974,0.2167,0.2434,0.3798,-0.3781,0.058
Pemukiman_02,Pemukiman,0.0731,0.096,0.0969,0.224,0.2434,0.3961,-0.4,0.0415
Pemukiman_02,Pemukiman,0.0687,0.0858,0.0984,0.1757,0.2376,0.282,-0.3438,0.1498
Pemukiman_02,Pemukiman,0.0536,0.0638,0.0844,0.1413,0.2376,0.2521,-0.3779,0.2542
Pemukiman_02,Pemukiman,0.0666,0.0786,0.0924,0.1559,0.2503,0.2557,-0.3296,0.2324
Pemukiman_02,Pemukiman,0.074,0.0855,0.1002,0.17,0.2503,0.2583,-0.3307,0.1911
Pemukiman_02,Pemukiman,0.0882,0.1001,0.1177,0.1572,0.261,0.1437,-0.2219,0.2482
Pemukiman_02,Pemukiman,0.0872,0.0977,0.1152,0.1493,0.261,0.1289,-0.2089,0.2722
Pemukiman_02,Pemukiman,0.1075,0.1208,0.1379,0.1641,0.2271,0.0868,-0.152,0.161
Pemukiman_02,Pemukiman,0.0881,0.1049,0.1181,0.1545,0.2271,0.1335,-0.1912,0.1903
Pemukiman_02,Pemukiman,0.1265,0.1455,0.1551,0.2242,0.2647,0.1822,-0.2129,0.0828
Pemukiman_02,Pemukiman,0.1144,0.136,0.1491,0.2121,0.2938,0.1744,-0.2186,0.1615
Pemukiman_02,Pemukiman,0.0592,0.0796,0.0915,0.178,0.2938,0.321,-0.382,0.2454
Pemukiman_02,Pemukiman,0.0548,0.0768,0.0955,0.2,0.2589,0.3536,-0.4451,0.1284
Pemukiman_02,Pemukiman,0.0654,0.0855,0.1262,0.1954,0.2589,0.2152,-0.3912,0.1398
Pemukiman_02,Pemukiman,0.0781,0.0959,0.1149,0.1804,0.2502,0.2218,-0.3058,0.1621
Pemukiman_02,Pemukiman,0.0751,0.0889,0.1029,0.1697,0.2502,0.245,-0.3125,0.1917
Pemukiman_02,Pemukiman,0.0812,0.0963,0.1105,0.1842,0.2296,0.2501,-0.3134,0.1097
Pemukiman_02,Pemukiman,0.0853,0.1016,0.113,0.1836,0.2296,0.238,-0.2875,0.1113
Pemukiman_02,Pemukiman,0.0694,0.0861,0.1027,0.1645,0.2435,0.2313,-0.3128,0.1936
Pemukiman_02,Pemukiman,0.0574,0.0694,0.0861,0.1558,0.2435,0.2881,-0.3837,0.2196
Pemukiman_02,Pemukiman,0.0538,0.0685,0.0829,0.1526,0.258,0.296,-0.3804,0.2567
Pemukiman_02,Pemukiman,0.0626,0.0753,0.0953,0.1604,0.258,0.2546,-0.3611,0.2333
Pemukiman_02,Pemukiman,0.0649,0.0826,0.1024,0.1498,0.2276,0.1879,-0.2892,0.2061
Pemukiman_02,Pemukiman,0.0892,0.1031,0.1354,0.1615,0.2276,0.0879,-0.2207,0.1699
Pemukiman_02,Pemukiman,0.1311,0.1506,0.1589,0.173,0.1439,0.0425,-0.0692,-0.0918
Pemukiman_02,Pemukiman,0.1129,0.134,0.1191,0.1387,0.1439,0.076,-0.0172,0.0184
Pemukiman_02,Pemukiman,0.0853,0.1084,0.1172,0.2167,0.2589,0.298,-0.3331,0.0887
Pemukiman_02,Pemukiman,0.071,0.0928,0.1045,0.1943,0.2589,0.3005,-0.3535,0.1425
Pemukiman_02,Pemukiman,0.0749,0.092,0.0971,0.1763,0.2502,0.2897,-0.3142,0.1733
Pemukiman_02,Pemukiman,0.0834,0.101,0.1201,0.1686,0.2502,0.168,-0.2507,0.1948
Pemukiman_02,Pemukiman,0.0941,0.1158,0.1356,0.1909,0.2296,0.1694,-0.2449,0.092
Pemukiman_02,Pemukiman,0.1078,0.1259,0.1355,0.1771,0.2296,0.1331,-0.169,0.1291
Pemukiman_02,Pemukiman,0.0968,0.1128,0.1276,0.1708,0.2435,0.1448,-0.2045,0.1755
Pemukiman_02,Pemukiman,0.0892,0.0986,0.1142,0.1771,0.2435,0.2159,-0.2847,0.1579
Pemukiman_02,Pemukiman,0.079,0.0958,0.1097,0.1687,0.258,0.2119,-0.2756,0.2093
Pemukiman_02,Pemukiman,0.0762,0.0966,0.1091,0.1659,0.258,0.2065,-0.264,0.2173
Pemukiman_02,Pemukiman,0.0814,0.0913,0.1166,0.1603,0.2276,0.1578,-0.2742,0.1735
Pemukiman_02,Pemukiman,0.0872,0.1052,0.1392,0.1643,0.2276,0.0827,-0.2193,0.1615
Pemukiman_02,Pemukiman,0.0891,0.1113,0.1083,0.1254,0.1439,0.0732,-0.0596,0.0687
Pemukiman_02,Pemukiman,0.0775,0.0979,0.1073,0.1847,0.1704,0.2651,-0.3071,-0.0403
Pemukiman_02,Pemukiman,0.0908,0.108,0.1232,0.1948,0.1862,0.2252,-0.2867,-0.0226
Pemukiman_02,Pemukiman,0.1204,0.1351,0.1399,0.1831,0.1862,0.1337,-0.1508,0.0084
Pemukiman_02,Pemukiman,0.1274,0.1316,0.1466,0.1736,0.2202,0.0843,-0.1376,0.1183
Pemukiman_02,Pemukiman,0.0941,0.1017,0.1204,0.1711,0.2202,0.1739,-0.2544,0.1255
Pemukiman_02,Pemukiman,0.0792,0.0926,0.1096,0.1803,0.2489,0.2439,-0.3214,0.1598
Pemukiman_02,Pemukiman,0.0878,0.1052,0.1196,0.2039,0.2489,0.2606,-0.3193,0.0994
Pemukiman_02,Pemukiman,0.1003,0.1161,0.1463,0.1905,0.1994,0.1312,-0.2427,0.0228
Pemukiman_02,Pemukiman,0.0875,0.1095,0.1267,0.1509,0.1994,0.0872,-0.159,0.1385
Pemukiman_02,Pemukiman,0.0581,0.0897,0.0681,0.0794,0.0848,0.0766,0.0609,0.0329
Pemukiman_02,Pemukiman,0.1021,0.1204,0.1224,0.2006,0.2202,0.2421,-0.2498,0.0466
Pemukiman_02,Pemukiman,0.0883,0.1036,0.1121,0.1776,0.2202,0.2261,-0.2632,0.1071
Pemukiman_02,Pemukiman,0.0805,0.0992,0.1112,0.1727,0.2489,0.2166,-0.2703,0.1807
Pemukiman_02,Pemukiman,0.0943,0.1145,0.1254,0.1926,0.2489,0.2113,-0.2543,0.1275
Pemukiman_02,Pemukiman,0.1032,0.127,0.1551,0.1913,0.1994,0.1045,-0.202,0.0207
Pemukiman_02,Pemukiman,0.0847,0.1102,0.1105,0.1538,0.1994,0.1638,-0.1652,0.1291
Pemukiman_02,Pemukiman,0.0996,0.119,0.1166,0.2104,0.173,0.2868,-0.2775,-0.0975
Pemukiman_02,Pemukiman,0.1104,0.1307,0.135,0.2032,0.1721,0.2017,-0.2171,-0.0829
Pemukiman_02,Pemukiman,0.0868,0.1139,0.106,0.2107,0.1721,0.3306,-0.2982,-0.1008
Pemukiman_04,Pemukiman,0.0528,0.0746,0.0626,0.2684,0.1921,0.6218,-0.565,-0.1657
Pemukiman_04,Pemukiman,0.0533,0.0717,0.0598,0.2722,0.1921,0.6398,-0.583,-0.1725
Pemukiman_04,Pemukiman,0.0731,0.0922,0.0921,0.21,0.1921,0.3903,-0.3898,-0.0445
Pemukiman_04,Pemukiman,0.0984,0.1142,0.1179,0.2372,0.2338,0.336,-0.35,-0.0072
Pemukiman_04,Pemukiman,0.086,0.1155,0.1128,0.297,0.2338,0.4495,-0.44,-0.1191
Pemukiman_04,Pemukiman,0.0411,0.0659,0.0536,0.2881,0.2037,0.6863,-0.6277,-0.1716
Pemukiman_04,Pemukiman,0.0501,0.0676,0.0618,0.2314,0.2185,0.5784,-0.5478,-0.0287
Pemukiman_04,Pemukiman,0.0698,0.0831,0.0913,0.1771,0.2185,0.3197,-0.3613,0.1047
Pemukiman_04,Pemukiman,0.0948,0.1081,0.1204,0.1855,0.2616,0.2128,-0.2636,0.1702
Pemukiman_04,Pemukiman,0.1124,0.1356,0.1553,0.2468,0.2616,0.2276,-0.2908,0.0291
Pemukiman_04,Pemukiman,0.1032,0.1259,0.1479,0.2603,0.2584,0.2754,-0.348,-0.0037
Pemukiman_04,Pemukiman,0.0899,0.1185,0.1311,0.2444,0.2584,0.3017,-0.3469,0.0278
Pemukiman_04,Pemukiman,0.0616,0.0803,0.0866,0.2151,0.2037,0.4259,-0.4563,-0.0272
Pemukiman_04,Pemukiman,0.0587,0.0741,0.0727,0.1861,0.2185,0.4382,-0.4304,0.0801
Pemukiman_04,Pemukiman,0.0605,0.0747,0.0872,0.1631,0.2185,0.3032,-0.3717,0.1452
Pemukiman_04,Pemukiman,0.0759,0.0898,0.109,0.1604,0.2616,0.1908,-0.2822,0.2398
Pemukiman_04,Pemukiman,0.0801,0.1095,0.1432,0.2104,0.2616,0.19,-0.3154,0.1085
Pemukiman_04,Pemukiman,0.0804,0.1075,0.1387,0.2769,0.2584,0.3325,-0.4407,-0.0346
Pemukiman_04,Pemukiman,0.0673,0.0942,0.0945,0.2744,0.2584,0.4877,-0.4889,-0.03
Pemukiman_04,Pemukiman,0.1149,0.1301,0.1444,0.2634,0.2661,0.2918,-0.3388,0.0051
Pemukiman_04,Pemukiman,0.1057,0.1234,0.1406,0.2142,0.2661,0.2074,-0.269,0.1081
Pemukiman_04,Pemukiman,0.1016,0.1207,0.1396,0.2427,0.2753,0.2697,-0.3357,0.0629
Pemukiman_04,Pemukiman,0.0822,0.0975,0.1163,0.1827,0.2753,0.2221,-0.3041,0.2022
Pemukiman_04,Pemukiman,0.0662,0.0795,0.0971,0.1626,0.2607,0.2522,-0.3432,0.2317
Pemukiman_04,Pemukiman,0.0668,0.0805,0.0935,0.1531,0.2607,0.2417,-0.3108,0.26
Pemukiman_04,Pemukiman,0.0815,0.0942,0.1086,0.1588,0.2568,0.1877,-0.2553,0.2358
Pemukiman_04,Pemukiman,0.0651,0.0838,0.1109,0.1867,0.2568,0.2547,-0.3804,0.1581
Pemukiman_04,Pemukiman,0.043,0.0683,0.0817,0.2379,0.2462,0.4887,-0.5539,0.0171
Pemukiman_04,Pemukiman,0.0554,0.0776,0.073,0.2494,0.2462,0.5471,-0.5254,-0.0065
Pemukiman_04,Pemukiman,0.0727,0.0918,0.0981,0.2062,0.2498,0.3552,-0.3839,0.0956
Pemukiman_04,Pemukiman,0.0829,0.099,0.1114,0.1898,0.2498,0.2603,-0.3144,0.1365
Pemukiman_04,Pemukiman,0.0948,0.1187,0.1241,0.2322,0.2294,0.3034,-0.3235,-0.0061
Pemukiman_04,Pemukiman,0.0954,0.1151,0.1519,0.2074,0.2753,0.1545,-0.2862,0.1407
Pemukiman_04,Pemukiman,0.0817,0.097,0.1244,0.1826,0.2753,0.1896,-0.3062,0.2024
Pemukiman_04,Pemukiman,0.0653,0.0821,0.1121,0.1668,0.2607,0.1961,-0.3403,0.2196
Pemukiman_04,Pemukiman,0.0733,0.0874,0.1062,0.1587,0.2607,0.1982,-0.2897,0.2432
Pemukiman_04,Pemukiman,0.0717,0.0828,0.1013,0.1581,0.2568,0.219,-0.3126,0.2379
Pemukiman_04,Pemukiman,0.059,0.0832,0.1182,0.2005,0.2568,0.2582,-0.4135,0.1231
Pemukiman_04,Pemukiman,0.0523,0.0791,0.1175,0.2177,0.2462,0.2989,-0.467,0.0614
Pemukiman_04,Pemukiman,0.077,0.0974,0.1056,0.2191,0.2462,0.3496,-0.3845,0.0582
Pemukiman_04,Pemukiman,0.076,0.0872,0.0983,0.1989,0.2498,0.3385,-0.3904,0.1134
Pemukiman_04,Pemukiman,0.0744,0.0878,0.1086,0.179,0.2498,0.2448,-0.3418,0.1651
Pemukiman_04,Pemukiman,0.0939,0.1127,0.1149,0.2136,0.2294,0.3005,-0.3092,0.0357
Pemukiman_04,Pemukiman,0.0898,0.1056,0.1288,0.1908,0.2773,0.194,-0.2874,0.1848
Pemukiman_04,Pemukiman,0.0829,0.1047,0.1423,0.1967,0.2955,0.1605,-0.3052,0.2007
Pemukiman_04,Pemukiman,0.0865,0.1058,0.1277,0.1969,0.2955,0.2132,-0.301,0.2002
Pemukiman_04,Pemukiman,0.0932,0.1093,0.126,0.175,0.2889,0.1628,-0.2311,0.2455
Pemukiman_04,Pemukiman,0.0941,0.1179,0.1354,0.1798,0.2889,0.1409,-0.2079,0.2328
Pemukiman_04,Pemukiman,0.0819,0.1049,0.1161,0.1886,0.2648,0.2379,-0.2852,0.1681
Pemukiman_04,Pemukiman,0.0538,0.0796,0.0893,0.2323,0.2648,0.4447,-0.4896,0.0654
Pemukiman_04,Pemukiman,0.0688,0.0965,0.118,0.2412,0.2729,0.343,-0.4285,0.0617
Pemukiman_04,Pemukiman,0.1065,0.1333,0.1474,0.2443,0.2729,0.2474,-0.294,0.0553
Pemukiman_04,Pemukiman,0.0842,0.1105,0.144,0.2549,0.2755,0.278,-0.3952,0.0388
Pemukiman_04,Pemukiman,0.096,0.1161,0.1326,0.2128,0.2755,0.2322,-0.294,0.1284
Pemukiman_04,Pemukiman,0.112,0.1224,0.1461,0.2062,0.2773,0.1706,-0.255,0.1471
Pemukiman_04,Pemukiman,0.0789,0.0983,0.1316,0.1908,0.2955,0.1836,-0.32,0.2153
Pemukiman_04,Pemukiman,0.113,0.1346,0.1553,0.208,0.2955,0.1451,-0.2142,0.1738
Pemukiman_04,Pemukiman,0.1005,0.1177,0.1311,0.1799,0.2889,0.1569,-0.209,0.2325
Pemukiman_04,Pemukiman,0.1091,0.1282,0.1523,0.1948,0.2889,0.1224,-0.2062,0.1945
Pemukiman_04,Pemukiman,0.1206,0.1384,0.1664,0.2333,0.2648,0.1674,-0.2553,0.0632
Pemukiman_04,Pemukiman,0.0639,0.0904,0.095,0.237,0.2648,0.4277,-0.4478,0.0554
Pemukiman_04,Pemukiman,0.085,0.098,0.1014,0.2294,0.2729,0.3869,-0.4013,0.0866
Pemukiman_04,Pemukiman,0.1424,0.137,0.1511,0.2328,0.2729,0.2128,-0.2591,0.0793
Pemukiman_04,Pemukiman,0.137,0.1478,0.1875,0.2634,0.2755,0.1683,-0.2811,0.0225
Pemukiman_04,Pemukiman,0.118,0.1532,0.1459,0.2698,0.2755,0.2981,-0.2756,0.0105
Pemukiman_04,Pemukiman,0.1567,0.1782,0.1869,0.2534,0.28,0.151,-0.1742,0.0499
Pemukiman_04,Pemukiman,0.1072,0.1217,0.1406,0.197,0.2617,0.1671,-0.2363,0.1411
Pemukiman_04,Pemukiman,0.1096,0.1328,0.1484,0.2003,0.2617,0.1488,-0.2026,0.1329
Pemukiman_04,Pemukiman,0.0838,0.1015,0.111,0.1688,0.266,0.2066,-0.249,0.2236
Pemukiman_04,Pemukiman,0.0811,0.1001,0.1292,0.1782,0.266,0.1594,-0.2806,0.1977
Pemukiman_04,Pemukiman,0.0906,0.1132,0.1666,0.2173,0.268,0.1321,-0.315,0.1045
Pemukiman_04,Pemukiman,0.0852,0.1039,0.1203,0.2028,0.268,0.2553,-0.3225,0.1385
Pemukiman_04,Pemukiman,0.0896,0.1021,0.1169,0.1875,0.2719,0.2319,-0.2949,0.1837
Pemukiman_04,Pemukiman,0.0881,0.0973,0.1116,0.1909,0.2719,0.2621,-0.3248,0.175
Pemukiman_04,Pemukiman,0.1102,0.1288,0.1396,0.2499,0.2653,0.2832,-0.3198,0.0299
Pemukiman_04,Pemukiman,0.0905,0.1145,0.1185,0.2404,0.2617,0.3396,-0.3547,0.0424
Pemukiman_04,Pemukiman,0.0851,0.1063,0.1038,0.233,0.2617,0.3836,-0.3734,0.058
Pemukiman_04,Pemukiman,0.0966,0.1157,0.1194,0.2213,0.266,0.2991,-0.3134,0.0917
Pemukiman_04,Pemukiman,0.1255,0.1459,0.1559,0.2244,0.266,0.1801,-0.212,0.0848
Pemukiman_04,Pemukiman,0.1003,0.1229,0.1384,0.2262,0.268,0.2408,-0.2959,0.0846
Pemukiman_04,Pemukiman,0.0828,0.0999,0.1061,0.2095,0.268,0.3276,-0.3542,0.1225
Pemukiman_04,Pemukiman,0.0756,0.0909,0.1091,0.1787,0.2719,0.2418,-0.3257,0.2068
Pemukiman_04,Pemukiman,0.0626,0.0802,0.101,0.1803,0.2719,0.2819,-0.3843,0.2026
Pemukiman_04,Pemukiman,0.0718,0.0908,0.0885,0.2258,0.2653,0.4368,-0.4264,0.0804
Pemukiman_04,Pemukiman,0.1301,0.1576,0.1498,0.2639,0.2104,0.2758,-0.2522,-0.1128
Pemukiman_04,Pemukiman,0.0864,0.1103,0.1063,0.2644,0.2239,0.4265,-0.4113,-0.0829
Pemukiman_04,Pemukiman,0.0624,0.0829,0.0798,0.2671,0.2239,0.5399,-0.5263,-0.088
Pemukiman_04,Pemukiman,0.1063,0.1288,0.1462,0.2378,0.2414,0.2385,-0.2973,0.0075
Pemukiman_04,Pemukiman,0.1016,0.1166,0.1281,0.2029,0.2414,0.226,-0.2701,0.0867
Pemukiman_04,Pemukiman,0.0667,0.0843,0.0858,0.2016,0.2343,0.4029,-0.4103,0.075
Pemukiman_04,Pemukiman,0.1259,0.1367,0.1493,0.2539,0.2414,0.2594,-0.3001,-0.0252
Pemukiman_04,Pemukiman,0.1008,0.1182,0.1247,0.2249,0.2414,0.2866,-0.311,0.0354
Pemukiman_05,Pemukiman,0.0587,0.0854,0.0745,0.2792,0.1719,0.5787,-0.5315,-0.2379
Pemukiman_05,Pemukiman,0.0717,0.0907,0.0919,0.2169,0.2013,0.4048,-0.4103,-0.0373
Pemukiman_05,Pemukiman,0.0635,0.0764,0.0741,0.225,0.2013,0.5045,-0.493,-0.0556
Pemukiman_05,Pemukiman,0.0814,0.0989,0.0963,0.2533,0.1818,0.4491,-0.4384,-0.1643
Pemukiman_05,Pemukiman,0.0809,0.0975,0.1104,0.1921,0.2286,0.2701,-0.3267,0.0868
Pemukiman_05,Pemukiman,0.0672,0.0798,0.0931,0.1774,0.2286,0.3116,-0.3795,0.1261
Pemukiman_05,Pemukiman,0.0998,0.1136,0.1189,0.2043,0.2334,0.2642,-0.2853,0.0665
Pemukiman_05,Pemukiman,0.1,0.1156,0.1176,0.2034,0.2334,0.2673,-0.2752,0.0687
Pemukiman_05,Pemukiman,0.0919,0.1014,0.1134,0.1974,0.2286,0.2703,-0.3213,0.0732
Pemukiman_05,Pemukiman,0.0695,0.0817,0.0936,0.1865,0.2286,0.3317,-0.3908,0.1014
Pemukiman_05,Pemukiman,0.0789,0.0873,0.0924,0.1923,0.2334,0.3509,-0.3755,0.0965
Pemukiman_05,Pemukiman,0.108,0.1311,0.125,0.2261,0.2334,0.288,-0.266,0.0159
Pemukiman_05,Pemukiman,0.087,0.1102,0.1034,0.2312,0.2307,0.3819,-0.3544,-0.0011
Pemukiman_05,Pemukiman,0.0643,0.0823,0.0696,0.2639,0.206,0.5826,-0.5246,-0.1232
Pemukiman_05,Pemukiman,0.0861,0.1076,0.0975,0.2688,0.206,0.4676,-0.4283,-0.1323
Pemukiman_06,Pemukiman,0.0363,0.0554,0.0488,0.2466,0.1985,0.6696,-0.6331,-0.1081
Pemukiman_06,Pemukiman,0.0419,0.0624,0.0567,0.2515,0.1985,0.6321,-0.6024,-0.1178
Pemukiman_06,Pemukiman,0.0469,0.0613,0.0736,0.1888,0.1985,0.439,-0.5098,0.025
Pemukiman_06,Pemukiman,0.0782,0.0952,0.1003,0.1909,0.1985,0.3111,-0.3345,0.0195
Pemukiman_06,Pemukiman,0.0708,0.0906,0.0864,0.2411,0.1566,0.4724,-0.4537,-0.2125
Pemukiman_06,Pemukiman,0.0413,0.06,0.047,0.2752,0.2013,0.7083,-0.642,-0.1551
Pemukiman_06,Pemukiman,0.0506,0.0662,0.0736,0.2074,0.2429,0.4762,-0.5161,0.0788
Pemukiman_06,Pemukiman,0.0969,0.1149,0.1279,0.194,0.2429,0.2053,-0.2561,0.1119
Pemukiman_06,Pemukiman,0.1046,0.1227,0.1232,0.2361,0.221,0.3142,-0.3161,-0.033
Pemukiman_06,Pemukiman,0.0775,0.0938,0.0916,0.2175,0.2429,0.4073,-0.3974,0.0552
Pemukiman_06,Pemukiman,0.0892,0.1053,0.1187,0.1858,0.2429,0.2204,-0.2765,0.1332
Pemukiman_06,Pemukiman,0.0871,0.1131,0.1085,0.2219,0.221,0.3432,-0.3248,-0.002
Pemukiman_06,Pemukiman,0.1,0.1156,0.1176,0.2034,0.2334,0.2673,-0.2752,0.0687
Pemukiman_06,Pemukiman,0.0785,0.1008,0.0938,0.2135,0.2307,0.3895,-0.3586,0.0387
Pemukiman_07,Pemukiman,0.0768,0.0988,0.092,0.2764,0.221,0.5005,-0.4733,-0.1114
Pemukiman_07,Pemukiman,0.0641,0.0927,0.0834,0.3147,0.1624,0.581,-0.5449,-0.3192
Pemukiman_07,Pemukiman,0.1184,0.1418,0.1543,0.2644,0.2307,0.263,-0.3018,-0.0681
Pemukiman_07,Pemukiman,0.1236,0.1567,0.1737,0.2952,0.2143,0.2591,-0.3065,-0.1588
Pemukiman_07,Pemukiman,0.0962,0.126,0.1358,0.2505,0.2307,0.2969,-0.3307,-0.0411
Pemukiman_07,Pemukiman,0.125,0.1602,0.1804,0.3142,0.2143,0.2705,-0.3246,-0.189
Pemukiman_07,Pemukiman,0.0597,0.0893,0.0743,0.3342,0.2143,0.6362,-0.5783,-0.2186
Pemukiman_07,Pemukiman,0.0892,0.1142,0.1147,0.3082,0.2099,0.4576,-0.4593,-0.1897
Pemukiman_09,Pemukiman,0.068,0.0863,0.096,0.1805,0.2663,0.3056,-0.3531,0.192
Pemukiman_09,Pemukiman,0.0611,0.0801,0.1191,0.1714,0.2577,0.18,-0.363,0.2011
Pemukiman_09,Pemukiman,0.0628,0.0779,0.1017,0.167,0.2577,0.243,-0.3638,0.2136
Pemukiman_09,Pemukiman,0.0764,0.0966,0.1096,0.1897,0.2501,0.2676,-0.3252,0.1373
Pemukiman_09,Pemukiman,0.0976,0.1163,0.1259,0.2034,0.2501,0.2353,-0.2724,0.103
Pemukiman_09,Pemukiman,0.1288,0.144,0.1451,0.2369,0.2494,0.2403,-0.2439,0.0257
Pemukiman_09,Pemukiman,0.0886,0.1024,0.1042,0.2362,0.2494,0.3878,-0.3952,0.0272
Pemukiman_09,Pemukiman,0.0778,0.0936,0.1073,0.1606,0.2577,0.199,-0.2636,0.2321
Pemukiman_09,Pemukiman,0.0635,0.078,0.1044,0.1714,0.2577,0.2429,-0.3745,0.2011
Pemukiman_09,Pemukiman,0.0559,0.074,0.1001,0.1703,0.2501,0.2596,-0.3942,0.1898
Pemukiman_09,Pemukiman,0.067,0.0802,0.1075,0.1687,0.2501,0.2216,-0.3556,0.1944
Pemukiman_09,Pemukiman,0.0774,0.0956,0.1165,0.1755,0.2494,0.2021,-0.2947,0.1739
Pemukiman_09,Pemukiman,0.0656,0.0806,0.0945,0.1786,0.2494,0.3079,-0.3781,0.1654
Pemukiman_09,Pemukiman,0.0546,0.0783,0.1073,0.2232,0.2108,0.3507,-0.4806,-0.0286
Pemukiman_09,Pemukiman,0.0482,0.073,0.0914,0.2308,0.2108,0.4326,-0.5194,-0.0453
Pemukiman_09,Pemukiman,0.0434,0.0658,0.0715,0.248,0.2102,0.5524,-0.5806,-0.0825
Pemukiman_09,Pemukiman,0.0672,0.088,0.0938,0.1945,0.2555,0.3493,-0.377,0.1356
Pemukiman_09,Pemukiman,0.0597,0.0782,0.0852,0.1699,0.2324,0.332,-0.3696,0.1554
Pemukiman_09,Pemukiman,0.0599,0.0737,0.0891,0.1677,0.2324,0.3061,-0.3894,0.1617
Pemukiman_09,Pemukiman,0.0514,0.0685,0.0876,0.1678,0.2519,0.314,-0.4202,0.2004
Pemukiman_09,Pemukiman,0.0534,0.0665,0.0892,0.1576,0.2519,0.2771,-0.4065,0.2303
Pemukiman_09,Pemukiman,0.0577,0.0817,0.1389,0.1954,0.2618,0.169,-0.4103,0.1452
Pemukiman_09,Pemukiman,0.051,0.0732,0.1125,0.2148,0.2618,0.3126,-0.4917,0.0986
Pemukiman_09,Pemukiman,0.0481,0.0712,0.0941,0.2483,0.2743,0.4503,-0.5543,0.0498
Pemukiman_09,Pemukiman,0.0626,0.0809,0.0873,0.1797,0.2519,0.3461,-0.3791,0.1673
Pemukiman_09,Pemukiman,0.0605,0.0771,0.0998,0.1584,0.2519,0.227,-0.3452,0.2279
Pemukiman_09,Pemukiman,0.0628,0.0782,0.1107,0.1592,0.2618,0.1797,-0.3412,0.2437
Pemukiman_09,Pemukiman,0.0602,0.0778,0.0999,0.1943,0.2618,0.3209,-0.4281,0.148
Pemukiman_10,Pemukiman,0.05,0.0799,0.1279,0.2422,0.2102,0.3088,-0.5039,-0.0707
Pemukiman_10,Pemukiman,0.056,0.0886,0.1245,0.281,0.2043,0.3859,-0.5206,-0.158
Pemukiman_10,Pemukiman,0.0481,0.0712,0.0941,0.2483,0.2743,0.4503,-0.5543,0.0498
Pemukiman_10,Pemukiman,0.0585,0.0911,0.162,0.2469,0.2743,0.2076,-0.4609,0.0526
Pemukiman_10,Pemukiman,0.0806,0.1224,0.1532,0.2412,0.2647,0.2231,-0.3267,0.0465
Pemukiman_10,Pemukiman,0.0497,0.0767,0.0977,0.2234,0.2743,0.3915,-0.4888,0.1023
Pemukiman_10,Pemukiman,0.0649,0.0981,0.1653,0.2248,0.2743,0.1525,-0.3924,0.0992
Pemukiman_10,Pemukiman,0.0872,0.1171,0.141,0.197,0.2647,0.1657,-0.2544,0.1466
Pemukiman_10,Pemukiman,0.0878,0.1093,0.1168,0.1887,0.2413,0.2354,-0.2664,0.1223
Pemukiman_10,Pemukiman,0.0805,0.1052,0.1394,0.1976,0.2413,0.1727,-0.3052,0.0996
Pemukiman_10,Pemukiman,0.0852,0.1065,0.1222,0.1865,0.2164,0.2083,-0.273,0.0742
Pemukiman_12,Pemukiman,0.0681,0.0971,0.0925,0.2659,0.1813,0.4838,-0.465,-0.1892
Pemukiman_12,Pemukiman,0.0578,0.0838,0.0731,0.2106,0.1813,0.4847,-0.4307,-0.0748
Pemukiman_12,Pemukiman,0.0773,0.0991,0.0928,0.183,0.1571,0.327,-0.2974,-0.0762
Pemukiman_12,Pemukiman,0.0974,0.1186,0.123,0.223,0.1808,0.289,-0.3056,-0.1045
Pemukiman_12,Pemukiman,0.0649,0.0883,0.0814,0.1683,0.1808,0.348,-0.3118,0.0358
Pemukiman_12,Pemukiman,0.0394,0.0621,0.046,0.1178,0.1329,0.4383,-0.3096,0.0602
Pemukiman_12,Pemukiman,0.036,0.0582,0.042,0.0677,0.1329,0.2343,-0.0755,0.325
Pemukiman_12,Pemukiman,0.0533,0.0743,0.0589,0.1473,0.1571,0.4287,-0.3294,0.0322
Pemukiman_12,Pemukiman,0.086,0.1056,0.1067,0.1962,0.1571,0.2955,-0.3002,-0.1107
Pemukiman_12,Pemukiman,0.0944,0.1171,0.1246,0.2006,0.1808,0.2337,-0.2628,-0.0519
Pemukiman_12,Pemukiman,0.0609,0.0839,0.0798,0.2191,0.1808,0.466,-0.4462,-0.0958
Pemukiman_12,Pemukiman,0.058,0.083,0.0685,0.2172,0.1329,0.5205,-0.447,-0.2408
Pemukiman_12,Pemukiman,0.0624,0.0907,0.0848,0.1427,0.1329,0.2545,-0.2228,-0.0356
Pemukiman_12,Pemukiman,0.046,0.0688,0.0685,0.0807,0.0681,0.0818,-0.0796,-0.0847
Pemukiman_12,Pemukiman,0.0492,0.0689,0.0555,0.1823,0.1398,0.5332,-0.4514,-0.1319
Pemukiman_12,Pemukiman,0.0606,0.0847,0.0727,0.2273,0.2158,0.5153,-0.457,-0.026
Pemukiman_12,Pemukiman,0.1075,0.1252,0.1251,0.2183,0.2158,0.2714,-0.271,-0.0058
Pemukiman_12,Pemukiman,0.127,0.1449,0.1515,0.2139,0.2435,0.1708,-0.1923,0.0647
Pemukiman_12,Pemukiman,0.0882,0.1114,0.1049,0.2397,0.2435,0.3912,-0.3654,0.0079
Pemukiman_12,Pemukiman,0.0906,0.116,0.1097,0.2291,0.2129,0.3524,-0.3277,-0.0367
Pemukiman_12,Pemukiman,0.1057,0.129,0.1566,0.2086,0.2129,0.1424,-0.2358,0.0102
Pemukiman_12,Pemukiman,0.0592,0.0922,0.1279,0.1654,0.127,0.1279,-0.2842,-0.1313
Pemukiman_12,Pemukiman,0.035,0.0589,0.0524,0.0593,0.127,0.0618,-0.0034,0.3634
Pemukiman_12,Pemukiman,0.03,0.0515,0.035,0.041,0.0634,0.0789,0.1135,0.2146
Pemukiman_12,Pemukiman,0.0498,0.0645,0.0506,0.1415,0.0778,0.4732,-0.3738,-0.2905
Pemukiman_12,Pemukiman,0.0707,0.0885,0.0779,0.1936,0.1398,0.4261,-0.3726,-0.1614
Pemukiman_12,Pemukiman,0.0776,0.0969,0.0848,0.2498,0.1398,0.4931,-0.441,-0.2823
Pemukiman_12,Pemukiman,0.0717,0.0936,0.0857,0.2569,0.2158,0.4997,-0.4659,-0.0869
Pemukiman_12,Pemukiman,0.0875,0.1117,0.1205,0.2154,0.2158,0.2825,-0.317,0.0009
Pemukiman_12,Pemukiman,0.1139,0.136,0.1581,0.2064,0.2435,0.1325,-0.2056,0.0825
Pemukiman_12,Pemukiman,0.1146,0.1344,0.1334,0.2041,0.2435,0.2095,-0.2059,0.088
Pemukiman_12,Pemukiman,0.0979,0.1145,0.1225,0.183,0.2129,0.198,-0.2303,0.0755
Pemukiman_12,Pemukiman,0.0859,0.1116,0.1556,0.1989,0.2129,0.1221,-0.2812,0.034
Pemukiman_12,Pemukiman,0.0503,0.081,0.1169,0.1579,0.127,0.1492,-0.3219,-0.1085
Pemukiman_12,Pemukiman,0.0349,0.0568,0.0452,0.0526,0.127,0.0757,0.0384,0.4143
Pemukiman_12,Pemukiman,0.0404,0.0585,0.0484,0.07,0.0634,0.1824,-0.0895,-0.0495
Pemukiman_12,Pemukiman,0.0408,0.058,0.0509,0.0851,0.0634,0.2515,-0.1894,-0.1461
Pemukiman_12,Pemukiman,0.0435,0.0612,0.0449,0.164,0.1692,0.5701,-0.4565,0.0156
Pemukiman_12,Pemukiman,0.0507,0.0698,0.06,0.2165,0.1692,0.566,-0.5124,-0.1226
Pemukiman_12,Pemukiman,0.0695,0.091,0.0902,0.2047,0.2239,0.3883,-0.3845,0.0448
Pemukiman_12,Pemukiman,0.073,0.0901,0.0936,0.2292,0.2239,0.4201,-0.4356,-0.0117
Pemukiman_12,Pemukiman,0.0605,0.0788,0.0825,0.2266,0.2569,0.4662,-0.484,0.0627
Pemukiman_12,Pemukiman,0.0773,0.0981,0.1118,0.2047,0.2569,0.2935,-0.352,0.1131
Pemukiman_12,Pemukiman,0.1142,0.1279,0.1523,0.1885,0.2613,0.1062,-0.1915,0.1618
Pemukiman_12,Pemukiman,0.0906,0.1058,0.1146,0.1623,0.2613,0.1723,-0.2107,0.2337
Pemukiman_12,Pemukiman,0.0688,0.0835,0.106,0.1579,0.2248,0.1967,-0.3082,0.1748
Pemukiman_12,Pemukiman,0.07,0.0908,0.1068,0.1805,0.2248,0.2565,-0.3306,0.1093
Pemukiman_12,Pemukiman,0.0529,0.0785,0.0791,0.146,0.1749,0.2972,-0.3007,0.0901
Pemukiman_12,Pemukiman,0.038,0.0603,0.0476,0.0847,0.1749,0.2804,-0.1683,0.3475
Pemukiman_12,Pemukiman,0.058,0.0765,0.0731,0.1214,0.1613,0.2483,-0.2269,0.1411
Pemukiman_12,Pemukiman,0.0606,0.0755,0.0851,0.1415,0.1613,0.2489,-0.3041,0.0654
Pemukiman_12,Pemukiman,0.0534,0.0691,0.0734,0.1084,0.0962,0.1925,-0.2214,-0.0596
Pemukiman_12,Pemukiman,0.0393,0.054,0.0448,0.0738,0.0962,0.2445,-0.1549,0.1318
Pemukiman_12,Pemukiman,0.0617,0.0824,0.0803,0.1651,0.0989,0.3456,-0.3341,-0.2508
Pemukiman_12,Pemukiman,0.0545,0.0743,0.0729,0.1838,0.1692,0.432,-0.4243,-0.0414
Pemukiman_12,Pemukiman,0.0714,0.0892,0.0858,0.204,0.1692,0.4079,-0.3915,-0.0932
Pemukiman_12,Pemukiman,0.0777,0.0913,0.1023,0.187,0.2239,0.2928,-0.3439,0.0898
Pemukiman_12,Pemukiman,0.0697,0.0874,0.1059,0.1947,0.2239,0.2954,-0.3804,0.0698
Pemukiman_12,Pemukiman,0.0685,0.0899,0.097,0.2013,0.2569,0.3496,-0.3826,0.1213
Pemukiman_12,Pemukiman,0.073,0.0933,0.1003,0.1935,0.2569,0.3172,-0.3494,0.1408
Pemukiman_12,Pemukiman,0.101,0.1104,0.1271,0.173,0.2613,0.1529,-0.2209,0.2033
Pemukiman_12,Pemukiman,0.0755,0.0934,0.1042,0.1526,0.2613,0.1885,-0.2406,0.2626
Pemukiman_12,Pemukiman,0.0638,0.0768,0.104,0.1497,0.2248,0.1801,-0.3219,0.2005
Pemukiman_12,Pemukiman,0.0675,0.0878,0.0957,0.1718,0.2248,0.2845,-0.3236,0.1336
Pemukiman_12,Pemukiman,0.0768,0.0967,0.1004,0.1838,0.1749,0.2935,-0.3105,-0.0248
Pemukiman_12,Pemukiman,0.0664,0.085,0.0813,0.1479,0.1749,0.2906,-0.2701,0.0836
Pemukiman_12,Pemukiman,0.063,0.0766,0.082,0.1397,0.1613,0.2603,-0.2917,0.0718
Pemukiman_12,Pemukiman,0.0535,0.0683,0.0889,0.1536,0.1613,0.2668,-0.3844,0.0245
Pemukiman_12,Pemukiman,0.0522,0.0756,0.0787,0.1542,0.0962,0.3242,-0.342,-0.2316
Pemukiman_12,Pemukiman,0.0395,0.0619,0.0468,0.0982,0.0962,0.3545,-0.2267,-0.0103
Pemukiman_12,Pemukiman,0.0471,0.0627,0.05,0.1316,0.1496,0.4493,-0.3546,0.064
Pemukiman_12,Pemukiman,0.062,0.0808,0.0878,0.1737,0.223,0.3285,-0.365,0.1243
Pemukiman_12,Pemukiman,0.0789,0.0976,0.1196,0.183,0.223,0.2095,-0.3043,0.0985
Pemukiman_12,Pemukiman,0.0769,0.0965,0.1219,0.178,0.2776,0.1871,-0.2969,0.2186
Pemukiman_12,Pemukiman,0.0901,0.1053,0.1163,0.1814,0.2776,0.2187,-0.2654,0.2096
Pemukiman_12,Pemukiman,0.094,0.1091,0.1107,0.1805,0.2598,0.2397,-0.2465,0.1801
Pemukiman_12,Pemukiman,0.0872,0.0982,0.1089,0.1713,0.2598,0.2227,-0.2712,0.2053
Pemukiman_12,Pemukiman,0.0825,0.1003,0.1161,0.1655,0.2538,0.1754,-0.2453,0.2106
Pemukiman_12,Pemukiman,0.0652,0.0836,0.1106,0.1722,0.2538,0.2178,-0.3464,0.1915
Pemukiman_12,Pemukiman,0.0783,0.0941,0.1122,0.1532,0.2797,0.1545,-0.239,0.2922
Pemukiman_12,Pemukiman,0.1059,0.1212,0.1264,0.1674,0.2797,0.1396,-0.1601,0.2512
Pemukiman_12,Pemukiman,0.0844,0.0974,0.1121,0.163,0.2703,0.185,-0.2519,0.2476
Pemukiman_12,Pemukiman,0.0768,0.0953,0.1074,0.1646,0.2703,0.2103,-0.2666,0.243
Pemukiman_12,Pemukiman,0.0918,0.1065,0.1089,0.1986,0.2381,0.2917,-0.3019,0.0905
Pemukiman_12,Pemukiman,0.08,0.0983,0.0932,0.1954,0.2381,0.3541,-0.3306,0.0985
Pemukiman_12,Pemukiman,0.0779,0.0908,0.0974,0.1553,0.1821,0.2291,-0.2621,0.0794
Pemukiman_12,Pemukiman,0.0573,0.0708,0.0859,0.1429,0.1821,0.2491,-0.3374,0.1206
Pemukiman_12,Pemukiman,0.0423,0.0625,0.0614,0.1118,0.0791,0.291,-0.2828,-0.1713
Pemukiman_12,Pemukiman,0.0567,0.0776,0.0675,0.1779,0.1496,0.4499,-0.3926,-0.0864
Pemukiman_12,Pemukiman,0.0625,0.0811,0.0834,0.1871,0.1496,0.3834,-0.3952,-0.1114
Pemukiman_12,Pemukiman,0.0658,0.0878,0.116,0.1917,0.223,0.246,-0.3717,0.0755
Pemukiman_12,Pemukiman,0.0975,0.1231,0.1552,0.203,0.223,0.1334,-0.245,0.0469
Pemukiman_12,Pemukiman,0.1196,0.137,0.1577,0.2043,0.2776,0.1287,-0.1972,0.1521
Pemukiman_12,Pemukiman,0.1015,0.1157,0.1217,0.1801,0.2776,0.1935,-0.2177,0.213
Pemukiman_12,Pemukiman,0.0766,0.0925,0.1039,0.1662,0.2598,0.2307,-0.2849,0.2197
Pemukiman_12,Pemukiman,0.0792,0.0939,0.0997,0.1492,0.2598,0.1989,-0.2275,0.2704
Pemukiman_12,Pemukiman,0.0887,0.1054,0.1172,0.1454,0.2538,0.1074,-0.1595,0.2715
Pemukiman_12,Pemukiman,0.0807,0.0977,0.122,0.153,0.2538,0.1127,-0.2206,0.2478
Pemukiman_12,Pemukiman,0.0801,0.0966,0.1082,0.1463,0.2797,0.1497,-0.2046,0.3131
Pemukiman_12,Pemukiman,0.1093,0.1208,0.1378,0.1763,0.2797,0.1226,-0.1868,0.2268
Pemukiman_12,Pemukiman,0.1023,0.1144,0.1361,0.1862,0.2703,0.1554,-0.2389,0.1842
Pemukiman_12,Pemukiman,0.0937,0.1102,0.1257,0.1899,0.2703,0.2034,-0.2656,0.1747
Pemukiman_12,Pemukiman,0.0939,0.1208,0.1161,0.227,0.2381,0.3232,-0.3053,0.0239
Pemukiman_12,Pemukiman,0.0733,0.1005,0.1034,0.2129,0.2381,0.3462,-0.3586,0.0559
Pemukiman_12,Pemukiman,0.0702,0.0905,0.0991,0.1756,0.1821,0.2785,-0.3198,0.0182
Pemukiman_12,Pemukiman,0.0529,0.0706,0.0716,0.1321,0.1821,0.297,-0.3034,0.1591
Pemukiman_12,Pemukiman,0.0368,0.0594,0.0493,0.065,0.0791,0.1374,-0.045,0.0978
Pemukiman_12,Pemukiman,0.0723,0.0942,0.0874,0.1959,0.1771,0.383,-0.3506,-0.0504
Pemukiman_12,Pemukiman,0.0671,0.0909,0.0931,0.1971,0.1771,0.3584,-0.3687,-0.0534
Pemukiman_12,Pemukiman,0.0691,0.0895,0.1218,0.1902,0.2401,0.2192,-0.36,0.116
Pemukiman_12,Pemukiman,0.0836,0.1076,0.151,0.2003,0.2401,0.1403,-0.3011,0.0904
Pemukiman_12,Pemukiman,0.0905,0.1072,0.127,0.1868,0.2803,0.1906,-0.2707,0.2002
Pemukiman_12,Pemukiman,0.0928,0.1066,0.1134,0.1809,0.2803,0.2294,-0.2584,0.2155
Pemukiman_12,Pemukiman,0.08,0.094,0.1047,0.1587,0.2671,0.205,-0.256,0.2546
Pemukiman_12,Pemukiman,0.0732,0.0832,0.088,0.1305,0.2671,0.1945,-0.2213,0.3436
Pemukiman_12,Pemukiman,0.096,0.1069,0.1176,0.1371,0.2596,0.0766,-0.1238,0.3088
Pemukiman_12,Pemukiman,0.1099,0.1248,0.1362,0.1554,0.2596,0.0658,-0.1092,0.2511
Pemukiman_12,Pemukiman,0.1226,0.1344,0.1519,0.1743,0.2933,0.0687,-0.1293,0.2545
Pemukiman_12,Pemukiman,0.1035,0.1263,0.1504,0.1864,0.2933,0.1069,-0.1922,0.2228
Pemukiman_12,Pemukiman,0.1146,0.1274,0.1567,0.2063,0.2852,0.1366,-0.2364,0.1605
Pemukiman_12,Pemukiman,0.0995,0.1147,0.1283,0.2085,0.2852,0.2381,-0.2902,0.1554
Pemukiman_12,Pemukiman,0.1203,0.1452,0.1489,0.2319,0.2287,0.218,-0.2299,-0.0069
Pemukiman_12,Pemukiman,0.1137,0.1358,0.1431,0.2241,0.2287,0.2206,-0.2453,0.0102
Pemukiman_12,Pemukiman,0.0651,0.0856,0.0807,0.1853,0.1145,0.3932,-0.368,-0.2362
Pemukiman_12,Pemukiman,0.0391,0.0609,0.0446,0.1054,0.1145,0.4053,-0.2676,0.0414
Pemukiman_12,Pemukiman,0.0648,0.084,0.0921,0.1988,0.2401,0.3668,-0.4059,0.0941
Pemukiman_12,Pemukiman,0.0629,0.082,0.1074,0.1755,0.2401,0.2407,-0.3631,0.1554
Pemukiman_12,Pemukiman,0.0565,0.0766,0.0975,0.1678,0.2803,0.265,-0.3732,0.2511
Pemukiman_12,Pemukiman,0.0667,0.0847,0.1012,0.1816,0.2803,0.2843,-0.3639,0.2137
Pemukiman_12,Pemukiman,0.0829,0.0985,0.1171,0.1678,0.2671,0.178,-0.2602,0.2283
Pemukiman_12,Pemukiman,0.0967,0.1136,0.1215,0.1563,0.2671,0.1253,-0.1582,0.2617
Pemukiman_12,Pemukiman,0.1023,0.117,0.1276,0.1509,0.2596,0.0837,-0.1265,0.2648
Pemukiman_12,Pemukiman,0.1245,0.1464,0.1622,0.1873,0.2596,0.0718,-0.1226,0.1618
Pemukiman_12,Pemukiman,0.1602,0.1805,0.1997,0.2164,0.2933,0.0401,-0.0905,0.1509
Pemukiman_12,Pemukiman,0.1271,0.1475,0.16,0.1973,0.2933,0.1044,-0.1444,0.1957
Pemukiman_12,Pemukiman,0.1028,0.1168,0.1293,0.2018,0.2852,0.219,-0.2668,0.1713
Pemukiman_12,Pemukiman,0.0895,0.1078,0.1155,0.1892,0.2852,0.2419,-0.2741,0.2024
Pemukiman_12,Pemukiman,0.1117,0.1281,0.1517,0.1902,0.2287,0.1126,-0.1951,0.0919
Pemukiman_12,Pemukiman,0.0806,0.1051,0.1113,0.1955,0.2287,0.2744,-0.3007,0.0783
Pemukiman_12,Pemukiman,0.0431,0.0653,0.0513,0.1601,0.1145,0.5147,-0.4206,-0.1661
Pemukiman_12,Pemukiman,0.0599,0.0784,0.0811,0.1936,0.2109,0.4095,-0.4235,0.0428
Pemukiman_12,Pemukiman,0.0507,0.0719,0.0913,0.1916,0.2336,0.3545,-0.4543,0.0988
Pemukiman_12,Pemukiman,0.0537,0.077,0.1088,0.1869,0.2336,0.2641,-0.4164,0.1111
Pemukiman_12,Pemukiman,0.0778,0.0977,0.1155,0.1877,0.2434,0.2381,-0.3153,0.1292
Pemukiman_12,Pemukiman,0.129,0.1485,0.1484,0.1935,0.2434,0.1319,-0.1316,0.1142
Pemukiman_12,Pemukiman,0.1011,0.1117,0.1243,0.155,0.2698,0.1099,-0.1624,0.2702
Pemukiman_12,Pemukiman,0.0982,0.1165,0.1354,0.1774,0.2698,0.1343,-0.2072,0.2066
Pemukiman_12,Pemukiman,0.1044,0.1231,0.1582,0.1938,0.2893,0.1011,-0.2231,0.1977
Pemukiman_12,Pemukiman,0.1236,0.1465,0.1552,0.2072,0.2893,0.1435,-0.1716,0.1654
Pemukiman_12,Pemukiman,0.1039,0.1191,0.1171,0.203,0.2445,0.2684,-0.2605,0.0927
Pemukiman_12,Pemukiman,0.0817,0.1008,0.1089,0.1672,0.2445,0.2112,-0.2478,0.1878
Pemukiman_12,Pemukiman,0.0954,0.114,0.1268,0.1823,0.1535,0.1796,-0.2305,-0.0858
Pemukiman_12,Pemukiman,0.0518,0.0734,0.0676,0.1589,0.1535,0.4031,-0.3681,-0.0173
Pemukiman_12,Pemukiman,0.0621,0.083,0.091,0.2092,0.2336,0.3937,-0.4319,0.0551
Pemukiman_12,Pemukiman,0.0664,0.0937,0.0916,0.2342,0.2434,0.4377,-0.4285,0.0193
Pemukiman_12,Pemukiman,0.1024,0.1249,0.1253,0.2068,0.2434,0.2454,-0.2469,0.0813
Pemukiman_12,Pemukiman,0.0771,0.0908,0.1054,0.146,0.2698,0.1615,-0.2331,0.2977
Pemukiman_12,Pemukiman,0.0848,0.1013,0.1162,0.1683,0.2698,0.1831,-0.2485,0.2317
Pemukiman_12,Pemukiman,0.1091,0.1255,0.1429,0.1918,0.2893,0.1461,-0.2089,0.2027
Pemukiman_12,Pemukiman,0.1268,0.1483,0.153,0.2053,0.2893,0.146,-0.1612,0.1698
Pemukiman_12,Pemukiman,0.0833,0.1008,0.1129,0.1792,0.2445,0.227,-0.28,0.1541
Pemukiman_12,Pemukiman,0.0797,0.0938,0.1039,0.1605,0.2445,0.2141,-0.2623,0.2074
Pemukiman_12,Pemukiman,0.064,0.0814,0.0814,0.1558,0.1535,0.3137,-0.3137,-0.0074
Pemukiman_12,Pemukiman,0.0339,0.0541,0.0403,0.1072,0.1535,0.4536,-0.3292,0.1776
Pemukiman_12,Pemukiman,0.0849,0.102,0.0994,0.213,0.2163,0.3636,-0.3524,0.0077
Pemukiman_12,Pemukiman,0.0962,0.1116,0.1138,0.1857,0.2163,0.2401,-0.2492,0.0761
Pemukiman_12,Pemukiman,0.0767,0.0887,0.0963,0.156,0.2514,0.2366,-0.275,0.2342
Pemukiman_12,Pemukiman,0.0829,0.0952,0.1146,0.1763,0.2514,0.2121,-0.2987,0.1756
Pemukiman_12,Pemukiman,0.1019,0.1262,0.1389,0.1973,0.2806,0.1737,-0.2198,0.1743
Pemukiman_12,Pemukiman,0.1541,0.1655,0.1829,0.223,0.2806,0.0988,-0.148,0.1144
Pemukiman_12,Pemukiman,0.1729,0.173,0.1952,0.2289,0.2201,0.0795,-0.1391,-0.0196
Pemukiman_12,Pemukiman,0.109,0.121,0.1137,0.1874,0.2201,0.2448,-0.2153,0.0802
Pemukiman_12,Pemukiman,0.049,0.0616,0.0481,0.1305,0.0918,0.4614,-0.3587,-0.1741
Pemukiman_12,Pemukiman,0.0783,0.0935,0.0919,0.1775,0.2514,0.3177,-0.31,0.1723
Pemukiman_12,Pemukiman,0.0785,0.0911,0.1058,0.1768,0.2514,0.2512,-0.3199,0.1742
Pemukiman_12,Pemukiman,0.0793,0.1013,0.1294,0.1891,0.2806,0.1874,-0.3023,0.1948
Pemukiman_12,Pemukiman,0.1472,0.17,0.1813,0.2302,0.2806,0.1188,-0.1504,0.0987
Pemukiman_12,Pemukiman,0.2175,0.245,0.2527,0.2773,0.2201,0.0464,-0.0618,-0.115
Pemukiman_12,Pemukiman,0.1162,0.137,0.1307,0.1908,0.2201,0.1869,-0.1641,0.0713
Pemukiman_12,Pemukiman,0.0815,0.0921,0.0931,0.1815,0.2244,0.3219,-0.3268,0.1057
Pemukiman_12,Pemukiman,0.0745,0.0903,0.098,0.1737,0.1966,0.2786,-0.3159,0.0618
Pemukiman_12,Pemukiman,0.0765,0.0918,0.095,0.1698,0.1966,0.2825,-0.2982,0.0731
Pemukiman_12,Pemukiman,0.0999,0.1138,0.1256,0.1766,0.1386,0.1688,-0.2163,-0.1206
Pemukiman_12,Pemukiman,0.0645,0.0841,0.0759,0.1881,0.1966,0.425,-0.3821,0.0221
Pemukiman_12,Pemukiman,0.0607,0.0815,0.0736,0.1761,0.1966,0.4105,-0.3672,0.055
Pemukiman_12,Pemukiman,0.0499,0.0708,0.059,0.1356,0.1386,0.3936,-0.314,0.0109
Pemukiman_13,Pemukiman,0.0621,0.0838,0.0893,0.2343,0.1651,0.4481,-0.4731,-0.1733
Pemukiman_13,Pemukiman,0.0817,0.1038,0.1086,0.2154,0.2225,0.3296,-0.3496,0.0162
Pemukiman_13,Pemukiman,0.0793,0.0985,0.0979,0.2201,0.2225,0.3843,-0.3817,0.0054
Pemukiman_13,Pemukiman,0.0482,0.068,0.0508,0.2167,0.1651,0.6202,-0.5223,-0.1351
Pemukiman_13,Pemukiman,0.0614,0.077,0.0843,0.2047,0.1651,0.4166,-0.4533,-0.1071
Pemukiman_13,Pemukiman,0.0988,0.1112,0.1185,0.1771,0.2225,0.1982,-0.2286,0.1136
Pemukiman_13,Pemukiman,0.0934,0.1063,0.1168,0.1738,0.2225,0.1961,-0.241,0.1229
Pemukiman_13,Pemukiman,0.0849,0.103,0.119,0.2042,0.243,0.2636,-0.3294,0.0868
Pemukiman_13,Pemukiman,0.1279,0.1514,0.1869,0.2586,0.243,0.1609,-0.2615,-0.0311
Pemukiman_13,Pemukiman,0.1276,0.144,0.1396,0.2094,0.2861,0.2,-0.1851,0.1548
Pemukiman_13,Pemukiman,0.0521,0.0709,0.0596,0.2227,0.1995,0.5778,-0.517,-0.055
Pemukiman_13,Pemukiman,0.0679,0.0889,0.0808,0.2226,0.1995,0.4674,-0.4292,-0.0547
Pemukiman_13,Pemukiman,0.0867,0.1047,0.1063,0.1937,0.2596,0.2913,-0.2983,0.1454
Pemukiman_13,Pemukiman,0.068,0.0798,0.098,0.156,0.2596,0.2283,-0.3232,0.2493
Pemukiman_13,Pemukiman,0.0653,0.0833,0.1146,0.1638,0.2809,0.1767,-0.3258,0.2633
Pemukiman_13,Pemukiman,0.0908,0.1133,0.1643,0.1952,0.2809,0.086,-0.2655,0.18
Pemukiman_13,Pemukiman,0.0938,0.1128,0.129,0.1813,0.2793,0.1685,-0.2329,0.2128
Pemukiman_13,Pemukiman,0.115,0.1327,0.1463,0.1875,0.2793,0.1234,-0.1711,0.1967
Pemukiman_13,Pemukiman,0.0793,0.0986,0.0946,0.2484,0.1995,0.4484,-0.4317,-0.1092
Pemukiman_13,Pemukiman,0.0992,0.1265,0.1176,0.2438,0.1995,0.3492,-0.3168,-0.0999
Pemukiman_13,Pemukiman,0.0919,0.1208,0.1165,0.243,0.2596,0.3519,-0.3359,0.033
Pemukiman_13,Pemukiman,0.0768,0.095,0.1041,0.1845,0.2596,0.2786,-0.3202,0.1691
Pemukiman_13,Pemukiman,0.0711,0.0901,0.1023,0.1847,0.2809,0.2871,-0.3442,0.2066
Pemukiman_13,Pemukiman,0.0922,0.1158,0.1333,0.1916,0.2809,0.1794,-0.2466,0.189
Pemukiman_13,Pemukiman,0.1027,0.1195,0.1381,0.1878,0.2793,0.1525,-0.2223,0.1959
Pemukiman_13,Pemukiman,0.0879,0.1029,0.1247,0.1641,0.2793,0.1364,-0.2292,0.2598
Pemukiman_13,Pemukiman,0.0473,0.0696,0.0614,0.2323,0.2108,0.5819,-0.5389,-0.0485
Pemukiman_13,Pemukiman,0.0697,0.0875,0.1,0.2002,0.2335,0.3338,-0.3917,0.0768
Pemukiman_13,Pemukiman,0.093,0.1166,0.1327,0.2146,0.2335,0.2358,-0.2959,0.0422
Pemukiman_13,Pemukiman,0.0895,0.1083,0.1208,0.2218,0.2524,0.2948,-0.3438,0.0645
Pemukiman_13,Pemukiman,0.1234,0.1328,0.1386,0.1996,0.2524,0.1804,-0.201,0.1168
Pemukiman_13,Pemukiman,0.1023,0.1146,0.1163,0.2008,0.2587,0.2665,-0.2733,0.126
Pemukiman_13,Pemukiman,0.0865,0.1041,0.1102,0.1985,0.2587,0.286,-0.312,0.1317
Pemukiman_13,Pemukiman,0.0934,0.1132,0.1143,0.2085,0.2597,0.2918,-0.2962,0.1094
Pemukiman_13,Pemukiman,0.0868,0.105,0.1165,0.1746,0.2597,0.1996,-0.2489,0.1959
Pemukiman_13,Pemukiman,0.0831,0.1046,0.103,0.2291,0.2108,0.3797,-0.3731,-0.0416
Pemukiman_13,Pemukiman,0.063,0.0868,0.1011,0.1887,0.2335,0.3023,-0.3699,0.1061
Pemukiman_13,Pemukiman,0.07,0.0925,0.1226,0.1914,0.2335,0.2191,-0.3484,0.0991
Pemukiman_13,Pemukiman,0.0733,0.0893,0.0997,0.1724,0.2524,0.2672,-0.3175,0.1883
Pemukiman_13,Pemukiman,0.1271,0.1249,0.139,0.1718,0.2524,0.1055,-0.1581,0.19
Pemukiman_13,Pemukiman,0.0932,0.1016,0.108,0.1773,0.2587,0.2429,-0.2714,0.1867
Pemukiman_13,Pemukiman,0.0588,0.0804,0.0909,0.177,0.2587,0.3214,-0.3753,0.1875
Pemukiman_13,Pemukiman,0.07,0.089,0.0963,0.1906,0.2597,0.3287,-0.3634,0.1535
Pemukiman_13,Pemukiman,0.0996,0.1112,0.1258,0.197,0.2597,0.2206,-0.2784,0.1373
Pemukiman_13,Pemukiman,0.0856,0.106,0.1167,0.1958,0.247,0.2531,-0.2975,0.1156
Pemukiman_13,Pemukiman,0.0789,0.0969,0.1081,0.1729,0.2589,0.2306,-0.2817,0.1992
Pemukiman_13,Pemukiman,0.1104,0.1211,0.1304,0.1828,0.2589,0.1673,-0.203,0.1723
Pemukiman_13,Pemukiman,0.0717,0.0862,0.0976,0.1649,0.261,0.2564,-0.3134,0.2256
Pemukiman_13,Pemukiman,0.0772,0.093,0.1155,0.1696,0.261,0.1898,-0.2917,0.2123
Pemukiman_13,Pemukiman,0.0847,0.0999,0.114,0.1776,0.2778,0.2181,-0.28,0.22
Pemukiman_13,Pemukiman,0.103,0.1188,0.1293,0.184,0.261,0.1746,-0.2153,0.173
Pemukiman_13,Pemukiman,0.121,0.1351,0.1407,0.1901,0.261,0.1493,-0.1691,0.1572
Pemukiman_13,Pemukiman,0.1139,0.1309,0.1381,0.2005,0.2778,0.1843,-0.21,0.1616
Pemukiman_14,Pemukiman,0.0613,0.0744,0.0941,0.1689,0.2198,0.2844,-0.3884,0.1309
Pemukiman_14,Pemukiman,0.0763,0.0995,0.1461,0.2017,0.2198,0.1599,-0.3393,0.0429
Pemukiman_14,Pemukiman,0.0703,0.0915,0.1075,0.2286,0.2367,0.3603,-0.4283,0.0174
Pemukiman_14,Pemukiman,0.0559,0.0751,0.0696,0.2564,0.2367,0.573,-0.5469,-0.04
Pemukiman_14,Pemukiman,0.0528,0.0718,0.0646,0.2646,0.1885,0.6075,-0.5731,-0.168
Pemukiman_14,Pemukiman,0.0548,0.0659,0.0623,0.1888,0.1885,0.5038,-0.4825,-0.0008
Pemukiman_14,Pemukiman,0.084,0.0938,0.113,0.1609,0.2341,0.1749,-0.2634,0.1853
Pemukiman_14,Pemukiman,0.0837,0.1092,0.1532,0.203,0.2341,0.1398,-0.3004,0.0712
Pemukiman_14,Pemukiman,0.0913,0.1211,0.177,0.2172,0.2573,0.102,-0.2841,0.0845
Pemukiman_14,Pemukiman,0.084,0.1011,0.1348,0.1824,0.2573,0.1501,-0.2868,0.1703
Pemukiman_14,Pemukiman,0.0782,0.0893,0.1066,0.1558,0.2552,0.1875,-0.2713,0.2418
Pemukiman_14,Pemukiman,0.1043,0.1181,0.1244,0.1863,0.2552,0.1992,-0.224,0.1561
Pemukiman_14,Pemukiman,0.0821,0.098,0.1267,0.2002,0.2581,0.2248,-0.3427,0.1263
Pemukiman_14,Pemukiman,0.09,0.1081,0.1335,0.2018,0.2581,0.2037,-0.3024,0.1224
Pemukiman_14,Pemukiman,0.0843,0.1035,0.1017,0.2314,0.2397,0.3894,-0.3819,0.0176
Pemukiman_14,Pemukiman,0.0775,0.0911,0.0914,0.2388,0.2397,0.4464,-0.4477,0.0019
Pemukiman_14,Pemukiman,0.0606,0.0729,0.0639,0.2157,0.2076,0.5429,-0.4948,-0.0191
Pemukiman_14,Pemukiman,0.0309,0.0528,0.0366,0.2779,0.2076,0.7672,-0.6807,-0.1448
Pemukiman_14,Pemukiman,0.0368,0.0652,0.0413,0.3597,0.2016,0.794,-0.6931,-0.2817
Pemukiman_14,Pemukiman,0.039,0.0695,0.0431,0.3394,0.2016,0.7746,-0.6601,-0.2547
Pemukiman_14,Pemukiman,0.0387,0.0667,0.045,0.3052,0.1982,0.743,-0.6413,-0.2126
Pemukiman_14,Pemukiman,0.0371,0.0659,0.0442,0.2765,0.1982,0.7244,-0.6151,-0.1649
Pemukiman_14,Pemukiman,0.0403,0.0622,0.0466,0.2788,0.1814,0.7136,-0.6352,-0.2116
Pemukiman_14,Pemukiman,0.0411,0.0681,0.0512,0.2909,0.1814,0.7007,-0.6206,-0.2318
Pemukiman_14,Pemukiman,0.0461,0.074,0.0641,0.2915,0.1919,0.6395,-0.5951,-0.206
Pemukiman_14,Pemukiman,0.0394,0.0657,0.0569,0.2714,0.1919,0.6534,-0.6102,-0.1716
Pemukiman_14,Pemukiman,0.0472,0.0666,0.0602,0.2583,0.1963,0.622,-0.59,-0.1364
Pemukiman_14,Pemukiman,0.0435,0.064,0.053,0.297,0.1963,0.6971,-0.6454,-0.2041
Pemukiman_14,Pemukiman,0.0582,0.0831,0.0763,0.3015,0.2128,0.5961,-0.5679,-0.1725
Pemukiman_14,Pemukiman,0.0579,0.0874,0.0838,0.285,0.2128,0.5456,-0.5306,-0.145
Pemukiman_14,Pemukiman,0.0365,0.0581,0.0479,0.2375,0.1964,0.6643,-0.6069,-0.0947
Pemukiman_14,Pemukiman,0.0347,0.0578,0.0409,0.2993,0.1964,0.7596,-0.6763,-0.2076
Pemukiman_14,Pemukiman,0.0425,0.0695,0.0496,0.364,0.1998,0.7602,-0.6794,-0.2912
Pemukiman_14,Pemukiman,0.047,0.0722,0.0568,0.3309,0.1998,0.707,-0.6418,-0.247
Pemukiman_14,Pemukiman,0.0493,0.0717,0.0551,0.292,0.2141,0.6825,-0.6057,-0.1539
Pemukiman_14,Pemukiman,0.0667,0.0866,0.0798,0.2325,0.2141,0.489,-0.4572,-0.0412
Pemukiman_14,Pemukiman,0.0952,0.1099,0.1136,0.1876,0.2527,0.2457,-0.2612,0.1479
Pemukiman_14,Pemukiman,0.1196,0.1332,0.1351,0.2061,0.2527,0.2081,-0.2149,0.1016
Pemukiman_14,Pemukiman,0.0879,0.1017,0.0987,0.2097,0.2622,0.3599,-0.3468,0.1113
Pemukiman_14,Pemukiman,0.0885,0.092,0.0955,0.1959,0.2622,0.3445,-0.3609,0.1447
Pemukiman_14,Pemukiman,0.1031,0.107,0.1132,0.2053,0.236,0.2892,-0.3148,0.0696
Pemukiman_14,Pemukiman,0.0885,0.1077,0.1012,0.203,0.236,0.3346,-0.3067,0.0752
Pemukiman_14,Pemukiman,0.0589,0.0715,0.0723,0.1876,0.2112,0.4436,-0.4481,0.0592
Pemukiman_14,Pemukiman,0.0571,0.074,0.0773,0.2042,0.2112,0.4508,-0.468,0.0169
Pemukiman_14,Pemukiman,0.0715,0.0833,0.0838,0.2038,0.2209,0.4172,-0.4197,0.0403
Pemukiman_14,Pemukiman,0.0937,0.1067,0.1099,0.1885,0.2209,0.2634,-0.2771,0.0791
Pemukiman_14,Pemukiman,0.0841,0.0996,0.1,0.2074,0.2447,0.3494,-0.3511,0.0825
Pemukiman_14,Pemukiman,0.0823,0.0964,0.0965,0.2233,0.2447,0.3965,-0.3969,0.0457
Pemukiman_14,Pemukiman,0.0831,0.112,0.1278,0.2349,0.2564,0.2953,-0.3543,0.0438
Pemukiman_14,Pemukiman,0.0833,0.1034,0.1246,0.2153,0.2564,0.2668,-0.3511,0.0871
Pemukiman_14,Pemukiman,0.0787,0.1003,0.1138,0.2341,0.2493,0.3458,-0.4001,0.0314
Pemukiman_14,Pemukiman,0.0763,0.0989,0.1064,0.2431,0.2493,0.3911,-0.4216,0.0126
Pemukiman_14,Pemukiman,0.0774,0.0997,0.1235,0.2189,0.2428,0.2786,-0.3741,0.0518
Pemukiman_14,Pemukiman,0.0817,0.1025,0.1551,0.2192,0.2428,0.1713,-0.3628,0.0511
Pemukiman_14,Pemukiman,0.0798,0.0957,0.1261,0.1892,0.2482,0.2001,-0.3282,0.1349
Pemukiman_14,Pemukiman,0.1109,0.1306,0.1538,0.2133,0.2482,0.1621,-0.2405,0.0756
Pemukiman_14,Pemukiman,0.0702,0.0768,0.0783,0.1593,0.1888,0.3409,-0.3494,0.0847
Pemukiman_14,Pemukiman,0.0629,0.0757,0.09,0.167,0.2198,0.2996,-0.3762,0.1365
Pemukiman_14,Pemukiman,0.078,0.0954,0.1336,0.1767,0.2198,0.1389,-0.2988,0.1087
Pemukiman_14,Pemukiman,0.0858,0.1042,0.1167,0.1854,0.2367,0.2274,-0.2804,0.1215
Pemukiman_14,Pemukiman,0.0791,0.0951,0.0933,0.198,0.2367,0.3594,-0.3511,0.089
Pemukiman_14,Pemukiman,0.079,0.0974,0.0913,0.204,0.1885,0.3816,-0.3537,-0.0395
Pemukiman_14,Pemukiman,0.064,0.0724,0.0706,0.1578,0.1885,0.3818,-0.371,0.0887
Pemukiman_14,Pemukiman,0.0696,0.0821,0.0839,0.1638,0.2341,0.3226,-0.3322,0.1767
Pemukiman_14,Pemukiman,0.089,0.1002,0.1146,0.2268,0.2341,0.3286,-0.3872,0.0158
Pemukiman_14,Pemukiman,0.0903,0.1033,0.1169,0.2216,0.2573,0.3093,-0.3641,0.0745
Pemukiman_14,Pemukiman,0.0677,0.0824,0.0922,0.206,0.2573,0.3816,-0.4286,0.1107
Pemukiman_14,Pemukiman,0.0677,0.079,0.0928,0.185,0.2552,0.3319,-0.4015,0.1595
Pemukiman_14,Pemukiman,0.1206,0.1334,0.1394,0.1968,0.2552,0.1707,-0.192,0.1292
Pemukiman_14,Pemukiman,0.0849,0.1012,0.1261,0.1821,0.2581,0.1817,-0.2856,0.1726
Pemukiman_14,Pemukiman,0.078,0.0928,0.1163,0.2008,0.2581,0.2665,-0.3678,0.1249
Pemukiman_14,Pemukiman,0.0759,0.0956,0.0988,0.2666,0.2397,0.4592,-0.4721,-0.0531
Pemukiman_14,Pemukiman,0.0635,0.0895,0.0798,0.3212,0.2397,0.602,-0.5642,-0.1453
Pemukiman_14,Pemukiman,0.0482,0.0693,0.0651,0.2916,0.2076,0.635,-0.616,-0.1683
Pemukiman_14,Pemukiman,0.044,0.059,0.0506,0.2898,0.2076,0.7027,-0.6617,-0.1653
Pemukiman_14,Pemukiman,0.044,0.0628,0.0491,0.2867,0.2016,0.7076,-0.6406,-0.1743
Pemukiman_14,Pemukiman,0.0486,0.0675,0.057,0.2662,0.2016,0.6473,-0.5954,-0.1381
Pemukiman_14,Pemukiman,0.0492,0.0698,0.0605,0.2452,0.1982,0.6042,-0.5568,-0.106
Pemukiman_14,Pemukiman,0.0459,0.0631,0.056,0.2329,0.1982,0.6123,-0.5736,-0.0805
Pemukiman_14,Pemukiman,0.044,0.0607,0.0558,0.2278,0.1814,0.6065,-0.5792,-0.1134
Pemukiman_14,Pemukiman,0.0392,0.0634,0.0487,0.2499,0.1814,0.6738,-0.5953,-0.1588
Pemukiman_14,Pemukiman,0.0437,0.0719,0.0582,0.2927,0.1919,0.6683,-0.6056,-0.208
Pemukiman_14,Pemukiman,0.0442,0.0724,0.0577,0.2878,0.1919,0.666,-0.598,-0.1999
Pemukiman_14,Pemukiman,0.051,0.0745,0.0694,0.2817,0.1963,0.6047,-0.5817,-0.1787
Pemukiman_14,Pemukiman,0.0463,0.0631,0.0567,0.2993,0.1963,0.6815,-0.6518,-0.2078
Pemukiman_14,Pemukiman,0.0426,0.0681,0.0566,0.3157,0.2128,0.6959,-0.6451,-0.1947
Pemukiman_14,Pemukiman,0.0497,0.0775,0.0602,0.32,0.2128,0.6833,-0.6101,-0.2012
Pemukiman_14,Pemukiman,0.0364,0.0612,0.0422,0.2749,0.1964,0.7338,-0.6358,-0.1666
Pemukiman_14,Pemukiman,0.0291,0.0521,0.0356,0.2893,0.1964,0.7809,-0.6948,-0.1913
Pemukiman_14,Pemukiman,0.0406,0.0693,0.0448,0.3732,0.1998,0.7856,-0.6868,-0.3026
Pemukiman_14,Pemukiman,0.0418,0.0656,0.0462,0.349,0.1998,0.7662,-0.6835,-0.2719
Pemukiman_14,Pemukiman,0.0372,0.0647,0.0461,0.3218,0.2141,0.7494,-0.6652,-0.201
Pemukiman_14,Pemukiman,0.0831,0.101,0.0889,0.2566,0.2141,0.4854,-0.4351,-0.0903
Pemukiman_14,Pemukiman,0.1256,0.1378,0.1338,0.2251,0.2527,0.2544,-0.2406,0.0578
Pemukiman_14,Pemukiman,0.1134,0.126,0.1226,0.2167,0.2527,0.2773,-0.2647,0.0767
Pemukiman_14,Pemukiman,0.0791,0.0892,0.0837,0.2156,0.2622,0.4407,-0.4147,0.0975
Pemukiman_14,Pemukiman,0.0684,0.0823,0.0732,0.2268,0.2622,0.512,-0.4675,0.0724
Pemukiman_14,Pemukiman,0.0742,0.0877,0.0812,0.2402,0.236,0.4947,-0.4651,-0.0088
Pemukiman_14,Pemukiman,0.0545,0.0746,0.0643,0.2496,0.236,0.5903,-0.5398,-0.028
Pemukiman_14,Pemukiman,0.0413,0.0644,0.0536,0.2539,0.2112,0.6514,-0.5953,-0.0918
Pemukiman_14,Pemukiman,0.0404,0.0617,0.0518,0.2745,0.2112,0.6825,-0.633,-0.1303
Pemukiman_14,Pemukiman,0.0441,0.0583,0.0565,0.2431,0.2209,0.6228,-0.6131,-0.0478
Pemukiman_14,Pemukiman,0.0858,0.0999,0.106,0.1984,0.2209,0.3035,-0.3302,0.0537
Pemukiman_14,Pemukiman,0.0781,0.1006,0.099,0.2298,0.2447,0.3978,-0.391,0.0314
Pemukiman_14,Pemukiman,0.0831,0.0962,0.1015,0.2068,0.2447,0.3415,-0.365,0.0839
Pemukiman_14,Pemukiman,0.093,0.1133,0.1525,0.227,0.2564,0.1963,-0.3341,0.0608
Pemukiman_14,Pemukiman,0.0801,0.1058,0.1357,0.243,0.2564,0.2833,-0.3933,0.0268
Pemukiman_14,Pemukiman,0.0753,0.0926,0.1005,0.2567,0.2493,0.4373,-0.4698,-0.0146
Pemukiman_14,Pemukiman,0.0766,0.0975,0.1079,0.241,0.2493,0.3815,-0.4239,0.0169
Pemukiman_14,Pemukiman,0.0777,0.1046,0.133,0.1964,0.2428,0.1925,-0.305,0.1056
Pemukiman_14,Pemukiman,0.089,0.1141,0.1651,0.2187,0.2428,0.1397,-0.3143,0.0522
Pemukiman_14,Pemukiman,0.0961,0.1115,0.1387,0.2264,0.2482,0.2402,-0.34,0.0459
Pemukiman_14,Pemukiman,0.0793,0.0942,0.09,0.2434,0.2482,0.4601,-0.4419,0.0098
Pemukiman_14,Pemukiman,0.051,0.062,0.058,0.1545,0.1994,0.4541,-0.4272,0.1269
Pemukiman_14,Pemukiman,0.0624,0.0706,0.0736,0.1589,0.2058,0.3669,-0.3847,0.1286
Pemukiman_14,Pemukiman,0.0705,0.0791,0.0982,0.1455,0.2058,0.1941,-0.2956,0.1716
Pemukiman_14,Pemukiman,0.0692,0.0828,0.0927,0.1993,0.2297,0.3651,-0.413,0.0709
Pemukiman_14,Pemukiman,0.0772,0.0943,0.0903,0.2196,0.2297,0.4172,-0.3992,0.0225
Pemukiman_14,Pemukiman,0.0727,0.0888,0.0825,0.2117,0.2016,0.4392,-0.409,-0.0244
Pemukiman_14,Pemukiman,0.0579,0.0688,0.0684,0.1696,0.2016,0.4252,-0.4228,0.0862
Pemukiman_14,Pemukiman,0.0517,0.0645,0.0664,0.1869,0.1959,0.4757,-0.4869,0.0235
Pemukiman_14,Pemukiman,0.055,0.075,0.0665,0.2744,0.1959,0.6099,-0.5707,-0.1669
Pemukiman_14,Pemukiman,0.0549,0.0729,0.0668,0.2566,0.205,0.5869,-0.5575,-0.1118
Pemukiman_14,Pemukiman,0.0511,0.0685,0.0581,0.2588,0.205,0.6333,-0.5814,-0.116
Pemukiman_14,Pemukiman,0.0587,0.0743,0.0702,0.2693,0.2261,0.5864,-0.5675,-0.0872
Pemukiman_14,Pemukiman,0.0894,0.1036,0.104,0.2214,0.2261,0.3608,-0.3625,0.0105
Pemukiman_14,Pemukiman,0.0991,0.115,0.1388,0.218,0.2664,0.222,-0.3093,0.0999
Pemukiman_14,Pemukiman,0.1053,0.1197,0.1414,0.2225,0.2664,0.2229,-0.3004,0.0898
Pemukiman_14,Pemukiman,0.1076,0.1267,0.13,0.2396,0.2699,0.2965,-0.3082,0.0595
Pemukiman_14,Pemukiman,0.1134,0.1383,0.1414,0.3276,0.2699,0.397,-0.4063,-0.0966
Pemukiman_14,Pemukiman,0.1134,0.139,0.137,0.3418,0.2542,0.4277,-0.4218,-0.147
Pemukiman_14,Pemukiman,0.0817,0.1058,0.0961,0.3242,0.2542,0.5427,-0.5079,-0.121
Pemukiman_14,Pemukiman,0.0555,0.0774,0.0714,0.2876,0.2309,0.6022,-0.5759,-0.1094
Pemukiman_14,Pemukiman,0.0714,0.09,0.0848,0.2438,0.2309,0.4839,-0.4608,-0.0272
Pemukiman_14,Pemukiman,0.1023,0.1257,0.1202,0.2326,0.2334,0.3186,-0.2984,0.0017
Pemukiman_14,Pemukiman,0.1114,0.1314,0.1293,0.254,0.2334,0.3253,-0.3181,-0.0423
Pemukiman_14,Pemukiman,0.0762,0.1068,0.0997,0.2448,0.1869,0.4212,-0.3925,-0.1341
Pemukiman_14,Pemukiman,0.0349,0.0515,0.044,0.205,0.1869,0.6466,-0.5984,-0.0462
Pemukiman_14,Pemukiman,0.033,0.0525,0.0347,0.2549,0.1525,0.7604,-0.6584,-0.2513
Pemukiman_14,Pemukiman,0.0355,0.0609,0.0444,0.2769,0.1525,0.7236,-0.6394,-0.2897
Pemukiman_14,Pemukiman,0.0453,0.0705,0.0583,0.2856,0.1891,0.6609,-0.604,-0.2033
Pemukiman_14,Pemukiman,0.0532,0.0771,0.0713,0.2761,0.1891,0.5895,-0.5634,-0.187
Pemukiman_14,Pemukiman,0.0527,0.0766,0.0712,0.302,0.2044,0.6184,-0.5953,-0.1927
Pemukiman_14,Pemukiman,0.045,0.0765,0.0581,0.3528,0.2044,0.7172,-0.6436,-0.2663
Pemukiman_14,Pemukiman,0.0362,0.0608,0.0409,0.2979,0.1868,0.7586,-0.661,-0.2292
Pemukiman_14,Pemukiman,0.0283,0.0502,0.0319,0.2732,0.1868,0.7909,-0.6895,-0.1878
Pemukiman_14,Pemukiman,0.0374,0.0689,0.044,0.3633,0.1922,0.7839,-0.6812,-0.308
Pemukiman_14,Pemukiman,0.035,0.0644,0.0413,0.3329,0.1922,0.7793,-0.6758,-0.2679
Pemukiman_14,Pemukiman,0.0416,0.069,0.0518,0.2997,0.1925,0.7053,-0.6257,-0.2178
Pemukiman_14,Pemukiman,0.0689,0.0854,0.077,0.2345,0.1925,0.5056,-0.4661,-0.0984
Pemukiman_14,Pemukiman,0.0661,0.0867,0.0844,0.2152,0.212,0.4366,-0.4256,-0.0075
Pemukiman_14,Pemukiman,0.0626,0.078,0.0727,0.2332,0.212,0.5247,-0.4987,-0.0476
Pemukiman_14,Pemukiman,0.0557,0.076,0.0661,0.2733,0.2557,0.6105,-0.5648,-0.0333
Pemukiman_14,Pemukiman,0.042,0.0724,0.0568,0.3031,0.2557,0.6844,-0.6144,-0.0848
Pemukiman_14,Pemukiman,0.0616,0.0821,0.0719,0.2783,0.2444,0.5894,-0.5444,-0.0649
Pemukiman_14,Pemukiman,0.0731,0.0945,0.0816,0.2416,0.2444,0.495,-0.4377,0.0058
Pemukiman_14,Pemukiman,0.0655,0.0844,0.0691,0.2486,0.2193,0.565,-0.4931,-0.0626
Pemukiman_14,Pemukiman,0.0466,0.0653,0.0537,0.2596,0.2193,0.6572,-0.598,-0.0842
Pemukiman_14,Pemukiman,0.0437,0.0591,0.0471,0.2486,0.2185,0.6814,-0.6159,-0.0644
Pemukiman_14,Pemukiman,0.126,0.1397,0.1425,0.2431,0.2185,0.2609,-0.2701,-0.0533
Pemukiman_14,Pemukiman,0.1338,0.1521,0.1485,0.2806,0.2558,0.3079,-0.297,-0.0462
Pemukiman_14,Pemukiman,0.0792,0.0948,0.0909,0.2482,0.2558,0.4639,-0.4472,0.0151
Pemukiman_14,Pemukiman,0.0655,0.0879,0.1028,0.2459,0.2615,0.4104,-0.4733,0.0307
Pemukiman_14,Pemukiman,0.0734,0.0998,0.1117,0.2427,0.2615,0.3696,-0.4172,0.0373
Pemukiman_14,Pemukiman,0.0957,0.1193,0.1242,0.251,0.2601,0.338,-0.3557,0.0178
Pemukiman_14,Pemukiman,0.0885,0.1114,0.1213,0.2548,0.2601,0.355,-0.3916,0.0103
Pemukiman_14,Pemukiman,0.0862,0.0983,0.1096,0.2099,0.2455,0.3139,-0.3621,0.0782
Pemukiman_14,Pemukiman,0.0819,0.0967,0.1077,0.2041,0.2455,0.3092,-0.357,0.0921
Pemukiman_14,Pemukiman,0.0817,0.1004,0.1095,0.2372,0.2442,0.3683,-0.4052,0.0145
Pemukiman_14,Pemukiman,0.0716,0.0941,0.0865,0.2935,0.2442,0.5447,-0.5144,-0.0917
Pemukiman_14,Pemukiman,0.0651,0.075,0.0784,0.1333,0.1994,0.2593,-0.2799,0.1987
Pemukiman_14,Pemukiman,0.0652,0.0734,0.0837,0.146,0.2058,0.2712,-0.3309,0.17
Pemukiman_14,Pemukiman,0.069,0.0849,0.107,0.1634,0.2058,0.2086,-0.3161,0.1148
Pemukiman_14,Pemukiman,0.0654,0.0872,0.0913,0.2545,0.2297,0.4719,-0.4896,-0.0512
Pemukiman_14,Pemukiman,0.0629,0.0854,0.0714,0.2939,0.2297,0.6091,-0.5497,-0.1226
Pemukiman_14,Pemukiman,0.0516,0.0717,0.0586,0.2776,0.2016,0.6514,-0.5895,-0.1586
Pemukiman_14,Pemukiman,0.0825,0.0988,0.092,0.2081,0.2016,0.3869,-0.3561,-0.0159
Pemukiman_14,Pemukiman,0.088,0.0994,0.1009,0.1962,0.1959,0.3208,-0.3275,-0.0008
Pemukiman_14,Pemukiman,0.0602,0.0764,0.0695,0.24,0.1959,0.5509,-0.5171,-0.1012
Pemukiman_14,Pemukiman,0.0551,0.0679,0.0685,0.2229,0.205,0.5299,-0.533,-0.0418
Pemukiman_14,Pemukiman,0.0506,0.0568,0.0609,0.223,0.205,0.571,-0.594,-0.0421
Pemukiman_14,Pemukiman,0.0645,0.0803,0.079,0.2485,0.2261,0.5176,-0.5116,-0.0472
Pemukiman_14,Pemukiman,0.0754,0.0943,0.1005,0.1967,0.2261,0.3237,-0.3519,0.0695
Pemukiman_14,Pemukiman,0.1018,0.1247,0.1512,0.2019,0.2664,0.1436,-0.2364,0.1377
Pemukiman_14,Pemukiman,0.146,0.1551,0.1668,0.2236,0.2664,0.1455,-0.1809,0.0873
Pemukiman_14,Pemukiman,0.1476,0.1515,0.1591,0.2034,0.2699,0.1222,-0.1462,0.1405
Pemukiman_14,Pemukiman,0.1965,0.2103,0.219,0.2739,0.2699,0.1114,-0.1314,-0.0074
Pemukiman_14,Pemukiman,0.2021,0.2256,0.2245,0.3164,0.2542,0.1699,-0.1675,-0.109
Pemukiman_14,Pemukiman,0.0929,0.1229,0.1166,0.2915,0.2542,0.4286,-0.4069,-0.0684
Pemukiman_14,Pemukiman,0.0592,0.0777,0.0725,0.2718,0.2309,0.5789,-0.5554,-0.0814
Pemukiman_14,Pemukiman,0.0872,0.107,0.106,0.2406,0.2309,0.3883,-0.3843,-0.0206
Pemukiman_14,Pemukiman,0.0884,0.109,0.1089,0.2173,0.2334,0.3323,-0.3319,0.0357
Pemukiman_14,Pemukiman,0.0922,0.1083,0.1075,0.2407,0.2334,0.3825,-0.3794,-0.0154
Pemukiman_14,Pemukiman,0.0729,0.0974,0.0906,0.2544,0.1869,0.4748,-0.4463,-0.153
Pemukiman_14,Pemukiman,0.0365,0.0471,0.0415,0.1707,0.1869,0.6089,-0.5675,0.0453
Pemukiman_14,Pemukiman,0.0314,0.0417,0.0346,0.1671,0.1525,0.6569,-0.6006,-0.0457
Pemukiman_14,Pemukiman,0.0373,0.0533,0.0462,0.2213,0.1525,0.6546,-0.6118,-0.1841
Pemukiman_14,Pemukiman,0.0421,0.0627,0.06,0.2583,0.1891,0.623,-0.6093,-0.1547
Pemukiman_14,Pemukiman,0.0591,0.0828,0.081,0.2861,0.1891,0.5587,-0.5511,-0.2041
Pemukiman_14,Pemukiman,0.0665,0.09,0.0853,0.2898,0.2044,0.5452,-0.5261,-0.1728
Pemukiman_14,Pemukiman,0.0499,0.0765,0.0599,0.3286,0.2044,0.6916,-0.6223,-0.233
Pemukiman_14,Pemukiman,0.0364,0.0558,0.0442,0.2729,0.1868,0.7212,-0.6605,-0.1873
Pemukiman_14,Pemukiman,0.0304,0.0493,0.0353,0.2446,0.1868,0.7478,-0.6645,-0.134
Pemukiman_14,Pemukiman,0.041,0.0686,0.0475,0.3448,0.1922,0.7578,-0.6681,-0.2842
Pemukiman_14,Pemukiman,0.0392,0.0665,0.0474,0.3201,0.1922,0.742,-0.656,-0.2497
Pemukiman_14,Pemukiman,0.044,0.0705,0.0533,0.2953,0.1925,0.6942,-0.6145,-0.2107
Pemukiman_14,Pemukiman,0.0522,0.0765,0.0635,0.2455,0.1925,0.589,-0.5248,-0.121
Pemukiman_14,Pemukiman,0.0453,0.0609,0.0549,0.2172,0.212,0.5965,-0.562,-0.0121
Pemukiman_14,Pemukiman,0.0504,0.0717,0.0685,0.247,0.212,0.5658,-0.55,-0.0763
Pemukiman_14,Pemukiman,0.1197,0.1358,0.1374,0.2687,0.2557,0.3233,-0.3286,-0.0248
Pemukiman_14,Pemukiman,0.127,0.1594,0.1641,0.2772,0.2557,0.2563,-0.2698,-0.0403
Pemukiman_14,Pemukiman,0.108,0.1321,0.1345,0.2613,0.2444,0.3204,-0.3284,-0.0334
Pemukiman_14,Pemukiman,0.1047,0.1223,0.1255,0.2031,0.2444,0.2362,-0.2483,0.0923
Pemukiman_14,Pemukiman,0.0756,0.0905,0.1012,0.1794,0.2193,0.2787,-0.3294,0.1001
Pemukiman_14,Pemukiman,0.0683,0.0809,0.0906,0.1911,0.2193,0.3568,-0.4051,0.0687
Pemukiman_14,Pemukiman,0.0573,0.0734,0.0701,0.2276,0.2185,0.5291,-0.5123,-0.0204
Pemukiman_14,Pemukiman,0.1167,0.149,0.1369,0.2667,0.2185,0.3216,-0.2831,-0.0993
Pemukiman_14,Pemukiman,0.1563,0.1775,0.1735,0.284,0.2558,0.2415,-0.2308,-0.0522
Pemukiman_14,Pemukiman,0.0946,0.1131,0.1165,0.2381,0.2558,0.3429,-0.3559,0.0358
Pemukiman_14,Pemukiman,0.0817,0.1067,0.105,0.25,0.2615,0.4084,-0.4017,0.0225
Pemukiman_14,Pemukiman,0.0973,0.1202,0.1223,0.2406,0.2615,0.326,-0.3337,0.0416
Pemukiman_14,Pemukiman,0.1453,0.1662,0.1756,0.2419,0.2601,0.1588,-0.1855,0.0363
Pemukiman_14,Pemukiman,0.1301,0.1596,0.16,0.2607,0.2601,0.2394,-0.2405,-0.0012
Pemukiman_14,Pemukiman,0.0762,0.0993,0.0919,0.2758,0.2455,0.5001,-0.4705,-0.0581
Pemukiman_14,Pemukiman,0.0624,0.0907,0.0781,0.2869,0.2455,0.5721,-0.5196,-0.0778
Pemukiman_14,Pemukiman,0.0717,0.0955,0.0912,0.2617,0.2442,0.4831,-0.4653,-0.0346
Pemukiman_14,Pemukiman,0.1152,0.1289,0.1239,0.2777,0.2442,0.383,-0.366,-0.0642
Pemukiman_14,Pemukiman,0.0903,0.0972,0.1057,0.1457,0.215,0.1591,-0.1997,0.1921
Pemukiman_14,Pemukiman,0.089,0.0989,0.1132,0.148,0.232,0.1332,-0.1989,0.2211
Pemukiman_14,Pemukiman,0.0841,0.1007,0.1338,0.1822,0.232,0.1532,-0.2881,0.1202
Pemukiman_14,Pemukiman,0.0876,0.104,0.1357,0.2258,0.2625,0.2492,-0.3693,0.0752
Pemukiman_14,Pemukiman,0.0722,0.0893,0.0847,0.2528,0.2625,0.4981,-0.4779,0.0188
Pemukiman_14,Pemukiman,0.0553,0.0736,0.0672,0.2605,0.2454,0.5899,-0.5594,-0.0298
Pemukiman_14,Pemukiman,0.111,0.1279,0.1286,0.2227,0.2454,0.2679,-0.2704,0.0485
Pemukiman_14,Pemukiman,0.1518,0.1708,0.176,0.2416,0.2485,0.1571,-0.1717,0.0141
Pemukiman_14,Pemukiman,0.0773,0.1032,0.1019,0.2384,0.2485,0.4011,-0.3958,0.0207
Pemukiman_14,Pemukiman,0.0615,0.079,0.0823,0.2214,0.2404,0.458,-0.474,0.0411
Pemukiman_14,Pemukiman,0.0579,0.0664,0.073,0.2308,0.2404,0.5194,-0.5532,0.0204
Pemukiman_14,Pemukiman,0.0798,0.091,0.0937,0.2241,0.2638,0.4103,-0.4224,0.0814
Pemukiman_14,Pemukiman,0.0976,0.1103,0.1187,0.1731,0.2638,0.1864,-0.2216,0.2076
Pemukiman_14,Pemukiman,0.0944,0.1099,0.1285,0.1717,0.295,0.1439,-0.2195,0.2642
Pemukiman_14,Pemukiman,0.1415,0.1556,0.1639,0.2058,0.295,0.1133,-0.1389,0.1781
Pemukiman_14,Pemukiman,0.1508,0.1647,0.1742,0.1982,0.2928,0.0644,-0.0923,0.1927
Pemukiman_14,Pemukiman,0.1643,0.1842,0.1952,0.2219,0.2928,0.064,-0.0928,0.1377
Pemukiman_14,Pemukiman,0.1721,0.1849,0.1925,0.2445,0.2799,0.119,-0.1388,0.0675
Pemukiman_14,Pemukiman,0.0736,0.0916,0.0924,0.2148,0.2799,0.3984,-0.4021,0.1316
Pemukiman_14,Pemukiman,0.0642,0.0786,0.075,0.2175,0.2656,0.4872,-0.4691,0.0996
Pemukiman_14,Pemukiman,0.1067,0.1196,0.1229,0.2156,0.2656,0.2739,-0.2864,0.1039
Pemukiman_14,Pemukiman,0.0726,0.0878,0.0921,0.1893,0.2677,0.3454,-0.3663,0.1716
Pemukiman_14,Pemukiman,0.0663,0.0827,0.0896,0.196,0.2677,0.3725,-0.4065,0.1546
Pemukiman_14,Pemukiman,0.0703,0.092,0.0942,0.2406,0.2193,0.4373,-0.4468,-0.0463
Pemukiman_14,Pemukiman,0.0455,0.0571,0.0483,0.1931,0.2193,0.5998,-0.5436,0.0635
Pemukiman_14,Pemukiman,0.0391,0.0446,0.0425,0.1232,0.173,0.487,-0.4684,0.1681
Pemukiman_14,Pemukiman,0.0417,0.0536,0.0486,0.1575,0.173,0.5284,-0.4922,0.0469
Pemukiman_14,Pemukiman,0.0394,0.0554,0.0524,0.2157,0.2094,0.6091,-0.5913,-0.0148
Pemukiman_14,Pemukiman,0.0483,0.0679,0.0644,0.2767,0.2094,0.6224,-0.6059,-0.1384
Pemukiman_14,Pemukiman,0.0559,0.0792,0.0732,0.2705,0.2202,0.574,-0.547,-0.1025
Pemukiman_14,Pemukiman,0.0503,0.0701,0.0611,0.2686,0.2202,0.6294,-0.5861,-0.099
Pemukiman_14,Pemukiman,0.0558,0.0727,0.0652,0.2426,0.2092,0.5763,-0.5389,-0.0739
Pemukiman_14,Pemukiman,0.0494,0.0634,0.0544,0.235,0.2092,0.624,-0.5751,-0.0581
Pemukiman_14,Pemukiman,0.0462,0.0692,0.052,0.3111,0.1985,0.7136,-0.6361,-0.221
Pemukiman_14,Pemukiman,0.0429,0.0662,0.049,0.3144,0.1985,0.7303,-0.6521,-0.226
Pemukiman_14,Pemukiman,0.0414,0.0692,0.0478,0.2953,0.1888,0.7214,-0.6203,-0.22
Pemukiman_14,Pemukiman,0.0434,0.0687,0.0504,0.2823,0.1888,0.697,-0.6085,-0.1985
Pemukiman_14,Pemukiman,0.0395,0.0618,0.0481,0.2683,0.2226,0.696,-0.6256,-0.0931
Pemukiman_14,Pemukiman,0.054,0.0773,0.0688,0.2828,0.2226,0.6086,-0.5707,-0.1191
Pemukiman_14,Pemukiman,0.1275,0.1421,0.143,0.2756,0.265,0.3168,-0.3196,-0.0196
Pemukiman_14,Pemukiman,0.1483,0.1675,0.1994,0.2665,0.265,0.144,-0.2281,-0.0028
Pemukiman_14,Pemukiman,0.1108,0.1386,0.1467,0.25,0.2528,0.2604,-0.2867,0.0056
Pemukiman_14,Pemukiman,0.1073,0.121,0.1313,0.2254,0.2528,0.2638,-0.3014,0.0573
Pemukiman_14,Pemukiman,0.0706,0.0937,0.1337,0.2316,0.2302,0.268,-0.4239,-0.003
Pemukiman_14,Pemukiman,0.0847,0.1052,0.1276,0.2234,0.2302,0.2729,-0.3597,0.015
Pemukiman_14,Pemukiman,0.0714,0.0859,0.0937,0.2081,0.232,0.3791,-0.4156,0.0543
Pemukiman_14,Pemukiman,0.064,0.0856,0.0813,0.2367,0.232,0.4887,-0.4688,-0.01
Pemukiman_14,Pemukiman,0.1492,0.1694,0.1676,0.2527,0.2635,0.2025,-0.1973,0.0209
Pemukiman_14,Pemukiman,0.161,0.1793,0.1865,0.2351,0.2635,0.1153,-0.1347,0.057
Pemukiman_14,Pemukiman,0.1523,0.168,0.1738,0.2455,0.2737,0.171,-0.1874,0.0543
Pemukiman_14,Pemukiman,0.141,0.1544,0.1526,0.2539,0.2737,0.2492,-0.2437,0.0375
Pemukiman_14,Pemukiman,0.1252,0.1427,0.1487,0.2162,0.2382,0.185,-0.2048,0.0484
Pemukiman_14,Pemukiman,0.1208,0.1409,0.1409,0.2396,0.2382,0.2594,-0.2594,-0.0029
Pemukiman_14,Pemukiman,0.0536,0.0798,0.0684,0.2997,0.2271,0.6284,-0.5794,-0.1378
Pemukiman_14,Pemukiman,0.0613,0.0967,0.0804,0.3279,0.2271,0.6062,-0.5445,-0.1816
Pemukiman_14,Pemukiman,0.095,0.1228,0.1226,0.2849,0.2448,0.3983,-0.3976,-0.0757
Pemukiman_14,Pemukiman,0.0935,0.1146,0.1121,0.2425,0.2448,0.3677,-0.3582,0.0047
Pemukiman_14,Pemukiman,0.0967,0.1185,0.1071,0.256,0.2461,0.4101,-0.3672,-0.0197
Pemukiman_14,Pemukiman,0.0727,0.0909,0.0865,0.1871,0.215,0.3677,-0.346,0.0694
Pemukiman_14,Pemukiman,0.1021,0.1116,0.1215,0.1555,0.232,0.1227,-0.1644,0.1974
Pemukiman_14,Pemukiman,0.1192,0.1343,0.157,0.1814,0.232,0.0721,-0.1492,0.1224
Pemukiman_14,Pemukiman,0.1094,0.134,0.1708,0.2183,0.2625,0.1221,-0.2393,0.0919
Pemukiman_14,Pemukiman,0.0889,0.1127,0.1368,0.2414,0.2625,0.2766,-0.3635,0.0419
Pemukiman_14,Pemukiman,0.115,0.1377,0.1439,0.2537,0.2454,0.2762,-0.2964,-0.0166
Pemukiman_14,Pemukiman,0.1281,0.1529,0.1606,0.2333,0.2454,0.1846,-0.2082,0.0253
Pemukiman_14,Pemukiman,0.138,0.1628,0.1871,0.2454,0.2485,0.1348,-0.2024,0.0063
Pemukiman_14,Pemukiman,0.1065,0.1284,0.1431,0.2381,0.2485,0.2492,-0.2993,0.0214
Pemukiman_14,Pemukiman,0.0819,0.0968,0.1146,0.2222,0.2404,0.3195,-0.3931,0.0393
Pemukiman_14,Pemukiman,0.0815,0.1046,0.1278,0.2676,0.2404,0.3536,-0.4379,-0.0535
Pemukiman_14,Pemukiman,0.1162,0.1441,0.146,0.2595,0.2638,0.2799,-0.2859,0.0082
Pemukiman_14,Pemukiman,0.1515,0.1723,0.1768,0.222,0.2638,0.1133,-0.126,0.086
Pemukiman_14,Pemukiman,0.138,0.1508,0.1605,0.1989,0.295,0.1068,-0.1375,0.1946
Pemukiman_14,Pemukiman,0.1377,0.1498,0.1622,0.1921,0.295,0.0844,-0.1237,0.2112
Pemukiman_14,Pemukiman,0.1434,0.1531,0.1637,0.1879,0.2928,0.0688,-0.1021,0.2182
Pemukiman_14,Pemukiman,0.1062,0.1198,0.1333,0.183,0.2928,0.1571,-0.2087,0.2308
Pemukiman_14,Pemukiman,0.1055,0.1204,0.1323,0.1837,0.2799,0.1627,-0.2082,0.2075
Pemukiman_14,Pemukiman,0.0964,0.109,0.1147,0.1848,0.2799,0.2341,-0.258,0.2046
Pemukiman_14,Pemukiman,0.1061,0.1214,0.1232,0.1981,0.2656,0.2331,-0.2401,0.1456
Pemukiman_14,Pemukiman,0.1427,0.1492,0.1511,0.2057,0.2656,0.153,-0.1592,0.1271
Pemukiman_14,Pemukiman,0.0998,0.1138,0.1154,0.1891,0.2677,0.242,-0.2486,0.1721
Pemukiman_14,Pemukiman,0.0861,0.1023,0.1045,0.1983,0.2677,0.3098,-0.3194,0.1489
Pemukiman_14,Pemukiman,0.0828,0.1066,0.1042,0.2449,0.2193,0.403,-0.3935,-0.0551
Pemukiman_14,Pemukiman,0.0529,0.067,0.0587,0.2271,0.2193,0.5892,-0.5444,-0.0175
Pemukiman_14,Pemukiman,0.0552,0.0627,0.06,0.1259,0.173,0.3545,-0.3351,0.1576
Pemukiman_14,Pemukiman,0.0637,0.0746,0.0742,0.141,0.173,0.3104,-0.308,0.1019
Pemukiman_14,Pemukiman,0.0496,0.0591,0.0683,0.1815,0.2094,0.4532,-0.5087,0.0714
Pemukiman_14,Pemukiman,0.0642,0.0914,0.0909,0.2621,0.2094,0.485,-0.4829,-0.1118
Pemukiman_14,Pemukiman,0.0845,0.1136,0.1126,0.2766,0.2202,0.4214,-0.4177,-0.1135
Pemukiman_14,Pemukiman,0.0742,0.0929,0.0934,0.2092,0.2202,0.3827,-0.385,0.0256
Pemukiman_14,Pemukiman,0.0721,0.0847,0.0977,0.1774,0.2092,0.2897,-0.3537,0.0823
Pemukiman_14,Pemukiman,0.0731,0.0878,0.0936,0.1912,0.2092,0.3427,-0.3706,0.045
Pemukiman_14,Pemukiman,0.0626,0.0777,0.0738,0.2259,0.1985,0.5075,-0.4881,-0.0646
Pemukiman_14,Pemukiman,0.0455,0.0646,0.0524,0.2877,0.1985,0.6919,-0.6333,-0.1835
Pemukiman_14,Pemukiman,0.0392,0.0648,0.0491,0.301,0.1888,0.7195,-0.6457,-0.2291
Pemukiman_14,Pemukiman,0.0525,0.0775,0.0795,0.3051,0.1888,0.5866,-0.5949,-0.2355
Pemukiman_14,Pemukiman,0.0588,0.0785,0.0724,0.2793,0.2226,0.5883,-0.5612,-0.113
Pemukiman_14,Pemukiman,0.0527,0.0689,0.065,0.256,0.2226,0.595,-0.5759,-0.0698
Pemukiman_14,Pemukiman,0.0682,0.084,0.0893,0.237,0.265,0.4526,-0.4766,0.0558
Pemukiman_14,Pemukiman,0.1057,0.1129,0.1254,0.2172,0.265,0.268,-0.316,0.0991
Pemukiman_14,Pemukiman,0.0891,0.1049,0.1117,0.2161,0.2528,0.3185,-0.3464,0.0783
Pemukiman_14,Pemukiman,0.07,0.0923,0.0861,0.2628,0.2528,0.5064,-0.4801,-0.0194
Pemukiman_14,Pemukiman,0.0479,0.0751,0.0842,0.2934,0.2302,0.554,-0.5924,-0.1207
Pemukiman_14,Pemukiman,0.0686,0.0906,0.0976,0.2754,0.2302,0.4767,-0.5049,-0.0894
Pemukiman_14,Pemukiman,0.1122,0.1283,0.1372,0.239,0.232,0.2706,-0.3014,-0.0149
Pemukiman_14,Pemukiman,0.0736,0.1033,0.0996,0.2485,0.232,0.4277,-0.4127,-0.0343
Pemukiman_14,Pemukiman,0.1378,0.1558,0.1547,0.2507,0.2635,0.2368,-0.2335,0.0249
Pemukiman_14,Pemukiman,0.1926,0.208,0.2145,0.2551,0.2635,0.0865,-0.1017,0.0162
Pemukiman_14,Pemukiman,0.1661,0.1941,0.1989,0.2556,0.2737,0.1248,-0.1368,0.0342
Pemukiman_14,Pemukiman,0.1104,0.132,0.1282,0.2444,0.2737,0.3119,-0.2986,0.0566
Pemukiman_14,Pemukiman,0.0619,0.0785,0.0797,0.211,0.2382,0.4517,-0.4577,0.0606
Pemukiman_14,Pemukiman,0.0598,0.0763,0.0673,0.2441,0.2382,0.5678,-0.5237,-0.0122
Pemukiman_14,Pemukiman,0.0409,0.0665,0.0451,0.3109,0.2271,0.7466,-0.6476,-0.1558
Pemukiman_14,Pemukiman,0.067,0.0937,0.1008,0.3031,0.2271,0.5009,-0.5277,-0.1433
Pemukiman_14,Pemukiman,0.103,0.1344,0.1688,0.2767,0.2448,0.2422,-0.3461,-0.0612
Pemukiman_14,Pemukiman,0.0641,0.0934,0.1105,0.2602,0.2448,0.4038,-0.4717,-0.0305
Pemukiman_14,Pemukiman,0.0501,0.0762,0.0634,0.2721,0.2461,0.6221,-0.5624,-0.0502
Pemukiman_14,Pemukiman,0.063,0.0747,0.071,0.1974,0.211,0.4709,-0.4509,0.0333
Pemukiman_14,Pemukiman,0.1069,0.1178,0.123,0.1815,0.2675,0.1921,-0.2128,0.1915
Pemukiman_14,Pemukiman,0.1986,0.2156,0.2282,0.255,0.2675,0.0555,-0.0837,0.0239
Pemukiman_14,Pemukiman,0.1721,0.1911,0.2175,0.2825,0.3011,0.13,-0.193,0.0319
Pemukiman_14,Pemukiman,0.078,0.1091,0.1222,0.2605,0.3011,0.3614,-0.4096,0.0723
Pemukiman_14,Pemukiman,0.1083,0.1284,0.1255,0.288,0.2502,0.393,-0.3833,-0.0702
Pemukiman_14,Pemukiman,0.1264,0.1439,0.1417,0.2989,0.2502,0.3568,-0.35,-0.0887
Pemukiman_14,Pemukiman,0.121,0.1474,0.1931,0.2766,0.2863,0.1778,-0.3047,0.0172
Pemukiman_14,Pemukiman,0.1399,0.1764,0.2213,0.2642,0.2863,0.0884,-0.1993,0.0401
Pemukiman_14,Pemukiman,0.1361,0.1529,0.1735,0.2124,0.2915,0.1008,-0.1629,0.157
Pemukiman_14,Pemukiman,0.1112,0.128,0.153,0.2026,0.2915,0.1395,-0.2256,0.1799
Pemukiman_14,Pemukiman,0.1788,0.1771,0.1903,0.2205,0.2836,0.0735,-0.1092,0.1252
Pemukiman_14,Pemukiman,0.193,0.213,0.2136,0.2394,0.2836,0.057,-0.0584,0.0845
Pemukiman_14,Pemukiman,0.1632,0.1826,0.1895,0.2251,0.2722,0.0859,-0.1042,0.0947
Pemukiman_14,Pemukiman,0.1292,0.1449,0.1484,0.1832,0.2722,0.1049,-0.1167,0.1954
Pemukiman_14,Pemukiman,0.1136,0.126,0.1333,0.1646,0.2622,0.1051,-0.1328,0.2287
Pemukiman_14,Pemukiman,0.0998,0.1099,0.1186,0.1623,0.2622,0.1556,-0.1925,0.2353
Pemukiman_14,Pemukiman,0.1122,0.127,0.1321,0.1757,0.2697,0.1416,-0.1609,0.211
Pemukiman_14,Pemukiman,0.1289,0.1363,0.139,0.1778,0.2697,0.1225,-0.1321,0.2054
Pemukiman_14,Pemukiman,0.14,0.1481,0.1518,0.1895,0.2726,0.1105,-0.1226,0.1798
Pemukiman_14,Pemukiman,0.1331,0.1477,0.1508,0.192,0.2726,0.1202,-0.1304,0.1735
Pemukiman_14,Pemukiman,0.0914,0.1075,0.1035,0.2011,0.2558,0.3204,-0.3033,0.1197
Pemukiman_14,Pemukiman,0.0796,0.0902,0.0876,0.2133,0.2558,0.4177,-0.4056,0.0906
Pemukiman_14,Pemukiman,0.0848,0.0986,0.0915,0.2462,0.2252,0.4581,-0.4281,-0.0445
Pemukiman_14,Pemukiman,0.0583,0.0741,0.0645,0.2199,0.2252,0.5464,-0.4959,0.0119
Pemukiman_14,Pemukiman,0.0726,0.0776,0.0781,0.1457,0.2185,0.3021,-0.305,0.1999
Pemukiman_14,Pemukiman,0.0911,0.1044,0.1109,0.1691,0.2185,0.2079,-0.2366,0.1275
Pemukiman_14,Pemukiman,0.0799,0.095,0.1062,0.1785,0.2583,0.254,-0.3053,0.1827
Pemukiman_14,Pemukiman,0.1144,0.1248,0.1394,0.2174,0.2583,0.2186,-0.2706,0.086
Pemukiman_14,Pemukiman,0.1324,0.1521,0.1535,0.2445,0.2598,0.2286,-0.233,0.0303
Pemukiman_14,Pemukiman,0.1012,0.1132,0.1204,0.1892,0.2598,0.2222,-0.2513,0.1572
Pemukiman_14,Pemukiman,0.0859,0.0973,0.1057,0.1563,0.246,0.1931,-0.2326,0.223
Pemukiman_14,Pemukiman,0.0845,0.1003,0.109,0.1713,0.246,0.2223,-0.2614,0.179
Pemukiman_14,Pemukiman,0.087,0.0957,0.1047,0.1743,0.2245,0.2495,-0.2911,0.1259
Pemukiman_14,Pemukiman,0.0592,0.0769,0.072,0.2345,0.2245,0.5302,-0.5061,-0.0218
Pemukiman_14,Pemukiman,0.0413,0.0635,0.0527,0.273,0.2207,0.6764,-0.6226,-0.1059
Pemukiman_14,Pemukiman,0.0724,0.0924,0.1103,0.2606,0.2207,0.4052,-0.4765,-0.0829
Pemukiman_14,Pemukiman,0.0889,0.1035,0.1135,0.2361,0.2528,0.3507,-0.3905,0.0342
Pemukiman_14,Pemukiman,0.071,0.0892,0.0931,0.2008,0.2528,0.3664,-0.3848,0.1146
Pemukiman_14,Pemukiman,0.0717,0.087,0.0991,0.2125,0.2597,0.3639,-0.419,0.1
Pemukiman_14,Pemukiman,0.101,0.0973,0.0981,0.2038,0.2597,0.3501,-0.3537,0.1206
Pemukiman_14,Pemukiman,0.1082,0.1241,0.1227,0.2102,0.2569,0.2628,-0.2576,0.1
Pemukiman_14,Pemukiman,0.0655,0.0855,0.0782,0.2451,0.2569,0.5162,-0.4828,0.0235
Pemukiman_14,Pemukiman,0.0643,0.0819,0.0753,0.2877,0.224,0.5851,-0.5568,-0.1245
Pemukiman_14,Pemukiman,0.0585,0.0806,0.0727,0.2844,0.224,0.5928,-0.5584,-0.1188
Pemukiman_14,Pemukiman,0.099,0.1239,0.1163,0.2727,0.2248,0.4021,-0.3752,-0.0963
Pemukiman_14,Pemukiman,0.0715,0.0963,0.0942,0.2488,0.2248,0.4507,-0.4419,-0.0507
Pemukiman_14,Pemukiman,0.0979,0.1105,0.1098,0.2314,0.2552,0.3564,-0.3536,0.0489
Pemukiman_14,Pemukiman,0.1382,0.161,0.1626,0.227,0.2552,0.1653,-0.1701,0.0585
Pemukiman_14,Pemukiman,0.1335,0.1633,0.1561,0.2148,0.2756,0.1583,-0.1362,0.124
Pemukiman_14,Pemukiman,0.0946,0.1099,0.1107,0.2086,0.2756,0.3066,-0.3099,0.1384
Pemukiman_14,Pemukiman,0.0886,0.1061,0.1024,0.2334,0.2483,0.3901,-0.375,0.0309
Pemukiman_14,Pemukiman,0.0601,0.0797,0.0656,0.2901,0.2483,0.6311,-0.569,-0.0776
Pemukiman_14,Pemukiman,0.0417,0.0658,0.0445,0.3251,0.2221,0.7592,-0.6633,-0.1882
Pemukiman_14,Pemukiman,0.0561,0.0807,0.0882,0.276,0.2221,0.5156,-0.5475,-0.1082
Pemukiman_14,Pemukiman,0.0768,0.1031,0.1371,0.2343,0.243,0.2617,-0.3889,0.0182
Pemukiman_14,Pemukiman,0.0535,0.0795,0.0852,0.2594,0.243,0.5055,-0.5308,-0.0326
Pemukiman_14,Pemukiman,0.0442,0.0684,0.0549,0.2992,0.2467,0.6899,-0.6279,-0.0962
Pemukiman_14,Pemukiman,0.0587,0.0722,0.0654,0.2049,0.211,0.5161,-0.4789,0.0147
Pemukiman_14,Pemukiman,0.0971,0.1093,0.1205,0.1914,0.2675,0.2273,-0.273,0.1658
Pemukiman_14,Pemukiman,0.1966,0.2117,0.2272,0.2535,0.2675,0.0547,-0.0899,0.0269
Pemukiman_14,Pemukiman,0.2026,0.2196,0.2253,0.2754,0.3011,0.1001,-0.1127,0.0446
Pemukiman_14,Pemukiman,0.1136,0.1355,0.1294,0.2493,0.3011,0.3166,-0.2957,0.0941
Pemukiman_14,Pemukiman,0.0618,0.0832,0.0702,0.2693,0.2502,0.5864,-0.5279,-0.0368
Pemukiman_14,Pemukiman,0.0705,0.0885,0.0803,0.2914,0.2502,0.5679,-0.5341,-0.0761
Pemukiman_14,Pemukiman,0.086,0.1141,0.1431,0.2768,0.2863,0.3184,-0.4162,0.0169
Pemukiman_14,Pemukiman,0.1312,0.1689,0.2062,0.2843,0.2863,0.1592,-0.2546,0.0035
Pemukiman_14,Pemukiman,0.1333,0.1523,0.156,0.2138,0.2915,0.1563,-0.168,0.1538
Pemukiman_14,Pemukiman,0.0958,0.1041,0.1172,0.1775,0.2915,0.2046,-0.2607,0.2431
Pemukiman_14,Pemukiman,0.1261,0.1377,0.1434,0.2034,0.2836,0.173,-0.1926,0.1647
Pemukiman_14,Pemukiman,0.1483,0.1625,0.1626,0.2166,0.2836,0.1424,-0.1427,0.1339
Pemukiman_14,Pemukiman,0.1576,0.1765,0.172,0.2184,0.2722,0.1189,-0.1061,0.1097
Pemukiman_14,Pemukiman,0.1078,0.1256,0.1239,0.1919,0.2722,0.2153,-0.2088,0.173
Pemukiman_14,Pemukiman,0.1222,0.1303,0.1313,0.1736,0.2622,0.1387,-0.1425,0.2033
Pemukiman_14,Pemukiman,0.1037,0.1163,0.1226,0.1773,0.2622,0.1824,-0.2078,0.1932
Pemukiman_14,Pemukiman,0.0977,0.1084,0.1124,0.1944,0.2697,0.2673,-0.284,0.1622
Pemukiman_14,Pemukiman,0.0949,0.1078,0.1117,0.177,0.2697,0.2262,-0.243,0.2075
Pemukiman_14,Pemukiman,0.1034,0.1166,0.1252,0.1826,0.2726,0.1865,-0.2206,0.1977
Pemukiman_14,Pemukiman,0.1058,0.1216,0.1182,0.1915,0.2726,0.2367,-0.2233,0.1747
Pemukiman_14,Pemukiman,0.0873,0.1073,0.1004,0.2049,0.2558,0.3423,-0.3126,0.1105
Pemukiman_14,Pemukiman,0.0696,0.0842,0.0815,0.2237,0.2558,0.4659,-0.4531,0.0669
Pemukiman_14,Pemukiman,0.0635,0.0824,0.0733,0.2614,0.2252,0.562,-0.5207,-0.0744
Pemukiman_14,Pemukiman,0.0534,0.0719,0.0596,0.2568,0.2252,0.6233,-0.5625,-0.0656
Pemukiman_14,Pemukiman,0.0637,0.0779,0.0726,0.1999,0.2185,0.4672,-0.4392,0.0445
Pemukiman_14,Pemukiman,0.0793,0.0955,0.0971,0.205,0.2185,0.3572,-0.3644,0.0319
Pemukiman_14,Pemukiman,0.0878,0.1022,0.1046,0.2021,0.2583,0.3179,-0.3283,0.1221
Pemukiman_14,Pemukiman,0.1022,0.1116,0.1181,0.177,0.2583,0.1996,-0.2266,0.1868
Pemukiman_14,Pemukiman,0.1088,0.1205,0.1298,0.1788,0.2598,0.1588,-0.1948,0.1847
Pemukiman_14,Pemukiman,0.1065,0.1191,0.1277,0.1734,0.2598,0.1518,-0.1856,0.1994
Pemukiman_14,Pemukiman,0.0883,0.0962,0.1055,0.1509,0.246,0.1771,-0.2214,0.2396
Pemukiman_14,Pemukiman,0.0953,0.1139,0.127,0.1826,0.246,0.1796,-0.2317,0.1479
Pemukiman_14,Pemukiman,0.1307,0.1505,0.1536,0.1977,0.2245,0.1255,-0.1356,0.0635
Pemukiman_14,Pemukiman,0.0934,0.1081,0.1047,0.2071,0.2245,0.3284,-0.3141,0.0403
Pemukiman_14,Pemukiman,0.0481,0.065,0.0585,0.2463,0.2207,0.6161,-0.5824,-0.0548
Pemukiman_14,Pemukiman,0.065,0.0861,0.0933,0.2427,0.2207,0.4446,-0.4763,-0.0475
Pemukiman_14,Pemukiman,0.0738,0.0924,0.0974,0.2142,0.2528,0.3748,-0.3973,0.0827
Pemukiman_14,Pemukiman,0.0654,0.0829,0.1047,0.1959,0.2528,0.3034,-0.4053,0.1268
Pemukiman_14,Pemukiman,0.0677,0.0869,0.1142,0.2188,0.2597,0.3141,-0.4315,0.0855
Pemukiman_14,Pemukiman,0.0751,0.0881,0.0939,0.2126,0.2597,0.3873,-0.414,0.0997
Pemukiman_14,Pemukiman,0.1387,0.1581,0.159,0.2171,0.2569,0.1545,-0.1572,0.084
Pemukiman_14,Pemukiman,0.1099,0.1345,0.1446,0.2314,0.2569,0.2309,-0.2648,0.0522
Pemukiman_14,Pemukiman,0.0941,0.1116,0.1182,0.2314,0.224,0.3238,-0.3493,-0.0162
Pemukiman_14,Pemukiman,0.0604,0.0756,0.0681,0.2379,0.224,0.5549,-0.5177,-0.0301
Pemukiman_14,Pemukiman,0.0473,0.0654,0.0562,0.2441,0.2248,0.6257,-0.5774,-0.0412
Pemukiman_14,Pemukiman,0.0561,0.0699,0.0813,0.206,0.2248,0.434,-0.4933,0.0436
Pemukiman_14,Pemukiman,0.0743,0.091,0.1001,0.2157,0.2552,0.3661,-0.4066,0.0839
Pemukiman_14,Pemukiman,0.1167,0.1338,0.1349,0.2072,0.2552,0.2113,-0.2152,0.1038
Pemukiman_14,Pemukiman,0.1072,0.1217,0.136,0.1946,0.2756,0.1773,-0.2305,0.1723
Pemukiman_14,Pemukiman,0.0864,0.1046,0.1233,0.1973,0.2756,0.2308,-0.3071,0.1656
Pemukiman_14,Pemukiman,0.1167,0.1281,0.1344,0.2073,0.2483,0.2133,-0.2361,0.09
Pemukiman_14,Pemukiman,0.089,0.1001,0.0998,0.2263,0.2483,0.3879,-0.3866,0.0464
Pemukiman_14,Pemukiman,0.0539,0.0783,0.0619,0.2987,0.2221,0.6567,-0.5846,-0.1471
Pemukiman_14,Pemukiman,0.0531,0.0749,0.0626,0.2726,0.2221,0.6265,-0.5689,-0.1021
Pemukiman_14,Pemukiman,0.0799,0.0959,0.1087,0.1979,0.243,0.2909,-0.3472,0.1023
Pemukiman_14,Pemukiman,0.0608,0.0824,0.0803,0.2189,0.243,0.4632,-0.453,0.0522
Pemukiman_14,Pemukiman,0.0495,0.0709,0.0737,0.2568,0.2467,0.554,-0.5673,-0.0201
Pemukiman_14,Pemukiman,0.0502,0.0655,0.0588,0.2031,0.1766,0.551,-0.5123,-0.0698
Pemukiman_14,Pemukiman,0.0686,0.0845,0.117,0.1979,0.2487,0.2569,-0.4016,0.1137
Pemukiman_14,Pemukiman,0.1217,0.1476,0.2001,0.2512,0.2487,0.1132,-0.2598,-0.005
Pemukiman_14,Pemukiman,0.1598,0.1848,0.2339,0.2831,0.2893,0.0952,-0.2101,0.0108
Pemukiman_14,Pemukiman,0.1245,0.1513,0.1911,0.268,0.2893,0.1675,-0.2783,0.0382
Pemukiman_14,Pemukiman,0.0788,0.0968,0.1188,0.2279,0.231,0.3147,-0.4038,0.0068
Pemukiman_14,Pemukiman,0.0685,0.0812,0.0768,0.2312,0.231,0.5013,-0.4802,-0.0004
Pemukiman_14,Pemukiman,0.0724,0.0901,0.0956,0.2394,0.2392,0.4293,-0.4531,-0.0004
Pemukiman_14,Pemukiman,0.0805,0.0972,0.1105,0.2354,0.2392,0.3611,-0.4155,0.008
Pemukiman_14,Pemukiman,0.0969,0.1115,0.1272,0.1988,0.2708,0.2196,-0.2813,0.1533
Pemukiman_14,Pemukiman,0.1149,0.1275,0.1427,0.2083,0.2708,0.1869,-0.2406,0.1305
Pemukiman_14,Pemukiman,0.1226,0.1382,0.1398,0.2263,0.2552,0.2363,-0.2417,0.06
Pemukiman_14,Pemukiman,0.1005,0.113,0.1133,0.1903,0.2552,0.2536,-0.2549,0.1457
Pemukiman_14,Pemukiman,0.1075,0.1095,0.1106,0.2072,0.2497,0.304,-0.3085,0.093
Pemukiman_14,Pemukiman,0.075,0.0894,0.0908,0.2209,0.2497,0.4174,-0.4238,0.0612
Pemukiman_14,Pemukiman,0.1075,0.1223,0.1252,0.1967,0.2502,0.2221,-0.2332,0.1197
Pemukiman_14,Pemukiman,0.0839,0.0999,0.1056,0.1775,0.2502,0.254,-0.2797,0.17
Pemukiman_14,Pemukiman,0.0679,0.082,0.0828,0.2203,0.2705,0.4536,-0.4575,0.1023
Pemukiman_14,Pemukiman,0.1035,0.1225,0.1285,0.2168,0.2705,0.2557,-0.2779,0.1102
Pemukiman_14,Pemukiman,0.133,0.152,0.1624,0.227,0.2848,0.1659,-0.1979,0.1129
Pemukiman_14,Pemukiman,0.0875,0.1057,0.1127,0.208,0.2848,0.2972,-0.3261,0.1558
Pemukiman_14,Pemukiman,0.066,0.0842,0.0841,0.1838,0.2548,0.3722,-0.3716,0.1619
Pemukiman_14,Pemukiman,0.0656,0.0804,0.0799,0.226,0.2548,0.4776,-0.4752,0.0599
Pemukiman_14,Pemukiman,0.0643,0.0818,0.078,0.243,0.243,0.514,-0.4963,0.0
Pemukiman_14,Pemukiman,0.0632,0.0806,0.0707,0.2743,0.243,0.5901,-0.5458,-0.0605
Pemukiman_14,Pemukiman,0.0642,0.0826,0.0843,0.259,0.2494,0.5089,-0.5164,-0.0189
Pemukiman_14,Pemukiman,0.0659,0.0829,0.0858,0.2463,0.2494,0.4833,-0.4964,0.0063
Pemukiman_14,Pemukiman,0.0812,0.0986,0.0956,0.2219,0.2806,0.3978,-0.3847,0.1168
Pemukiman_14,Pemukiman,0.0959,0.1089,0.112,0.1735,0.2806,0.2154,-0.2288,0.2359
Pemukiman_14,Pemukiman,0.1281,0.1465,0.1586,0.1882,0.2843,0.0854,-0.1246,0.2034
Pemukiman_14,Pemukiman,0.1522,0.166,0.1782,0.2012,0.2843,0.0606,-0.0959,0.1712
Pemukiman_14,Pemukiman,0.0946,0.1107,0.121,0.1671,0.2764,0.16,-0.203,0.2464
Pemukiman_14,Pemukiman,0.0967,0.1065,0.1151,0.1783,0.2764,0.2154,-0.2521,0.2157
Pemukiman_14,Pemukiman,0.1242,0.139,0.1466,0.1857,0.2749,0.1177,-0.1438,0.1937
Pemukiman_14,Pemukiman,0.0789,0.0944,0.0991,0.1803,0.2749,0.2906,-0.3127,0.2078
Pemukiman_14,Pemukiman,0.0614,0.0728,0.0803,0.1972,0.2625,0.4213,-0.4607,0.142
Pemukiman_14,Pemukiman,0.0883,0.1028,0.1105,0.2042,0.2625,0.2977,-0.3303,0.1249
Pemukiman_14,Pemukiman,0.0772,0.0887,0.1049,0.1804,0.2771,0.2646,-0.3408,0.2114
Pemukiman_14,Pemukiman,0.0712,0.0899,0.1131,0.1742,0.2771,0.2127,-0.3192,0.228
Pemukiman_14,Pemukiman,0.1119,0.1326,0.1547,0.2086,0.2778,0.1484,-0.2227,0.1423
Pemukiman_14,Pemukiman,0.1069,0.123,0.1285,0.199,0.2778,0.2153,-0.236,0.1653
Pemukiman_14,Pemukiman,0.1145,0.131,0.149,0.197,0.3005,0.1387,-0.2012,0.208
Pemukiman_14,Pemukiman,0.0919,0.1198,0.1738,0.231,0.3005,0.1413,-0.317,0.1308
Pemukiman_14,Pemukiman,0.0789,0.0996,0.1391,0.2005,0.2654,0.1808,-0.3362,0.1393
Pemukiman_14,Pemukiman,0.0628,0.0726,0.0751,0.183,0.2654,0.4181,-0.4319,0.1838
Pemukiman_14,Pemukiman,0.0445,0.0641,0.0623,0.199,0.2352,0.5232,-0.5127,0.0834
Pemukiman_14,Pemukiman,0.0517,0.0642,0.076,0.1739,0.2352,0.3918,-0.4607,0.1498
Pemukiman_14,Pemukiman,0.0715,0.088,0.0965,0.1884,0.2689,0.3226,-0.3632,0.176
Pemukiman_14,Pemukiman,0.0965,0.1167,0.1213,0.2035,0.2689,0.2531,-0.2711,0.1384
Pemukiman_14,Pemukiman,0.0855,0.1079,0.1371,0.2031,0.2774,0.194,-0.3061,0.1546
Pemukiman_14,Pemukiman,0.0671,0.0952,0.147,0.2046,0.2774,0.1638,-0.3649,0.151
Pemukiman_14,Pemukiman,0.0912,0.1089,0.1345,0.196,0.26,0.1861,-0.2857,0.1404
Pemukiman_14,Pemukiman,0.0655,0.0791,0.0956,0.174,0.26,0.2908,-0.3749,0.1982
Pemukiman_14,Pemukiman,0.051,0.0753,0.0602,0.2705,0.2272,0.6359,-0.5645,-0.087
Pemukiman_14,Pemukiman,0.0435,0.073,0.0595,0.2886,0.2272,0.6581,-0.5962,-0.119
Pemukiman_14,Pemukiman,0.0706,0.0888,0.1152,0.2047,0.245,0.2798,-0.3949,0.0896
Pemukiman_14,Pemukiman,0.0632,0.0821,0.0902,0.1929,0.245,0.3628,-0.4029,0.119
Pemukiman_14,Pemukiman,0.053,0.0761,0.0994,0.2059,0.2613,0.3488,-0.4603,0.1186
Pemukiman_14,Pemukiman,0.0487,0.0666,0.0607,0.191,0.1766,0.5177,-0.4829,-0.0392
Pemukiman_14,Pemukiman,0.0492,0.0726,0.0906,0.2232,0.2487,0.4226,-0.5091,0.054
Pemukiman_14,Pemukiman,0.0728,0.1045,0.1525,0.2579,0.2487,0.2568,-0.4233,-0.0182
Pemukiman_14,Pemukiman,0.0878,0.1143,0.1738,0.2436,0.2893,0.1672,-0.3613,0.0858
Pemukiman_14,Pemukiman,0.0777,0.1054,0.1634,0.2469,0.2893,0.2035,-0.4016,0.0791
Pemukiman_14,Pemukiman,0.068,0.0873,0.1253,0.2038,0.231,0.2385,-0.4002,0.0626
Pemukiman_14,Pemukiman,0.0647,0.0782,0.0784,0.1874,0.231,0.4101,-0.4111,0.1042
Pemukiman_14,Pemukiman,0.0629,0.0818,0.0822,0.2081,0.2392,0.4337,-0.4357,0.0695
Pemukiman_14,Pemukiman,0.0538,0.0673,0.0732,0.1893,0.2392,0.4423,-0.4754,0.1165
Pemukiman_14,Pemukiman,0.0853,0.0937,0.1052,0.2042,0.2708,0.32,-0.3709,0.1402
Pemukiman_14,Pemukiman,0.1122,0.1282,0.1393,0.2532,0.2708,0.2902,-0.3277,0.0336
Pemukiman_14,Pemukiman,0.0919,0.1102,0.1115,0.2507,0.2552,0.3843,-0.3893,0.0089
Pemukiman_14,Pemukiman,0.0826,0.092,0.0977,0.1801,0.2552,0.2966,-0.3238,0.1725
Pemukiman_14,Pemukiman,0.0843,0.0967,0.1011,0.1704,0.2497,0.2552,-0.2759,0.1888
Pemukiman_14,Pemukiman,0.0754,0.0876,0.0947,0.1863,0.2497,0.326,-0.3603,0.1454
Pemukiman_14,Pemukiman,0.1017,0.1161,0.1316,0.1855,0.2502,0.17,-0.2301,0.1485
Pemukiman_14,Pemukiman,0.091,0.1035,0.1143,0.1733,0.2502,0.2051,-0.2522,0.1816
Pemukiman_14,Pemukiman,0.0858,0.1021,0.1117,0.2101,0.2705,0.3058,-0.3459,0.1257
Pemukiman_14,Pemukiman,0.1625,0.1715,0.17,0.2302,0.2705,0.1504,-0.1461,0.0805
Pemukiman_14,Pemukiman,0.1564,0.1771,0.2122,0.2338,0.2848,0.0484,-0.138,0.0983
Pemukiman_14,Pemukiman,0.0774,0.1,0.1331,0.197,0.2848,0.1936,-0.3266,0.1822
Pemukiman_14,Pemukiman,0.0668,0.08,0.0879,0.1582,0.2548,0.2857,-0.3283,0.2339
Pemukiman_14,Pemukiman,0.0765,0.0894,0.102,0.1793,0.2548,0.2748,-0.3346,0.1739
Pemukiman_14,Pemukiman,0.0728,0.0851,0.1064,0.1881,0.243,0.2774,-0.377,0.1273
Pemukiman_14,Pemukiman,0.0818,0.0978,0.1093,0.2125,0.243,0.3207,-0.3696,0.067
Pemukiman_14,Pemukiman,0.0878,0.1054,0.1135,0.2151,0.2494,0.3092,-0.3423,0.0738
Pemukiman_14,Pemukiman,0.0742,0.0884,0.0959,0.2042,0.2494,0.3609,-0.3958,0.0996
Pemukiman_14,Pemukiman,0.0936,0.1047,0.1118,0.1927,0.2806,0.2657,-0.2959,0.1857
Pemukiman_14,Pemukiman,0.0966,0.1125,0.119,0.1696,0.2806,0.1753,-0.2024,0.2466
Pemukiman_14,Pemukiman,0.1338,0.1412,0.1547,0.1908,0.2843,0.1045,-0.1494,0.1968
Pemukiman_14,Pemukiman,0.166,0.1699,0.1768,0.1968,0.2843,0.0535,-0.0734,0.1819
Pemukiman_14,Pemukiman,0.1077,0.1147,0.1208,0.1671,0.2764,0.1608,-0.1859,0.2464
Pemukiman_14,Pemukiman,0.088,0.0969,0.1086,0.1649,0.2764,0.2058,-0.2597,0.2527
Pemukiman_14,Pemukiman,0.0829,0.0894,0.1063,0.1573,0.2749,0.1935,-0.2752,0.2721
Pemukiman_14,Pemukiman,0.0582,0.0697,0.0861,0.1484,0.2749,0.2657,-0.3608,0.2988
Pemukiman_14,Pemukiman,0.0598,0.0661,0.0802,0.146,0.2625,0.2909,-0.3767,0.2852
Pemukiman_14,Pemukiman,0.0641,0.0743,0.0868,0.1457,0.2625,0.2533,-0.3245,0.2861
Pemukiman_14,Pemukiman,0.0714,0.0845,0.0967,0.1494,0.2771,0.2141,-0.2775,0.2994
Pemukiman_14,Pemukiman,0.0994,0.111,0.1351,0.1745,0.2771,0.1273,-0.2224,0.2272
Pemukiman_14,Pemukiman,0.1356,0.1517,0.1682,0.2012,0.2778,0.0893,-0.1403,0.1599
Pemukiman_14,Pemukiman,0.1124,0.1248,0.1412,0.1803,0.2778,0.1216,-0.1819,0.2128
Pemukiman_14,Pemukiman,0.0831,0.0996,0.1194,0.1678,0.3005,0.1685,-0.255,0.2834
Pemukiman_14,Pemukiman,0.0764,0.1036,0.1621,0.2104,0.3005,0.1297,-0.3401,0.1764
Pemukiman_14,Pemukiman,0.0734,0.0938,0.1364,0.1859,0.2654,0.1536,-0.3293,0.1762
Pemukiman_14,Pemukiman,0.0614,0.0727,0.0796,0.1706,0.2654,0.3637,-0.4024,0.2174
Pemukiman_14,Pemukiman,0.0562,0.0724,0.074,0.1943,0.2352,0.4484,-0.4571,0.0952
Pemukiman_14,Pemukiman,0.054,0.0682,0.0755,0.1729,0.2352,0.3921,-0.4343,0.1527
Pemukiman_14,Pemukiman,0.0977,0.1122,0.1167,0.1969,0.2689,0.2557,-0.274,0.1546
Pemukiman_14,Pemukiman,0.1064,0.1325,0.1395,0.2207,0.2689,0.2254,-0.2497,0.0984
Pemukiman_14,Pemukiman,0.0712,0.097,0.1179,0.2082,0.2774,0.2769,-0.3644,0.1425
Pemukiman_14,Pemukiman,0.0757,0.1026,0.1358,0.2118,0.2774,0.2186,-0.3473,0.1341
Pemukiman_14,Pemukiman,0.0796,0.1033,0.1289,0.1974,0.26,0.2099,-0.3129,0.1369
Pemukiman_14,Pemukiman,0.0659,0.0839,0.0934,0.1797,0.26,0.316,-0.3634,0.1826
Pemukiman_14,Pemukiman,0.0615,0.0832,0.0702,0.2528,0.2272,0.5653,-0.5048,-0.0533
Pemukiman_14,Pemukiman,0.0595,0.0863,0.0766,0.2686,0.2272,0.5562,-0.5137,-0.0835
Pemukiman_14,Pemukiman,0.0839,0.0996,0.1163,0.1992,0.245,0.2628,-0.3333,0.1031
Pemukiman_14,Pemukiman,0.0766,0.0895,0.0986,0.1831,0.245,0.3,-0.3434,0.1446
Pemukiman_14,Pemukiman,0.063,0.0854,0.1047,0.1926,0.2613,0.2957,-0.3856,0.1514
Pemukiman_14,Pemukiman,0.0636,0.0695,0.0723,0.1525,0.158,0.3568,-0.3739,0.0177
Pemukiman_14,Pemukiman,0.0514,0.0656,0.0648,0.1991,0.2126,0.5089,-0.5043,0.0328
Pemukiman_14,Pemukiman,0.0795,0.1015,0.1081,0.2417,0.2126,0.3819,-0.4085,-0.0641
Pemukiman_14,Pemukiman,0.096,0.1157,0.1309,0.1971,0.2427,0.2018,-0.2602,0.1037
Pemukiman_14,Pemukiman,0.0756,0.0972,0.1124,0.1851,0.2427,0.2444,-0.3114,0.1346
Pemukiman_14,Pemukiman,0.0518,0.0659,0.0826,0.1664,0.2166,0.3365,-0.4326,0.1311
Pemukiman_14,Pemukiman,0.0546,0.0661,0.0707,0.1862,0.2166,0.4496,-0.476,0.0755
Pemukiman_14,Pemukiman,0.0656,0.083,0.081,0.2039,0.2166,0.4314,-0.4214,0.0302
Pemukiman_14,Pemukiman,0.0512,0.0612,0.0589,0.1964,0.2166,0.5386,-0.5248,0.0489
Pemukiman_14,Pemukiman,0.0461,0.0587,0.0643,0.2067,0.2436,0.5255,-0.5576,0.0819
Pemukiman_14,Pemukiman,0.0573,0.0711,0.0861,0.223,0.2436,0.4429,-0.5165,0.0441
Pemukiman_14,Pemukiman,0.0629,0.0792,0.072,0.237,0.2464,0.534,-0.499,0.0194
Pemukiman_14,Pemukiman,0.0836,0.0904,0.0907,0.1628,0.2464,0.2844,-0.2859,0.2043
Pemukiman_14,Pemukiman,0.0797,0.0867,0.0958,0.1406,0.2645,0.1895,-0.2371,0.3058
Pemukiman_14,Pemukiman,0.077,0.0831,0.0998,0.1494,0.2645,0.199,-0.2852,0.2781
Pemukiman_14,Pemukiman,0.1021,0.1188,0.143,0.18,0.2665,0.1146,-0.2048,0.1937
Pemukiman_14,Pemukiman,0.101,0.1088,0.1312,0.1728,0.2665,0.1368,-0.2273,0.2133
Pemukiman_14,Pemukiman,0.0813,0.0901,0.105,0.1563,0.2644,0.1963,-0.2687,0.257
Pemukiman_14,Pemukiman,0.1086,0.1231,0.1388,0.1721,0.2644,0.1071,-0.166,0.2115
Pemukiman_14,Pemukiman,0.1206,0.1369,0.1774,0.1974,0.2797,0.0534,-0.181,0.1725
Pemukiman_14,Pemukiman,0.0848,0.1011,0.1399,0.1814,0.2797,0.1292,-0.2842,0.2132
Pemukiman_14,Pemukiman,0.0865,0.1002,0.1106,0.1637,0.2699,0.1936,-0.2406,0.2449
Pemukiman_14,Pemukiman,0.0846,0.0995,0.1209,0.1688,0.2699,0.1653,-0.2583,0.2305
Pemukiman_14,Pemukiman,0.0644,0.0758,0.1086,0.1667,0.2891,0.211,-0.3748,0.2685
Pemukiman_14,Pemukiman,0.0681,0.0803,0.1017,0.165,0.2891,0.2373,-0.3453,0.2733
Pemukiman_14,Pemukiman,0.0815,0.0948,0.1114,0.1631,0.2987,0.1883,-0.2648,0.2936
Pemukiman_14,Pemukiman,0.0717,0.0819,0.1006,0.162,0.2987,0.2338,-0.3284,0.2967
Pemukiman_14,Pemukiman,0.103,0.1163,0.1254,0.178,0.3111,0.1734,-0.2096,0.2721
Pemukiman_14,Pemukiman,0.0991,0.1175,0.1252,0.1768,0.3111,0.1709,-0.2015,0.2753
Pemukiman_14,Pemukiman,0.0827,0.095,0.1017,0.1771,0.286,0.2704,-0.3017,0.2352
Pemukiman_14,Pemukiman,0.1038,0.1173,0.1188,0.1715,0.286,0.1815,-0.1877,0.2503
Pemukiman_14,Pemukiman,0.0952,0.1064,0.1147,0.1639,0.2679,0.1766,-0.2127,0.2409
Pemukiman_14,Pemukiman,0.1025,0.116,0.1229,0.1776,0.2679,0.182,-0.2098,0.2027
Pemukiman_14,Pemukiman,0.1006,0.1106,0.1236,0.1703,0.2808,0.1589,-0.2125,0.245
Pemukiman_14,Pemukiman,0.0896,0.1038,0.1198,0.174,0.2808,0.1845,-0.2527,0.2348
Pemukiman_14,Pemukiman,0.0762,0.0921,0.0981,0.1597,0.2838,0.2389,-0.2685,0.2798
Pemukiman_14,Pemukiman,0.0768,0.0882,0.0993,0.1568,0.2838,0.2245,-0.28,0.2882
Pemukiman_14,Pemukiman,0.1088,0.1226,0.1312,0.1814,0.2712,0.1606,-0.1934,0.1984
Pemukiman_14,Pemukiman,0.1192,0.1286,0.1336,0.2043,0.2712,0.2092,-0.2274,0.1407
Pemukiman_14,Pemukiman,0.1096,0.1292,0.1361,0.192,0.2613,0.1704,-0.1955,0.1529
Pemukiman_14,Pemukiman,0.1019,0.1165,0.1219,0.1794,0.2613,0.1908,-0.2126,0.1858
Pemukiman_14,Pemukiman,0.1042,0.1234,0.1356,0.1742,0.2859,0.1246,-0.1707,0.2428
Pemukiman_14,Pemukiman,0.1118,0.1307,0.1526,0.195,0.2859,0.122,-0.1974,0.189
Pemukiman_14,Pemukiman,0.0911,0.1075,0.1371,0.1847,0.2916,0.1479,-0.2642,0.2244
Pemukiman_14,Pemukiman,0.0813,0.095,0.1156,0.1886,0.2916,0.24,-0.33,0.2145
Pemukiman_14,Pemukiman,0.1237,0.1322,0.1406,0.2135,0.3097,0.2059,-0.2352,0.1839
Pemukiman_14,Pemukiman,0.1261,0.1426,0.1479,0.21,0.3097,0.1735,-0.1912,0.1918
Pemukiman_14,Pemukiman,0.1724,0.1791,0.1771,0.2317,0.3075,0.1336,-0.128,0.1406
Pemukiman_14,Pemukiman,0.2023,0.217,0.2184,0.2541,0.3075,0.0756,-0.0788,0.0951
Pemukiman_14,Pemukiman,0.123,0.137,0.14,0.2256,0.272,0.2341,-0.2443,0.0932
Pemukiman_14,Pemukiman,0.1125,0.1409,0.138,0.2246,0.272,0.2388,-0.229,0.0954
Pemukiman_14,Pemukiman,0.098,0.1161,0.1202,0.2289,0.2439,0.3114,-0.327,0.0317
Pemukiman_14,Pemukiman,0.0772,0.0951,0.0947,0.2125,0.2439,0.3835,-0.3817,0.0688
Pemukiman_14,Pemukiman,0.088,0.1083,0.1069,0.2057,0.2499,0.3161,-0.3102,0.097
Pemukiman_14,Pemukiman,0.0883,0.1069,0.1103,0.2015,0.2499,0.2925,-0.3067,0.1072
Pemukiman_14,Pemukiman,0.0826,0.099,0.1063,0.186,0.2425,0.2727,-0.3053,0.1319
Pemukiman_14,Pemukiman,0.0756,0.0903,0.0931,0.1819,0.2425,0.3229,-0.3365,0.1428
Pemukiman_14,Pemukiman,0.088,0.1036,0.1104,0.2028,0.2584,0.295,-0.3238,0.1206
Pemukiman_14,Pemukiman,0.0622,0.0685,0.0718,0.1296,0.158,0.287,-0.3084,0.0987
Pemukiman_14,Pemukiman,0.0566,0.0723,0.0861,0.1745,0.2126,0.3392,-0.4141,0.0984
Pemukiman_14,Pemukiman,0.0708,0.0984,0.1321,0.2139,0.2126,0.2364,-0.3698,-0.003
Pemukiman_14,Pemukiman,0.0736,0.088,0.1069,0.1855,0.2427,0.2688,-0.3565,0.1336
Pemukiman_14,Pemukiman,0.0634,0.0779,0.089,0.1813,0.2427,0.3415,-0.3989,0.1448
Pemukiman_14,Pemukiman,0.055,0.0651,0.077,0.1702,0.2166,0.377,-0.4467,0.12
Pemukiman_14,Pemukiman,0.086,0.097,0.1077,0.2175,0.2166,0.3376,-0.3831,-0.0021
Pemukiman_14,Pemukiman,0.0801,0.0921,0.0946,0.2222,0.2166,0.4028,-0.4139,-0.0128
Pemukiman_14,Pemukiman,0.0615,0.0754,0.0943,0.2151,0.2166,0.3904,-0.4809,0.0035
Pemukiman_14,Pemukiman,0.0839,0.1039,0.1336,0.2285,0.2436,0.2621,-0.3748,0.032
Pemukiman_14,Pemukiman,0.073,0.0908,0.0987,0.1932,0.2436,0.3237,-0.3606,0.1154
Pemukiman_14,Pemukiman,0.075,0.0858,0.086,0.204,0.2464,0.4069,-0.4079,0.0941
Pemukiman_14,Pemukiman,0.0879,0.0987,0.1052,0.155,0.2464,0.1914,-0.2219,0.2277
Pemukiman_14,Pemukiman,0.1028,0.1176,0.1238,0.1624,0.2645,0.1349,-0.16,0.2392
Pemukiman_14,Pemukiman,0.1262,0.1348,0.1556,0.1719,0.2645,0.0498,-0.121,0.2122
Pemukiman_14,Pemukiman,0.1146,0.1282,0.1382,0.1943,0.2665,0.1687,-0.205,0.1567
Pemukiman_14,Pemukiman,0.0936,0.1105,0.1214,0.2013,0.2665,0.2476,-0.2912,0.1394
Pemukiman_14,Pemukiman,0.0855,0.0994,0.106,0.199,0.2644,0.3049,-0.3338,0.1411
Pemukiman_14,Pemukiman,0.0994,0.1075,0.1108,0.2095,0.2644,0.3081,-0.3218,0.1158
Pemukiman_14,Pemukiman,0.1245,0.137,0.152,0.1977,0.2797,0.1307,-0.1814,0.1718
Pemukiman_14,Pemukiman,0.106,0.1238,0.1405,0.1784,0.2797,0.1188,-0.1807,0.2211
Pemukiman_14,Pemukiman,0.0911,0.1064,0.113,0.1724,0.2699,0.2081,-0.2367,0.2204
Pemukiman_14,Pemukiman,0.1099,0.1231,0.1331,0.1844,0.2699,0.1616,-0.1993,0.1882
Pemukiman_14,Pemukiman,0.0987,0.1104,0.1267,0.181,0.2891,0.1765,-0.2423,0.23
Pemukiman_14,Pemukiman,0.1252,0.1362,0.1493,0.2098,0.2891,0.1685,-0.2127,0.1589
Pemukiman_14,Pemukiman,0.1396,0.1526,0.1732,0.2069,0.2987,0.0887,-0.151,0.1816
Pemukiman_14,Pemukiman,0.1215,0.1464,0.1661,0.2002,0.2987,0.0931,-0.1552,0.1974
Pemukiman_14,Pemukiman,0.1375,0.1541,0.165,0.2085,0.3111,0.1165,-0.15,0.1975
Pemukiman_14,Pemukiman,0.1581,0.1649,0.1747,0.2125,0.3111,0.0976,-0.1261,0.1883
Pemukiman_14,Pemukiman,0.0854,0.1018,0.1,0.2116,0.286,0.3582,-0.3503,0.1495
Pemukiman_14,Pemukiman,0.0986,0.1139,0.1221,0.2034,0.286,0.2498,-0.2821,0.1688
Pemukiman_14,Pemukiman,0.0975,0.118,0.1272,0.1921,0.2679,0.2033,-0.239,0.1648
Pemukiman_14,Pemukiman,0.0941,0.1151,0.1113,0.2218,0.2679,0.3317,-0.3167,0.0941
Pemukiman_14,Pemukiman,0.1249,0.1376,0.1441,0.2077,0.2808,0.1808,-0.203,0.1496
Pemukiman_14,Pemukiman,0.1482,0.1592,0.1649,0.2086,0.2808,0.117,-0.1343,0.1475
Pemukiman_14,Pemukiman,0.1422,0.1458,0.1601,0.198,0.2838,0.1058,-0.1518,0.1781
Pemukiman_14,Pemukiman,0.1194,0.132,0.1422,0.1996,0.2838,0.1679,-0.2039,0.1742
Pemukiman_14,Pemukiman,0.1355,0.1576,0.1572,0.2244,0.2712,0.1761,-0.1749,0.0944
Pemukiman_14,Pemukiman,0.1071,0.1224,0.1265,0.2103,0.2712,0.2488,-0.2642,0.1265
Pemukiman_14,Pemukiman,0.0773,0.0926,0.1007,0.1752,0.2613,0.27,-0.3084,0.1973
Pemukiman_14,Pemukiman,0.0905,0.102,0.1096,0.1687,0.2613,0.2124,-0.2464,0.2153
Pemukiman_14,Pemukiman,0.1465,0.1652,0.1765,0.2051,0.2859,0.0749,-0.1078,0.1646
Pemukiman_14,Pemukiman,0.1516,0.1648,0.1746,0.2061,0.2859,0.0827,-0.1114,0.1622
Pemukiman_14,Pemukiman,0.0869,0.0994,0.1285,0.1768,0.2916,0.1582,-0.2802,0.2451
Pemukiman_14,Pemukiman,0.0978,0.1132,0.1511,0.2094,0.2916,0.1617,-0.2982,0.1641
Pemukiman_14,Pemukiman,0.2094,0.2158,0.2202,0.2417,0.3097,0.0465,-0.0566,0.1233
Pemukiman_14,Pemukiman,0.2406,0.2467,0.2331,0.2499,0.3097,0.0348,-0.0064,0.1069
Pemukiman_14,Pemukiman,0.1405,0.1595,0.1696,0.2088,0.3075,0.1036,-0.1339,0.1912
Pemukiman_14,Pemukiman,0.1516,0.1597,0.172,0.2231,0.3075,0.1293,-0.1656,0.1591
Pemukiman_14,Pemukiman,0.1108,0.1187,0.1255,0.2045,0.272,0.2394,-0.2655,0.1417
Pemukiman_14,Pemukiman,0.0947,0.1093,0.1182,0.195,0.272,0.2452,-0.2816,0.1649
Pemukiman_14,Pemukiman,0.0638,0.0818,0.0816,0.2276,0.2439,0.4722,-0.4712,0.0346
Pemukiman_14,Pemukiman,0.0551,0.0759,0.0733,0.223,0.2439,0.5052,-0.4921,0.0448
Pemukiman_14,Pemukiman,0.0751,0.0892,0.102,0.1719,0.2499,0.2552,-0.3167,0.1849
Pemukiman_14,Pemukiman,0.0823,0.0974,0.1186,0.1734,0.2499,0.1877,-0.2806,0.1807
Pemukiman_14,Pemukiman,0.0646,0.0756,0.0896,0.1558,0.2425,0.2698,-0.3466,0.2177
Pemukiman_14,Pemukiman,0.0519,0.0642,0.0717,0.1728,0.2425,0.4135,-0.4582,0.1678
Pemukiman_14,Pemukiman,0.0664,0.0753,0.0857,0.1963,0.2584,0.3922,-0.4455,0.1366
Pemukiman_14,Pemukiman,0.0536,0.0623,0.0637,0.143,0.1835,0.3836,-0.3931,0.124
Pemukiman_14,Pemukiman,0.0802,0.0989,0.1061,0.2177,0.2304,0.3447,-0.3752,0.0283
Pemukiman_14,Pemukiman,0.1251,0.1464,0.1761,0.2336,0.2304,0.1403,-0.2295,-0.0069
Pemukiman_14,Pemukiman,0.0934,0.1068,0.1298,0.1957,0.2439,0.2025,-0.2939,0.1096
Pemukiman_14,Pemukiman,0.0568,0.0714,0.0749,0.1833,0.2439,0.4198,-0.4393,0.1419
Pemukiman_14,Pemukiman,0.0579,0.0743,0.0814,0.1989,0.2106,0.4192,-0.4561,0.0286
Pemukiman_14,Pemukiman,0.0928,0.1103,0.1185,0.2336,0.2106,0.3269,-0.3585,-0.0518
Pemukiman_14,Pemukiman,0.0821,0.1002,0.1001,0.2515,0.2256,0.4306,-0.4302,-0.0543
Pemukiman_14,Pemukiman,0.0819,0.1031,0.1215,0.2343,0.2256,0.317,-0.3889,-0.0189
Pemukiman_14,Pemukiman,0.1333,0.156,0.1788,0.2539,0.2278,0.1736,-0.2388,-0.0542
Pemukiman_14,Pemukiman,0.1082,0.1194,0.1189,0.2141,0.2278,0.2859,-0.284,0.031
Pemukiman_14,Pemukiman,0.0874,0.0988,0.1042,0.1979,0.2302,0.3102,-0.334,0.0754
Pemukiman_14,Pemukiman,0.0953,0.106,0.1112,0.1707,0.2302,0.2111,-0.2338,0.1484
Pemukiman_14,Pemukiman,0.1273,0.1324,0.144,0.1768,0.2683,0.1022,-0.1436,0.2056
Pemukiman_14,Pemukiman,0.1617,0.1674,0.1772,0.2,0.2683,0.0604,-0.0887,0.1458
Pemukiman_14,Pemukiman,0.0994,0.1104,0.1174,0.1995,0.262,0.2591,-0.2875,0.1354
Pemukiman_14,Pemukiman,0.0678,0.079,0.0831,0.213,0.262,0.4387,-0.4589,0.1032
Pemukiman_14,Pemukiman,0.0634,0.0803,0.0777,0.204,0.2391,0.4483,-0.4351,0.0792
Pemukiman_14,Pemukiman,0.062,0.0781,0.071,0.2119,0.2391,0.4981,-0.4614,0.0603
Pemukiman_14,Pemukiman,0.078,0.0886,0.0942,0.1748,0.2457,0.2996,-0.3273,0.1686
Pemukiman_14,Pemukiman,0.0786,0.0917,0.0985,0.1546,0.2457,0.2217,-0.2554,0.2276
Pemukiman_14,Pemukiman,0.0723,0.0876,0.0921,0.1622,0.256,0.2757,-0.2986,0.2243
Pemukiman_14,Pemukiman,0.0952,0.1106,0.1253,0.1776,0.256,0.1727,-0.2325,0.1808
Pemukiman_14,Pemukiman,0.0972,0.1116,0.1319,0.1812,0.3008,0.1575,-0.2377,0.2481
Pemukiman_14,Pemukiman,0.2251,0.2291,0.2426,0.2903,0.3008,0.0895,-0.1178,0.0178
Pemukiman_14,Pemukiman,0.2256,0.2405,0.2593,0.3002,0.3157,0.0731,-0.1104,0.0252
Pemukiman_14,Pemukiman,0.1472,0.1726,0.1953,0.2295,0.3157,0.0805,-0.1415,0.1581
Pemukiman_14,Pemukiman,0.1342,0.1528,0.1647,0.2038,0.3072,0.1061,-0.143,0.2023
Pemukiman_14,Pemukiman,0.1519,0.1603,0.1643,0.2075,0.3072,0.1162,-0.1283,0.1937
Pemukiman_14,Pemukiman,0.1114,0.1362,0.1403,0.2046,0.2981,0.1864,-0.2007,0.186
Pemukiman_14,Pemukiman,0.1555,0.1744,0.1772,0.2308,0.2981,0.1314,-0.1392,0.1272
Pemukiman_14,Pemukiman,0.1734,0.1758,0.1852,0.2524,0.2655,0.1536,-0.1789,0.0253
Pemukiman_14,Pemukiman,0.0974,0.1136,0.1101,0.2591,0.2655,0.4036,-0.3904,0.0122
Pemukiman_14,Pemukiman,0.091,0.1045,0.1087,0.1957,0.2725,0.2858,-0.3038,0.164
Pemukiman_14,Pemukiman,0.106,0.1161,0.1356,0.1837,0.2725,0.1506,-0.2255,0.1947
Pemukiman_14,Pemukiman,0.0945,0.1051,0.1279,0.176,0.2913,0.1583,-0.2522,0.2467
Pemukiman_14,Pemukiman,0.0809,0.0883,0.1093,0.1528,0.2913,0.166,-0.2675,0.3119
Pemukiman_14,Pemukiman,0.0857,0.0971,0.1202,0.1795,0.2708,0.1979,-0.2979,0.2028
Pemukiman_14,Pemukiman,0.0685,0.0798,0.0987,0.1686,0.2708,0.2615,-0.3575,0.2326
Pemukiman_14,Pemukiman,0.0687,0.0768,0.0917,0.1487,0.2514,0.2371,-0.3188,0.2567
Pemukiman_14,Pemukiman,0.0972,0.1063,0.1157,0.1632,0.2514,0.1703,-0.2111,0.2127
Pemukiman_14,Pemukiman,0.1615,0.1797,0.1853,0.2127,0.2623,0.0688,-0.0841,0.1044
Pemukiman_14,Pemukiman,0.1455,0.1647,0.1726,0.2086,0.2623,0.0944,-0.1176,0.114
Pemukiman_14,Pemukiman,0.0887,0.0963,0.1137,0.1635,0.2764,0.1797,-0.2587,0.2566
Pemukiman_14,Pemukiman,0.1016,0.1129,0.1392,0.1909,0.2764,0.1566,-0.2567,0.183
Pemukiman_14,Pemukiman,0.2258,0.2256,0.2288,0.2393,0.32,0.0224,-0.0295,0.1443
Pemukiman_14,Pemukiman,0.2514,0.2503,0.2391,0.2592,0.32,0.0403,-0.0175,0.105
Pemukiman_14,Pemukiman,0.0964,0.1094,0.1198,0.2029,0.3014,0.2575,-0.2994,0.1953
Pemukiman_14,Pemukiman,0.0796,0.0916,0.1054,0.1787,0.3014,0.258,-0.3222,0.2556
Pemukiman_14,Pemukiman,0.0837,0.101,0.1043,0.1832,0.2623,0.2744,-0.2892,0.1776
Pemukiman_14,Pemukiman,0.073,0.0872,0.0899,0.1786,0.2623,0.3304,-0.3439,0.1898
Pemukiman_14,Pemukiman,0.0621,0.0813,0.0757,0.2162,0.246,0.4813,-0.4534,0.0645
Pemukiman_14,Pemukiman,0.0615,0.0801,0.0794,0.2231,0.246,0.475,-0.4716,0.0488
Pemukiman_14,Pemukiman,0.0775,0.0961,0.1099,0.186,0.2658,0.2572,-0.3187,0.1766
Pemukiman_14,Pemukiman,0.0794,0.0982,0.1196,0.1811,0.2658,0.2045,-0.2968,0.1895
Pemukiman_14,Pemukiman,0.0737,0.0853,0.101,0.1582,0.2575,0.2207,-0.2994,0.2389
Pemukiman_14,Pemukiman,0.0461,0.0605,0.0718,0.1646,0.2575,0.3926,-0.4625,0.2201
Pemukiman_14,Pemukiman,0.0623,0.0742,0.0753,0.1931,0.2676,0.4389,-0.4448,0.1617
Pemukiman_14,Pemukiman,0.0535,0.0618,0.061,0.1376,0.1835,0.3857,-0.3801,0.1429
Pemukiman_14,Pemukiman,0.064,0.086,0.0834,0.2437,0.2304,0.4901,-0.4783,-0.0281
Pemukiman_14,Pemukiman,0.0968,0.117,0.1394,0.2634,0.2304,0.3078,-0.3849,-0.0668
Pemukiman_14,Pemukiman,0.0792,0.0978,0.1071,0.2448,0.2439,0.3913,-0.4291,-0.0018
Pemukiman_14,Pemukiman,0.0499,0.0742,0.0619,0.2758,0.2439,0.6334,-0.576,-0.0614
Pemukiman_14,Pemukiman,0.0492,0.0754,0.0668,0.2532,0.2106,0.5825,-0.5411,-0.0918
Pemukiman_14,Pemukiman,0.0488,0.0704,0.0651,0.2498,0.2106,0.5865,-0.5603,-0.0851
Pemukiman_14,Pemukiman,0.0576,0.0799,0.0744,0.2868,0.2256,0.588,-0.5642,-0.1194
Pemukiman_14,Pemukiman,0.0613,0.0822,0.0844,0.2649,0.2256,0.5167,-0.5264,-0.0801
Pemukiman_14,Pemukiman,0.0727,0.09,0.0916,0.2545,0.2278,0.4707,-0.4775,-0.0554
Pemukiman_14,Pemukiman,0.0587,0.078,0.0703,0.2733,0.2278,0.5908,-0.5559,-0.0908
Pemukiman_14,Pemukiman,0.0721,0.0882,0.0833,0.2542,0.2302,0.5064,-0.4848,-0.0495
Pemukiman_14,Pemukiman,0.0752,0.0847,0.0927,0.1708,0.2302,0.2964,-0.337,0.1481
Pemukiman_14,Pemukiman,0.0697,0.0818,0.0966,0.1469,0.2683,0.2066,-0.2847,0.2924
Pemukiman_14,Pemukiman,0.0942,0.1024,0.1194,0.1663,0.2683,0.1642,-0.2378,0.2347
Pemukiman_14,Pemukiman,0.0703,0.0865,0.0998,0.1627,0.262,0.2396,-0.3058,0.2338
Pemukiman_14,Pemukiman,0.08,0.087,0.1,0.1722,0.262,0.2652,-0.3287,0.2068
Pemukiman_14,Pemukiman,0.0813,0.0945,0.1009,0.1714,0.2391,0.2589,-0.2892,0.1649
Pemukiman_14,Pemukiman,0.0562,0.0703,0.0675,0.1707,0.2391,0.4332,-0.4166,0.1669
Pemukiman_14,Pemukiman,0.0645,0.0737,0.0799,0.1711,0.2457,0.3633,-0.3979,0.179
Pemukiman_14,Pemukiman,0.0666,0.0746,0.0849,0.1565,0.2457,0.2966,-0.3544,0.2218
Pemukiman_14,Pemukiman,0.0689,0.0871,0.0898,0.169,0.256,0.306,-0.3198,0.2047
Pemukiman_14,Pemukiman,0.102,0.1157,0.125,0.1821,0.256,0.1859,-0.223,0.1687
Pemukiman_14,Pemukiman,0.0862,0.1,0.1231,0.1663,0.3008,0.1493,-0.249,0.2879
Pemukiman_14,Pemukiman,0.2341,0.2229,0.2423,0.2974,0.3008,0.1021,-0.1432,0.0057
Pemukiman_14,Pemukiman,0.2048,0.1954,0.2198,0.2722,0.3157,0.1065,-0.1642,0.074
Pemukiman_14,Pemukiman,0.0902,0.113,0.1396,0.1812,0.3157,0.1297,-0.2318,0.2707
Pemukiman_14,Pemukiman,0.0776,0.0938,0.1083,0.1564,0.3072,0.1817,-0.2502,0.3253
Pemukiman_14,Pemukiman,0.1004,0.1119,0.1337,0.1614,0.3072,0.0939,-0.1811,0.3111
Pemukiman_14,Pemukiman,0.1631,0.1829,0.1947,0.2211,0.2981,0.0635,-0.0946,0.1483
Pemukiman_14,Pemukiman,0.1598,0.1732,0.1816,0.2291,0.2981,0.1157,-0.139,0.1309
Pemukiman_14,Pemukiman,0.1404,0.1552,0.1688,0.235,0.2655,0.1639,-0.2045,0.0609
Pemukiman_14,Pemukiman,0.0875,0.1126,0.105,0.2584,0.2655,0.4221,-0.393,0.0136
Pemukiman_14,Pemukiman,0.0632,0.0769,0.0736,0.2244,0.2725,0.506,-0.4895,0.0968
Pemukiman_14,Pemukiman,0.0845,0.0979,0.1078,0.1891,0.2725,0.2738,-0.3178,0.1807
Pemukiman_14,Pemukiman,0.0752,0.0921,0.1082,0.163,0.2913,0.2021,-0.2779,0.2824
Pemukiman_14,Pemukiman,0.0717,0.0868,0.1046,0.1477,0.2913,0.1708,-0.2597,0.3271
Pemukiman_14,Pemukiman,0.0985,0.1143,0.1264,0.1945,0.2708,0.2122,-0.2597,0.164
Pemukiman_14,Pemukiman,0.0615,0.0793,0.0817,0.1943,0.2708,0.408,-0.4203,0.1645
Pemukiman_14,Pemukiman,0.0612,0.0744,0.0778,0.1947,0.2514,0.429,-0.447,0.1271
Pemukiman_14,Pemukiman,0.0803,0.0935,0.0964,0.2054,0.2514,0.3612,-0.3744,0.1007
Pemukiman_14,Pemukiman,0.1076,0.1196,0.1256,0.212,0.2623,0.2559,-0.2786,0.1061
Pemukiman_14,Pemukiman,0.1115,0.1329,0.14,0.1989,0.2623,0.1738,-0.1989,0.1375
Pemukiman_14,Pemukiman,0.0835,0.1019,0.1052,0.1783,0.2764,0.2578,-0.2727,0.2157
Pemukiman_14,Pemukiman,0.0883,0.099,0.1068,0.1797,0.2764,0.2544,-0.2896,0.212
Pemukiman_14,Pemukiman,0.1655,0.1685,0.1737,0.2022,0.32,0.0758,-0.0909,0.2256
Pemukiman_14,Pemukiman,0.193,0.2067,0.2028,0.2386,0.32,0.0811,-0.0716,0.1457
Pemukiman_14,Pemukiman,0.0918,0.113,0.1135,0.2133,0.3014,0.3054,-0.3074,0.1712
Pemukiman_14,Pemukiman,0.0867,0.1006,0.1043,0.1928,0.3014,0.2979,-0.3142,0.2197
Pemukiman_14,Pemukiman,0.0877,0.1049,0.1078,0.2073,0.2623,0.3158,-0.328,0.1171
Pemukiman_14,Pemukiman,0.0748,0.0901,0.0933,0.1864,0.2623,0.3329,-0.3483,0.1692
Pemukiman_14,Pemukiman,0.074,0.0885,0.0929,0.1964,0.246,0.3578,-0.3787,0.1121
Pemukiman_14,Pemukiman,0.0643,0.0812,0.086,0.2134,0.246,0.4255,-0.4487,0.071
Pemukiman_14,Pemukiman,0.079,0.0963,0.1015,0.1972,0.2658,0.3204,-0.3438,0.1482
Pemukiman_14,Pemukiman,0.0847,0.1002,0.1267,0.1985,0.2658,0.2208,-0.3291,0.1449
Pemukiman_14,Pemukiman,0.0876,0.1042,0.1329,0.1908,0.2575,0.1789,-0.2936,0.1488
Pemukiman_14,Pemukiman,0.0628,0.0768,0.094,0.1639,0.2575,0.271,-0.3619,0.2221
Pemukiman_14,Pemukiman,0.0809,0.0982,0.1149,0.1926,0.2676,0.2527,-0.3246,0.163
Pemukiman_14,Pemukiman,0.0639,0.0735,0.0695,0.1349,0.1888,0.32,-0.2946,0.1665
Pemukiman_14,Pemukiman,0.0498,0.0675,0.0659,0.2048,0.2189,0.5131,-0.5042,0.0333
Pemukiman_14,Pemukiman,0.0669,0.0936,0.1274,0.2489,0.2189,0.3229,-0.4534,-0.0641
Pemukiman_14,Pemukiman,0.0671,0.09,0.1091,0.2267,0.2653,0.3502,-0.4316,0.0785
Pemukiman_14,Pemukiman,0.0538,0.0742,0.0737,0.2532,0.2653,0.5491,-0.5467,0.0233
Pemukiman_14,Pemukiman,0.0535,0.0732,0.0725,0.2502,0.2451,0.5507,-0.5473,-0.0103
Pemukiman_14,Pemukiman,0.0573,0.0748,0.0687,0.2354,0.2451,0.5482,-0.5177,0.0202
Pemukiman_14,Pemukiman,0.0647,0.0848,0.077,0.2673,0.2502,0.5527,-0.5183,-0.033
Pemukiman_14,Pemukiman,0.0523,0.0731,0.092,0.244,0.2502,0.4524,-0.5389,0.0125
Pemukiman_14,Pemukiman,0.0353,0.0569,0.0718,0.2295,0.2191,0.5234,-0.6027,-0.0232
Pemukiman_14,Pemukiman,0.0397,0.0585,0.0467,0.2708,0.2191,0.7058,-0.6447,-0.1055
Pemukiman_14,Pemukiman,0.0648,0.0786,0.0747,0.2593,0.2237,0.5527,-0.5348,-0.0737
Pemukiman_14,Pemukiman,0.0669,0.0826,0.0964,0.1726,0.2237,0.2833,-0.3527,0.1289
Pemukiman_14,Pemukiman,0.0635,0.0726,0.0963,0.1431,0.2724,0.1955,-0.3268,0.3112
Pemukiman_14,Pemukiman,0.0683,0.0767,0.0951,0.1427,0.2724,0.2002,-0.3008,0.3125
Pemukiman_14,Pemukiman,0.0718,0.0827,0.1081,0.158,0.2728,0.1875,-0.3128,0.2665
Pemukiman_14,Pemukiman,0.0937,0.1064,0.1224,0.1866,0.2728,0.2078,-0.2737,0.1876
Pemukiman_14,Pemukiman,0.1063,0.1187,0.1194,0.2018,0.2281,0.2565,-0.2593,0.0612
Pemukiman_14,Pemukiman,0.0516,0.0696,0.0602,0.2013,0.2281,0.5396,-0.4862,0.0624
Pemukiman_14,Pemukiman,0.062,0.0734,0.0633,0.2306,0.2304,0.5692,-0.5171,-0.0004
Pemukiman_14,Pemukiman,0.0604,0.0758,0.0682,0.234,0.2304,0.5486,-0.5107,-0.0078
Pemukiman_14,Pemukiman,0.0734,0.0905,0.0883,0.2161,0.26,0.4198,-0.4097,0.0922
Pemukiman_14,Pemukiman,0.1104,0.124,0.1256,0.206,0.26,0.2425,-0.2485,0.1159
Pemukiman_14,Pemukiman,0.0883,0.1035,0.1166,0.1708,0.2719,0.1886,-0.2454,0.2284
Pemukiman_14,Pemukiman,0.1978,0.1868,0.1982,0.2488,0.2719,0.1132,-0.1423,0.0444
Pemukiman_14,Pemukiman,0.153,0.161,0.172,0.215,0.2866,0.1111,-0.1436,0.1427
Pemukiman_14,Pemukiman,0.0791,0.0928,0.1035,0.1644,0.2866,0.2273,-0.2784,0.271
Pemukiman_14,Pemukiman,0.1098,0.1119,0.1296,0.1827,0.3017,0.17,-0.2403,0.2457
Pemukiman_14,Pemukiman,0.142,0.1495,0.1683,0.1888,0.3017,0.0574,-0.1162,0.2302
Pemukiman_14,Pemukiman,0.1888,0.2143,0.2229,0.2453,0.2906,0.0478,-0.0674,0.0845
Pemukiman_14,Pemukiman,0.1384,0.1517,0.1623,0.2109,0.2906,0.1302,-0.1633,0.1589
Pemukiman_14,Pemukiman,0.0999,0.1137,0.1205,0.1829,0.2682,0.2057,-0.2333,0.1891
Pemukiman_14,Pemukiman,0.0822,0.0961,0.0959,0.2221,0.2682,0.3969,-0.396,0.094
Pemukiman_14,Pemukiman,0.0535,0.0747,0.0666,0.2293,0.2609,0.5498,-0.5086,0.0645
Pemukiman_14,Pemukiman,0.0869,0.1081,0.1115,0.2179,0.2609,0.323,-0.3368,0.0898
Pemukiman_14,Pemukiman,0.1098,0.1253,0.1349,0.1987,0.2915,0.1912,-0.2265,0.1893
Pemukiman_14,Pemukiman,0.1047,0.1166,0.1256,0.1858,0.2915,0.1933,-0.2288,0.2215
Pemukiman_14,Pemukiman,0.1268,0.1374,0.1442,0.1994,0.2692,0.1607,-0.1841,0.149
Pemukiman_14,Pemukiman,0.0758,0.0989,0.0951,0.2054,0.2692,0.3671,-0.35,0.1344
Pemukiman_14,Pemukiman,0.055,0.0671,0.0657,0.2087,0.2408,0.5211,-0.5134,0.0714
Pemukiman_14,Pemukiman,0.0565,0.0709,0.0732,0.2204,0.2408,0.5014,-0.5132,0.0442
Pemukiman_14,Pemukiman,0.0668,0.0799,0.0814,0.2169,0.2353,0.4542,-0.4616,0.0407
Pemukiman_14,Pemukiman,0.0887,0.1012,0.1076,0.175,0.2353,0.2385,-0.2672,0.147
Pemukiman_14,Pemukiman,0.0783,0.0902,0.0913,0.1773,0.2349,0.3202,-0.3256,0.1397
Pemukiman_14,Pemukiman,0.066,0.078,0.0932,0.1823,0.2349,0.3234,-0.4007,0.1261
Pemukiman_14,Pemukiman,0.0868,0.1009,0.1186,0.1533,0.2594,0.1276,-0.2061,0.2571
Pemukiman_14,Pemukiman,0.123,0.1411,0.1451,0.1922,0.2594,0.1396,-0.1533,0.1488
Pemukiman_14,Pemukiman,0.0877,0.1064,0.1189,0.1974,0.2865,0.2482,-0.2995,0.1841
Pemukiman_14,Pemukiman,0.0965,0.113,0.1272,0.1905,0.2865,0.1992,-0.2554,0.2013
Pemukiman_14,Pemukiman,0.114,0.134,0.1482,0.2089,0.2802,0.17,-0.2184,0.1458
Pemukiman_14,Pemukiman,0.0961,0.1096,0.1277,0.189,0.2802,0.1936,-0.2659,0.1944
Pemukiman_14,Pemukiman,0.0644,0.081,0.1095,0.1769,0.2631,0.2353,-0.3718,0.1959
Pemukiman_14,Pemukiman,0.0759,0.0985,0.1308,0.2168,0.2631,0.2474,-0.3752,0.0965
Pemukiman_14,Pemukiman,0.115,0.1322,0.1411,0.207,0.2521,0.1893,-0.2205,0.0982
Pemukiman_14,Pemukiman,0.1107,0.1288,0.1527,0.197,0.2521,0.1267,-0.2093,0.1227
Pemukiman_14,Pemukiman,0.0796,0.0971,0.1385,0.1909,0.2599,0.1591,-0.3257,0.1531
Pemukiman_14,Pemukiman,0.0637,0.0763,0.0971,0.1629,0.2599,0.2531,-0.362,0.2294
Pemukiman_14,Pemukiman,0.0912,0.1141,0.1495,0.2059,0.277,0.1587,-0.2869,0.1472
Pemukiman_14,Pemukiman,0.0735,0.0824,0.0928,0.135,0.1888,0.1852,-0.2419,0.1662
Pemukiman_14,Pemukiman,0.0563,0.066,0.0795,0.1577,0.2189,0.3297,-0.4099,0.1625
Pemukiman_14,Pemukiman,0.0886,0.1103,0.1531,0.2161,0.2189,0.1706,-0.3241,0.0064
Pemukiman_14,Pemukiman,0.0999,0.117,0.1507,0.1879,0.2653,0.1099,-0.2325,0.1708
Pemukiman_14,Pemukiman,0.0725,0.0875,0.1094,0.1706,0.2653,0.2186,-0.322,0.2173
Pemukiman_14,Pemukiman,0.0668,0.0801,0.1019,0.1929,0.2451,0.3087,-0.4132,0.1192
Pemukiman_14,Pemukiman,0.0627,0.0875,0.1041,0.2261,0.2451,0.3695,-0.442,0.0403
Pemukiman_14,Pemukiman,0.0844,0.1064,0.1354,0.2284,0.2502,0.2556,-0.3644,0.0455
Pemukiman_14,Pemukiman,0.0763,0.0998,0.1383,0.2078,0.2502,0.2008,-0.3511,0.0926
Pemukiman_14,Pemukiman,0.0531,0.0751,0.1091,0.2167,0.2191,0.3303,-0.4853,0.0055
Pemukiman_14,Pemukiman,0.0456,0.0686,0.0825,0.2454,0.2191,0.4968,-0.5631,-0.0566
Pemukiman_14,Pemukiman,0.0687,0.0825,0.0803,0.2469,0.2237,0.5092,-0.4991,-0.0493
Pemukiman_14,Pemukiman,0.0771,0.0952,0.1181,0.1855,0.2237,0.222,-0.3217,0.0934
Pemukiman_14,Pemukiman,0.0892,0.1014,0.1332,0.1757,0.2724,0.1376,-0.2681,0.2158
Pemukiman_14,Pemukiman,0.0807,0.0917,0.1178,0.1655,0.2724,0.1684,-0.2869,0.2441
Pemukiman_14,Pemukiman,0.0751,0.0954,0.1426,0.1842,0.2728,0.1273,-0.3176,0.1939
Pemukiman_14,Pemukiman,0.0845,0.1052,0.1404,0.2053,0.2728,0.1877,-0.3224,0.1412
Pemukiman_14,Pemukiman,0.0808,0.0956,0.0999,0.1868,0.2281,0.3031,-0.3229,0.0995
Pemukiman_14,Pemukiman,0.0512,0.0682,0.0691,0.1892,0.2281,0.465,-0.4701,0.0932
Pemukiman_14,Pemukiman,0.0482,0.0622,0.0591,0.2104,0.2304,0.5614,-0.5437,0.0454
Pemukiman_14,Pemukiman,0.0491,0.0656,0.0632,0.2296,0.2304,0.5683,-0.5556,0.0017
Pemukiman_14,Pemukiman,0.0703,0.0829,0.097,0.2034,0.26,0.3542,-0.4209,0.1221
Pemukiman_14,Pemukiman,0.0943,0.1068,0.1131,0.1804,0.26,0.2293,-0.2563,0.1807
Pemukiman_14,Pemukiman,0.087,0.1022,0.1096,0.1648,0.2719,0.2012,-0.2345,0.2452
Pemukiman_14,Pemukiman,0.1334,0.1495,0.1604,0.1948,0.2719,0.0968,-0.1316,0.1652
Pemukiman_14,Pemukiman,0.1122,0.1232,0.1372,0.177,0.2866,0.1267,-0.1792,0.2364
Pemukiman_14,Pemukiman,0.0678,0.0781,0.0986,0.147,0.2866,0.1971,-0.3061,0.322
Pemukiman_14,Pemukiman,0.1327,0.1444,0.161,0.2024,0.3017,0.1139,-0.1672,0.197
Pemukiman_14,Pemukiman,0.1394,0.1482,0.1693,0.1809,0.3017,0.0331,-0.0994,0.2503
Pemukiman_14,Pemukiman,0.113,0.1275,0.1505,0.1788,0.2906,0.0859,-0.1675,0.2382
Pemukiman_14,Pemukiman,0.1194,0.132,0.142,0.1791,0.2906,0.1155,-0.1514,0.2374
Pemukiman_14,Pemukiman,0.0809,0.0909,0.1031,0.1528,0.2682,0.1942,-0.254,0.2741
Pemukiman_14,Pemukiman,0.0696,0.0787,0.0899,0.1473,0.2682,0.242,-0.3035,0.291
Pemukiman_14,Pemukiman,0.0562,0.0695,0.0753,0.155,0.2609,0.3461,-0.3808,0.2546
Pemukiman_14,Pemukiman,0.0877,0.0996,0.1176,0.1808,0.2609,0.2118,-0.2896,0.1813
Pemukiman_14,Pemukiman,0.1036,0.1163,0.1361,0.189,0.2915,0.1627,-0.2381,0.2133
Pemukiman_14,Pemukiman,0.0956,0.1136,0.1292,0.1879,0.2915,0.1851,-0.2464,0.2161
Pemukiman_14,Pemukiman,0.0826,0.1008,0.118,0.1675,0.2692,0.1734,-0.2486,0.2329
Pemukiman_14,Pemukiman,0.0715,0.0813,0.09,0.1545,0.2692,0.2638,-0.3104,0.2707
Pemukiman_14,Pemukiman,0.0548,0.065,0.077,0.1517,0.2408,0.3266,-0.4001,0.227
Pemukiman_14,Pemukiman,0.0516,0.0658,0.0805,0.1779,0.2408,0.3769,-0.46,0.1502
Pemukiman_14,Pemukiman,0.0559,0.0694,0.0743,0.1951,0.2353,0.4484,-0.4752,0.0934
Pemukiman_14,Pemukiman,0.0753,0.0859,0.0903,0.1565,0.2353,0.2682,-0.2913,0.2011
Pemukiman_14,Pemukiman,0.0797,0.0876,0.0934,0.147,0.2349,0.223,-0.2532,0.2302
Pemukiman_14,Pemukiman,0.0734,0.0869,0.0978,0.1596,0.2349,0.2401,-0.2949,0.1909
Pemukiman_14,Pemukiman,0.0775,0.0881,0.1011,0.1404,0.2594,0.1627,-0.2289,0.2976
Pemukiman_14,Pemukiman,0.0752,0.0891,0.1043,0.1618,0.2594,0.2161,-0.2898,0.2317
Pemukiman_14,Pemukiman,0.0873,0.1068,0.1374,0.2018,0.2865,0.1899,-0.3078,0.1735
Pemukiman_14,Pemukiman,0.1365,0.1536,0.1789,0.2131,0.2865,0.0872,-0.1623,0.1469
Pemukiman_14,Pemukiman,0.1632,0.1793,0.1947,0.2231,0.2802,0.068,-0.1088,0.1135
Pemukiman_14,Pemukiman,0.133,0.1528,0.1703,0.2019,0.2802,0.0849,-0.1384,0.1624
Pemukiman_14,Pemukiman,0.0736,0.0928,0.1304,0.1714,0.2631,0.1359,-0.2975,0.211
Pemukiman_14,Pemukiman,0.0882,0.1092,0.1482,0.1994,0.2631,0.1473,-0.2923,0.1377
Pemukiman_14,Pemukiman,0.1191,0.134,0.1437,0.1931,0.2521,0.1467,-0.1807,0.1325
Pemukiman_14,Pemukiman,0.0828,0.0999,0.117,0.1689,0.2521,0.1815,-0.2567,0.1976
Pemukiman_14,Pemukiman,0.0612,0.0784,0.1099,0.1648,0.2599,0.1999,-0.3553,0.2239
Pemukiman_14,Pemukiman,0.0614,0.0691,0.0839,0.1515,0.2599,0.2872,-0.3735,0.2635
Pemukiman_14,Pemukiman,0.0845,0.1074,0.1437,0.2002,0.277,0.1643,-0.3017,0.1609
Pemukiman_14,Pemukiman,0.0754,0.0801,0.092,0.1309,0.1761,0.1745,-0.2408,0.1472
Pemukiman_14,Pemukiman,0.0681,0.078,0.0874,0.1344,0.1753,0.2119,-0.2655,0.1321
Pemukiman_14,Pemukiman,0.0994,0.1153,0.1311,0.1774,0.1753,0.1501,-0.2122,-0.006
Pemukiman_14,Pemukiman,0.0969,0.1135,0.1461,0.1715,0.267,0.08,-0.2035,0.2178
Pemukiman_14,Pemukiman,0.0877,0.1067,0.1631,0.1957,0.267,0.0909,-0.2943,0.1541
Pemukiman_14,Pemukiman,0.0758,0.1094,0.1737,0.2171,0.2941,0.1111,-0.3299,0.1506
Pemukiman_14,Pemukiman,0.0618,0.0993,0.1691,0.2349,0.2941,0.1629,-0.4057,0.1119
Pemukiman_14,Pemukiman,0.0718,0.105,0.1825,0.2441,0.2641,0.1444,-0.3985,0.0394
Pemukiman_14,Pemukiman,0.07,0.0942,0.145,0.2097,0.2641,0.1824,-0.3801,0.1148
Pemukiman_14,Pemukiman,0.0532,0.0766,0.1126,0.22,0.2147,0.3229,-0.4835,-0.0122
Pemukiman_14,Pemukiman,0.0482,0.0705,0.0996,0.2396,0.2147,0.4127,-0.5453,-0.0548
Pemukiman_14,Pemukiman,0.0619,0.0771,0.076,0.2316,0.2153,0.5059,-0.5005,-0.0365
Pemukiman_14,Pemukiman,0.0866,0.0987,0.1241,0.1836,0.2153,0.1934,-0.3007,0.0795
Pemukiman_14,Pemukiman,0.082,0.0972,0.1298,0.1821,0.2567,0.1677,-0.304,0.17
Pemukiman_14,Pemukiman,0.0651,0.0869,0.115,0.1998,0.2567,0.2694,-0.3938,0.1246
Pemukiman_14,Pemukiman,0.064,0.0846,0.1344,0.1945,0.2621,0.1827,-0.3938,0.1481
Pemukiman_14,Pemukiman,0.0776,0.1014,0.1393,0.2002,0.2621,0.1794,-0.3276,0.1339
Pemukiman_14,Pemukiman,0.0728,0.0831,0.0929,0.1611,0.2218,0.2685,-0.3194,0.1585
Pemukiman_14,Pemukiman,0.0535,0.068,0.0778,0.1388,0.2218,0.2816,-0.3424,0.2302
Pemukiman_14,Pemukiman,0.0656,0.0717,0.0847,0.1539,0.2184,0.29,-0.3644,0.1732
Pemukiman_14,Pemukiman,0.0612,0.0743,0.0922,0.1743,0.2184,0.3081,-0.4023,0.1123
Pemukiman_14,Pemukiman,0.0722,0.0899,0.1219,0.1848,0.2468,0.2051,-0.3455,0.1437
Pemukiman_14,Pemukiman,0.0728,0.0822,0.0952,0.1584,0.2468,0.2492,-0.3167,0.2182
Pemukiman_14,Pemukiman,0.0874,0.0944,0.1078,0.1735,0.229,0.2336,-0.2953,0.1379
Pemukiman_14,Pemukiman,0.124,0.1265,0.13,0.1757,0.229,0.1495,-0.1628,0.1317
Pemukiman_14,Pemukiman,0.0787,0.0896,0.0981,0.1445,0.2255,0.1913,-0.2345,0.2189
Pemukiman_14,Pemukiman,0.0553,0.0684,0.0945,0.1363,0.2255,0.1811,-0.3317,0.2465
Pemukiman_14,Pemukiman,0.0725,0.0883,0.1209,0.1614,0.2441,0.1435,-0.2928,0.2039
Pemukiman_14,Pemukiman,0.1038,0.1132,0.1271,0.1611,0.2441,0.118,-0.1746,0.2048
Pemukiman_14,Pemukiman,0.0913,0.1024,0.1226,0.1599,0.2392,0.132,-0.2192,0.1987
Pemukiman_14,Pemukiman,0.0921,0.1061,0.1187,0.1487,0.2392,0.1122,-0.1672,0.2333
Pemukiman_14,Pemukiman,0.0814,0.0895,0.1059,0.1488,0.2488,0.1684,-0.2488,0.2515
Pemukiman_14,Pemukiman,0.0672,0.0754,0.0896,0.1383,0.2488,0.2137,-0.2943,0.2855
Pemukiman_14,Pemukiman,0.0569,0.0709,0.0777,0.138,0.2377,0.2796,-0.3212,0.2654
Pemukiman_14,Pemukiman,0.094,0.1032,0.1168,0.1635,0.2377,0.1666,-0.2261,0.1849
Pemukiman_14,Pemukiman,0.0821,0.0934,0.1132,0.1588,0.2446,0.1676,-0.2593,0.2127
Pemukiman_14,Pemukiman,0.0741,0.0895,0.1149,0.161,0.2446,0.1671,-0.2854,0.2061
Pemukiman_14,Pemukiman,0.0667,0.081,0.1021,0.1534,0.2385,0.2008,-0.3089,0.2171
Pemukiman_14,Pemukiman,0.0593,0.0673,0.0819,0.13,0.2385,0.227,-0.3178,0.2944
Pemukiman_14,Pemukiman,0.053,0.0645,0.0737,0.1465,0.2279,0.3306,-0.3886,0.2174
Pemukiman_14,Pemukiman,0.0528,0.0674,0.0784,0.1878,0.2279,0.411,-0.4718,0.0965
Pemukiman_14,Pemukiman,0.0633,0.0806,0.0846,0.1946,0.2169,0.394,-0.4142,0.0542
Pemukiman_14,Pemukiman,0.071,0.0838,0.0858,0.1584,0.2169,0.2973,-0.308,0.1559
Pemukiman_14,Pemukiman,0.075,0.0832,0.0876,0.1358,0.2124,0.2158,-0.2402,0.22
Pemukiman_14,Pemukiman,0.084,0.0903,0.1001,0.1418,0.2124,0.1724,-0.2219,0.1993
Pemukiman_14,Pemukiman,0.0873,0.0976,0.1033,0.1428,0.2422,0.1605,-0.188,0.2582
Pemukiman_14,Pemukiman,0.0893,0.0944,0.1122,0.1575,0.2422,0.168,-0.2505,0.2119
Pemukiman_14,Pemukiman,0.1099,0.1229,0.1421,0.1945,0.2584,0.1557,-0.2256,0.1411
Pemukiman_14,Pemukiman,0.1302,0.1473,0.162,0.1956,0.2584,0.094,-0.1409,0.1383
Pemukiman_14,Pemukiman,0.1514,0.1619,0.1711,0.2036,0.2433,0.0867,-0.1141,0.0888
Pemukiman_14,Pemukiman,0.1333,0.152,0.1625,0.1982,0.2433,0.099,-0.1319,0.1022
Pemukiman_14,Pemukiman,0.088,0.1021,0.1212,0.1703,0.2197,0.1684,-0.2504,0.1267
Pemukiman_14,Pemukiman,0.0806,0.0994,0.1157,0.1836,0.2197,0.2269,-0.2975,0.0895
Pemukiman_14,Pemukiman,0.0789,0.0933,0.0967,0.1878,0.197,0.3202,-0.3362,0.0239
Pemukiman_14,Pemukiman,0.0736,0.088,0.0947,0.1775,0.197,0.3042,-0.3371,0.0521
Pemukiman_14,Pemukiman,0.0711,0.0864,0.1005,0.1649,0.1859,0.2427,-0.3124,0.0599
Pemukiman_14,Pemukiman,0.0578,0.0686,0.0728,0.1688,0.1859,0.3973,-0.4221,0.0482
Pemukiman_14,Pemukiman,0.0742,0.0845,0.0927,0.1975,0.1965,0.3611,-0.4007,-0.0025
Pemukiman_14,Pemukiman,0.08,0.0861,0.0894,0.1404,0.1761,0.2219,-0.2397,0.1128
Pemukiman_14,Pemukiman,0.0741,0.0789,0.0862,0.1334,0.1753,0.2149,-0.2567,0.1357
Pemukiman_14,Pemukiman,0.0833,0.0934,0.1025,0.1659,0.1753,0.2362,-0.2796,0.0275
Pemukiman_14,Pemukiman,0.0758,0.0975,0.1371,0.1764,0.267,0.1254,-0.2881,0.2043
Pemukiman_14,Pemukiman,0.0737,0.1079,0.1879,0.2255,0.267,0.091,-0.3527,0.0843
Pemukiman_14,Pemukiman,0.0755,0.1141,0.2112,0.2587,0.2941,0.1011,-0.3879,0.064
Pemukiman_14,Pemukiman,0.0754,0.1053,0.1632,0.2201,0.2941,0.1484,-0.3528,0.1439
Pemukiman_14,Pemukiman,0.0659,0.0908,0.15,0.2106,0.2641,0.1681,-0.3975,0.1127
Pemukiman_14,Pemukiman,0.0523,0.076,0.1183,0.1936,0.2641,0.2414,-0.4362,0.154
Pemukiman_14,Pemukiman,0.0461,0.0602,0.0698,0.1891,0.2147,0.4608,-0.517,0.0634
Pemukiman_14,Pemukiman,0.0501,0.0616,0.0723,0.1769,0.2147,0.4197,-0.4834,0.0965
Pemukiman_14,Pemukiman,0.0576,0.0705,0.0757,0.1577,0.2153,0.3513,-0.3821,0.1544
Pemukiman_14,Pemukiman,0.0726,0.0908,0.1215,0.161,0.2153,0.1398,-0.2788,0.1443
Pemukiman_14,Pemukiman,0.0778,0.093,0.1272,0.1749,0.2567,0.1579,-0.3057,0.1895
Pemukiman_14,Pemukiman,0.0988,0.1122,0.1202,0.2056,0.2567,0.2621,-0.2939,0.1105
Pemukiman_14,Pemukiman,0.0917,0.1093,0.1213,0.1986,0.2621,0.2416,-0.29,0.1378
Pemukiman_14,Pemukiman,0.0884,0.1039,0.1242,0.2075,0.2621,0.2511,-0.3327,0.1163
Pemukiman_14,Pemukiman,0.0751,0.0838,0.0923,0.1613,0.2218,0.2721,-0.3162,0.1579
Pemukiman_14,Pemukiman,0.0617,0.0699,0.0741,0.135,0.2218,0.2912,-0.3177,0.2433
Pemukiman_14,Pemukiman,0.062,0.0753,0.0683,0.191,0.2184,0.4732,-0.4345,0.0669
Pemukiman_14,Pemukiman,0.0645,0.0804,0.0861,0.209,0.2184,0.4165,-0.4444,0.022
Pemukiman_14,Pemukiman,0.1204,0.1326,0.1509,0.2227,0.2468,0.1922,-0.2536,0.0513
Pemukiman_14,Pemukiman,0.1006,0.1161,0.1208,0.1766,0.2468,0.1876,-0.2067,0.1658
Pemukiman_14,Pemukiman,0.0804,0.0961,0.1024,0.1638,0.229,0.2307,-0.2605,0.166
Pemukiman_14,Pemukiman,0.0878,0.103,0.1069,0.1615,0.229,0.2034,-0.2212,0.1729
Pemukiman_14,Pemukiman,0.0732,0.0844,0.0904,0.1381,0.2255,0.2088,-0.2413,0.2404
Pemukiman_14,Pemukiman,0.0627,0.0715,0.0874,0.1297,0.2255,0.1948,-0.2893,0.2697
Pemukiman_14,Pemukiman,0.0649,0.074,0.0916,0.1337,0.2441,0.1869,-0.2874,0.2922
Pemukiman_14,Pemukiman,0.0861,0.0973,0.1046,0.1429,0.2441,0.1547,-0.1898,0.2615
Pemukiman_14,Pemukiman,0.0827,0.0975,0.1135,0.1451,0.2392,0.1222,-0.1962,0.2449
Pemukiman_14,Pemukiman,0.0885,0.0965,0.1086,0.1368,0.2392,0.1149,-0.1727,0.2723
Pemukiman_14,Pemukiman,0.1176,0.132,0.1404,0.1799,0.2488,0.1233,-0.1536,0.1607
Pemukiman_14,Pemukiman,0.108,0.1189,0.127,0.1797,0.2488,0.1718,-0.2036,0.1613
Pemukiman_14,Pemukiman,0.0714,0.0853,0.0874,0.1654,0.2377,0.3085,-0.3195,0.1794
Pemukiman_14,Pemukiman,0.0988,0.1119,0.1038,0.1849,0.2377,0.2809,-0.246,0.1249
Pemukiman_14,Pemukiman,0.0897,0.0982,0.1051,0.1622,0.2446,0.2136,-0.2458,0.2026
Pemukiman_14,Pemukiman,0.088,0.0953,0.1049,0.1603,0.2446,0.2089,-0.2543,0.2082
Pemukiman_14,Pemukiman,0.0805,0.095,0.1073,0.1694,0.2385,0.2244,-0.2814,0.1694
Pemukiman_14,Pemukiman,0.0794,0.0927,0.0988,0.1549,0.2385,0.2211,-0.2512,0.2125
Pemukiman_14,Pemukiman,0.0641,0.0794,0.0786,0.1721,0.2279,0.373,-0.3686,0.1395
Pemukiman_14,Pemukiman,0.0624,0.0772,0.0716,0.2118,0.2279,0.4947,-0.4657,0.0366
Pemukiman_14,Pemukiman,0.0922,0.1061,0.1073,0.2012,0.2169,0.3044,-0.3095,0.0376
Pemukiman_14,Pemukiman,0.096,0.1102,0.1133,0.1774,0.2169,0.2205,-0.2337,0.1002
Pemukiman_14,Pemukiman,0.0819,0.0952,0.0976,0.168,0.2124,0.2651,-0.2766,0.1167
Pemukiman_14,Pemukiman,0.0827,0.0919,0.0952,0.1679,0.2124,0.2763,-0.2925,0.117
Pemukiman_14,Pemukiman,0.0935,0.102,0.106,0.1848,0.2422,0.271,-0.2887,0.1344
Pemukiman_14,Pemukiman,0.1161,0.1324,0.139,0.1872,0.2422,0.1478,-0.1715,0.1281
Pemukiman_14,Pemukiman,0.1227,0.1407,0.1454,0.2036,0.2584,0.1668,-0.1827,0.1186
Pemukiman_14,Pemukiman,0.1047,0.1172,0.1276,0.1874,0.2584,0.1898,-0.2305,0.1593
Pemukiman_14,Pemukiman,0.0909,0.1038,0.1102,0.1942,0.2433,0.276,-0.3034,0.1122
Pemukiman_14,Pemukiman,0.0834,0.1049,0.1021,0.2301,0.2433,0.3853,-0.3737,0.0279
Pemukiman_14,Pemukiman,0.0728,0.0881,0.085,0.2264,0.2197,0.4541,-0.4397,-0.015
Pemukiman_14,Pemukiman,0.0654,0.0808,0.0766,0.2441,0.2197,0.5223,-0.5026,-0.0526
Pemukiman_14,Pemukiman,0.0765,0.0803,0.0828,0.1406,0.1765,0.2587,-0.273,0.1132
Pemukiman_14,Pemukiman,0.0715,0.08,0.0782,0.1362,0.1535,0.2705,-0.2599,0.0597
Pemukiman_14,Pemukiman,0.0636,0.0703,0.075,0.1454,0.1535,0.3194,-0.3482,0.0271
Pemukiman_14,Pemukiman,0.0684,0.081,0.0941,0.1615,0.1924,0.2637,-0.332,0.0873
Pemukiman_14,Pemukiman,0.0685,0.0873,0.1189,0.1832,0.1924,0.2128,-0.3545,0.0245
Pemukiman_14,Pemukiman,0.0608,0.0867,0.1259,0.2158,0.2387,0.2631,-0.4268,0.0504
Pemukiman_14,Pemukiman,0.0743,0.0852,0.1047,0.1912,0.2387,0.2923,-0.3835,0.1105
Pemukiman_14,Pemukiman,0.0547,0.0731,0.0935,0.1757,0.2261,0.3053,-0.4124,0.1254
Pemukiman_14,Pemukiman,0.0534,0.0678,0.0887,0.1602,0.2261,0.2873,-0.4053,0.1706
Pemukiman_14,Pemukiman,0.0559,0.0625,0.066,0.1472,0.201,0.3809,-0.4039,0.1545
Pemukiman_14,Pemukiman,0.0625,0.0704,0.0767,0.1392,0.201,0.2895,-0.3282,0.1817
Pemukiman_14,Pemukiman,0.0694,0.0784,0.0885,0.1262,0.2172,0.1756,-0.2336,0.265
Pemukiman_14,Pemukiman,0.0813,0.0895,0.1055,0.1311,0.2172,0.1082,-0.1886,0.2472
Pemukiman_14,Pemukiman,0.0872,0.1004,0.1138,0.1473,0.2592,0.1283,-0.1893,0.2753
Pemukiman_14,Pemukiman,0.124,0.1325,0.1407,0.1707,0.2592,0.0963,-0.126,0.2059
Pemukiman_14,Pemukiman,0.1239,0.1348,0.1432,0.1986,0.2621,0.1621,-0.1914,0.1378
Pemukiman_14,Pemukiman,0.0895,0.1047,0.1085,0.1874,0.2621,0.2666,-0.2831,0.1662
Pemukiman_14,Pemukiman,0.1027,0.1135,0.1134,0.1702,0.2263,0.2003,-0.1999,0.1415
Pemukiman_14,Pemukiman,0.0896,0.0974,0.0943,0.1614,0.2263,0.2624,-0.2473,0.1674
Pemukiman_14,Pemukiman,0.0649,0.0823,0.0735,0.2062,0.2251,0.4744,-0.4295,0.0438
Pemukiman_14,Pemukiman,0.0554,0.0779,0.0712,0.2204,0.2251,0.5117,-0.4777,0.0105
Pemukiman_14,Pemukiman,0.1064,0.1256,0.1221,0.2345,0.2087,0.3152,-0.3024,-0.0582
Pemukiman_14,Pemukiman,0.0931,0.1093,0.112,0.1965,0.2087,0.2739,-0.2852,0.0301
Pemukiman_14,Pemukiman,0.0832,0.0903,0.0889,0.1663,0.202,0.3033,-0.2962,0.0969
Pemukiman_14,Pemukiman,0.0972,0.1098,0.1105,0.1624,0.202,0.1902,-0.1932,0.1087
Pemukiman_14,Pemukiman,0.0762,0.0889,0.095,0.1496,0.2046,0.2232,-0.2545,0.1553
Pemukiman_14,Pemukiman,0.065,0.0733,0.0724,0.1616,0.2046,0.3812,-0.3759,0.1174
Pemukiman_14,Pemukiman,0.0646,0.0734,0.0734,0.1413,0.1765,0.3163,-0.3163,0.1108
Pemukiman_16,Pemukiman,0.0921,0.11,0.115,0.175,0.2455,0.2069,-0.2281,0.1677
Pemukiman_16,Pemukiman,0.1317,0.1453,0.1519,0.1989,0.2455,0.134,-0.1557,0.1049
Pemukiman_16,Pemukiman,0.129,0.1516,0.1561,0.2414,0.2976,0.2146,-0.2285,0.1043
Pemukiman_16,Pemukiman,0.1304,0.1582,0.1633,0.2622,0.2976,0.2324,-0.2474,0.0632
Pemukiman_16,Pemukiman,0.1263,0.1536,0.1613,0.2474,0.3187,0.2107,-0.2339,0.1259
Pemukiman_16,Pemukiman,0.1207,0.1486,0.163,0.2504,0.3187,0.2114,-0.2551,0.12
Pemukiman_16,Pemukiman,0.1133,0.1376,0.1476,0.2441,0.3025,0.2464,-0.279,0.1068
Pemukiman_16,Pemukiman,0.1024,0.1218,0.1389,0.202,0.3025,0.1851,-0.2477,0.1992
Pemukiman_16,Pemukiman,0.0881,0.1056,0.1211,0.198,0.2682,0.241,-0.3043,0.1506
Pemukiman_16,Pemukiman,0.0614,0.0862,0.0841,0.2458,0.2682,0.4901,-0.4807,0.0436
Pemukiman_16,Pemukiman,0.0676,0.098,0.0973,0.2644,0.257,0.462,-0.4592,-0.0142
Pemukiman_16,Pemukiman,0.1628,0.1969,0.2098,0.2938,0.257,0.1668,-0.1975,-0.0668
Pemukiman_16,Pemukiman,0.125,0.1625,0.1939,0.2993,0.2521,0.2137,-0.2962,-0.0856
Pemukiman_16,Pemukiman,0.0536,0.0778,0.0865,0.2491,0.2521,0.4845,-0.524,0.006
Pemukiman_16,Pemukiman,0.0915,0.1108,0.1243,0.1626,0.2563,0.1335,-0.1895,0.2237
Pemukiman_16,Pemukiman,0.1561,0.1786,0.1973,0.2131,0.2563,0.0385,-0.0881,0.092
Pemukiman_16,Pemukiman,0.2252,0.2502,0.2593,0.2681,0.4011,0.0167,-0.0345,0.1987
Pemukiman_16,Pemukiman,0.2322,0.2593,0.2654,0.2817,0.4011,0.0298,-0.0414,0.1749
Pemukiman_16,Pemukiman,0.2362,0.2639,0.2761,0.2871,0.4041,0.0195,-0.0421,0.1693
Pemukiman_16,Pemukiman,0.2352,0.2658,0.2778,0.2908,0.4041,0.0229,-0.0449,0.163
Pemukiman_16,Pemukiman,0.2255,0.2634,0.2686,0.2903,0.3667,0.0388,-0.0486,0.1163
Pemukiman_16,Pemukiman,0.2252,0.2546,0.2605,0.2769,0.3667,0.0305,-0.042,0.1395
Pemukiman_16,Pemukiman,0.1713,0.1888,0.2021,0.2354,0.304,0.0761,-0.1099,0.1272
Pemukiman_16,Pemukiman,0.0941,0.1152,0.1384,0.2214,0.304,0.2307,-0.3155,0.1572
Pemukiman_16,Pemukiman,0.0927,0.1209,0.1532,0.2564,0.2844,0.252,-0.3591,0.0518
Pemukiman_16,Pemukiman,0.1346,0.1688,0.201,0.2615,0.2844,0.1308,-0.2154,0.0419
Pemukiman_16,Pemukiman,0.0933,0.1217,0.153,0.2707,0.2658,0.2778,-0.3797,-0.0091
Pemukiman_16,Pemukiman,0.0558,0.0758,0.0887,0.2498,0.2658,0.4759,-0.5344,0.031
Pemukiman_16,Pemukiman,0.0949,0.1151,0.1218,0.1613,0.2563,0.1395,-0.1671,0.2275
Pemukiman_16,Pemukiman,0.1455,0.1716,0.1886,0.202,0.2563,0.0343,-0.0814,0.1185
Pemukiman_16,Pemukiman,0.2102,0.235,0.2479,0.2423,0.4011,-0.0114,-0.0153,0.2468
Pemukiman_16,Pemukiman,0.2247,0.2468,0.2537,0.2534,0.4011,-0.0006,-0.0132,0.2257
Pemukiman_16,Pemukiman,0.2385,0.259,0.2671,0.2629,0.4041,-0.0079,-0.0075,0.2117
Pemukiman_16,Pemukiman,0.2305,0.2512,0.2488,0.2576,0.4041,0.0174,-0.0126,0.2214
Pemukiman_16,Pemukiman,0.1979,0.218,0.2227,0.2363,0.3667,0.0296,-0.0403,0.2163
Pemukiman_16,Pemukiman,0.1915,0.2161,0.2218,0.2438,0.3667,0.0473,-0.0602,0.2013
Pemukiman_16,Pemukiman,0.1575,0.1758,0.1794,0.2368,0.304,0.1379,-0.1478,0.1243
Pemukiman_16,Pemukiman,0.095,0.1172,0.1382,0.21,0.304,0.2062,-0.2836,0.1829
Pemukiman_16,Pemukiman,0.0928,0.1224,0.1616,0.2229,0.2844,0.1594,-0.2911,0.1212
Pemukiman_16,Pemukiman,0.075,0.1075,0.1494,0.2323,0.2844,0.2172,-0.3673,0.1008
Pemukiman_16,Pemukiman,0.0665,0.098,0.1273,0.2536,0.2658,0.3316,-0.4425,0.0235
Pemukiman_16,Pemukiman,0.0596,0.0812,0.0927,0.2466,0.2658,0.4536,-0.5046,0.0375
Pemukiman_16,Pemukiman,0.0516,0.0684,0.0718,0.2138,0.2057,0.4972,-0.5152,-0.0193
Pemukiman_16,Pemukiman,0.0956,0.1147,0.1161,0.1675,0.2381,0.1812,-0.1871,0.1741
Pemukiman_16,Pemukiman,0.1488,0.1682,0.1818,0.1913,0.2381,0.0255,-0.0643,0.109
Pemukiman_16,Pemukiman,0.1859,0.2063,0.2189,0.2167,0.3617,-0.0051,-0.0246,0.2507
Pemukiman_16,Pemukiman,0.1852,0.2064,0.2264,0.2286,0.3617,0.0048,-0.051,0.2255
Pemukiman_16,Pemukiman,0.1752,0.2012,0.2175,0.2181,0.3358,0.0014,-0.0403,0.2125
Pemukiman_16,Pemukiman,0.1375,0.1556,0.1573,0.2094,0.3358,0.1421,-0.1474,0.2318
Pemukiman_16,Pemukiman,0.0967,0.1157,0.1118,0.2151,0.2742,0.316,-0.3005,0.1208
Pemukiman_16,Pemukiman,0.0888,0.1104,0.1105,0.2213,0.2742,0.3339,-0.3343,0.1068
Pemukiman_16,Pemukiman,0.0757,0.0974,0.0923,0.2387,0.2474,0.4423,-0.4204,0.0179
Pemukiman_16,Pemukiman,0.0716,0.0907,0.094,0.2373,0.2474,0.4325,-0.4469,0.0208
Pemukiman_16,Pemukiman,0.0953,0.116,0.1375,0.2109,0.267,0.2107,-0.2903,0.1174
Pemukiman_16,Pemukiman,0.074,0.0964,0.1233,0.2207,0.267,0.2831,-0.392,0.0949
Pemukiman_16,Pemukiman,0.0714,0.1005,0.1262,0.2437,0.2644,0.3177,-0.416,0.0407
Pemukiman_16,Pemukiman,0.0573,0.0759,0.0881,0.2383,0.2644,0.4602,-0.5169,0.0519
Pemukiman_16,Pemukiman,0.0489,0.0709,0.0661,0.2336,0.2062,0.5589,-0.5343,-0.0623
Pemukiman_16,Pemukiman,0.0392,0.0601,0.0452,0.2778,0.2062,0.7201,-0.6443,-0.1479
Pemukiman_16,Pemukiman,0.087,0.1047,0.1039,0.2024,0.2381,0.3216,-0.3181,0.081
Pemukiman_16,Pemukiman,0.1782,0.1838,0.1917,0.2197,0.2381,0.0681,-0.089,0.0402
Pemukiman_16,Pemukiman,0.2549,0.2788,0.2695,0.2705,0.3617,0.0019,0.0151,0.1443
Pemukiman_16,Pemukiman,0.2925,0.3137,0.2959,0.3027,0.3617,0.0114,0.0178,0.0888
Pemukiman_16,Pemukiman,0.2551,0.2664,0.26,0.2739,0.3358,0.026,-0.0139,0.1015
Pemukiman_16,Pemukiman,0.1248,0.1473,0.1418,0.2396,0.3358,0.2564,-0.2386,0.1672
Pemukiman_16,Pemukiman,0.055,0.0801,0.0754,0.2512,0.2742,0.5383,-0.5164,0.0438
Pemukiman_16,Pemukiman,0.0579,0.0812,0.0774,0.2258,0.2742,0.4894,-0.471,0.0968
Pemukiman_16,Pemukiman,0.0441,0.0634,0.0602,0.2295,0.2474,0.5844,-0.5671,0.0375
Pemukiman_16,Pemukiman,0.047,0.0697,0.0626,0.2743,0.2474,0.6284,-0.5948,-0.0516
Pemukiman_16,Pemukiman,0.0732,0.0929,0.1116,0.2303,0.267,0.3472,-0.4251,0.0738
Pemukiman_16,Pemukiman,0.0751,0.0972,0.1305,0.214,0.267,0.2424,-0.3753,0.1102
Pemukiman_16,Pemukiman,0.0833,0.1042,0.1267,0.215,0.2644,0.2584,-0.3471,0.103
Pemukiman_16,Pemukiman,0.0802,0.0944,0.0993,0.2084,0.2644,0.3546,-0.3765,0.1184
Pemukiman_16,Pemukiman,0.049,0.0712,0.0603,0.2505,0.2062,0.612,-0.5573,-0.097
Pemukiman_16,Pemukiman,0.0399,0.0593,0.043,0.2971,0.2062,0.7471,-0.6672,-0.1806
Pemukiman_16,Pemukiman,0.0626,0.0812,0.0728,0.262,0.2202,0.5651,-0.5268,-0.0867
Pemukiman_16,Pemukiman,0.0963,0.1121,0.1066,0.2496,0.2202,0.4015,-0.3801,-0.0626
Pemukiman_16,Pemukiman,0.1384,0.1539,0.152,0.2698,0.2837,0.2793,-0.2735,0.0251
Pemukiman_16,Pemukiman,0.1621,0.1862,0.1953,0.3062,0.2837,0.2211,-0.2437,-0.0381
Pemukiman_16,Pemukiman,0.1731,0.2014,0.1995,0.3018,0.2843,0.2041,-0.1995,-0.0299
Pemukiman_16,Pemukiman,0.1179,0.1389,0.135,0.2472,0.2843,0.2936,-0.2805,0.0698
Pemukiman_16,Pemukiman,0.0679,0.0967,0.134,0.2534,0.2877,0.3082,-0.4476,0.0634
Pemukiman_16,Pemukiman,0.0749,0.1114,0.164,0.278,0.2877,0.2579,-0.4278,0.0171
Pemukiman_16,Pemukiman,0.0567,0.0833,0.1001,0.222,0.2866,0.3785,-0.4543,0.127
Pemukiman_16,Pemukiman,0.0518,0.0693,0.0767,0.2329,0.2866,0.5045,-0.5414,0.1034
Pemukiman_16,Pemukiman,0.0714,0.0934,0.1271,0.2241,0.2964,0.2762,-0.4117,0.1389
Pemukiman_16,Pemukiman,0.0815,0.1094,0.1663,0.2228,0.2964,0.1452,-0.3414,0.1418
Pemukiman_16,Pemukiman,0.0775,0.1065,0.147,0.2087,0.2622,0.1735,-0.3242,0.1136
Pemukiman_16,Pemukiman,0.0989,0.1118,0.1082,0.1982,0.2622,0.2937,-0.2787,0.139
Pemukiman_16,Pemukiman,0.0446,0.0691,0.057,0.2764,0.2138,0.6581,-0.6,-0.1277
Pemukiman_16,Pemukiman,0.041,0.0664,0.046,0.3193,0.2138,0.7482,-0.6557,-0.1979
Pemukiman_16,Pemukiman,0.0394,0.0596,0.0422,0.2878,0.2099,0.7442,-0.6569,-0.1565
Pemukiman_16,Pemukiman,0.0638,0.0876,0.0823,0.2561,0.2202,0.5136,-0.4903,-0.0754
Pemukiman_16,Pemukiman,0.0639,0.083,0.0822,0.2693,0.2202,0.5323,-0.5288,-0.1003
Pemukiman_16,Pemukiman,0.0544,0.0745,0.069,0.2413,0.2837,0.5553,-0.5282,0.0808
Pemukiman_16,Pemukiman,0.0561,0.0835,0.0745,0.2603,0.2837,0.555,-0.5143,0.043
Pemukiman_16,Pemukiman,0.0573,0.0904,0.0772,0.2703,0.2843,0.5557,-0.4988,0.0252
Pemukiman_16,Pemukiman,0.0722,0.0911,0.0939,0.2244,0.2843,0.41,-0.4225,0.1178
Pemukiman_16,Pemukiman,0.0633,0.0992,0.1495,0.2353,0.2877,0.223,-0.4069,0.1002
Pemukiman_16,Pemukiman,0.0839,0.1244,0.2025,0.2704,0.2877,0.1436,-0.3698,0.031
Pemukiman_16,Pemukiman,0.106,0.1247,0.1636,0.2274,0.2866,0.1632,-0.2917,0.1152
Pemukiman_16,Pemukiman,0.0817,0.1013,0.1404,0.2082,0.2866,0.1945,-0.3454,0.1584
Pemukiman_16,Pemukiman,0.0764,0.1072,0.1677,0.2271,0.2964,0.1505,-0.3587,0.1324
Pemukiman_16,Pemukiman,0.0884,0.1116,0.1593,0.2092,0.2964,0.1354,-0.3042,0.1725
Pemukiman_16,Pemukiman,0.0695,0.0944,0.1187,0.2075,0.2622,0.2722,-0.3746,0.1165
Pemukiman_16,Pemukiman,0.0679,0.0825,0.0809,0.1935,0.2622,0.4103,-0.4022,0.1508
Pemukiman_16,Pemukiman,0.0418,0.0658,0.0545,0.2729,0.2138,0.6671,-0.6115,-0.1214
Pemukiman_16,Pemukiman,0.0456,0.0727,0.0617,0.3228,0.2138,0.6791,-0.6324,-0.2031
Pemukiman_16,Pemukiman,0.0379,0.0674,0.0477,0.2993,0.2099,0.7251,-0.6324,-0.1756
Pemukiman_16,Pemukiman,0.079,0.0948,0.0972,0.2135,0.2249,0.3743,-0.385,0.026
Pemukiman_16,Pemukiman,0.0912,0.1082,0.1141,0.2178,0.2249,0.3124,-0.3362,0.016
Pemukiman_16,Pemukiman,0.0803,0.0985,0.1037,0.2245,0.2506,0.3681,-0.3901,0.0549
Pemukiman_16,Pemukiman,0.0746,0.0965,0.0997,0.2494,0.2506,0.4288,-0.442,0.0024
Pemukiman_16,Pemukiman,0.0607,0.084,0.0789,0.2479,0.2417,0.5171,-0.4938,-0.0127
Pemukiman_16,Pemukiman,0.0524,0.0704,0.0737,0.2256,0.2417,0.5075,-0.5243,0.0345
Pemukiman_16,Pemukiman,0.1011,0.123,0.1505,0.2505,0.2773,0.2494,-0.3414,0.0508
Pemukiman_16,Pemukiman,0.1122,0.1399,0.1749,0.2476,0.2773,0.1721,-0.2779,0.0566
Pemukiman_16,Pemukiman,0.137,0.1538,0.162,0.2354,0.3017,0.1847,-0.2097,0.1234
Pemukiman_16,Pemukiman,0.124,0.1436,0.1747,0.2303,0.3017,0.1373,-0.2319,0.1342
Pemukiman_16,Pemukiman,0.0837,0.1136,0.1627,0.2211,0.3016,0.1522,-0.3212,0.154
Pemukiman_16,Pemukiman,0.0794,0.101,0.1174,0.1956,0.3016,0.2498,-0.3189,0.2132
Pemukiman_16,Pemukiman,0.0641,0.0873,0.0931,0.2256,0.2541,0.4158,-0.442,0.0594
Pemukiman_16,Pemukiman,0.0572,0.0739,0.0775,0.2283,0.2541,0.4931,-0.5109,0.0535
Pemukiman_16,Pemukiman,0.0503,0.0703,0.0684,0.2636,0.2258,0.588,-0.5789,-0.0772
Pemukiman_16,Pemukiman,0.0488,0.0745,0.066,0.285,0.2258,0.6239,-0.5855,-0.1159
Pemukiman_16,Pemukiman,0.0584,0.0863,0.0773,0.3164,0.2713,0.6073,-0.5714,-0.0767
Pemukiman_16,Pemukiman,0.0759,0.1004,0.0922,0.3364,0.2713,0.5698,-0.5403,-0.1071
Pemukiman_16,Pemukiman,0.1323,0.1532,0.1639,0.2135,0.2249,0.1314,-0.1644,0.026
Pemukiman_16,Pemukiman,0.1253,0.1489,0.1597,0.2386,0.2506,0.1981,-0.2315,0.0245
Pemukiman_16,Pemukiman,0.0913,0.1184,0.1187,0.2628,0.2506,0.3777,-0.3788,-0.0238
Pemukiman_16,Pemukiman,0.0576,0.0817,0.0756,0.2412,0.2417,0.5227,-0.494,0.001
Pemukiman_16,Pemukiman,0.0598,0.0791,0.0891,0.2337,0.2417,0.448,-0.4942,0.0168
Pemukiman_16,Pemukiman,0.1185,0.1516,0.1931,0.2749,0.2773,0.1748,-0.2891,0.0043
Pemukiman_16,Pemukiman,0.1141,0.1361,0.1536,0.2629,0.2773,0.2624,-0.3178,0.0267
Pemukiman_16,Pemukiman,0.0886,0.0998,0.1048,0.2374,0.3017,0.3875,-0.4081,0.1193
Pemukiman_16,Pemukiman,0.097,0.1166,0.1329,0.2213,0.3017,0.2496,-0.3099,0.1537
Pemukiman_16,Pemukiman,0.0963,0.1111,0.1498,0.2054,0.3016,0.1565,-0.2979,0.1897
Pemukiman_16,Pemukiman,0.1121,0.1271,0.1431,0.2195,0.3016,0.2107,-0.2666,0.1576
Pemukiman_16,Pemukiman,0.0933,0.1175,0.1233,0.2271,0.2541,0.2962,-0.318,0.0561
Pemukiman_16,Pemukiman,0.0721,0.0886,0.088,0.1997,0.2541,0.3883,-0.3854,0.1199
Pemukiman_16,Pemukiman,0.0615,0.0756,0.0779,0.1844,0.2258,0.406,-0.4185,0.1009
Pemukiman_16,Pemukiman,0.0454,0.0674,0.0691,0.2224,0.2258,0.5259,-0.5348,0.0076
Pemukiman_16,Pemukiman,0.1097,0.13,0.1467,0.3003,0.2713,0.3436,-0.3958,-0.0507
Pemukiman_16,Pemukiman,0.1873,0.2185,0.2277,0.3457,0.2713,0.2058,-0.2255,-0.1206
Pemukiman_16,Pemukiman,0.2063,0.2224,0.217,0.2715,0.2304,0.1116,-0.0994,-0.0819
Pemukiman_16,Pemukiman,0.2123,0.2182,0.2275,0.3027,0.2466,0.1418,-0.1622,-0.1021
Pemukiman_16,Pemukiman,0.1297,0.1545,0.1463,0.3028,0.2466,0.3485,-0.3243,-0.1023
Pemukiman_16,Pemukiman,0.058,0.0805,0.075,0.2593,0.2371,0.5513,-0.5262,-0.0447
Pemukiman_16,Pemukiman,0.0794,0.099,0.0979,0.2316,0.2371,0.4058,-0.4011,0.0117
Pemukiman_16,Pemukiman,0.1112,0.1366,0.1627,0.2551,0.2678,0.2212,-0.3025,0.0243
Pemukiman_16,Pemukiman,0.0769,0.1035,0.1115,0.2592,0.2678,0.3984,-0.4293,0.0163
Pemukiman_16,Pemukiman,0.0967,0.1238,0.1328,0.2629,0.3076,0.3288,-0.3597,0.0784
Pemukiman_16,Pemukiman,0.0972,0.1252,0.1488,0.2397,0.3076,0.234,-0.3138,0.1241
Pemukiman_16,Pemukiman,0.0824,0.1081,0.1603,0.2074,0.3165,0.1281,-0.3147,0.2082
Pemukiman_16,Pemukiman,0.144,0.163,0.189,0.2306,0.3165,0.0991,-0.1717,0.157
Pemukiman_16,Pemukiman,0.152,0.1702,0.1798,0.2307,0.2865,0.124,-0.1509,0.1079
Pemukiman_16,Pemukiman,0.0956,0.1105,0.1323,0.1924,0.2865,0.1851,-0.2704,0.1965
Pemukiman_16,Pemukiman,0.0837,0.097,0.1075,0.1737,0.2478,0.2354,-0.2833,0.1758
Pemukiman_16,Pemukiman,0.0685,0.0867,0.0815,0.2203,0.2478,0.4599,-0.4352,0.0587
Pemukiman_16,Pemukiman,0.1109,0.1302,0.123,0.27,0.2887,0.374,-0.3493,0.0335
Pemukiman_16,Pemukiman,0.1865,0.2094,0.213,0.2656,0.2887,0.1099,-0.1183,0.0417
Pemukiman_16,Pemukiman,0.1078,0.1359,0.1668,0.248,0.2873,0.1958,-0.292,0.0734
Pemukiman_16,Pemukiman,0.1433,0.1563,0.1494,0.2544,0.2304,0.26,-0.2389,-0.0495
Pemukiman_16,Pemukiman,0.1197,0.1435,0.1327,0.2934,0.2466,0.3771,-0.3431,-0.0867
Pemukiman_16,Pemukiman,0.0867,0.1132,0.1097,0.2737,0.2466,0.4278,-0.4148,-0.0521
Pemukiman_16,Pemukiman,0.0544,0.0812,0.066,0.2423,0.2371,0.5718,-0.498,-0.0108
Pemukiman_16,Pemukiman,0.0768,0.0944,0.0925,0.2025,0.2371,0.3729,-0.3641,0.0787
Pemukiman_16,Pemukiman,0.0862,0.1155,0.1625,0.2295,0.2678,0.1709,-0.3304,0.077
Pemukiman_16,Pemukiman,0.0663,0.096,0.1254,0.2283,0.2678,0.2909,-0.408,0.0796
Pemukiman_16,Pemukiman,0.1257,0.1523,0.1967,0.2683,0.3076,0.154,-0.2758,0.0682
Pemukiman_16,Pemukiman,0.1192,0.147,0.2012,0.2639,0.3076,0.1348,-0.2845,0.0765
Pemukiman_16,Pemukiman,0.0879,0.1084,0.1425,0.2003,0.3165,0.1686,-0.2977,0.2248
Pemukiman_16,Pemukiman,0.1495,0.1678,0.1746,0.219,0.3165,0.1128,-0.1324,0.1821
Pemukiman_16,Pemukiman,0.149,0.1666,0.1785,0.2234,0.2865,0.1117,-0.1456,0.1237
Pemukiman_16,Pemukiman,0.0811,0.1061,0.1504,0.1992,0.2865,0.1396,-0.3049,0.1797
Pemukiman_16,Pemukiman,0.0901,0.1068,0.131,0.1725,0.2478,0.1367,-0.2352,0.1792
Pemukiman_16,Pemukiman,0.0912,0.1063,0.1033,0.1708,0.2478,0.2463,-0.2328,0.1839
Pemukiman_16,Pemukiman,0.0702,0.0848,0.0954,0.1653,0.2887,0.2681,-0.3219,0.2718
Pemukiman_16,Pemukiman,0.1411,0.1475,0.1602,0.2026,0.2887,0.1169,-0.1574,0.1752
Pemukiman_16,Pemukiman,0.1576,0.1748,0.1915,0.2488,0.2873,0.1301,-0.1747,0.0718
Pemukiman_16,Pemukiman,0.1064,0.13,0.1423,0.2654,0.2873,0.3019,-0.3424,0.0396
Pemukiman_16,Pemukiman,0.0983,0.1177,0.1236,0.1969,0.19,0.2287,-0.2517,-0.0178
Pemukiman_16,Pemukiman,0.0866,0.1107,0.1153,0.2198,0.2268,0.3118,-0.3301,0.0157
Pemukiman_16,Pemukiman,0.0876,0.1159,0.1218,0.225,0.2268,0.2976,-0.32,0.004
Pemukiman_16,Pemukiman,0.0762,0.0978,0.1003,0.2009,0.2349,0.334,-0.3452,0.078
Pemukiman_16,Pemukiman,0.069,0.0796,0.0954,0.1633,0.2349,0.2625,-0.3446,0.1798
Pemukiman_16,Pemukiman,0.0702,0.0983,0.1477,0.1978,0.252,0.145,-0.336,0.1205
Pemukiman_16,Pemukiman,0.0684,0.0951,0.1335,0.1987,0.252,0.1963,-0.3526,0.1183
Pemukiman_16,Pemukiman,0.0729,0.1061,0.177,0.2213,0.2735,0.1112,-0.3519,0.1055
Pemukiman_16,Pemukiman,0.0921,0.1287,0.1946,0.2573,0.2735,0.1387,-0.3332,0.0305
Pemukiman_16,Pemukiman,0.0818,0.1049,0.1144,0.2138,0.2711,0.3029,-0.3417,0.1182
Pemukiman_16,Pemukiman,0.1132,0.122,0.1294,0.1824,0.2711,0.17,-0.1984,0.1956
Pemukiman_16,Pemukiman,0.1028,0.1178,0.1406,0.1758,0.2833,0.1113,-0.1975,0.2342
Pemukiman_16,Pemukiman,0.0732,0.0978,0.1346,0.1798,0.2833,0.1438,-0.2954,0.2235
Pemukiman_16,Pemukiman,0.0904,0.1036,0.1221,0.1621,0.2835,0.1407,-0.2202,0.2724
Pemukiman_16,Pemukiman,0.0719,0.0809,0.0982,0.134,0.2835,0.1542,-0.2471,0.3581
Pemukiman_16,Pemukiman,0.0693,0.0763,0.0981,0.1367,0.2894,0.1644,-0.2836,0.3584
Pemukiman_16,Pemukiman,0.1218,0.1396,0.1497,0.2106,0.2894,0.169,-0.2027,0.1576
Pemukiman_16,Pemukiman,0.1577,0.1769,0.1848,0.2457,0.2849,0.1415,-0.1628,0.0739
Pemukiman_16,Pemukiman,0.0892,0.1066,0.1104,0.2397,0.2849,0.3693,-0.3843,0.0862
Pemukiman_16,Pemukiman,0.0853,0.0989,0.1159,0.1678,0.19,0.1829,-0.2583,0.062
Pemukiman_16,Pemukiman,0.1112,0.1387,0.1597,0.1874,0.2268,0.0798,-0.1493,0.0951
Pemukiman_16,Pemukiman,0.1201,0.157,0.179,0.2041,0.2268,0.0655,-0.1304,0.0527
Pemukiman_16,Pemukiman,0.1128,0.1418,0.1569,0.1884,0.2349,0.0912,-0.1411,0.1099
Pemukiman_16,Pemukiman,0.0972,0.1185,0.129,0.1807,0.2349,0.1669,-0.2079,0.1304
Pemukiman_16,Pemukiman,0.0887,0.1091,0.1246,0.1818,0.252,0.1867,-0.2499,0.1618
Pemukiman_16,Pemukiman,0.0924,0.1121,0.1204,0.1704,0.252,0.1719,-0.2064,0.1932
Pemukiman_16,Pemukiman,0.0808,0.0974,0.1324,0.1655,0.2735,0.1111,-0.259,0.246
Pemukiman_16,Pemukiman,0.0697,0.1056,0.1503,0.2125,0.2735,0.1714,-0.3361,0.1255
Pemukiman_16,Pemukiman,0.0919,0.1098,0.1215,0.2234,0.2711,0.2954,-0.3409,0.0965
Pemukiman_16,Pemukiman,0.1121,0.118,0.1299,0.1786,0.2711,0.1579,-0.2043,0.2057
Pemukiman_16,Pemukiman,0.0717,0.0997,0.1335,0.1692,0.2833,0.1179,-0.2585,0.2522
Pemukiman_16,Pemukiman,0.08,0.1088,0.1692,0.2084,0.2833,0.1038,-0.314,0.1523
Pemukiman_16,Pemukiman,0.0867,0.1071,0.1438,0.1895,0.2835,0.1371,-0.2778,0.1987
Pemukiman_16,Pemukiman,0.0725,0.0942,0.1377,0.1813,0.2835,0.1367,-0.3162,0.2199
Pemukiman_16,Pemukiman,0.1473,0.1572,0.1974,0.2427,0.2894,0.1029,-0.2138,0.0878
Pemukiman_16,Pemukiman,0.1366,0.1569,0.1779,0.2705,0.2894,0.2065,-0.2658,0.0338
Pemukiman_16,Pemukiman,0.1088,0.1329,0.1543,0.2316,0.2849,0.2003,-0.2708,0.1032
Pemukiman_16,Pemukiman,0.095,0.1102,0.1172,0.2195,0.2849,0.3038,-0.3315,0.1297
Pemukiman_16,Pemukiman,0.0633,0.0816,0.0906,0.179,0.1875,0.3279,-0.3738,0.0232
Pemukiman_16,Pemukiman,0.0899,0.1152,0.1445,0.1797,0.2562,0.1086,-0.2187,0.1755
Pemukiman_16,Pemukiman,0.0945,0.1252,0.175,0.1996,0.2562,0.0657,-0.2291,0.1242
Pemukiman_16,Pemukiman,0.1032,0.1285,0.152,0.1887,0.2427,0.1077,-0.1898,0.1252
Pemukiman_16,Pemukiman,0.1044,0.1272,0.1349,0.1941,0.2427,0.1799,-0.2082,0.1113
Pemukiman_16,Pemukiman,0.082,0.0958,0.1058,0.1683,0.2045,0.228,-0.2745,0.0971
Pemukiman_16,Pemukiman,0.0786,0.0916,0.0983,0.1655,0.2045,0.2547,-0.2874,0.1054
Pemukiman_16,Pemukiman,0.0722,0.087,0.0931,0.1631,0.1995,0.2732,-0.3043,0.1004
Pemukiman_16,Pemukiman,0.0706,0.0839,0.0956,0.1572,0.1995,0.2437,-0.304,0.1186
Pemukiman_16,Pemukiman,0.0979,0.1144,0.1213,0.1737,0.2326,0.1776,-0.2058,0.145
Pemukiman_16,Pemukiman,0.1323,0.1425,0.1554,0.1857,0.2326,0.0888,-0.1316,0.1121
Pemukiman_16,Pemukiman,0.0927,0.1118,0.1388,0.1744,0.258,0.1137,-0.2187,0.1933
Pemukiman_16,Pemukiman,0.1154,0.135,0.1716,0.2189,0.258,0.1211,-0.2371,0.082
Pemukiman_16,Pemukiman,0.1143,0.1334,0.1615,0.2173,0.2885,0.1473,-0.2392,0.1408
Pemukiman_16,Pemukiman,0.0875,0.1125,0.1542,0.2135,0.2885,0.1613,-0.3098,0.1494
Pemukiman_16,Pemukiman,0.1273,0.159,0.2021,0.2556,0.2858,0.1169,-0.233,0.0558
Pemukiman_16,Pemukiman,0.1083,0.1406,0.1851,0.2537,0.2858,0.1563,-0.2868,0.0595
Pemukiman_16,Pemukiman,0.0941,0.1166,0.1572,0.2115,0.283,0.1473,-0.2892,0.1446
Pemukiman_16,Pemukiman,0.146,0.1703,0.1937,0.2393,0.283,0.1053,-0.1685,0.0837
Pemukiman_16,Pemukiman,0.0625,0.0786,0.0858,0.1775,0.1875,0.3483,-0.3862,0.0274
Pemukiman_16,Pemukiman,0.0787,0.0972,0.1257,0.167,0.2562,0.1411,-0.2642,0.2108
Pemukiman_16,Pemukiman,0.093,0.1158,0.1689,0.2125,0.2562,0.1143,-0.2945,0.0932
Pemukiman_16,Pemukiman,0.0998,0.1191,0.1377,0.1947,0.2427,0.1715,-0.2409,0.1097
Pemukiman_16,Pemukiman,0.1013,0.1223,0.1302,0.1998,0.2427,0.2109,-0.2406,0.0969
Pemukiman_16,Pemukiman,0.0605,0.0787,0.0809,0.2026,0.2045,0.4293,-0.4405,0.0047
Pemukiman_16,Pemukiman,0.0581,0.0772,0.0708,0.2342,0.2045,0.5357,-0.5042,-0.0677
Pemukiman_16,Pemukiman,0.0569,0.0818,0.075,0.2277,0.1995,0.5045,-0.4714,-0.066
Pemukiman_16,Pemukiman,0.0642,0.0793,0.0801,0.1654,0.1995,0.3475,-0.3519,0.0934
Pemukiman_16,Pemukiman,0.0963,0.1131,0.1262,0.1736,0.2326,0.1581,-0.211,0.1452
Pemukiman_16,Pemukiman,0.1665,0.1873,0.2054,0.231,0.2326,0.0587,-0.1045,0.0035
Pemukiman_16,Pemukiman,0.1148,0.1345,0.1497,0.1873,0.258,0.1116,-0.1641,0.1588
Pemukiman_16,Pemukiman,0.108,0.1248,0.1415,0.1919,0.258,0.1512,-0.2119,0.1469
Pemukiman_16,Pemukiman,0.1316,0.1444,0.1558,0.2288,0.2885,0.1898,-0.2262,0.1154
Pemukiman_16,Pemukiman,0.0906,0.1103,0.1295,0.2197,0.2885,0.2583,-0.3315,0.1354
Pemukiman_16,Pemukiman,0.1208,0.1349,0.1614,0.213,0.2858,0.1378,-0.2245,0.146
Pemukiman_16,Pemukiman,0.1144,0.1339,0.1592,0.2056,0.2858,0.1272,-0.2112,0.1632
Pemukiman_16,Pemukiman,0.1041,0.1266,0.1554,0.1854,0.283,0.088,-0.1885,0.2084
Pemukiman_16,Pemukiman,0.1108,0.1346,0.1736,0.2061,0.283,0.0856,-0.2099,0.1572
Pemukiman_16,Pemukiman,0.0862,0.103,0.106,0.171,0.2121,0.2347,-0.2482,0.1073
Pemukiman_16,Pemukiman,0.1062,0.1241,0.1487,0.1885,0.2865,0.118,-0.206,0.2063
Pemukiman_16,Pemukiman,0.1244,0.1537,0.1948,0.2386,0.2865,0.1011,-0.2164,0.0912
Pemukiman_16,Pemukiman,0.1077,0.1333,0.1354,0.2224,0.2596,0.2432,-0.2505,0.0772
Pemukiman_16,Pemukiman,0.1095,0.1254,0.1371,0.2256,0.2596,0.244,-0.2855,0.0701
Pemukiman_16,Pemukiman,0.0621,0.0825,0.0862,0.2335,0.2036,0.4607,-0.4778,-0.0684
Pemukiman_16,Pemukiman,0.0482,0.0762,0.0585,0.2668,0.2036,0.6403,-0.5557,-0.1344
Pemukiman_16,Pemukiman,0.0525,0.0863,0.0649,0.2825,0.1916,0.6264,-0.532,-0.1917
Pemukiman_16,Pemukiman,0.0613,0.0877,0.0783,0.231,0.1916,0.4937,-0.4496,-0.0932
Pemukiman_16,Pemukiman,0.0955,0.1156,0.1186,0.213,0.2021,0.2847,-0.2964,-0.0263
Pemukiman_16,Pemukiman,0.1509,0.1826,0.1813,0.2598,0.2021,0.178,-0.1745,-0.1249
Pemukiman_16,Pemukiman,0.1399,0.1587,0.1639,0.2423,0.2298,0.193,-0.2085,-0.0265
Pemukiman_16,Pemukiman,0.0818,0.1021,0.1127,0.1979,0.2298,0.2743,-0.3193,0.0746
Pemukiman_16,Pemukiman,0.1337,0.1508,0.1562,0.2468,0.2888,0.2248,-0.2414,0.0784
Pemukiman_16,Pemukiman,0.1081,0.1301,0.1591,0.2712,0.2888,0.2605,-0.3516,0.0314
Pemukiman_16,Pemukiman,0.1168,0.1405,0.1744,0.2278,0.2855,0.1328,-0.237,0.1124
Pemukiman_16,Pemukiman,0.114,0.1288,0.1483,0.1882,0.2855,0.1186,-0.1874,0.2054
Pemukiman_16,Pemukiman,0.1008,0.1138,0.1266,0.1719,0.2529,0.1518,-0.2034,0.1907
Pemukiman_16,Pemukiman,0.0899,0.1029,0.1243,0.1642,0.2529,0.1383,-0.2295,0.2127
Pemukiman_16,Pemukiman,0.1235,0.1425,0.1515,0.1885,0.2121,0.1088,-0.139,0.0589
Pemukiman_16,Pemukiman,0.1682,0.186,0.1906,0.2273,0.2865,0.0878,-0.0999,0.1152
Pemukiman_16,Pemukiman,0.1798,0.1935,0.206,0.2771,0.2865,0.1472,-0.1776,0.0167
Pemukiman_16,Pemukiman,0.1139,0.1388,0.1302,0.2666,0.2596,0.3437,-0.3152,-0.0133
Pemukiman_16,Pemukiman,0.1113,0.1316,0.1494,0.2486,0.2596,0.2492,-0.3077,0.0216
Pemukiman_16,Pemukiman,0.0814,0.1068,0.1389,0.2327,0.2036,0.2524,-0.3708,-0.0667
Pemukiman_16,Pemukiman,0.0605,0.0876,0.0888,0.2351,0.2036,0.4517,-0.4571,-0.0718
Pemukiman_16,Pemukiman,0.064,0.0911,0.0782,0.2549,0.1916,0.5305,-0.4734,-0.1418
Pemukiman_16,Pemukiman,0.0555,0.0828,0.0728,0.2366,0.1916,0.5294,-0.4815,-0.1051
Pemukiman_16,Pemukiman,0.0573,0.0837,0.0695,0.252,0.2021,0.5676,-0.5013,-0.1099
Pemukiman_16,Pemukiman,0.0831,0.1096,0.0976,0.2827,0.2021,0.4867,-0.4412,-0.1663
Pemukiman_16,Pemukiman,0.0927,0.1185,0.1093,0.2871,0.2298,0.4485,-0.4157,-0.1109
Pemukiman_16,Pemukiman,0.0786,0.0992,0.0927,0.2488,0.2298,0.4571,-0.4299,-0.0397
Pemukiman_16,Pemukiman,0.1169,0.1355,0.1348,0.2554,0.2888,0.3091,-0.3067,0.0614
Pemukiman_16,Pemukiman,0.1208,0.1428,0.1687,0.2632,0.2888,0.2188,-0.2966,0.0464
Pemukiman_16,Pemukiman,0.0999,0.1207,0.1617,0.2114,0.2855,0.1332,-0.2731,0.1491
Pemukiman_16,Pemukiman,0.0945,0.1098,0.1248,0.1819,0.2855,0.1862,-0.2472,0.2217
Pemukiman_16,Pemukiman,0.0832,0.0988,0.1033,0.1582,0.2529,0.2099,-0.2311,0.2304
Pemukiman_16,Pemukiman,0.1012,0.1141,0.1188,0.1877,0.1823,0.2248,-0.2439,-0.0146
Pemukiman_16,Pemukiman,0.0991,0.119,0.117,0.2141,0.217,0.2933,-0.2855,0.0067
Pemukiman_16,Pemukiman,0.1042,0.1306,0.1278,0.2522,0.217,0.3274,-0.3177,-0.075
Pemukiman_16,Pemukiman,0.0961,0.1202,0.1048,0.2766,0.2506,0.4504,-0.3942,-0.0493
Pemukiman_16,Pemukiman,0.0773,0.1031,0.1042,0.2791,0.2506,0.4563,-0.4605,-0.0538
Pemukiman_16,Pemukiman,0.0661,0.093,0.1064,0.2722,0.2244,0.4379,-0.4907,-0.0963
Pemukiman_16,Pemukiman,0.0623,0.0912,0.0825,0.2573,0.2244,0.5144,-0.4766,-0.0683
Pemukiman_16,Pemukiman,0.0748,0.1006,0.0995,0.2238,0.1857,0.3845,-0.3798,-0.093
Pemukiman_16,Pemukiman,0.055,0.0764,0.0737,0.1976,0.1857,0.4567,-0.4423,-0.031
Pemukiman_16,Pemukiman,0.0402,0.0615,0.0464,0.2476,0.1707,0.6844,-0.6021,-0.1838
Pemukiman_16,Pemukiman,0.0405,0.0695,0.0414,0.3157,0.1707,0.7681,-0.6391,-0.2981
Pemukiman_16,Pemukiman,0.048,0.075,0.0511,0.3184,0.1993,0.7234,-0.6187,-0.2301
Pemukiman_16,Pemukiman,0.0512,0.0816,0.0641,0.2786,0.1993,0.6259,-0.5469,-0.1659
Pemukiman_16,Pemukiman,0.0866,0.1089,0.1057,0.2284,0.2768,0.3673,-0.3543,0.0958
Pemukiman_16,Pemukiman,0.1445,0.163,0.1743,0.2212,0.2768,0.1186,-0.1515,0.1116
Pemukiman_16,Pemukiman,0.135,0.1501,0.1616,0.2042,0.2786,0.1165,-0.1527,0.1541
Pemukiman_16,Pemukiman,0.0951,0.1153,0.1202,0.207,0.2786,0.2653,-0.2845,0.1474
Pemukiman_16,Pemukiman,0.0802,0.0991,0.1008,0.1965,0.2468,0.3219,-0.3295,0.1135
Pemukiman_16,Pemukiman,0.0549,0.0807,0.0652,0.2206,0.217,0.5437,-0.4643,-0.0082
Pemukiman_16,Pemukiman,0.056,0.077,0.067,0.1898,0.217,0.4782,-0.4228,0.0669
Pemukiman_16,Pemukiman,0.0708,0.0887,0.0819,0.2096,0.2506,0.4381,-0.4053,0.0891
Pemukiman_16,Pemukiman,0.0628,0.0819,0.0742,0.2507,0.2506,0.5432,-0.5075,-0.0002
Pemukiman_16,Pemukiman,0.0586,0.0743,0.0678,0.258,0.2244,0.5838,-0.5528,-0.0697
Pemukiman_16,Pemukiman,0.068,0.0878,0.0813,0.2479,0.2244,0.5061,-0.4769,-0.0498
Pemukiman_16,Pemukiman,0.0811,0.1041,0.1082,0.2111,0.1857,0.3223,-0.3395,-0.064
Pemukiman_16,Pemukiman,0.0696,0.0861,0.0917,0.1775,0.1857,0.3187,-0.3467,0.0226
Pemukiman_16,Pemukiman,0.0531,0.0688,0.064,0.1809,0.1707,0.4773,-0.4489,-0.029
Pemukiman_16,Pemukiman,0.0457,0.0638,0.053,0.2268,0.1707,0.6212,-0.5609,-0.1411
Pemukiman_16,Pemukiman,0.0446,0.0626,0.0487,0.2493,0.1993,0.6732,-0.5986,-0.1115
Pemukiman_16,Pemukiman,0.0536,0.0771,0.0627,0.2424,0.1993,0.589,-0.5174,-0.0976
Pemukiman_16,Pemukiman,0.1167,0.133,0.1306,0.1975,0.2768,0.2039,-0.1952,0.1672
Pemukiman_16,Pemukiman,0.1664,0.1871,0.1909,0.2075,0.2768,0.0417,-0.0517,0.1431
Pemukiman_16,Pemukiman,0.1271,0.1473,0.1445,0.2124,0.2786,0.1902,-0.181,0.1348
Pemukiman_16,Pemukiman,0.0845,0.1042,0.1099,0.2313,0.2786,0.3558,-0.3788,0.0928
Pemukiman_16,Pemukiman,0.0685,0.0899,0.106,0.217,0.2468,0.3437,-0.4141,0.0643
Pemukiman_16,Pemukiman,0.0551,0.074,0.057,0.2142,0.1725,0.5796,-0.4865,-0.1078
Pemukiman_16,Pemukiman,0.0553,0.0593,0.0556,0.1294,0.1725,0.3989,-0.3715,0.1428
Pemukiman_16,Pemukiman,0.0558,0.059,0.068,0.1085,0.2141,0.2295,-0.2955,0.3273
Pemukiman_16,Pemukiman,0.0511,0.0543,0.0652,0.1307,0.2141,0.3344,-0.413,0.2419
Pemukiman_16,Pemukiman,0.0521,0.0568,0.0687,0.1411,0.2275,0.3451,-0.426,0.2344
Pemukiman_16,Pemukiman,0.0693,0.0797,0.0887,0.1614,0.2275,0.2907,-0.3389,0.17
Pemukiman_16,Pemukiman,0.0787,0.0978,0.102,0.1931,0.2231,0.3087,-0.3276,0.0721
Pemukiman_16,Pemukiman,0.0963,0.115,0.1218,0.199,0.2231,0.2406,-0.2675,0.0571
Pemukiman_16,Pemukiman,0.1074,0.1281,0.1373,0.1881,0.2491,0.1561,-0.1898,0.1395
Pemukiman_16,Pemukiman,0.0889,0.1101,0.109,0.181,0.2491,0.2483,-0.2436,0.1583
Pemukiman_16,Pemukiman,0.0771,0.0929,0.0961,0.1823,0.2679,0.3096,-0.3249,0.1901
Pemukiman_16,Pemukiman,0.0856,0.1008,0.1055,0.1743,0.2679,0.2459,-0.2672,0.2117
Pemukiman_16,Pemukiman,0.1426,0.1575,0.1628,0.1846,0.2987,0.0628,-0.0792,0.2361
Pemukiman_16,Pemukiman,0.1678,0.1813,0.1877,0.2144,0.2987,0.0664,-0.0836,0.1643
Pemukiman_16,Pemukiman,0.0871,0.1063,0.112,0.2242,0.272,0.3337,-0.3567,0.0963
Pemukiman_16,Pemukiman,0.0644,0.0827,0.0896,0.2268,0.272,0.4336,-0.4656,0.0906
Pemukiman_16,Pemukiman,0.0648,0.087,0.1196,0.2087,0.2504,0.2714,-0.4116,0.0908
Pemukiman_16,Pemukiman,0.0477,0.0701,0.0606,0.2396,0.1725,0.5963,-0.5473,-0.1628
Pemukiman_16,Pemukiman,0.0481,0.0574,0.0529,0.171,0.1725,0.5275,-0.4974,0.0044
Pemukiman_16,Pemukiman,0.0461,0.0482,0.0487,0.1354,0.2141,0.4709,-0.4749,0.2252
Pemukiman_16,Pemukiman,0.0432,0.049,0.049,0.1462,0.2141,0.4979,-0.4979,0.1885
Pemukiman_16,Pemukiman,0.0471,0.0536,0.0544,0.1571,0.2275,0.4856,-0.4912,0.183
Pemukiman_16,Pemukiman,0.0568,0.0627,0.067,0.1373,0.2275,0.3441,-0.373,0.2473
Pemukiman_16,Pemukiman,0.0837,0.1021,0.1052,0.1754,0.2231,0.2502,-0.2641,0.1197
Pemukiman_16,Pemukiman,0.1329,0.1533,0.1614,0.2114,0.2231,0.1341,-0.1593,0.0269
Pemukiman_16,Pemukiman,0.1686,0.1812,0.1852,0.2124,0.2491,0.0684,-0.0793,0.0795
Pemukiman_16,Pemukiman,0.1473,0.1627,0.167,0.2179,0.2491,0.1322,-0.145,0.0668
Pemukiman_16,Pemukiman,0.1471,0.1687,0.1758,0.223,0.2679,0.1184,-0.1386,0.0915
Pemukiman_16,Pemukiman,0.1492,0.1735,0.183,0.2047,0.2679,0.056,-0.0825,0.1337
Pemukiman_16,Pemukiman,0.1802,0.1973,0.2052,0.2057,0.2987,0.0012,-0.0208,0.1844
Pemukiman_16,Pemukiman,0.1708,0.1902,0.1914,0.2413,0.2987,0.1153,-0.1184,0.1063
Pemukiman_16,Pemukiman,0.0782,0.1026,0.1039,0.2468,0.272,0.4075,-0.4127,0.0486
Pemukiman_16,Pemukiman,0.0787,0.0927,0.1023,0.206,0.272,0.3364,-0.3793,0.1381
Pemukiman_16,Pemukiman,0.0556,0.0757,0.0873,0.2446,0.2085,0.4739,-0.5273,-0.0797
Pemukiman_16,Pemukiman,0.0478,0.0695,0.0719,0.243,0.2085,0.5433,-0.5552,-0.0764
Pemukiman_16,Pemukiman,0.041,0.0554,0.0527,0.2103,0.2056,0.5992,-0.583,-0.0113
Pemukiman_16,Pemukiman,0.0424,0.0583,0.0486,0.2109,0.2056,0.6254,-0.5669,-0.0127
Pemukiman_16,Pemukiman,0.0469,0.0632,0.0573,0.2274,0.2368,0.5975,-0.565,0.0202
Pemukiman_16,Pemukiman,0.0527,0.0636,0.0768,0.1743,0.2368,0.3883,-0.4653,0.152
Pemukiman_16,Pemukiman,0.0999,0.1151,0.1412,0.1783,0.2663,0.1161,-0.2154,0.1979
Pemukiman_16,Pemukiman,0.1322,0.1492,0.1614,0.1935,0.2663,0.0904,-0.1293,0.1583
Pemukiman_16,Pemukiman,0.1115,0.1232,0.1256,0.1942,0.2736,0.2145,-0.2237,0.1697
Pemukiman_16,Pemukiman,0.1183,0.1293,0.1323,0.1919,0.2736,0.1838,-0.1949,0.1755
Pemukiman_16,Pemukiman,0.1498,0.1609,0.1692,0.1849,0.283,0.0443,-0.0694,0.2097
Pemukiman_16,Pemukiman,0.1627,0.1775,0.1812,0.1902,0.283,0.0242,-0.0345,0.1961
Pemukiman_16,Pemukiman,0.175,0.1852,0.1928,0.1978,0.2742,0.0128,-0.0329,0.1619
Pemukiman_16,Pemukiman,0.1435,0.1643,0.1609,0.2757,0.2742,0.2629,-0.2532,-0.0027
Pemukiman_16,Pemukiman,0.0737,0.0948,0.0923,0.2776,0.2629,0.5009,-0.4909,-0.0272
Pemukiman_16,Pemukiman,0.0942,0.1078,0.121,0.2038,0.2629,0.2549,-0.3081,0.1266
Pemukiman_16,Pemukiman,0.0867,0.1026,0.1072,0.2126,0.2085,0.3296,-0.349,-0.0097
Pemukiman_16,Pemukiman,0.0921,0.1104,0.1151,0.2328,0.2085,0.3383,-0.3566,-0.0551
Pemukiman_16,Pemukiman,0.0972,0.1204,0.1133,0.2226,0.2056,0.3254,-0.298,-0.0397
Pemukiman_16,Pemukiman,0.0771,0.0996,0.0891,0.2074,0.2056,0.399,-0.3511,-0.0044
Pemukiman_16,Pemukiman,0.0739,0.0896,0.092,0.2253,0.2368,0.4201,-0.4309,0.0249
Pemukiman_16,Pemukiman,0.0857,0.1011,0.1202,0.1973,0.2368,0.2428,-0.3224,0.091
Pemukiman_16,Pemukiman,0.091,0.1163,0.16,0.1969,0.2663,0.1034,-0.2573,0.1498
Pemukiman_16,Pemukiman,0.1011,0.1194,0.1478,0.199,0.2663,0.1476,-0.25,0.1446
Pemukiman_16,Pemukiman,0.0726,0.0863,0.098,0.2018,0.2736,0.3462,-0.4009,0.151
Pemukiman_16,Pemukiman,0.0779,0.0888,0.0916,0.1742,0.2736,0.3108,-0.3247,0.222
Pemukiman_16,Pemukiman,0.0873,0.0965,0.1107,0.1462,0.283,0.1382,-0.2048,0.3187
Pemukiman_16,Pemukiman,0.0933,0.1066,0.1189,0.1674,0.283,0.1694,-0.2219,0.2567
Pemukiman_16,Pemukiman,0.1,0.1122,0.1158,0.1813,0.2742,0.2205,-0.2354,0.204
Pemukiman_16,Pemukiman,0.0797,0.0994,0.09,0.2756,0.2742,0.5077,-0.4699,-0.0025
Pemukiman_16,Pemukiman,0.0628,0.0878,0.0835,0.3077,0.2629,0.5731,-0.556,-0.0785
Pemukiman_16,Pemukiman,0.102,0.1215,0.1338,0.2216,0.2629,0.247,-0.2918,0.0852
Pemukiman_16,Pemukiman,0.0961,0.1129,0.1201,0.1888,0.2437,0.2224,-0.2516,0.1269
Pemukiman_16,Pemukiman,0.1127,0.1288,0.1325,0.2007,0.2437,0.2047,-0.2182,0.0968
Pemukiman_16,Pemukiman,0.1404,0.1517,0.1554,0.2373,0.2711,0.2086,-0.2201,0.0665
Pemukiman_16,Pemukiman,0.1204,0.1374,0.14,0.215,0.2711,0.2113,-0.2202,0.1154
Pemukiman_16,Pemukiman,0.1006,0.1147,0.1263,0.1902,0.2797,0.2019,-0.2476,0.1905
Pemukiman_16,Pemukiman,0.1305,0.1524,0.1748,0.2231,0.2797,0.1214,-0.1883,0.1126
Pemukiman_16,Pemukiman,0.1074,0.1447,0.2063,0.2588,0.3055,0.1129,-0.2828,0.0828
Pemukiman_16,Pemukiman,0.1423,0.1641,0.1986,0.245,0.3055,0.1046,-0.1978,0.1099
Pemukiman_16,Pemukiman,0.1422,0.1583,0.1637,0.2271,0.285,0.1622,-0.1785,0.1131
Pemukiman_16,Pemukiman,0.1058,0.1197,0.1296,0.1812,0.285,0.166,-0.2044,0.2227
Pemukiman_16,Pemukiman,0.0812,0.094,0.1071,0.1796,0.2528,0.2529,-0.3129,0.1693
Pemukiman_16,Pemukiman,0.0737,0.0917,0.0997,0.1935,0.2528,0.3199,-0.3569,0.1329
Pemukiman_16,Pemukiman,0.0682,0.0813,0.0827,0.1808,0.2342,0.3723,-0.3796,0.1287
Pemukiman_16,Pemukiman,0.0462,0.0638,0.0551,0.2151,0.2342,0.5922,-0.5425,0.0425
Pemukiman_16,Pemukiman,0.0852,0.1045,0.0938,0.247,0.2544,0.4495,-0.4054,0.0148
Pemukiman_16,Pemukiman,0.1033,0.1249,0.1406,0.1991,0.2437,0.1722,-0.229,0.1007
Pemukiman_16,Pemukiman,0.1071,0.1255,0.1427,0.2036,0.2437,0.1759,-0.2373,0.0896
Pemukiman_16,Pemukiman,0.1518,0.1726,0.174,0.2611,0.2711,0.2002,-0.2041,0.0188
Pemukiman_16,Pemukiman,0.1485,0.1644,0.1748,0.235,0.2711,0.1469,-0.1768,0.0713
Pemukiman_16,Pemukiman,0.1046,0.1203,0.1321,0.1771,0.2797,0.1455,-0.191,0.2246
Pemukiman_16,Pemukiman,0.1252,0.1545,0.1862,0.225,0.2797,0.0944,-0.1858,0.1084
Pemukiman_16,Pemukiman,0.0958,0.1313,0.1908,0.2588,0.3055,0.1512,-0.3268,0.0828
Pemukiman_16,Pemukiman,0.1417,0.161,0.1952,0.2419,0.3055,0.1068,-0.2008,0.1162
Pemukiman_16,Pemukiman,0.153,0.1684,0.1864,0.2249,0.285,0.0936,-0.1437,0.1179
Pemukiman_16,Pemukiman,0.1032,0.1184,0.1415,0.1987,0.285,0.1681,-0.2532,0.1784
Pemukiman_16,Pemukiman,0.1013,0.1168,0.1201,0.2537,0.2528,0.3574,-0.3695,-0.0018
Pemukiman_16,Pemukiman,0.0816,0.0956,0.099,0.2116,0.2528,0.3625,-0.3776,0.0887
Pemukiman_16,Pemukiman,0.0721,0.0851,0.1006,0.1652,0.2342,0.243,-0.32,0.1728
Pemukiman_16,Pemukiman,0.0566,0.0735,0.0835,0.1871,0.2342,0.3829,-0.4359,0.1118
Pemukiman_16,Pemukiman,0.0908,0.1051,0.1032,0.2195,0.2544,0.3604,-0.3524,0.0736
Pemukiman_16,Pemukiman,0.1375,0.1598,0.1614,0.1846,0.2534,0.0671,-0.072,0.1571
Pemukiman_16,Pemukiman,0.1313,0.1399,0.1547,0.1907,0.2534,0.1042,-0.1537,0.1412
Pemukiman_16,Pemukiman,0.1589,0.1815,0.1885,0.2094,0.301,0.0525,-0.0714,0.1795
Pemukiman_16,Pemukiman,0.1556,0.1739,0.1799,0.2103,0.301,0.0779,-0.0947,0.1774
Pemukiman_16,Pemukiman,0.0888,0.1042,0.1134,0.1846,0.2676,0.2389,-0.2784,0.1835
Pemukiman_16,Pemukiman,0.0931,0.1198,0.1496,0.2259,0.2676,0.2032,-0.3069,0.0845
Pemukiman_16,Pemukiman,0.0745,0.1052,0.1397,0.25,0.2829,0.283,-0.4077,0.0617
Pemukiman_16,Pemukiman,0.1009,0.1192,0.1569,0.2326,0.2829,0.1944,-0.3223,0.0976
Pemukiman_16,Pemukiman,0.1219,0.1467,0.2037,0.2341,0.3073,0.0694,-0.2295,0.1352
Pemukiman_16,Pemukiman,0.1254,0.1505,0.1982,0.2552,0.3073,0.1257,-0.2581,0.0926
Pemukiman_16,Pemukiman,0.1507,0.1731,0.1786,0.295,0.2979,0.2458,-0.2604,0.0049
Pemukiman_16,Pemukiman,0.0929,0.1152,0.1367,0.218,0.2979,0.2292,-0.3085,0.1549
Pemukiman_16,Pemukiman,0.0738,0.0957,0.1457,0.1886,0.2814,0.1283,-0.3268,0.1974
Pemukiman_16,Pemukiman,0.0819,0.104,0.1531,0.2282,0.2814,0.197,-0.3739,0.1044
Pemukiman_16,Pemukiman,0.0924,0.1135,0.116,0.2476,0.2699,0.3619,-0.3714,0.0431
Pemukiman_16,Pemukiman,0.119,0.1296,0.1302,0.1937,0.2534,0.196,-0.1983,0.1335
Pemukiman_16,Pemukiman,0.102,0.122,0.1563,0.21,0.2534,0.1466,-0.2651,0.0937
Pemukiman_16,Pemukiman,0.0945,0.1201,0.1835,0.2276,0.301,0.1073,-0.3092,0.1389
Pemukiman_16,Pemukiman,0.0987,0.1138,0.1452,0.2162,0.301,0.1965,-0.3103,0.164
Pemukiman_16,Pemukiman,0.0658,0.0841,0.0903,0.2252,0.2676,0.4276,-0.4562,0.086
Pemukiman_16,Pemukiman,0.0642,0.0911,0.1076,0.2489,0.2676,0.3964,-0.4641,0.0362
Pemukiman_16,Pemukiman,0.0588,0.0865,0.1072,0.2729,0.2829,0.4359,-0.5186,0.018
Pemukiman_16,Pemukiman,0.0967,0.1258,0.1556,0.2733,0.2829,0.2744,-0.3696,0.0173
Pemukiman_16,Pemukiman,0.1382,0.1677,0.2265,0.25,0.3073,0.0493,-0.197,0.1028
Pemukiman_17,Pemukiman,0.0858,0.1053,0.1022,0.2668,0.2521,0.4461,-0.434,-0.0283
Pemukiman_17,Pemukiman,0.0585,0.0821,0.0825,0.2608,0.2521,0.5194,-0.5211,-0.017
Pemukiman_17,Pemukiman,0.062,0.0781,0.0836,0.2458,0.2207,0.4924,-0.5178,-0.0538
Pemukiman_17,Pemukiman,0.0548,0.0709,0.0737,0.2012,0.2207,0.4638,-0.4789,0.0462
Pemukiman_17,Pemukiman,0.0451,0.0618,0.0615,0.1882,0.1985,0.5074,-0.5056,0.0266
Pemukiman_17,Pemukiman,0.046,0.0668,0.062,0.2142,0.1985,0.551,-0.5246,-0.038
Pemukiman_17,Pemukiman,0.0488,0.0702,0.0618,0.2251,0.2266,0.5692,-0.5245,0.0033
Pemukiman_17,Pemukiman,0.0478,0.0692,0.0645,0.2084,0.2266,0.5273,-0.5014,0.0418
Pemukiman_17,Pemukiman,0.0537,0.076,0.07,0.2097,0.2509,0.4995,-0.468,0.0894
Pemukiman_17,Pemukiman,0.0655,0.0877,0.0881,0.221,0.2509,0.43,-0.4318,0.0634
Pemukiman_17,Pemukiman,0.0629,0.0914,0.0922,0.2284,0.2439,0.4248,-0.4284,0.0328
Pemukiman_17,Pemukiman,0.0595,0.0863,0.0745,0.2307,0.2439,0.5118,-0.4555,0.0278
Pemukiman_17,Pemukiman,0.0921,0.1132,0.1116,0.2444,0.2535,0.373,-0.3669,0.0183
Pemukiman_17,Pemukiman,0.0587,0.0846,0.0822,0.2644,0.2521,0.5257,-0.5152,-0.0238
Pemukiman_17,Pemukiman,0.0532,0.0757,0.0748,0.2639,0.2521,0.5583,-0.5542,-0.0229
Pemukiman_17,Pemukiman,0.0587,0.076,0.0746,0.2377,0.2207,0.5223,-0.5155,-0.0371
Pemukiman_17,Pemukiman,0.0666,0.0813,0.0835,0.2026,0.2207,0.4163,-0.4273,0.0428
Pemukiman_17,Pemukiman,0.0658,0.0786,0.0808,0.1686,0.1985,0.352,-0.3641,0.0814
Pemukiman_17,Pemukiman,0.0776,0.0885,0.0865,0.1629,0.1985,0.3063,-0.2959,0.0985
Pemukiman_17,Pemukiman,0.0875,0.0985,0.0941,0.1668,0.2266,0.2786,-0.2574,0.152
Pemukiman_17,Pemukiman,0.0867,0.0987,0.0949,0.1627,0.2266,0.2632,-0.2448,0.1641
Pemukiman_17,Pemukiman,0.0959,0.1042,0.1045,0.1822,0.2509,0.271,-0.2723,0.1586
Pemukiman_17,Pemukiman,0.113,0.1244,0.1358,0.1964,0.2509,0.1824,-0.2244,0.1218
Pemukiman_17,Pemukiman,0.1122,0.129,0.1409,0.2086,0.2439,0.1937,-0.2358,0.078
Pemukiman_17,Pemukiman,0.0963,0.1085,0.1059,0.2166,0.2439,0.3433,-0.3325,0.0593
Pemukiman_17,Pemukiman,0.096,0.1102,0.1068,0.2043,0.2535,0.3134,-0.2992,0.1075
Pemukiman_17,Pemukiman,0.1208,0.1334,0.1351,0.1954,0.2535,0.1825,-0.1886,0.1294
Pemukiman_17,Pemukiman,0.1146,0.1221,0.1283,0.2102,0.2713,0.2419,-0.2651,0.1269
Pemukiman_17,Pemukiman,0.0437,0.0648,0.0535,0.2753,0.2154,0.6746,-0.6189,-0.1221
Pemukiman_17,Pemukiman,0.0753,0.0966,0.0929,0.2538,0.2429,0.4641,-0.4486,-0.0219
Pemukiman_17,Pemukiman,0.0828,0.1005,0.0987,0.2508,0.2429,0.4352,-0.4278,-0.016
Pemukiman_17,Pemukiman,0.0788,0.0974,0.0968,0.2312,0.2397,0.4098,-0.4072,0.0181
Pemukiman_17,Pemukiman,0.0812,0.0966,0.1006,0.1929,0.2397,0.3145,-0.3326,0.1082
Pemukiman_17,Pemukiman,0.1068,0.1094,0.1082,0.1845,0.222,0.2607,-0.2555,0.0923
Pemukiman_17,Pemukiman,0.1116,0.1075,0.1082,0.1703,0.222,0.223,-0.2261,0.1318
Pemukiman_17,Pemukiman,0.1077,0.1127,0.1161,0.1666,0.245,0.1786,-0.193,0.1905
Pemukiman_17,Pemukiman,0.1173,0.126,0.1301,0.1805,0.245,0.1623,-0.1778,0.1516
Pemukiman_17,Pemukiman,0.1367,0.1487,0.1514,0.2163,0.2824,0.1765,-0.1852,0.1325
Pemukiman_17,Pemukiman,0.1506,0.1642,0.166,0.2319,0.2824,0.1656,-0.1709,0.0982
Pemukiman_17,Pemukiman,0.1371,0.1522,0.1636,0.2137,0.2841,0.1328,-0.1681,0.1414
Pemukiman_17,Pemukiman,0.0968,0.1131,0.1206,0.1904,0.2841,0.2244,-0.2547,0.1975
Pemukiman_17,Pemukiman,0.0792,0.0911,0.0911,0.1761,0.2452,0.3181,-0.3181,0.164
Pemukiman_17,Pemukiman,0.085,0.0982,0.0997,0.1931,0.2452,0.319,-0.3258,0.1189
Pemukiman_17,Pemukiman,0.1036,0.1161,0.1128,0.2087,0.2326,0.2983,-0.2851,0.0542
Pemukiman_17,Pemukiman,0.064,0.0849,0.0734,0.2559,0.2154,0.5542,-0.5018,-0.0859
Pemukiman_17,Pemukiman,0.1264,0.142,0.1396,0.2297,0.2429,0.244,-0.2359,0.0279
Pemukiman_17,Pemukiman,0.1492,0.1647,0.1744,0.2184,0.2429,0.112,-0.1402,0.0531
Pemukiman_17,Pemukiman,0.1441,0.1538,0.158,0.2326,0.2397,0.191,-0.2039,0.015
Pemukiman_17,Pemukiman,0.105,0.1195,0.1202,0.2037,0.2397,0.2578,-0.2605,0.0812
Pemukiman_17,Pemukiman,0.1154,0.1185,0.122,0.1801,0.222,0.1923,-0.2063,0.1042
Pemukiman_17,Pemukiman,0.0898,0.0922,0.0925,0.1644,0.222,0.2799,-0.2814,0.1491
Pemukiman_17,Pemukiman,0.0834,0.0917,0.0949,0.1598,0.245,0.2548,-0.2708,0.2105
Pemukiman_17,Pemukiman,0.0959,0.1113,0.1155,0.1675,0.245,0.1837,-0.2016,0.1879
Pemukiman_17,Pemukiman,0.1257,0.1371,0.1354,0.1936,0.2824,0.1769,-0.1708,0.1866
Pemukiman_17,Pemukiman,0.158,0.1748,0.1864,0.237,0.2824,0.1195,-0.151,0.0874
Pemukiman_17,Pemukiman,0.1357,0.1496,0.1575,0.2016,0.2841,0.1228,-0.1481,0.1699
Pemukiman_17,Pemukiman,0.1168,0.1276,0.1364,0.1842,0.2841,0.1491,-0.1815,0.2133
Pemukiman_17,Pemukiman,0.0889,0.1015,0.1064,0.1763,0.2452,0.2473,-0.2693,0.1635
Pemukiman_17,Pemukiman,0.0992,0.1144,0.1201,0.1758,0.2452,0.1882,-0.2116,0.1648
Pemukiman_17,Pemukiman,0.1096,0.127,0.1306,0.1896,0.2326,0.1843,-0.1977,0.1018
Pemukiman_17,Pemukiman,0.0708,0.0912,0.0932,0.2343,0.2373,0.4308,-0.4396,0.0064
Pemukiman_17,Pemukiman,0.1028,0.1216,0.1197,0.2165,0.2326,0.2879,-0.2807,0.0358
Pemukiman_17,Pemukiman,0.1265,0.1387,0.1373,0.1847,0.2326,0.1472,-0.1422,0.1148
Pemukiman_17,Pemukiman,0.1065,0.1193,0.1167,0.192,0.2208,0.2439,-0.2335,0.0698
Pemukiman_17,Pemukiman,0.0807,0.097,0.1001,0.2107,0.2208,0.3559,-0.3695,0.0234
Pemukiman_17,Pemukiman,0.0879,0.1008,0.1025,0.1995,0.2156,0.3212,-0.3287,0.0388
Pemukiman_17,Pemukiman,0.066,0.0794,0.0755,0.186,0.2156,0.4226,-0.4017,0.0737
Pemukiman_17,Pemukiman,0.0721,0.0846,0.0795,0.1909,0.2509,0.412,-0.3858,0.1358
Pemukiman_17,Pemukiman,0.1018,0.1126,0.1126,0.1743,0.2509,0.2151,-0.2151,0.1802
Pemukiman_17,Pemukiman,0.0942,0.1046,0.1078,0.1669,0.2663,0.2151,-0.2295,0.2295
Pemukiman_17,Pemukiman,0.1092,0.1224,0.1249,0.1828,0.2663,0.1882,-0.1979,0.1859
Pemukiman_17,Pemukiman,0.1045,0.1185,0.1239,0.1734,0.2717,0.1665,-0.1881,0.2208
Pemukiman_17,Pemukiman,0.1217,0.1352,0.1451,0.1826,0.2717,0.1144,-0.1491,0.1961
Pemukiman_17,Pemukiman,0.1052,0.1235,0.1366,0.1857,0.2661,0.1523,-0.2012,0.178
Pemukiman_17,Pemukiman,0.1345,0.1459,0.1545,0.1818,0.2661,0.0812,-0.1096,0.1882
Pemukiman_17,Pemukiman,0.1362,0.1478,0.1538,0.1895,0.2436,0.104,-0.1236,0.1249
Pemukiman_17,Pemukiman,0.0763,0.094,0.1136,0.2407,0.2373,0.3587,-0.4383,-0.0071
Pemukiman_17,Pemukiman,0.0693,0.0898,0.0965,0.2357,0.2326,0.419,-0.4482,-0.0066
Pemukiman_17,Pemukiman,0.068,0.0852,0.0854,0.2077,0.2326,0.4173,-0.4182,0.0566
Pemukiman_17,Pemukiman,0.0563,0.0683,0.0715,0.1774,0.2208,0.4255,-0.444,0.109
Pemukiman_17,Pemukiman,0.0559,0.0745,0.0748,0.2058,0.2208,0.4669,-0.4684,0.0352
Pemukiman_17,Pemukiman,0.0607,0.0816,0.0756,0.2517,0.2156,0.538,-0.5103,-0.0773
Pemukiman_17,Pemukiman,0.0489,0.0724,0.0584,0.2663,0.2156,0.6403,-0.5725,-0.1052
Pemukiman_17,Pemukiman,0.0583,0.078,0.0664,0.2309,0.2509,0.5533,-0.495,0.0415
Pemukiman_17,Pemukiman,0.1034,0.1177,0.135,0.2073,0.2509,0.2112,-0.2757,0.0952
Pemukiman_17,Pemukiman,0.0864,0.1088,0.1199,0.2304,0.2663,0.3154,-0.3585,0.0723
Pemukiman_17,Pemukiman,0.0724,0.0919,0.0897,0.2116,0.2663,0.4046,-0.3944,0.1145
Pemukiman_17,Pemukiman,0.1127,0.1209,0.1261,0.1823,0.2717,0.1822,-0.2025,0.1969
Pemukiman_17,Pemukiman,0.1405,0.148,0.1559,0.1949,0.2717,0.1112,-0.1368,0.1646
Pemukiman_17,Pemukiman,0.1344,0.1492,0.1627,0.1935,0.2661,0.0865,-0.1293,0.158
Pemukiman_17,Pemukiman,0.136,0.144,0.1541,0.1942,0.2661,0.1151,-0.1484,0.1562
Pemukiman_17,Pemukiman,0.1277,0.1439,0.1454,0.2073,0.2436,0.1755,-0.1805,0.0805
Pemukiman_17,Pemukiman,0.0768,0.0996,0.1352,0.2492,0.2518,0.2966,-0.4289,0.0052
Pemukiman_17,Pemukiman,0.0734,0.0932,0.1149,0.2459,0.2335,0.3631,-0.4503,-0.0259
Pemukiman_17,Pemukiman,0.0495,0.0709,0.0738,0.2332,0.2335,0.5192,-0.5337,0.0006
Pemukiman_17,Pemukiman,0.0552,0.0697,0.0769,0.2167,0.2073,0.4762,-0.5133,-0.0222
Pemukiman_17,Pemukiman,0.0502,0.0645,0.0634,0.2023,0.2073,0.5228,-0.5165,0.0122
Pemukiman_17,Pemukiman,0.0442,0.0614,0.06,0.2439,0.218,0.6051,-0.5978,-0.0561
Pemukiman_17,Pemukiman,0.0436,0.0643,0.0598,0.2767,0.218,0.6446,-0.6229,-0.1187
Pemukiman_17,Pemukiman,0.05,0.0649,0.0659,0.2257,0.2611,0.548,-0.5533,0.0727
Pemukiman_17,Pemukiman,0.0721,0.0963,0.1444,0.2152,0.2611,0.1969,-0.3817,0.0964
Pemukiman_17,Pemukiman,0.0718,0.1114,0.16,0.2925,0.2703,0.2928,-0.4484,-0.0394
Pemukiman_17,Pemukiman,0.0563,0.0848,0.0856,0.2617,0.2703,0.5071,-0.5105,0.0162
Pemukiman_17,Pemukiman,0.1022,0.1193,0.1205,0.2113,0.258,0.2737,-0.2783,0.0995
Pemukiman_17,Pemukiman,0.136,0.1431,0.1528,0.1947,0.258,0.1206,-0.1528,0.1398
Pemukiman_17,Pemukiman,0.1368,0.1544,0.1653,0.2006,0.2869,0.0965,-0.1301,0.177
Pemukiman_17,Pemukiman,0.1102,0.131,0.1496,0.1967,0.2869,0.136,-0.2005,0.1865
Pemukiman_17,Pemukiman,0.1072,0.1288,0.1422,0.2167,0.2698,0.2076,-0.2544,0.1091
Pemukiman_17,Pemukiman,0.0674,0.094,0.1186,0.2557,0.2518,0.3663,-0.4624,-0.0077
Pemukiman_17,Pemukiman,0.0546,0.0813,0.0919,0.2628,0.2335,0.4818,-0.5275,-0.059
Pemukiman_17,Pemukiman,0.0507,0.0691,0.0754,0.2342,0.2335,0.5129,-0.5443,-0.0015
Pemukiman_17,Pemukiman,0.0605,0.0783,0.0815,0.2365,0.2073,0.4874,-0.5025,-0.0658
Pemukiman_17,Pemukiman,0.0529,0.0732,0.0691,0.23,0.2073,0.5379,-0.5171,-0.0519
Pemukiman_17,Pemukiman,0.0496,0.0692,0.0756,0.2312,0.218,0.5072,-0.5393,-0.0294
Pemukiman_17,Pemukiman,0.0708,0.0891,0.0895,0.2397,0.218,0.4563,-0.458,-0.0474
Pemukiman_17,Pemukiman,0.0667,0.0843,0.0883,0.2054,0.2611,0.3987,-0.418,0.1194
Pemukiman_17,Pemukiman,0.0869,0.1,0.1375,0.1999,0.2611,0.1849,-0.3331,0.1328
Pemukiman_17,Pemukiman,0.0821,0.1109,0.1593,0.2579,0.2703,0.2363,-0.3986,0.0235
Pemukiman_17,Pemukiman,0.065,0.0902,0.0932,0.2574,0.2703,0.4683,-0.481,0.0244
Pemukiman_17,Pemukiman,0.1075,0.1211,0.1151,0.2339,0.258,0.3404,-0.3177,0.049
Pemukiman_17,Pemukiman,0.1073,0.1141,0.1243,0.2023,0.258,0.2388,-0.2788,0.121
Pemukiman_17,Pemukiman,0.1178,0.1244,0.1353,0.1738,0.2869,0.1246,-0.1657,0.2455
Pemukiman_17,Pemukiman,0.1451,0.1559,0.1669,0.1951,0.2869,0.0779,-0.1117,0.1905
Pemukiman_17,Pemukiman,0.1538,0.1558,0.1661,0.1975,0.2698,0.0864,-0.118,0.1547
Pemukiman_17,Pemukiman,0.0661,0.0892,0.0843,0.2544,0.2341,0.5022,-0.4808,-0.0416
Pemukiman_17,Pemukiman,0.0557,0.0791,0.0795,0.2683,0.2188,0.5428,-0.5446,-0.1016
Pemukiman_17,Pemukiman,0.0551,0.0709,0.0776,0.2453,0.2188,0.5194,-0.5515,-0.0571
Pemukiman_17,Pemukiman,0.0574,0.0771,0.072,0.2478,0.2046,0.5497,-0.5254,-0.0955
Pemukiman_17,Pemukiman,0.0469,0.0662,0.0668,0.2574,0.2046,0.5879,-0.5909,-0.1143
Pemukiman_17,Pemukiman,0.0561,0.0767,0.0975,0.224,0.2212,0.3935,-0.4899,-0.0063
Pemukiman_17,Pemukiman,0.1121,0.1219,0.1225,0.2186,0.2212,0.2817,-0.284,0.0059
Pemukiman_17,Pemukiman,0.0918,0.1063,0.1011,0.2173,0.2359,0.3649,-0.343,0.041
Pemukiman_17,Pemukiman,0.0673,0.0875,0.0858,0.2194,0.2359,0.4377,-0.4298,0.0362
Pemukiman_17,Pemukiman,0.0715,0.0935,0.1,0.2477,0.2502,0.4248,-0.4519,0.005
Pemukiman_17,Pemukiman,0.0705,0.0884,0.0898,0.2383,0.2502,0.4526,-0.4588,0.0244
Pemukiman_17,Pemukiman,0.0969,0.112,0.1079,0.2079,0.2594,0.3167,-0.2998,0.1102
Pemukiman_17,Pemukiman,0.1475,0.1602,0.1602,0.2256,0.2594,0.1695,-0.1695,0.0697
Pemukiman_17,Pemukiman,0.1464,0.1667,0.1615,0.1953,0.2868,0.0947,-0.079,0.1898
Pemukiman_17,Pemukiman,0.1426,0.1599,0.1803,0.2018,0.2868,0.0563,-0.1158,0.174
Pemukiman_17,Pemukiman,0.1225,0.1309,0.152,0.1913,0.2528,0.1145,-0.1875,0.1385
Pemukiman_17,Pemukiman,0.0494,0.0657,0.0668,0.2368,0.2341,0.5599,-0.5656,-0.0057
Pemukiman_17,Pemukiman,0.0547,0.0748,0.0687,0.2673,0.2188,0.5911,-0.5627,-0.0998
Pemukiman_17,Pemukiman,0.0613,0.077,0.0775,0.2353,0.2188,0.5045,-0.5069,-0.0363
Pemukiman_17,Pemukiman,0.0481,0.0686,0.0604,0.2182,0.2046,0.5664,-0.5216,-0.0322
Pemukiman_17,Pemukiman,0.0445,0.0627,0.0605,0.2519,0.2046,0.6127,-0.6014,-0.1036
Pemukiman_17,Pemukiman,0.0544,0.0778,0.0875,0.2632,0.2212,0.501,-0.5437,-0.0867
Pemukiman_17,Pemukiman,0.0864,0.101,0.0968,0.2422,0.2212,0.4289,-0.4114,-0.0453
Pemukiman_17,Pemukiman,0.0642,0.0874,0.0787,0.2489,0.2359,0.5195,-0.4802,-0.0268
Pemukiman_17,Pemukiman,0.0461,0.0708,0.0638,0.253,0.2359,0.5972,-0.5627,-0.035
Pemukiman_17,Pemukiman,0.0568,0.081,0.0739,0.2787,0.2502,0.5808,-0.5496,-0.0539
Pemukiman_17,Pemukiman,0.0619,0.0829,0.0839,0.2363,0.2502,0.476,-0.4806,0.0286
Pemukiman_17,Pemukiman,0.1044,0.1132,0.1154,0.1788,0.2594,0.2155,-0.2247,0.1839
Pemukiman_17,Pemukiman,0.1589,0.17,0.1744,0.2096,0.2594,0.0917,-0.1043,0.1062
Pemukiman_17,Pemukiman,0.1522,0.1635,0.166,0.1989,0.2868,0.0902,-0.0977,0.181
Pemukiman_17,Pemukiman,0.1309,0.1437,0.1659,0.1941,0.2868,0.0783,-0.1492,0.1928
Pemukiman_17,Pemukiman,0.112,0.1203,0.1426,0.1946,0.2528,0.1542,-0.2359,0.1301
Pemukiman_17,Pemukiman,0.1175,0.1357,0.136,0.2506,0.2358,0.2964,-0.2974,-0.0304
Pemukiman_17,Pemukiman,0.0809,0.1027,0.1043,0.2428,0.2358,0.399,-0.4055,-0.0146
Pemukiman_17,Pemukiman,0.0557,0.0761,0.071,0.2703,0.2186,0.5839,-0.5606,-0.1057
Pemukiman_17,Pemukiman,0.075,0.091,0.0901,0.2279,0.2186,0.4333,-0.4293,-0.0208
Pemukiman_17,Pemukiman,0.0492,0.0666,0.063,0.1752,0.1959,0.471,-0.4491,0.0558
Pemukiman_17,Pemukiman,0.0363,0.0511,0.0405,0.2431,0.1959,0.7144,-0.6526,-0.1075
Pemukiman_17,Pemukiman,0.0401,0.0637,0.0561,0.309,0.2171,0.6927,-0.6582,-0.1747
Pemukiman_17,Pemukiman,0.0458,0.0676,0.0596,0.2805,0.2171,0.6495,-0.6116,-0.1274
Pemukiman_17,Pemukiman,0.0434,0.0654,0.053,0.2737,0.2296,0.6755,-0.6143,-0.0876
Pemukiman_17,Pemukiman,0.0589,0.0813,0.0697,0.2699,0.2296,0.5895,-0.537,-0.0807
Pemukiman_17,Pemukiman,0.0771,0.0996,0.0904,0.2659,0.2618,0.4926,-0.455,-0.0078
Pemukiman_17,Pemukiman,0.0894,0.1106,0.1052,0.2555,0.2618,0.4167,-0.3958,0.0122
Pemukiman_17,Pemukiman,0.1279,0.1378,0.1416,0.2147,0.2838,0.2052,-0.2182,0.1386
Pemukiman_17,Pemukiman,0.1488,0.1648,0.1711,0.2075,0.2838,0.0961,-0.1147,0.1553
Pemukiman_17,Pemukiman,0.1243,0.1302,0.139,0.1823,0.2709,0.1348,-0.1667,0.1955
Pemukiman_17,Pemukiman,0.1063,0.1196,0.1327,0.1907,0.2709,0.1793,-0.2291,0.1737
Pemukiman_17,Pemukiman,0.0989,0.1166,0.1228,0.2001,0.2392,0.2394,-0.2637,0.089
Pemukiman_17,Pemukiman,0.1029,0.1214,0.115,0.237,0.2358,0.3466,-0.3225,-0.0025
Pemukiman_17,Pemukiman,0.0928,0.1154,0.1045,0.2608,0.2358,0.4279,-0.3865,-0.0503
Pemukiman_17,Pemukiman,0.0538,0.0749,0.0707,0.2698,0.2186,0.5847,-0.5654,-0.1048
Pemukiman_17,Pemukiman,0.0702,0.0893,0.0832,0.2461,0.2186,0.4947,-0.4675,-0.0592
Pemukiman_17,Pemukiman,0.0497,0.0685,0.0615,0.2178,0.1959,0.5596,-0.5215,-0.0529
Pemukiman_17,Pemukiman,0.0466,0.0623,0.0593,0.2243,0.1959,0.5818,-0.5652,-0.0676
Pemukiman_17,Pemukiman,0.0727,0.0912,0.1032,0.2639,0.2171,0.4378,-0.4863,-0.0973
Pemukiman_17,Pemukiman,0.0543,0.0769,0.0771,0.2685,0.2171,0.5538,-0.5547,-0.1058
Pemukiman_17,Pemukiman,0.0489,0.0721,0.064,0.2759,0.2296,0.6234,-0.5856,-0.0916
Pemukiman_17,Pemukiman,0.0684,0.0883,0.079,0.2489,0.2296,0.5181,-0.4763,-0.0403
Pemukiman_17,Pemukiman,0.0987,0.1094,0.1023,0.2205,0.2618,0.3662,-0.3368,0.0856
Pemukiman_17,Pemukiman,0.1298,0.1435,0.149,0.2329,0.2618,0.2197,-0.2375,0.0584
Pemukiman_17,Pemukiman,0.1476,0.162,0.176,0.2324,0.2838,0.1381,-0.1785,0.0996
Pemukiman_17,Pemukiman,0.1898,0.2076,0.2089,0.2436,0.2838,0.0767,-0.0798,0.0762
Pemukiman_17,Pemukiman,0.1289,0.1408,0.1525,0.2091,0.2709,0.1565,-0.1952,0.1287
Pemukiman_17,Pemukiman,0.131,0.1484,0.145,0.2366,0.2709,0.24,-0.2291,0.0676
Pemukiman_17,Pemukiman,0.1029,0.1169,0.1225,0.2162,0.2392,0.2766,-0.2981,0.0505
Pemukiman_17,Pemukiman,0.0464,0.0703,0.0666,0.2595,0.2302,0.5915,-0.5737,-0.0598
Pemukiman_17,Pemukiman,0.054,0.0737,0.0721,0.2482,0.2302,0.5498,-0.5421,-0.0376
Pemukiman_17,Pemukiman,0.0436,0.066,0.0623,0.2496,0.2179,0.6005,-0.5817,-0.0678
Pemukiman_17,Pemukiman,0.056,0.078,0.0731,0.2663,0.2179,0.5692,-0.5469,-0.1
Pemukiman_17,Pemukiman,0.0494,0.0748,0.0657,0.2882,0.2361,0.6287,-0.5879,-0.0994
Pemukiman_17,Pemukiman,0.0593,0.0786,0.0806,0.2607,0.2361,0.5277,-0.5367,-0.0495
Pemukiman_17,Pemukiman,0.0933,0.1193,0.1663,0.2612,0.2732,0.222,-0.3729,0.0225
Pemukiman_17,Pemukiman,0.066,0.0972,0.1231,0.2782,0.2732,0.3865,-0.4822,-0.0091
Pemukiman_17,Pemukiman,0.0551,0.0796,0.0727,0.2798,0.2549,0.5875,-0.557,-0.0466
Pemukiman_17,Pemukiman,0.0591,0.0788,0.0746,0.2483,0.2549,0.5379,-0.5182,0.0131
Pemukiman_17,Pemukiman,0.0682,0.083,0.0788,0.2166,0.2658,0.4665,-0.4459,0.102
Pemukiman_17,Pemukiman,0.0961,0.1111,0.1121,0.1914,0.2658,0.2613,-0.2655,0.1627
Pemukiman_17,Pemukiman,0.12,0.1243,0.1386,0.179,0.2884,0.1272,-0.1803,0.2341
Pemukiman_17,Pemukiman,0.1634,0.1791,0.1818,0.2185,0.2884,0.0917,-0.0991,0.1379
Pemukiman_17,Pemukiman,0.1373,0.1497,0.1577,0.2009,0.2684,0.1205,-0.146,0.1438
Pemukiman_17,Pemukiman,0.125,0.1448,0.1403,0.2059,0.2684,0.1895,-0.1742,0.1318
Pemukiman_17,Pemukiman,0.0926,0.1092,0.1155,0.1963,0.2628,0.2591,-0.2851,0.1448
Pemukiman_17,Pemukiman,0.0491,0.0729,0.0693,0.2844,0.2302,0.6081,-0.5919,-0.1053
Pemukiman_17,Pemukiman,0.0532,0.0721,0.0775,0.2367,0.2302,0.5067,-0.533,-0.0139
Pemukiman_17,Pemukiman,0.0474,0.0683,0.0677,0.2267,0.2179,0.5401,-0.5369,-0.0198
Pemukiman_17,Pemukiman,0.0689,0.0842,0.0848,0.2335,0.2179,0.4672,-0.4699,-0.0346
Pemukiman_17,Pemukiman,0.0781,0.0976,0.0888,0.2545,0.2361,0.4827,-0.4456,-0.0375
Pemukiman_17,Pemukiman,0.0717,0.0871,0.0908,0.2548,0.2361,0.4745,-0.4905,-0.0381
Pemukiman_17,Pemukiman,0.1098,0.1317,0.1579,0.2389,0.2732,0.2041,-0.2893,0.067
Pemukiman_17,Pemukiman,0.079,0.1058,0.1181,0.2872,0.2732,0.4172,-0.4616,-0.025
Pemukiman_17,Pemukiman,0.0499,0.0774,0.0686,0.2883,0.2549,0.6156,-0.5767,-0.0615
Pemukiman_17,Pemukiman,0.0494,0.0753,0.0706,0.2743,0.2549,0.5906,-0.5692,-0.0367
Pemukiman_17,Pemukiman,0.0842,0.1016,0.0967,0.2484,0.2658,0.4396,-0.4194,0.0338
Pemukiman_17,Pemukiman,0.101,0.1176,0.1204,0.1973,0.2658,0.2421,-0.2531,0.1479
Pemukiman_17,Pemukiman,0.0966,0.1064,0.1149,0.1771,0.2884,0.213,-0.2494,0.2391
Pemukiman_17,Pemukiman,0.1273,0.146,0.1522,0.1997,0.2884,0.135,-0.1553,0.1817
Pemukiman_17,Pemukiman,0.1362,0.1497,0.158,0.201,0.2684,0.1198,-0.1463,0.1436
Pemukiman_17,Pemukiman,0.1091,0.1182,0.1257,0.1703,0.2684,0.1507,-0.1806,0.2236
Pemukiman_17,Pemukiman,0.0845,0.0995,0.1026,0.1703,0.2628,0.2481,-0.2624,0.2136
Pemukiman_17,Pemukiman,0.0633,0.0869,0.0889,0.2681,0.2585,0.502,-0.5104,-0.0182
Pemukiman_17,Pemukiman,0.0617,0.0808,0.0898,0.2315,0.2585,0.441,-0.4825,0.0551
Pemukiman_17,Pemukiman,0.052,0.0714,0.0763,0.2266,0.2315,0.4962,-0.5208,0.0107
Pemukiman_17,Pemukiman,0.0761,0.0882,0.0883,0.1974,0.2315,0.3819,-0.3824,0.0795
Pemukiman_17,Pemukiman,0.0969,0.111,0.1095,0.2021,0.252,0.2972,-0.291,0.1099
Pemukiman_17,Pemukiman,0.0939,0.1113,0.1273,0.2518,0.252,0.3284,-0.3869,0.0004
Pemukiman_17,Pemukiman,0.1316,0.15,0.1684,0.2355,0.2936,0.1661,-0.2218,0.1098
Pemukiman_17,Pemukiman,0.1137,0.1448,0.1624,0.2831,0.2936,0.2709,-0.3232,0.0182
Pemukiman_17,Pemukiman,0.0807,0.1024,0.0986,0.2981,0.2745,0.5029,-0.4886,-0.0412
Pemukiman_17,Pemukiman,0.0485,0.0755,0.0638,0.2778,0.2745,0.6265,-0.5726,-0.006
Pemukiman_17,Pemukiman,0.1085,0.1248,0.1231,0.2532,0.2672,0.3457,-0.3397,0.0269
Pemukiman_17,Pemukiman,0.1363,0.1552,0.1632,0.2169,0.2672,0.1413,-0.1658,0.1039
Pemukiman_17,Pemukiman,0.1108,0.1222,0.1292,0.2003,0.2687,0.2158,-0.2422,0.1458
Pemukiman_17,Pemukiman,0.1362,0.1456,0.1512,0.2192,0.2687,0.1836,-0.2018,0.1015
Pemukiman_17,Pemukiman,0.1535,0.1742,0.1786,0.2243,0.2548,0.1134,-0.1257,0.0637
Pemukiman_17,Pemukiman,0.1123,0.1276,0.1276,0.182,0.2548,0.1757,-0.1757,0.1667
Pemukiman_17,Pemukiman,0.0971,0.1136,0.1166,0.1786,0.2571,0.21,-0.2224,0.1802
Pemukiman_17,Pemukiman,0.0683,0.0911,0.0965,0.2662,0.2585,0.4679,-0.4901,-0.0147
Pemukiman_17,Pemukiman,0.0631,0.0857,0.1006,0.2546,0.2585,0.4336,-0.4963,0.0076
Pemukiman_17,Pemukiman,0.0642,0.0832,0.0924,0.2336,0.2315,0.4331,-0.4747,-0.0045
Pemukiman_17,Pemukiman,0.0689,0.0847,0.0852,0.2159,0.2315,0.4341,-0.4365,0.0349
Pemukiman_17,Pemukiman,0.0962,0.1074,0.1059,0.2087,0.252,0.3268,-0.3205,0.094
Pemukiman_17,Pemukiman,0.084,0.1025,0.1174,0.2298,0.252,0.3237,-0.3831,0.0461
Pemukiman_17,Pemukiman,0.1013,0.119,0.1356,0.2165,0.2936,0.2298,-0.2906,0.1511
Pemukiman_17,Pemukiman,0.163,0.1906,0.2154,0.287,0.2936,0.1425,-0.2018,0.0114
Pemukiman_17,Pemukiman,0.144,0.1669,0.1615,0.3087,0.2745,0.3131,-0.2981,-0.0586
Pemukiman_17,Pemukiman,0.0551,0.0762,0.085,0.2421,0.2745,0.4803,-0.5212,0.0627
Pemukiman_17,Pemukiman,0.109,0.1237,0.124,0.2238,0.2672,0.2869,-0.2881,0.0884
Pemukiman_17,Pemukiman,0.163,0.1753,0.1754,0.2053,0.2672,0.0785,-0.0788,0.131
Pemukiman_17,Pemukiman,0.105,0.1215,0.1232,0.1941,0.2687,0.2234,-0.23,0.1612
Pemukiman_17,Pemukiman,0.0997,0.1172,0.1179,0.2056,0.2687,0.2711,-0.2739,0.133
Pemukiman_17,Pemukiman,0.145,0.153,0.1626,0.2111,0.2548,0.1298,-0.1596,0.0938
Pemukiman_17,Pemukiman,0.0981,0.1131,0.1116,0.1984,0.2548,0.28,-0.2738,0.1244
Pemukiman_17,Pemukiman,0.0935,0.1066,0.1083,0.1861,0.2571,0.2643,-0.2716,0.1602
Pemukiman_17,Pemukiman,0.1396,0.1613,0.167,0.222,0.2571,0.1414,-0.1584,0.0733
Pemukiman_17,Pemukiman,0.0695,0.0927,0.1108,0.2778,0.2856,0.4297,-0.4996,0.0138
Pemukiman_17,Pemukiman,0.0754,0.0933,0.1101,0.2664,0.2856,0.4151,-0.4812,0.0348
Pemukiman_17,Pemukiman,0.0741,0.0911,0.1043,0.2486,0.2551,0.4089,-0.4636,0.0129
Pemukiman_17,Pemukiman,0.064,0.0844,0.0882,0.2395,0.2551,0.4617,-0.4789,0.0315
Pemukiman_17,Pemukiman,0.0863,0.1051,0.1057,0.2226,0.2498,0.3561,-0.3586,0.0576
Pemukiman_17,Pemukiman,0.0786,0.0966,0.1081,0.2309,0.2498,0.3622,-0.4101,0.0393
Pemukiman_17,Pemukiman,0.0687,0.0916,0.0953,0.2272,0.2769,0.409,-0.4253,0.0986
Pemukiman_17,Pemukiman,0.1207,0.1363,0.1413,0.255,0.2769,0.2869,-0.3033,0.0412
Pemukiman_17,Pemukiman,0.1122,0.1301,0.1175,0.2676,0.2629,0.3898,-0.3457,-0.0089
Pemukiman_17,Pemukiman,0.0667,0.0855,0.0973,0.2404,0.2629,0.4237,-0.4753,0.0447
Pemukiman_17,Pemukiman,0.0908,0.1076,0.0992,0.2214,0.2328,0.3812,-0.3459,0.0251
Pemukiman_17,Pemukiman,0.1204,0.1279,0.121,0.1891,0.2328,0.2196,-0.1931,0.1036
Pemukiman_17,Pemukiman,0.0689,0.0808,0.0794,0.19,0.2128,0.4105,-0.4032,0.0566
Pemukiman_17,Pemukiman,0.066,0.0791,0.073,0.2285,0.2128,0.5158,-0.4857,-0.0356
Pemukiman_17,Pemukiman,0.1108,0.1228,0.125,0.2232,0.2146,0.282,-0.2902,-0.0196
Pemukiman_17,Pemukiman,0.0826,0.1,0.1001,0.2049,0.2146,0.3436,-0.344,0.0231
Pemukiman_17,Pemukiman,0.0853,0.1027,0.1038,0.1901,0.2508,0.2936,-0.2985,0.1377
Pemukiman_17,Pemukiman,0.1355,0.1539,0.1624,0.2091,0.2508,0.1257,-0.1521,0.0907
Pemukiman_17,Pemukiman,0.0765,0.0949,0.1144,0.2908,0.2856,0.4353,-0.5079,-0.009
Pemukiman_17,Pemukiman,0.078,0.0974,0.1263,0.2676,0.2856,0.3587,-0.4663,0.0325
Pemukiman_17,Pemukiman,0.0793,0.0941,0.1019,0.2372,0.2551,0.399,-0.4319,0.0364
Pemukiman_17,Pemukiman,0.0698,0.0896,0.1005,0.2368,0.2551,0.4041,-0.451,0.0372
Pemukiman_17,Pemukiman,0.1,0.1144,0.1232,0.2537,0.2498,0.3462,-0.3784,-0.0077
Pemukiman_17,Pemukiman,0.0855,0.1037,0.1212,0.2627,0.2498,0.3686,-0.434,-0.0252
Pemukiman_17,Pemukiman,0.0729,0.0958,0.1123,0.2627,0.2769,0.4011,-0.4655,0.0263
Pemukiman_17,Pemukiman,0.0718,0.093,0.1109,0.2537,0.2769,0.3917,-0.4635,0.0437
Pemukiman_17,Pemukiman,0.0652,0.0867,0.0925,0.2538,0.2629,0.4658,-0.4907,0.0176
Pemukiman_17,Pemukiman,0.055,0.0772,0.0796,0.2546,0.2629,0.5236,-0.5347,0.016
Pemukiman_17,Pemukiman,0.069,0.0862,0.0786,0.2318,0.2328,0.4936,-0.4579,0.0022
Pemukiman_17,Pemukiman,0.0826,0.0983,0.1006,0.1854,0.2328,0.2965,-0.307,0.1133
Pemukiman_17,Pemukiman,0.0658,0.0795,0.0758,0.1845,0.2128,0.4176,-0.3977,0.0712
Pemukiman_17,Pemukiman,0.0587,0.077,0.0682,0.2222,0.2128,0.5303,-0.4853,-0.0216
Pemukiman_17,Pemukiman,0.0923,0.1086,0.1016,0.2236,0.2146,0.3752,-0.3462,-0.0205
Pemukiman_17,Pemukiman,0.0968,0.1131,0.1155,0.1866,0.2146,0.2354,-0.2452,0.0698
Pemukiman_17,Pemukiman,0.1072,0.1189,0.1281,0.1803,0.2508,0.1693,-0.2052,0.1635
Pemukiman_17,Pemukiman,0.1407,0.1641,0.1704,0.2073,0.2508,0.0977,-0.1163,0.095
Pemukiman_17,Pemukiman,0.0707,0.0944,0.1012,0.3068,0.2683,0.5039,-0.5294,-0.0669
Pemukiman_17,Pemukiman,0.0918,0.1076,0.1218,0.2726,0.2683,0.3824,-0.434,-0.0079
Pemukiman_17,Pemukiman,0.0951,0.1175,0.1244,0.2123,0.26,0.2611,-0.2874,0.101
Pemukiman_17,Pemukiman,0.0804,0.1051,0.1256,0.1985,0.26,0.2249,-0.3076,0.1341
Pemukiman_17,Pemukiman,0.0884,0.1132,0.1396,0.2537,0.2623,0.2901,-0.3829,0.0167
Pemukiman_17,Pemukiman,0.0959,0.1152,0.1282,0.2507,0.2623,0.3233,-0.3703,0.0226
Pemukiman_17,Pemukiman,0.1133,0.1354,0.1643,0.2695,0.2832,0.2425,-0.3312,0.0248
Pemukiman_17,Pemukiman,0.1093,0.1342,0.1476,0.2581,0.2832,0.2724,-0.3158,0.0464
Pemukiman_17,Pemukiman,0.074,0.0968,0.098,0.244,0.2497,0.4269,-0.4319,0.0115
Pemukiman_17,Pemukiman,0.0512,0.0696,0.0634,0.251,0.2497,0.5967,-0.5658,-0.0026
Pemukiman_17,Pemukiman,0.0616,0.0809,0.0715,0.2557,0.2213,0.563,-0.5193,-0.0721
Pemukiman_17,Pemukiman,0.0686,0.0851,0.0819,0.2305,0.2213,0.4757,-0.4607,-0.0204
Pemukiman_17,Pemukiman,0.0903,0.0983,0.0914,0.2117,0.2329,0.3969,-0.3658,0.0477
Pemukiman_17,Pemukiman,0.1111,0.1162,0.1162,0.1792,0.2329,0.2133,-0.2133,0.1303
Pemukiman_17,Pemukiman,0.1107,0.1201,0.1211,0.1721,0.2244,0.1739,-0.178,0.1319
Pemukiman_17,Pemukiman,0.1149,0.1294,0.1328,0.1925,0.2244,0.1835,-0.196,0.0765
Pemukiman_17,Pemukiman,0.1205,0.1273,0.1344,0.2047,0.2404,0.2073,-0.2331,0.0802
Pemukiman_17,Pemukiman,0.1465,0.1549,0.1638,0.2116,0.2404,0.1273,-0.1547,0.0637
Pemukiman_17,Pemukiman,0.0943,0.1168,0.1397,0.2541,0.2623,0.2905,-0.3702,0.0159
Pemukiman_17,Pemukiman,0.0988,0.1115,0.1296,0.2132,0.2623,0.2439,-0.3132,0.1033
Pemukiman_17,Pemukiman,0.1099,0.1294,0.163,0.2161,0.2832,0.1401,-0.2509,0.1344
Pemukiman_17,Pemukiman,0.1241,0.1412,0.155,0.2158,0.2832,0.164,-0.209,0.1351
Pemukiman_17,Pemukiman,0.0885,0.1045,0.1103,0.2252,0.2497,0.3425,-0.3661,0.0516
Pemukiman_17,Pemukiman,0.049,0.0628,0.0564,0.2358,0.2497,0.614,-0.5794,0.0286
Pemukiman_17,Pemukiman,0.047,0.0684,0.0704,0.2699,0.2213,0.5862,-0.5956,-0.0989
Pemukiman_17,Pemukiman,0.0547,0.078,0.0916,0.2715,0.2213,0.4955,-0.5536,-0.1019
Pemukiman_17,Pemukiman,0.0831,0.1012,0.0979,0.2229,0.2329,0.3896,-0.3755,0.0219
Pemukiman_17,Pemukiman,0.0984,0.1098,0.1161,0.1703,0.2329,0.1892,-0.216,0.1553
Pemukiman_17,Pemukiman,0.088,0.0944,0.1025,0.1455,0.2244,0.1734,-0.213,0.2133
Pemukiman_17,Pemukiman,0.0853,0.0992,0.1056,0.155,0.2244,0.1896,-0.2195,0.1829
Pemukiman_17,Pemukiman,0.096,0.11,0.1292,0.1892,0.2404,0.1884,-0.2647,0.1192
Pemukiman_17,Pemukiman,0.1287,0.1411,0.1484,0.2073,0.2404,0.1656,-0.19,0.0739
Pemukiman_17,Pemukiman,0.0759,0.0983,0.1288,0.2411,0.2667,0.3036,-0.4207,0.0504
Pemukiman_17,Pemukiman,0.1521,0.1706,0.1768,0.254,0.3042,0.1792,-0.1964,0.0899
Pemukiman_17,Pemukiman,0.1626,0.1837,0.191,0.2533,0.3042,0.1402,-0.1593,0.0913
Pemukiman_17,Pemukiman,0.1137,0.1278,0.1288,0.1971,0.2467,0.2096,-0.2133,0.1118
Pemukiman_17,Pemukiman,0.0831,0.0941,0.105,0.1497,0.2467,0.1755,-0.2281,0.2447
Pemukiman_17,Pemukiman,0.096,0.1026,0.1191,0.1625,0.2398,0.1541,-0.226,0.1921
Pemukiman_17,Pemukiman,0.1139,0.1288,0.1389,0.1925,0.2398,0.1617,-0.1983,0.1094
Pemukiman_18,Pemukiman,0.0847,0.1039,0.0991,0.281,0.2614,0.4786,-0.4601,-0.0361
Pemukiman_18,Pemukiman,0.0927,0.1087,0.113,0.2605,0.2614,0.3949,-0.4112,0.0017
Pemukiman_18,Pemukiman,0.1256,0.143,0.1466,0.2268,0.2492,0.2148,-0.2266,0.0471
Pemukiman_18,Pemukiman,0.1331,0.1489,0.1603,0.2282,0.2492,0.1748,-0.2103,0.044
Pemukiman_18,Pemukiman,0.1037,0.1263,0.1658,0.2493,0.2551,0.2012,-0.3275,0.0115
Pemukiman_18,Pemukiman,0.1137,0.1361,0.1537,0.2618,0.2551,0.2602,-0.3159,-0.013
Pemukiman_18,Pemukiman,0.0778,0.0971,0.1034,0.2597,0.2546,0.4305,-0.4557,-0.0099
Pemukiman_18,Pemukiman,0.0825,0.1029,0.111,0.2355,0.2546,0.3593,-0.3918,0.039
Pemukiman_18,Pemukiman,0.1296,0.1519,0.158,0.2573,0.2612,0.2391,-0.2576,0.0075
Pemukiman_18,Pemukiman,0.1127,0.1294,0.1368,0.2025,0.2492,0.1936,-0.2202,0.1034
Pemukiman_18,Pemukiman,0.0994,0.1118,0.1171,0.2256,0.2492,0.3166,-0.3373,0.0497
Pemukiman_18,Pemukiman,0.0747,0.0919,0.1085,0.2382,0.2551,0.3741,-0.4432,0.0343
Pemukiman_18,Pemukiman,0.0913,0.109,0.1219,0.253,0.2551,0.3497,-0.3978,0.0041
Pemukiman_18,Pemukiman,0.0693,0.0919,0.0949,0.2705,0.2546,0.4806,-0.4928,-0.0303
Pemukiman_18,Pemukiman,0.0572,0.0779,0.0838,0.2441,0.2546,0.4889,-0.5161,0.0211
Pemukiman_18,Pemukiman,0.0615,0.0868,0.0851,0.2414,0.2612,0.4787,-0.4711,0.0394
Pemukiman_18,Pemukiman,0.0582,0.0829,0.0788,0.2438,0.2612,0.5115,-0.4925,0.0345
Pemukiman_18,Pemukiman,0.0534,0.0719,0.0723,0.2394,0.2624,0.5361,-0.5381,0.0458
Pemukiman_18,Pemukiman,0.1016,0.1208,0.1117,0.272,0.2624,0.4178,-0.3849,-0.018
Pemukiman_18,Pemukiman,0.1426,0.1514,0.1526,0.2559,0.2764,0.2529,-0.2566,0.0385
Pemukiman_18,Pemukiman,0.078,0.097,0.1135,0.2462,0.2764,0.3689,-0.4347,0.0578
Pemukiman_18,Pemukiman,0.1072,0.1245,0.1313,0.2162,0.2334,0.2443,-0.2692,0.0383
Pemukiman_18,Pemukiman,0.0623,0.0833,0.0771,0.2506,0.2334,0.5294,-0.501,-0.0355
Pemukiman_18,Pemukiman,0.0454,0.0658,0.0555,0.2825,0.2281,0.6716,-0.6222,-0.1065
Pemukiman_18,Pemukiman,0.0573,0.0828,0.0747,0.2688,0.2281,0.5651,-0.529,-0.0819
Pemukiman_18,Pemukiman,0.0901,0.1149,0.1229,0.2629,0.2344,0.3629,-0.3917,-0.0573
Pemukiman_18,Pemukiman,0.0799,0.1008,0.1007,0.2313,0.2344,0.3934,-0.393,0.0067
Pemukiman_18,Pemukiman,0.0608,0.0828,0.0861,0.2326,0.241,0.4597,-0.475,0.0177
Pemukiman_18,Pemukiman,0.0542,0.0778,0.0849,0.2479,0.241,0.4898,-0.5223,-0.0141
Pemukiman_18,Pemukiman,0.0483,0.0708,0.0722,0.2485,0.2582,0.5497,-0.5565,0.0191
Pemukiman_18,Pemukiman,0.0509,0.0793,0.0762,0.2646,0.2582,0.5528,-0.5388,-0.0122
Pemukiman_18,Pemukiman,0.0694,0.1038,0.0968,0.2618,0.2668,0.4601,-0.4322,0.0095
Pemukiman_18,Pemukiman,0.057,0.079,0.0809,0.2584,0.2668,0.5231,-0.5317,0.016
Pemukiman_18,Pemukiman,0.0779,0.1033,0.1007,0.2836,0.2477,0.4759,-0.466,-0.0676
Pemukiman_18,Pemukiman,0.1349,0.1575,0.1537,0.271,0.2477,0.2762,-0.2649,-0.0449
Pemukiman_18,Pemukiman,0.0822,0.0954,0.0958,0.2086,0.2513,0.3706,-0.3724,0.0928
Pemukiman_18,Pemukiman,0.0727,0.0816,0.0886,0.2039,0.2513,0.3942,-0.4284,0.1041
Pemukiman_18,Pemukiman,0.1245,0.1364,0.1477,0.2123,0.2619,0.1794,-0.2177,0.1046
Pemukiman_18,Pemukiman,0.1195,0.1371,0.1426,0.197,0.2619,0.1602,-0.1793,0.1414
Pemukiman_18,Pemukiman,0.1346,0.1556,0.1575,0.2455,0.2334,0.2184,-0.2241,-0.0253
Pemukiman_18,Pemukiman,0.0645,0.0814,0.0823,0.2318,0.2334,0.476,-0.4802,0.0034
Pemukiman_18,Pemukiman,0.0602,0.0813,0.0795,0.2688,0.2281,0.5435,-0.5356,-0.0819
Pemukiman_18,Pemukiman,0.0697,0.0894,0.0913,0.2407,0.2281,0.45,-0.4583,-0.0269
Pemukiman_18,Pemukiman,0.0969,0.1099,0.1305,0.1865,0.2344,0.1767,-0.2584,0.1138
Pemukiman_18,Pemukiman,0.0767,0.0883,0.0951,0.1633,0.2344,0.2639,-0.2981,0.1788
Pemukiman_18,Pemukiman,0.0587,0.0761,0.0854,0.2103,0.241,0.4224,-0.4686,0.068
Pemukiman_18,Pemukiman,0.0632,0.0903,0.1214,0.2422,0.241,0.3322,-0.4568,-0.0025
Pemukiman_18,Pemukiman,0.067,0.0895,0.1182,0.2395,0.2582,0.3391,-0.4559,0.0376
Pemukiman_18,Pemukiman,0.0587,0.0829,0.0994,0.2578,0.2582,0.4434,-0.5134,0.0008
Pemukiman_18,Pemukiman,0.0642,0.0869,0.0921,0.2526,0.2668,0.4656,-0.4881,0.0273
Pemukiman_18,Pemukiman,0.0673,0.0858,0.092,0.2411,0.2668,0.4476,-0.4751,0.0506
Pemukiman_18,Pemukiman,0.0964,0.1166,0.1096,0.2469,0.2477,0.3851,-0.3585,0.0016
Pemukiman_18,Pemukiman,0.0912,0.1115,0.1113,0.2441,0.2477,0.3737,-0.3729,0.0073
Pemukiman_18,Pemukiman,0.0638,0.0767,0.0872,0.1809,0.2513,0.3495,-0.4045,0.1629
Pemukiman_18,Pemukiman,0.0611,0.0761,0.0948,0.1818,0.2513,0.3145,-0.4098,0.1605
Pemukiman_18,Pemukiman,0.1245,0.1356,0.1461,0.2233,0.2619,0.209,-0.2444,0.0796
Pemukiman_18,Pemukiman,0.1233,0.1425,0.1406,0.227,0.2619,0.235,-0.2287,0.0714
Pemukiman_18,Pemukiman,0.1259,0.144,0.1457,0.2137,0.2378,0.1892,-0.1949,0.0534
Pemukiman_18,Pemukiman,0.1283,0.1458,0.1466,0.2167,0.2378,0.193,-0.1956,0.0464
Pemukiman_18,Pemukiman,0.1267,0.1456,0.1482,0.2581,0.2575,0.2705,-0.2787,-0.0012
Pemukiman_18,Pemukiman,0.123,0.1381,0.1423,0.2284,0.2403,0.2323,-0.2464,0.0254
Pemukiman_18,Pemukiman,0.0522,0.0675,0.077,0.2042,0.2403,0.4523,-0.5031,0.0812
Pemukiman_18,Pemukiman,0.0614,0.0848,0.0869,0.2234,0.2318,0.4399,-0.4497,0.0185
Pemukiman_18,Pemukiman,0.0704,0.0893,0.0945,0.2031,0.2318,0.3649,-0.3892,0.066
Pemukiman_18,Pemukiman,0.0773,0.0915,0.1073,0.1574,0.2379,0.1893,-0.2648,0.2036
Pemukiman_18,Pemukiman,0.0661,0.08,0.0906,0.1625,0.2379,0.2841,-0.3402,0.1883
Pemukiman_18,Pemukiman,0.0611,0.0778,0.0884,0.1967,0.2373,0.3799,-0.4331,0.0935
Pemukiman_18,Pemukiman,0.0704,0.0875,0.1268,0.1981,0.2373,0.2195,-0.3873,0.09
Pemukiman_18,Pemukiman,0.0709,0.0948,0.1538,0.2054,0.2494,0.1437,-0.3684,0.0967
Pemukiman_18,Pemukiman,0.0818,0.1039,0.1418,0.2233,0.2494,0.2232,-0.3649,0.0552
Pemukiman_18,Pemukiman,0.0749,0.0936,0.0977,0.2289,0.243,0.4017,-0.4195,0.0299
Pemukiman_18,Pemukiman,0.0667,0.0911,0.0944,0.2458,0.243,0.445,-0.4592,-0.0057
Pemukiman_18,Pemukiman,0.1288,0.1429,0.1414,0.2674,0.2479,0.3082,-0.3034,-0.0378
Pemukiman_18,Pemukiman,0.1256,0.1384,0.1318,0.2202,0.2479,0.2511,-0.2281,0.0592
Pemukiman_18,Pemukiman,0.0519,0.0668,0.0844,0.1598,0.2596,0.3088,-0.4104,0.238
Pemukiman_18,Pemukiman,0.0658,0.0731,0.0931,0.1587,0.2596,0.2605,-0.3693,0.2412
Pemukiman_18,Pemukiman,0.1027,0.1207,0.1228,0.2118,0.2767,0.266,-0.274,0.1329
Pemukiman_18,Pemukiman,0.1005,0.1178,0.1187,0.2545,0.2767,0.3639,-0.3672,0.0418
Pemukiman_18,Pemukiman,0.0956,0.1101,0.1234,0.2184,0.2322,0.2779,-0.3297,0.0306
Pemukiman_18,Pemukiman,0.1085,0.1253,0.1424,0.2196,0.2322,0.2133,-0.2734,0.0279
Pemukiman_18,Pemukiman,0.1382,0.1615,0.1716,0.2502,0.2575,0.1863,-0.2154,0.0144
Pemukiman_18,Pemukiman,0.0908,0.1098,0.1156,0.2106,0.2403,0.2912,-0.3146,0.0659
Pemukiman_18,Pemukiman,0.0608,0.0773,0.0861,0.1944,0.2403,0.3861,-0.431,0.1056
Pemukiman_18,Pemukiman,0.0485,0.0725,0.0807,0.2095,0.2318,0.4438,-0.4858,0.0505
Pemukiman_18,Pemukiman,0.0536,0.0745,0.0873,0.2169,0.2318,0.426,-0.4887,0.0332
Pemukiman_18,Pemukiman,0.0686,0.0821,0.0979,0.1936,0.2379,0.3283,-0.4044,0.1027
Pemukiman_18,Pemukiman,0.0678,0.0818,0.0971,0.2127,0.2379,0.3731,-0.4445,0.0559
Pemukiman_18,Pemukiman,0.0662,0.0843,0.0952,0.2169,0.2373,0.3899,-0.4402,0.0449
Pemukiman_18,Pemukiman,0.0934,0.1041,0.1156,0.1685,0.2373,0.1862,-0.2362,0.1695
Pemukiman_18,Pemukiman,0.0915,0.1103,0.1398,0.1869,0.2494,0.1442,-0.2577,0.1432
Pemukiman_18,Pemukiman,0.086,0.1039,0.1306,0.1979,0.2494,0.2049,-0.3115,0.1151
Pemukiman_18,Pemukiman,0.0711,0.0908,0.0962,0.2267,0.243,0.4041,-0.428,0.0347
Pemukiman_18,Pemukiman,0.052,0.0776,0.0847,0.2584,0.243,0.5063,-0.5381,-0.0307
Pemukiman_18,Pemukiman,0.0699,0.092,0.0916,0.271,0.2479,0.4948,-0.4931,-0.0445
Pemukiman_18,Pemukiman,0.0803,0.098,0.0979,0.2186,0.2479,0.3814,-0.3809,0.0628
Pemukiman_18,Pemukiman,0.0524,0.0681,0.0718,0.2004,0.2596,0.4724,-0.4927,0.1287
Pemukiman_18,Pemukiman,0.0736,0.0901,0.0933,0.2138,0.2596,0.3924,-0.407,0.0967
Pemukiman_18,Pemukiman,0.118,0.1308,0.1311,0.2468,0.2767,0.3062,-0.3072,0.0571
Pemukiman_18,Pemukiman,0.0737,0.0942,0.0889,0.2648,0.2767,0.4973,-0.4752,0.022
Pemukiman_18,Pemukiman,0.0715,0.0837,0.092,0.2204,0.2322,0.411,-0.4495,0.0261
Pemukiman_18,Pemukiman,0.0776,0.0966,0.1042,0.2463,0.2322,0.4054,-0.4366,-0.0295
Pemukiman_18,Pemukiman,0.0961,0.1146,0.1154,0.2328,0.2398,0.3372,-0.3402,0.0148
Pemukiman_18,Pemukiman,0.0756,0.096,0.1295,0.2036,0.2485,0.2225,-0.3591,0.0993
Pemukiman_18,Pemukiman,0.0743,0.0994,0.122,0.2306,0.2485,0.308,-0.3976,0.0374
Pemukiman_18,Pemukiman,0.0528,0.0704,0.0649,0.2612,0.2307,0.602,-0.5754,-0.062
Pemukiman_18,Pemukiman,0.0459,0.0647,0.064,0.2411,0.2307,0.5805,-0.5768,-0.022
Pemukiman_18,Pemukiman,0.0637,0.0802,0.0884,0.2296,0.2414,0.444,-0.4822,0.0251
Pemukiman_18,Pemukiman,0.0692,0.0887,0.1,0.2482,0.2414,0.4256,-0.4734,-0.0139
Pemukiman_18,Pemukiman,0.0684,0.0858,0.0961,0.2319,0.242,0.414,-0.4599,0.0213
Pemukiman_18,Pemukiman,0.0913,0.0994,0.1061,0.176,0.242,0.2478,-0.2781,0.1579
Pemukiman_18,Pemukiman,0.0897,0.1009,0.1039,0.2194,0.2678,0.3573,-0.37,0.0993
Pemukiman_18,Pemukiman,0.0663,0.0894,0.0914,0.2552,0.2678,0.4726,-0.4811,0.0241
Pemukiman_18,Pemukiman,0.0617,0.0822,0.0889,0.2342,0.2531,0.4497,-0.4804,0.0388
Pemukiman_18,Pemukiman,0.0548,0.0725,0.0767,0.2312,0.2531,0.5018,-0.5226,0.0452
Pemukiman_18,Pemukiman,0.0546,0.0756,0.0767,0.245,0.2562,0.5232,-0.5284,0.0223
Pemukiman_18,Pemukiman,0.0629,0.0811,0.0944,0.2352,0.2562,0.4272,-0.4872,0.0427
Pemukiman_18,Pemukiman,0.0456,0.065,0.0697,0.2214,0.2642,0.5211,-0.5461,0.0881
Pemukiman_18,Pemukiman,0.0812,0.1013,0.0942,0.2579,0.2642,0.4649,-0.436,0.0121
Pemukiman_18,Pemukiman,0.1366,0.1491,0.1467,0.2919,0.2603,0.3311,-0.3238,-0.0572
Pemukiman_18,Pemukiman,0.0619,0.0877,0.0736,0.2908,0.2603,0.596,-0.5366,-0.0553
Pemukiman_18,Pemukiman,0.0511,0.069,0.0593,0.269,0.214,0.6387,-0.5917,-0.1139
Pemukiman_18,Pemukiman,0.0514,0.0696,0.0622,0.2763,0.214,0.6325,-0.5976,-0.1271
Pemukiman_18,Pemukiman,0.0588,0.081,0.0811,0.233,0.2398,0.4836,-0.4841,0.0144
Pemukiman_18,Pemukiman,0.0819,0.1034,0.1465,0.2081,0.2485,0.1737,-0.3361,0.0885
Pemukiman_18,Pemukiman,0.0762,0.0974,0.1299,0.2367,0.2485,0.2913,-0.4169,0.0243
Pemukiman_18,Pemukiman,0.0521,0.0709,0.0637,0.2766,0.2307,0.6256,-0.5919,-0.0905
Pemukiman_18,Pemukiman,0.0437,0.0661,0.0532,0.2896,0.2307,0.6896,-0.6283,-0.1132
Pemukiman_18,Pemukiman,0.0607,0.0818,0.0742,0.2715,0.2414,0.5707,-0.5369,-0.0587
Pemukiman_18,Pemukiman,0.0734,0.0937,0.0949,0.2508,0.2414,0.451,-0.456,-0.0191
Pemukiman_18,Pemukiman,0.065,0.0834,0.089,0.2206,0.242,0.4251,-0.4513,0.0463
Pemukiman_18,Pemukiman,0.081,0.0892,0.098,0.1759,0.242,0.2844,-0.327,0.1582
Pemukiman_18,Pemukiman,0.0884,0.1154,0.1091,0.238,0.2678,0.3714,-0.3469,0.0589
Pemukiman_18,Pemukiman,0.0679,0.0925,0.1135,0.2825,0.2678,0.4268,-0.5067,-0.0267
Pemukiman_18,Pemukiman,0.069,0.092,0.1146,0.2632,0.2531,0.3933,-0.482,-0.0196
Pemukiman_18,Pemukiman,0.0714,0.0868,0.0974,0.2034,0.2531,0.3524,-0.4018,0.1089
Pemukiman_18,Pemukiman,0.0684,0.0894,0.1279,0.2133,0.2562,0.2503,-0.4093,0.0914
Pemukiman_18,Pemukiman,0.0669,0.1,0.1605,0.2632,0.2562,0.2424,-0.4493,-0.0135
Pemukiman_18,Pemukiman,0.0606,0.0829,0.0981,0.2298,0.2642,0.4016,-0.4698,0.0696
Pemukiman_18,Pemukiman,0.0786,0.093,0.0883,0.2307,0.2642,0.4464,-0.4254,0.0677
Pemukiman_18,Pemukiman,0.1094,0.1271,0.1186,0.2768,0.2603,0.4001,-0.3706,-0.0307
Pemukiman_18,Pemukiman,0.0599,0.0869,0.0745,0.2854,0.2603,0.586,-0.5332,-0.046
Pemukiman_18,Pemukiman,0.0555,0.0769,0.0698,0.2761,0.214,0.5964,-0.5643,-0.1267
Pemukiman_18,Pemukiman,0.0423,0.064,0.0501,0.2745,0.214,0.6913,-0.6219,-0.1238
Pemukiman_18,Pemukiman,0.0564,0.0784,0.072,0.2522,0.216,0.5558,-0.5257,-0.0773
Pemukiman_18,Pemukiman,0.0744,0.0871,0.0946,0.2125,0.2382,0.3839,-0.4186,0.057
Pemukiman_18,Pemukiman,0.0682,0.0846,0.0983,0.2237,0.2382,0.3894,-0.4512,0.0314
Pemukiman_18,Pemukiman,0.0473,0.0641,0.0586,0.269,0.2191,0.6422,-0.6151,-0.1022
Pemukiman_18,Pemukiman,0.0433,0.0681,0.0544,0.2891,0.2191,0.6833,-0.6187,-0.1377
Pemukiman_18,Pemukiman,0.0518,0.0753,0.0682,0.2629,0.2177,0.588,-0.5547,-0.094
Pemukiman_18,Pemukiman,0.0664,0.0862,0.0887,0.2159,0.2177,0.4176,-0.4293,0.0042
Pemukiman_18,Pemukiman,0.0679,0.081,0.0867,0.1829,0.2363,0.3568,-0.3861,0.1274
Pemukiman_18,Pemukiman,0.0894,0.0988,0.098,0.1948,0.2363,0.3306,-0.327,0.0963
Pemukiman_18,Pemukiman,0.1227,0.1345,0.1498,0.2297,0.3074,0.2105,-0.2614,0.1447
Pemukiman_18,Pemukiman,0.0864,0.1202,0.1912,0.2752,0.3074,0.1801,-0.392,0.0553
Pemukiman_18,Pemukiman,0.1068,0.1377,0.1871,0.2833,0.3225,0.2045,-0.3458,0.0647
Pemukiman_18,Pemukiman,0.1008,0.126,0.1291,0.2299,0.3225,0.2808,-0.2919,0.1676
Pemukiman_18,Pemukiman,0.0759,0.0989,0.139,0.1956,0.2908,0.1692,-0.3284,0.1957
Pemukiman_18,Pemukiman,0.0774,0.1064,0.1657,0.2239,0.2908,0.1494,-0.3557,0.13
Pemukiman_18,Pemukiman,0.0863,0.1054,0.1227,0.201,0.2501,0.2419,-0.312,0.1088
Pemukiman_18,Pemukiman,0.0758,0.0932,0.0958,0.1989,0.2501,0.3498,-0.3619,0.114
Pemukiman_18,Pemukiman,0.0903,0.1078,0.102,0.2416,0.2359,0.4063,-0.3829,-0.0119
Pemukiman_18,Pemukiman,0.0843,0.1048,0.0931,0.2426,0.2359,0.4453,-0.3967,-0.014
Pemukiman_18,Pemukiman,0.0819,0.1015,0.0968,0.2412,0.2284,0.4272,-0.4076,-0.0273
Pemukiman_18,Pemukiman,0.0488,0.0671,0.0547,0.2693,0.2284,0.6623,-0.6011,-0.0822
Pemukiman_18,Pemukiman,0.0591,0.0854,0.0804,0.279,0.216,0.5526,-0.5313,-0.1273
Pemukiman_18,Pemukiman,0.0638,0.0872,0.0881,0.2691,0.2382,0.5067,-0.5105,-0.0609
Pemukiman_18,Pemukiman,0.0597,0.0814,0.0816,0.2843,0.2382,0.554,-0.5548,-0.0882
Pemukiman_18,Pemukiman,0.0484,0.0749,0.0633,0.2886,0.2191,0.6402,-0.5879,-0.1369
Pemukiman_18,Pemukiman,0.0505,0.0763,0.0643,0.2813,0.2191,0.6279,-0.5733,-0.1243
Pemukiman_18,Pemukiman,0.0598,0.0808,0.0766,0.2456,0.2177,0.5245,-0.5049,-0.0602
Pemukiman_18,Pemukiman,0.0665,0.0839,0.0858,0.2098,0.2177,0.4195,-0.4287,0.0185
Pemukiman_18,Pemukiman,0.0558,0.0688,0.0733,0.1814,0.2363,0.4244,-0.45,0.1314
Pemukiman_18,Pemukiman,0.0634,0.0781,0.0759,0.2072,0.2363,0.4638,-0.4525,0.0656
Pemukiman_18,Pemukiman,0.0985,0.116,0.1316,0.2158,0.3074,0.2424,-0.3008,0.1751
Pemukiman_18,Pemukiman,0.1085,0.1434,0.2061,0.25,0.3074,0.0963,-0.271,0.103
Pemukiman_18,Pemukiman,0.1318,0.1527,0.2039,0.2679,0.3225,0.1357,-0.2739,0.0925
Pemukiman_18,Pemukiman,0.1162,0.1365,0.1293,0.2403,0.3225,0.3003,-0.2755,0.1461
Pemukiman_18,Pemukiman,0.1138,0.1208,0.128,0.1958,0.2908,0.2094,-0.2369,0.1952
Pemukiman_18,Pemukiman,0.0872,0.099,0.1221,0.1748,0.2908,0.1775,-0.2768,0.2491
Pemukiman_18,Pemukiman,0.093,0.1094,0.1119,0.1976,0.2501,0.2769,-0.2873,0.1173
Pemukiman_18,Pemukiman,0.0784,0.0955,0.0931,0.2205,0.2501,0.4062,-0.3956,0.0629
Pemukiman_18,Pemukiman,0.0807,0.0996,0.0978,0.2357,0.2359,0.4135,-0.4059,0.0004
Pemukiman_18,Pemukiman,0.0862,0.1026,0.1003,0.217,0.2359,0.3678,-0.3579,0.0417
Pemukiman_18,Pemukiman,0.089,0.107,0.1019,0.2278,0.2284,0.3819,-0.3608,0.0013
Pemukiman_18,Pemukiman,0.0536,0.0747,0.0649,0.2751,0.2284,0.6182,-0.5729,-0.0928
Pemukiman_18,Pemukiman,0.054,0.0765,0.0742,0.2788,0.2079,0.5796,-0.5694,-0.1457
Pemukiman_18,Pemukiman,0.0766,0.0995,0.0944,0.2876,0.2395,0.5058,-0.4859,-0.0913
Pemukiman_18,Pemukiman,0.0892,0.1065,0.097,0.3143,0.2395,0.5283,-0.4938,-0.1351
Pemukiman_18,Pemukiman,0.0635,0.0847,0.0767,0.3103,0.216,0.6036,-0.5711,-0.1792
Pemukiman_18,Pemukiman,0.0472,0.0738,0.0589,0.2978,0.216,0.6697,-0.6028,-0.1592
Pemukiman_18,Pemukiman,0.0505,0.0709,0.0597,0.2883,0.1899,0.6569,-0.6052,-0.2058
Pemukiman_18,Pemukiman,0.0564,0.0751,0.063,0.2818,0.1899,0.6346,-0.5792,-0.1948
Pemukiman_18,Pemukiman,0.0514,0.0653,0.0594,0.2351,0.2146,0.5966,-0.5652,-0.0456
Pemukiman_18,Pemukiman,0.064,0.0786,0.0768,0.2186,0.2146,0.48,-0.4711,-0.0092
Pemukiman_18,Pemukiman,0.081,0.0999,0.1094,0.2037,0.2577,0.3012,-0.3419,0.117
Pemukiman_18,Pemukiman,0.1066,0.1284,0.1534,0.2055,0.2577,0.1452,-0.2309,0.1127
Pemukiman_18,Pemukiman,0.1269,0.1409,0.1649,0.2167,0.2737,0.1357,-0.212,0.1162
Pemukiman_18,Pemukiman,0.0999,0.1242,0.1293,0.1922,0.2737,0.1956,-0.2149,0.1749
Pemukiman_18,Pemukiman,0.0902,0.1059,0.1287,0.1813,0.2608,0.1697,-0.2625,0.1798
Pemukiman_18,Pemukiman,0.0813,0.0953,0.1112,0.1818,0.2608,0.241,-0.3122,0.1785
Pemukiman_18,Pemukiman,0.0836,0.0985,0.0961,0.2004,0.2356,0.3518,-0.3409,0.0807
Pemukiman_18,Pemukiman,0.0644,0.0842,0.0798,0.2298,0.2356,0.4845,-0.4637,0.0125
Pemukiman_18,Pemukiman,0.107,0.1212,0.118,0.2572,0.2418,0.371,-0.3594,-0.0309
Pemukiman_18,Pemukiman,0.1059,0.1254,0.1163,0.2524,0.2418,0.3691,-0.3362,-0.0214
Pemukiman_18,Pemukiman,0.0766,0.092,0.0921,0.2455,0.2495,0.4544,-0.4548,0.0081
Pemukiman_18,Pemukiman,0.0566,0.0791,0.0784,0.263,0.2495,0.5407,-0.5376,-0.0263
Pemukiman_18,Pemukiman,0.0545,0.0727,0.0712,0.2482,0.2079,0.5542,-0.5469,-0.0884
Pemukiman_18,Pemukiman,0.0761,0.0953,0.0907,0.2769,0.2395,0.5065,-0.4879,-0.0724
Pemukiman_18,Pemukiman,0.0967,0.1125,0.1043,0.2999,0.2395,0.4839,-0.4544,-0.112
Pemukiman_18,Pemukiman,0.0591,0.0834,0.0743,0.3037,0.216,0.6069,-0.5691,-0.1688
Pemukiman_18,Pemukiman,0.041,0.0643,0.0465,0.3167,0.216,0.7439,-0.6625,-0.189
Pemukiman_18,Pemukiman,0.0446,0.0648,0.0536,0.3137,0.1899,0.7081,-0.6576,-0.2458
Pemukiman_18,Pemukiman,0.048,0.0671,0.0521,0.3274,0.1899,0.7254,-0.6598,-0.2658
Pemukiman_18,Pemukiman,0.041,0.0623,0.0478,0.3027,0.2146,0.7272,-0.6586,-0.1703
Pemukiman_18,Pemukiman,0.0645,0.084,0.0791,0.2715,0.2146,0.5488,-0.5274,-0.1171
Pemukiman_18,Pemukiman,0.0736,0.0944,0.092,0.2342,0.2577,0.4359,-0.4254,0.0478
Pemukiman_18,Pemukiman,0.0692,0.0875,0.0911,0.2294,0.2577,0.4315,-0.4478,0.0581
Pemukiman_18,Pemukiman,0.0952,0.1114,0.1131,0.2153,0.2737,0.3112,-0.318,0.1194
Pemukiman_18,Pemukiman,0.0895,0.1026,0.1209,0.1845,0.2737,0.2083,-0.2853,0.1947
Pemukiman_18,Pemukiman,0.0693,0.0858,0.1179,0.1735,0.2608,0.1908,-0.3382,0.201
Pemukiman_18,Pemukiman,0.0816,0.0932,0.1017,0.1803,0.2608,0.2787,-0.3185,0.1825
Pemukiman_18,Pemukiman,0.0733,0.0878,0.0962,0.1796,0.2356,0.3024,-0.3433,0.1349
Pemukiman_18,Pemukiman,0.0639,0.0807,0.091,0.2129,0.2356,0.4011,-0.4503,0.0506
Pemukiman_18,Pemukiman,0.0922,0.1093,0.1094,0.2437,0.2418,0.3803,-0.3807,-0.0039
Pemukiman_18,Pemukiman,0.0913,0.1136,0.1095,0.2598,0.2418,0.407,-0.3915,-0.0359
Pemukiman_18,Pemukiman,0.0655,0.0825,0.0875,0.2646,0.2495,0.503,-0.5246,-0.0294
Pemukiman_18,Pemukiman,0.1059,0.1208,0.1299,0.2316,0.2356,0.2813,-0.3144,0.0086
Pemukiman_18,Pemukiman,0.1108,0.1224,0.1187,0.2605,0.2442,0.3739,-0.3607,-0.0323
Pemukiman_18,Pemukiman,0.0578,0.0822,0.077,0.2705,0.2442,0.5568,-0.5339,-0.0511
Pemukiman_18,Pemukiman,0.0522,0.0706,0.069,0.2776,0.2098,0.6018,-0.5945,-0.1391
Pemukiman_18,Pemukiman,0.0396,0.0598,0.0453,0.3171,0.2098,0.75,-0.6827,-0.2036
Pemukiman_18,Pemukiman,0.0447,0.0613,0.05,0.3004,0.183,0.7146,-0.661,-0.2429
Pemukiman_18,Pemukiman,0.042,0.0583,0.0487,0.2893,0.183,0.7118,-0.6646,-0.2251
Pemukiman_18,Pemukiman,0.0439,0.0621,0.0479,0.3078,0.2041,0.7307,-0.6642,-0.2026
Pemukiman_18,Pemukiman,0.0644,0.0807,0.0753,0.2721,0.2041,0.5665,-0.5425,-0.1428
Pemukiman_18,Pemukiman,0.0638,0.0841,0.0824,0.2522,0.2231,0.5075,-0.4998,-0.0612
Pemukiman_18,Pemukiman,0.0532,0.074,0.0694,0.2504,0.2231,0.566,-0.5438,-0.0577
Pemukiman_18,Pemukiman,0.0745,0.089,0.0836,0.2276,0.2332,0.4627,-0.4378,0.0122
Pemukiman_18,Pemukiman,0.0771,0.0911,0.0962,0.2005,0.2332,0.3515,-0.3752,0.0754
Pemukiman_18,Pemukiman,0.0604,0.0736,0.0871,0.1871,0.2464,0.3647,-0.4354,0.1368
Pemukiman_18,Pemukiman,0.0774,0.0888,0.0941,0.1944,0.2464,0.3477,-0.3729,0.118
Pemukiman_18,Pemukiman,0.0722,0.0877,0.1163,0.1885,0.2617,0.2369,-0.365,0.1626
Pemukiman_18,Pemukiman,0.0656,0.0808,0.1079,0.2182,0.2617,0.3382,-0.4595,0.0906
Pemukiman_18,Pemukiman,0.0806,0.0986,0.0967,0.2311,0.2637,0.41,-0.4019,0.0659
Pemukiman_18,Pemukiman,0.0767,0.0966,0.1118,0.2312,0.2637,0.3481,-0.4106,0.0657
Pemukiman_18,Pemukiman,0.0726,0.0932,0.1111,0.2391,0.2641,0.3655,-0.4391,0.0497
Pemukiman_18,Pemukiman,0.1251,0.1488,0.1687,0.2175,0.2356,0.1264,-0.1876,0.0399
Pemukiman_18,Pemukiman,0.1179,0.1371,0.144,0.2421,0.2442,0.2541,-0.2769,0.0043
Pemukiman_18,Pemukiman,0.0504,0.0703,0.0748,0.2341,0.2442,0.5157,-0.5381,0.0211
Pemukiman_18,Pemukiman,0.0449,0.0641,0.0624,0.2312,0.2098,0.5749,-0.5659,-0.0485
Pemukiman_18,Pemukiman,0.039,0.064,0.0497,0.2942,0.2098,0.711,-0.6427,-0.1675
Pemukiman_18,Pemukiman,0.0399,0.0567,0.0451,0.2687,0.183,0.7126,-0.6515,-0.1897
Pemukiman_18,Pemukiman,0.0344,0.0511,0.0406,0.2613,0.183,0.731,-0.6729,-0.1762
Pemukiman_18,Pemukiman,0.0426,0.0622,0.0469,0.2872,0.2041,0.7192,-0.644,-0.1691
Pemukiman_18,Pemukiman,0.0631,0.0764,0.0697,0.2541,0.2041,0.5695,-0.5377,-0.1091
Pemukiman_18,Pemukiman,0.0653,0.0783,0.0798,0.2347,0.2231,0.4925,-0.4997,-0.0253
Pemukiman_18,Pemukiman,0.0518,0.0675,0.0656,0.2203,0.2231,0.5411,-0.5309,0.0063
Pemukiman_18,Pemukiman,0.0775,0.09,0.0866,0.2081,0.2332,0.4123,-0.3962,0.0569
Pemukiman_18,Pemukiman,0.094,0.1083,0.111,0.1962,0.2332,0.2773,-0.2887,0.0862
Pemukiman_18,Pemukiman,0.069,0.0844,0.0856,0.2058,0.2464,0.4125,-0.4183,0.0898
Pemukiman_18,Pemukiman,0.0714,0.0866,0.0894,0.2429,0.2464,0.4619,-0.4744,0.0072
Pemukiman_18,Pemukiman,0.0999,0.1155,0.1422,0.2221,0.2617,0.2193,-0.3158,0.0819
Pemukiman_18,Pemukiman,0.0981,0.1138,0.1323,0.2174,0.2617,0.2434,-0.3128,0.0925
Pemukiman_18,Pemukiman,0.0937,0.1192,0.117,0.2244,0.2637,0.3146,-0.3062,0.0805
Pemukiman_18,Pemukiman,0.0834,0.1051,0.1328,0.2182,0.2637,0.2433,-0.3498,0.0944
Pemukiman_18,Pemukiman,0.0881,0.1111,0.1358,0.2335,0.2641,0.2646,-0.3552,0.0615
Pemukiman_18,Pemukiman,0.1026,0.119,0.1296,0.22,0.2579,0.2586,-0.2979,0.0793
Pemukiman_18,Pemukiman,0.1432,0.1606,0.1766,0.2296,0.2579,0.1305,-0.1768,0.0581
Pemukiman_18,Pemukiman,0.1559,0.1771,0.1912,0.2598,0.286,0.1521,-0.1893,0.048
Pemukiman_18,Pemukiman,0.1068,0.1299,0.1362,0.2318,0.286,0.2598,-0.2817,0.1047
Pemukiman_18,Pemukiman,0.0761,0.0912,0.0948,0.224,0.2569,0.4053,-0.4213,0.0684
Pemukiman_18,Pemukiman,0.0568,0.079,0.0739,0.291,0.2569,0.595,-0.573,-0.0622
Pemukiman_18,Pemukiman,0.0518,0.0728,0.066,0.2687,0.2237,0.6056,-0.5736,-0.0914
Pemukiman_18,Pemukiman,0.0492,0.0687,0.0574,0.2513,0.2237,0.6281,-0.5706,-0.0581
Pemukiman_18,Pemukiman,0.0561,0.0758,0.0648,0.2702,0.2898,0.6131,-0.5618,0.035
Pemukiman_18,Pemukiman,0.0522,0.0778,0.0678,0.2676,0.2898,0.5957,-0.5495,0.0398
Pemukiman_18,Pemukiman,0.054,0.0773,0.0732,0.2866,0.2597,0.5931,-0.5752,-0.0492
Pemukiman_18,Pemukiman,0.0544,0.0762,0.0678,0.2634,0.2597,0.5906,-0.5512,-0.0071
Pemukiman_18,Pemukiman,0.0929,0.103,0.1053,0.2045,0.2418,0.3202,-0.3301,0.0836
Pemukiman_18,Pemukiman,0.1193,0.1284,0.1329,0.1838,0.2418,0.1607,-0.1774,0.1363
Pemukiman_18,Pemukiman,0.1054,0.119,0.1225,0.2115,0.2476,0.2665,-0.2799,0.0786
Pemukiman_18,Pemukiman,0.0747,0.101,0.1153,0.2676,0.2476,0.3978,-0.452,-0.0388
Pemukiman_18,Pemukiman,0.1092,0.1303,0.1606,0.2422,0.2715,0.2026,-0.3004,0.057
Pemukiman_18,Pemukiman,0.1354,0.1501,0.1703,0.2187,0.2715,0.1244,-0.186,0.1077
Pemukiman_18,Pemukiman,0.1205,0.1451,0.155,0.2508,0.2661,0.2361,-0.267,0.0296
Pemukiman_18,Pemukiman,0.1019,0.1223,0.1276,0.2531,0.2661,0.3297,-0.3484,0.025
Pemukiman_18,Pemukiman,0.1086,0.1201,0.1262,0.2583,0.2384,0.3436,-0.3652,-0.0401
Pemukiman_18,Pemukiman,0.0817,0.1006,0.0966,0.2332,0.2579,0.4142,-0.3972,0.0503
Pemukiman_18,Pemukiman,0.1464,0.1732,0.1885,0.2729,0.2579,0.1829,-0.2235,-0.0283
Pemukiman_18,Pemukiman,0.1965,0.217,0.2517,0.2808,0.286,0.0546,-0.1282,0.0092
Pemukiman_18,Pemukiman,0.1962,0.212,0.2249,0.2542,0.286,0.0612,-0.0905,0.0589
Pemukiman_18,Pemukiman,0.1273,0.1462,0.1578,0.2339,0.2569,0.1943,-0.2307,0.0469
Pemukiman_18,Pemukiman,0.0712,0.093,0.0946,0.2878,0.2569,0.5052,-0.5116,-0.0567
Pemukiman_18,Pemukiman,0.0616,0.0886,0.0822,0.2942,0.2237,0.5632,-0.5371,-0.1361
Pemukiman_18,Pemukiman,0.0715,0.0909,0.0818,0.2685,0.2237,0.533,-0.4942,-0.091
Pemukiman_18,Pemukiman,0.1526,0.1623,0.1561,0.28,0.2898,0.2841,-0.2661,0.0172
Pemukiman_18,Pemukiman,0.189,0.2041,0.2014,0.2966,0.2898,0.1912,-0.1847,-0.0116
Pemukiman_18,Pemukiman,0.1033,0.1262,0.1195,0.2934,0.2597,0.4212,-0.3985,-0.0609
Pemukiman_18,Pemukiman,0.0599,0.0852,0.0759,0.2996,0.2597,0.5957,-0.5572,-0.0713
Pemukiman_18,Pemukiman,0.0807,0.0962,0.0959,0.2286,0.2418,0.4089,-0.4076,0.0281
Pemukiman_18,Pemukiman,0.1109,0.1191,0.1192,0.1864,0.2418,0.2199,-0.2203,0.1294
Pemukiman_18,Pemukiman,0.1101,0.1205,0.1231,0.2144,0.2476,0.2705,-0.2804,0.0719
Pemukiman_18,Pemukiman,0.0634,0.0892,0.0997,0.2579,0.2476,0.4424,-0.486,-0.0204
Pemukiman_18,Pemukiman,0.0791,0.0966,0.1295,0.2376,0.2715,0.2945,-0.4219,0.0666
Pemukiman_18,Pemukiman,0.1419,0.1486,0.1548,0.2322,0.2715,0.2,-0.2195,0.078
Pemukiman_18,Pemukiman,0.1213,0.142,0.1408,0.2855,0.2661,0.3394,-0.3357,-0.0352
Pemukiman_18,Pemukiman,0.0885,0.1145,0.1057,0.2989,0.2661,0.4775,-0.4461,-0.0581
Pemukiman_18,Pemukiman,0.0616,0.0819,0.0777,0.2894,0.2384,0.5767,-0.5588,-0.0966
Pemukiman_18,Pemukiman,0.0803,0.0971,0.0996,0.2246,0.2843,0.3856,-0.3963,0.1173
Pemukiman_18,Pemukiman,0.1245,0.1489,0.1782,0.2642,0.2843,0.1944,-0.2791,0.0366
Pemukiman_18,Pemukiman,0.158,0.1874,0.2305,0.2625,0.308,0.0649,-0.1669,0.0798
Pemukiman_18,Pemukiman,0.1892,0.2125,0.2197,0.24,0.308,0.0442,-0.0608,0.1241
Pemukiman_18,Pemukiman,0.1448,0.1655,0.1747,0.2391,0.295,0.1556,-0.1819,0.1047
Pemukiman_18,Pemukiman,0.0702,0.0922,0.1,0.2717,0.295,0.4619,-0.4933,0.0411
Pemukiman_18,Pemukiman,0.0605,0.0874,0.0836,0.2906,0.2926,0.5532,-0.5376,0.0034
Pemukiman_18,Pemukiman,0.0792,0.0975,0.0935,0.2711,0.2926,0.4871,-0.471,0.0381
Pemukiman_18,Pemukiman,0.2042,0.2199,0.2212,0.2996,0.3693,0.1505,-0.1534,0.1042
Pemukiman_18,Pemukiman,0.3115,0.3257,0.3222,0.3483,0.3693,0.0389,-0.0335,0.0293
Pemukiman_18,Pemukiman,0.1376,0.1521,0.1575,0.2767,0.2981,0.2745,-0.2906,0.0372
Pemukiman_18,Pemukiman,0.0501,0.0772,0.0677,0.3007,0.2981,0.6325,-0.5914,-0.0043
Pemukiman_18,Pemukiman,0.0601,0.0813,0.0759,0.2641,0.2158,0.5535,-0.5292,-0.1006
Pemukiman_18,Pemukiman,0.0688,0.0929,0.0877,0.2437,0.2158,0.4707,-0.448,-0.0607
Pemukiman_18,Pemukiman,0.0694,0.0883,0.0898,0.2545,0.2223,0.4784,-0.4848,-0.0675
Pemukiman_18,Pemukiman,0.0498,0.0722,0.0674,0.2648,0.2223,0.5942,-0.5715,-0.0873
Pemukiman_18,Pemukiman,0.0498,0.0701,0.076,0.2598,0.2076,0.5473,-0.575,-0.1117
Pemukiman_18,Pemukiman,0.0797,0.1008,0.0982,0.2403,0.2076,0.4198,-0.409,-0.073
Pemukiman_18,Pemukiman,0.0764,0.102,0.0966,0.2766,0.2154,0.4823,-0.4612,-0.1244
Pemukiman_18,Pemukiman,0.0673,0.0866,0.0789,0.2923,0.2154,0.5749,-0.5429,-0.1515
Pemukiman_18,Pemukiman,0.0475,0.07,0.0613,0.2847,0.218,0.6457,-0.6053,-0.1327
Pemukiman_18,Pemukiman,0.0843,0.1056,0.1463,0.2056,0.2843,0.1685,-0.3213,0.1606
Pemukiman_18,Pemukiman,0.0842,0.1131,0.1681,0.2353,0.2843,0.1666,-0.3507,0.0943
Pemukiman_18,Pemukiman,0.0936,0.1093,0.1554,0.1943,0.308,0.1112,-0.28,0.2264
Pemukiman_18,Pemukiman,0.1151,0.1268,0.1422,0.1731,0.308,0.098,-0.1544,0.2804
Pemukiman_18,Pemukiman,0.1276,0.1385,0.1484,0.2008,0.295,0.1501,-0.1836,0.19
Pemukiman_18,Pemukiman,0.0803,0.1051,0.1188,0.2286,0.295,0.3161,-0.3701,0.1268
Pemukiman_18,Pemukiman,0.0876,0.1097,0.1136,0.2561,0.2926,0.3854,-0.4002,0.0665
Pemukiman_18,Pemukiman,0.0845,0.1102,0.1129,0.2669,0.2926,0.4055,-0.4155,0.0459
Pemukiman_18,Pemukiman,0.1658,0.1775,0.1916,0.2911,0.3693,0.2061,-0.2424,0.1184
Pemukiman_18,Pemukiman,0.2254,0.253,0.255,0.3354,0.3693,0.1362,-0.14,0.0481
Pemukiman_18,Pemukiman,0.1023,0.1205,0.1261,0.2546,0.2981,0.3375,-0.3575,0.0787
Pemukiman_18,Pemukiman,0.0444,0.067,0.0563,0.2787,0.2981,0.6639,-0.6124,0.0336
Pemukiman_18,Pemukiman,0.0532,0.0745,0.0647,0.2761,0.2158,0.6203,-0.575,-0.1226
Pemukiman_18,Pemukiman,0.0501,0.0787,0.0676,0.2847,0.2158,0.6162,-0.5669,-0.1377
Pemukiman_18,Pemukiman,0.0526,0.0773,0.0689,0.2828,0.2223,0.6082,-0.5707,-0.1198
Pemukiman_18,Pemukiman,0.0472,0.0717,0.0616,0.2787,0.2223,0.638,-0.5908,-0.1126
Pemukiman_18,Pemukiman,0.0446,0.0688,0.0609,0.2882,0.2076,0.6511,-0.6146,-0.1626
Pemukiman_18,Pemukiman,0.0451,0.0715,0.0632,0.2788,0.2076,0.6304,-0.5918,-0.1464
Pemukiman_18,Pemukiman,0.0465,0.0714,0.0622,0.2807,0.2154,0.6372,-0.5944,-0.1316
Pemukiman_18,Pemukiman,0.0432,0.0677,0.0586,0.2902,0.2154,0.664,-0.6217,-0.1479
Pemukiman_18,Pemukiman,0.0456,0.0657,0.0604,0.2882,0.218,0.6535,-0.6287,-0.1387
Pemukiman_18,Pemukiman,0.0686,0.0951,0.1643,0.2,0.2957,0.098,-0.3555,0.1931
Pemukiman_18,Pemukiman,0.0711,0.1063,0.1714,0.2369,0.2957,0.1604,-0.3805,0.1104
Pemukiman_18,Pemukiman,0.0597,0.0753,0.0997,0.1697,0.2612,0.2598,-0.3853,0.2123
Pemukiman_18,Pemukiman,0.0636,0.0696,0.0895,0.1311,0.2612,0.1886,-0.3064,0.3316
Pemukiman_20,Pemukiman,0.0741,0.0885,0.0997,0.1703,0.2423,0.2615,-0.3161,0.1745
Pemukiman_20,Pemukiman,0.0754,0.0844,0.0887,0.173,0.2423,0.3221,-0.3442,0.1669
Pemukiman_20,Pemukiman,0.0745,0.0877,0.0931,0.143,0.235,0.2114,-0.2397,0.2434
Pemukiman_20,Pemukiman,0.0842,0.0971,0.1038,0.1566,0.235,0.2028,-0.2345,0.2002
Pemukiman_20,Pemukiman,0.0874,0.1013,0.11,0.1703,0.2431,0.2151,-0.254,0.1761
Pemukiman_20,Pemukiman,0.0721,0.0843,0.0889,0.1583,0.2431,0.2807,-0.305,0.2113
Pemukiman_20,Pemukiman,0.0873,0.1003,0.1066,0.1636,0.2443,0.211,-0.2399,0.1978
Pemukiman_20,Pemukiman,0.1161,0.123,0.129,0.1667,0.2443,0.1275,-0.1508,0.1888
Pemukiman_20,Pemukiman,0.1215,0.1334,0.1354,0.1735,0.2622,0.1233,-0.1307,0.2036
Pemukiman_20,Pemukiman,0.0735,0.0866,0.0843,0.188,0.2022,0.3808,-0.3693,0.0364
Pemukiman_20,Pemukiman,0.0922,0.1026,0.1112,0.1738,0.2418,0.2196,-0.2576,0.1636
Pemukiman_20,Pemukiman,0.1391,0.1581,0.1743,0.2059,0.2418,0.0831,-0.1313,0.0802
Pemukiman_20,Pemukiman,0.1196,0.1387,0.1507,0.204,0.2381,0.1503,-0.1905,0.0771
Pemukiman_20,Pemukiman,0.0783,0.094,0.0926,0.1808,0.2381,0.3226,-0.3159,0.1368
Pemukiman_20,Pemukiman,0.0871,0.0997,0.1067,0.1692,0.2278,0.2265,-0.2585,0.1476
Pemukiman_20,Pemukiman,0.0894,0.1071,0.1191,0.1718,0.2278,0.1812,-0.232,0.1401
Pemukiman_20,Pemukiman,0.0775,0.093,0.1028,0.1545,0.2384,0.2009,-0.2485,0.2135
Pemukiman_20,Pemukiman,0.0776,0.0915,0.1038,0.1693,0.2384,0.2398,-0.2983,0.1695
Pemukiman_20,Pemukiman,0.0746,0.0945,0.1154,0.188,0.2564,0.2393,-0.331,0.1539
Pemukiman_20,Pemukiman,0.0857,0.1034,0.1255,0.1819,0.2564,0.1835,-0.2751,0.17
Pemukiman_20,Pemukiman,0.101,0.1173,0.1372,0.1989,0.2834,0.1836,-0.2581,0.1752
Pemukiman_20,Pemukiman,0.106,0.1261,0.15,0.201,0.2834,0.1453,-0.229,0.1701
Pemukiman_20,Pemukiman,0.0626,0.0829,0.0711,0.2574,0.2022,0.5671,-0.5128,-0.1201
Pemukiman_20,Pemukiman,0.0851,0.0981,0.1136,0.1821,0.2418,0.2317,-0.2998,0.1408
Pemukiman_20,Pemukiman,0.1702,0.1842,0.2025,0.223,0.2418,0.0482,-0.0953,0.0404
Pemukiman_20,Pemukiman,0.1736,0.1941,0.2021,0.254,0.2381,0.1138,-0.1337,-0.0323
Pemukiman_20,Pemukiman,0.0621,0.0822,0.0888,0.193,0.2381,0.3698,-0.4026,0.1046
Pemukiman_20,Pemukiman,0.0737,0.0869,0.0969,0.1769,0.2278,0.2922,-0.3412,0.1258
Pemukiman_20,Pemukiman,0.0764,0.0983,0.1183,0.183,0.2278,0.2147,-0.3011,0.1091
Pemukiman_20,Pemukiman,0.0714,0.0834,0.1005,0.1656,0.2384,0.2446,-0.3301,0.1802
Pemukiman_20,Pemukiman,0.0742,0.0873,0.1071,0.1669,0.2384,0.2182,-0.3131,0.1764
Pemukiman_20,Pemukiman,0.0553,0.0747,0.1091,0.1765,0.2564,0.236,-0.4053,0.1846
Pemukiman_20,Pemukiman,0.0623,0.0797,0.1165,0.172,0.2564,0.1924,-0.3667,0.197
Pemukiman_20,Pemukiman,0.0946,0.1116,0.1478,0.2017,0.2834,0.1542,-0.2876,0.1684
Pemukiman_20,Pemukiman,0.0997,0.1222,0.1589,0.2063,0.2834,0.1298,-0.256,0.1574
Pemukiman_20,Pemukiman,0.0441,0.0683,0.049,0.2969,0.1913,0.7167,-0.626,-0.2163
Pemukiman_20,Pemukiman,0.0618,0.082,0.0768,0.2369,0.2233,0.5104,-0.4857,-0.0296
Pemukiman_20,Pemukiman,0.1135,0.1316,0.1316,0.2426,0.2233,0.2966,-0.2966,-0.0414
Pemukiman_20,Pemukiman,0.1608,0.1861,0.1966,0.2656,0.2448,0.1493,-0.176,-0.0408
Pemukiman_20,Pemukiman,0.0813,0.1005,0.1055,0.2172,0.2448,0.3461,-0.3673,0.0597
Pemukiman_20,Pemukiman,0.0627,0.0783,0.0807,0.1998,0.2092,0.4246,-0.4369,0.023
Pemukiman_20,Pemukiman,0.057,0.0737,0.0749,0.2257,0.2092,0.5017,-0.5077,-0.0379
Pemukiman_20,Pemukiman,0.0605,0.0764,0.0755,0.2156,0.2174,0.4813,-0.4767,0.0042
Pemukiman_20,Pemukiman,0.0548,0.0726,0.0749,0.1947,0.2174,0.4444,-0.4568,0.0551
Pemukiman_20,Pemukiman,0.0454,0.0614,0.0683,0.2045,0.2465,0.4993,-0.5382,0.0931
Pemukiman_20,Pemukiman,0.0541,0.0761,0.0943,0.2061,0.2465,0.3722,-0.4607,0.0893
Pemukiman_20,Pemukiman,0.0781,0.0939,0.1205,0.1981,0.2692,0.2436,-0.3568,0.1522
Pemukiman_20,Pemukiman,0.0993,0.1172,0.1322,0.1836,0.2692,0.1628,-0.2207,0.189
Pemukiman_20,Pemukiman,0.0354,0.0635,0.0392,0.2911,0.1913,0.7626,-0.6418,-0.2069
Pemukiman_20,Pemukiman,0.0421,0.079,0.0511,0.3386,0.2233,0.7377,-0.6216,-0.2052
Pemukiman_20,Pemukiman,0.0564,0.0857,0.0718,0.3169,0.2233,0.6306,-0.5743,-0.1733
Pemukiman_20,Pemukiman,0.1346,0.1603,0.1526,0.2783,0.2448,0.2917,-0.269,-0.064
Pemukiman_20,Pemukiman,0.0949,0.1212,0.1165,0.2679,0.2448,0.3939,-0.377,-0.0451
Pemukiman_20,Pemukiman,0.0466,0.0705,0.0553,0.2759,0.2092,0.6661,-0.593,-0.1375
Pemukiman_20,Pemukiman,0.041,0.0681,0.0474,0.2886,0.2092,0.7179,-0.6182,-0.1595
Pemukiman_20,Pemukiman,0.0479,0.0718,0.0593,0.2544,0.2174,0.6219,-0.5598,-0.0784
Pemukiman_20,Pemukiman,0.0534,0.0758,0.0653,0.2407,0.2174,0.5732,-0.521,-0.0509
Pemukiman_20,Pemukiman,0.0504,0.0724,0.0627,0.2461,0.2465,0.5939,-0.5454,0.0008
Pemukiman_20,Pemukiman,0.0602,0.0806,0.0932,0.2155,0.2465,0.3962,-0.4556,0.0671
Pemukiman_20,Pemukiman,0.0636,0.0843,0.1154,0.2063,0.2692,0.2826,-0.4198,0.1323
Pemukiman_20,Pemukiman,0.0722,0.0892,0.0959,0.172,0.2692,0.2841,-0.317,0.2203
Pemukiman_20,Pemukiman,0.0368,0.0635,0.0399,0.2876,0.2172,0.7563,-0.6383,-0.1395
Pemukiman_20,Pemukiman,0.0475,0.0766,0.0585,0.3283,0.2172,0.6975,-0.6216,-0.2037
Pemukiman_20,Pemukiman,0.0975,0.1179,0.1158,0.2731,0.2374,0.4045,-0.3969,-0.0699
Pemukiman_20,Pemukiman,0.0721,0.0988,0.0922,0.2783,0.2374,0.5023,-0.476,-0.0793
Pemukiman_20,Pemukiman,0.0358,0.0644,0.0405,0.2995,0.1981,0.7618,-0.6461,-0.2038
Pemukiman_20,Pemukiman,0.0424,0.0701,0.0477,0.2868,0.1981,0.7148,-0.6072,-0.1829
Pemukiman_20,Pemukiman,0.0613,0.0794,0.0772,0.2112,0.2258,0.4646,-0.4535,0.0334
Pemukiman_20,Pemukiman,0.0817,0.0998,0.106,0.2025,0.2258,0.3128,-0.3397,0.0544
Pemukiman_20,Pemukiman,0.0883,0.1061,0.1078,0.2157,0.2639,0.3335,-0.3406,0.1005
Pemukiman_20,Pemukiman,0.0673,0.0817,0.1038,0.1892,0.2639,0.2915,-0.3968,0.1649
Pemukiman_20,Pemukiman,0.0715,0.0894,0.1186,0.1895,0.2676,0.2301,-0.3589,0.1709
Pemukiman_20,Pemukiman,0.0867,0.0992,0.1093,0.1738,0.2676,0.2278,-0.2733,0.2125
Pemukiman_20,Pemukiman,0.0497,0.0698,0.0621,0.2446,0.2172,0.595,-0.556,-0.0593
Pemukiman_20,Pemukiman,0.0585,0.0807,0.0747,0.2681,0.2172,0.5642,-0.5373,-0.1049
Pemukiman_20,Pemukiman,0.0852,0.1068,0.1104,0.2458,0.2374,0.3801,-0.3942,-0.0174
Pemukiman_20,Pemukiman,0.0721,0.0958,0.0955,0.2567,0.2374,0.4577,-0.4565,-0.0391
Pemukiman_20,Pemukiman,0.0395,0.0633,0.0492,0.2775,0.1981,0.6988,-0.6285,-0.1669
Pemukiman_20,Pemukiman,0.0512,0.0764,0.061,0.276,0.1981,0.638,-0.5664,-0.1643
Pemukiman_20,Pemukiman,0.0742,0.0932,0.1031,0.1841,0.2258,0.282,-0.3278,0.1017
Pemukiman_20,Pemukiman,0.0854,0.1038,0.1234,0.1772,0.2258,0.179,-0.2612,0.1206
Pemukiman_20,Pemukiman,0.1283,0.1345,0.1458,0.1973,0.2639,0.1501,-0.1893,0.1444
Pemukiman_20,Pemukiman,0.1008,0.1167,0.1266,0.2051,0.2639,0.2367,-0.2747,0.1254
Pemukiman_20,Pemukiman,0.0964,0.1098,0.1208,0.2009,0.2676,0.249,-0.2932,0.1424
Pemukiman_20,Pemukiman,0.1227,0.1311,0.1385,0.1925,0.2676,0.1631,-0.1897,0.1632
Pemukiman_20,Pemukiman,0.111,0.1232,0.1288,0.1952,0.2599,0.2049,-0.2261,0.1422
Pemukiman_20,Pemukiman,0.1011,0.1158,0.116,0.2306,0.2703,0.3306,-0.3314,0.0793
Pemukiman_20,Pemukiman,0.0763,0.0934,0.1042,0.1987,0.2703,0.312,-0.3605,0.1527
Pemukiman_20,Pemukiman,0.0844,0.097,0.1108,0.186,0.2641,0.2534,-0.3145,0.1735
Pemukiman_20,Pemukiman,0.0832,0.0989,0.0975,0.2231,0.2641,0.3918,-0.3857,0.0842
Pemukiman_20,Pemukiman,0.0597,0.0853,0.0856,0.2436,0.245,0.4799,-0.4813,0.0029
Pemukiman_20,Pemukiman,0.0851,0.1054,0.1036,0.2411,0.245,0.3989,-0.3916,0.008
Pemukiman_20,Pemukiman,0.1129,0.1272,0.1416,0.1844,0.271,0.1313,-0.1836,0.1902
Pemukiman_20,Pemukiman,0.0945,0.1133,0.1218,0.1847,0.271,0.2052,-0.2396,0.1894
Pemukiman_20,Pemukiman,0.1061,0.1169,0.1298,0.1863,0.2859,0.1787,-0.2289,0.2109
Pemukiman_20,Pemukiman,0.1338,0.1503,0.1515,0.2321,0.2859,0.2101,-0.2139,0.1039
Pemukiman_20,Pemukiman,0.0872,0.1015,0.1089,0.2067,0.2654,0.3099,-0.3413,0.1243
Pemukiman_20,Pemukiman,0.1059,0.1167,0.123,0.1768,0.2654,0.1795,-0.2048,0.2004
Pemukiman_20,Pemukiman,0.0842,0.0974,0.1022,0.1768,0.2628,0.2674,-0.2896,0.1956
Pemukiman_20,Pemukiman,0.0914,0.1052,0.1137,0.2136,0.2703,0.3052,-0.34,0.1172
Pemukiman_20,Pemukiman,0.0666,0.0838,0.1081,0.1709,0.2703,0.2251,-0.342,0.2253
Pemukiman_20,Pemukiman,0.0746,0.0929,0.1156,0.1874,0.2641,0.237,-0.3371,0.1699
Pemukiman_20,Pemukiman,0.0948,0.1174,0.1183,0.2187,0.2641,0.2979,-0.3014,0.094
Pemukiman_20,Pemukiman,0.0944,0.1134,0.1219,0.1992,0.245,0.2407,-0.2745,0.1031
Pemukiman_20,Pemukiman,0.1111,0.1287,0.1372,0.1965,0.245,0.1777,-0.2085,0.1099
Pemukiman_20,Pemukiman,0.1224,0.1448,0.1744,0.2065,0.271,0.0843,-0.1756,0.1351
Pemukiman_20,Pemukiman,0.0991,0.1177,0.1459,0.2004,0.271,0.1574,-0.26,0.1498
Pemukiman_20,Pemukiman,0.0983,0.1108,0.1208,0.177,0.2859,0.1887,-0.23,0.2353
Pemukiman_20,Pemukiman,0.1183,0.1389,0.1398,0.2347,0.2859,0.2534,-0.2564,0.0983
Pemukiman_20,Pemukiman,0.0637,0.0879,0.0909,0.2236,0.2654,0.4219,-0.4356,0.0855
Pemukiman_20,Pemukiman,0.0831,0.0986,0.1023,0.1881,0.2654,0.2955,-0.3122,0.1705
Pemukiman_20,Pemukiman,0.0707,0.0845,0.0899,0.1729,0.2628,0.3158,-0.3434,0.2063
Pemukiman_20,Pemukiman,0.104,0.1265,0.1272,0.2309,0.2861,0.2896,-0.2921,0.1068
Pemukiman_20,Pemukiman,0.1265,0.149,0.1632,0.2123,0.2861,0.1308,-0.1752,0.1481
Pemukiman_20,Pemukiman,0.1431,0.1726,0.1821,0.2623,0.2709,0.1805,-0.2063,0.0161
Pemukiman_20,Pemukiman,0.108,0.1274,0.1427,0.2348,0.2709,0.244,-0.2965,0.0714
Pemukiman_20,Pemukiman,0.079,0.0858,0.1037,0.1677,0.2552,0.2358,-0.3231,0.2069
Pemukiman_20,Pemukiman,0.0959,0.1085,0.1288,0.1735,0.2552,0.1479,-0.2305,0.1906
Pemukiman_20,Pemukiman,0.0906,0.1152,0.1671,0.2074,0.2799,0.1076,-0.2858,0.1488
Pemukiman_20,Pemukiman,0.0787,0.1064,0.1545,0.2205,0.2799,0.176,-0.349,0.1187
Pemukiman_20,Pemukiman,0.1168,0.1278,0.1371,0.1989,0.2758,0.1839,-0.2176,0.162
Pemukiman_20,Pemukiman,0.1272,0.1581,0.1576,0.2458,0.2758,0.2186,-0.2171,0.0575
Pemukiman_20,Pemukiman,0.0582,0.0789,0.0731,0.2461,0.2337,0.542,-0.5145,-0.0258
Pemukiman_20,Pemukiman,0.0667,0.0837,0.0768,0.2223,0.2337,0.4865,-0.4529,0.025
Pemukiman_20,Pemukiman,0.0595,0.0761,0.0731,0.1896,0.2337,0.4435,-0.4272,0.1042
Pemukiman_20,Pemukiman,0.1082,0.117,0.1228,0.2247,0.2861,0.2932,-0.3152,0.1202
Pemukiman_20,Pemukiman,0.1206,0.1279,0.1476,0.2031,0.2861,0.1583,-0.2272,0.1697
Pemukiman_20,Pemukiman,0.1072,0.1383,0.149,0.2592,0.2709,0.27,-0.3042,0.0221
Pemukiman_20,Pemukiman,0.063,0.092,0.0951,0.2578,0.2709,0.461,-0.474,0.0248
Pemukiman_20,Pemukiman,0.0777,0.0918,0.1032,0.176,0.2552,0.2607,-0.3144,0.1837
Pemukiman_20,Pemukiman,0.1096,0.126,0.1353,0.1757,0.2552,0.1299,-0.1647,0.1845
Pemukiman_20,Pemukiman,0.1005,0.123,0.1613,0.2037,0.2799,0.1162,-0.247,0.1576
Pemukiman_20,Pemukiman,0.078,0.1092,0.1643,0.2434,0.2799,0.194,-0.3806,0.0697
Pemukiman_20,Pemukiman,0.1014,0.1216,0.126,0.2395,0.2758,0.3105,-0.3265,0.0704
Pemukiman_20,Pemukiman,0.141,0.1616,0.1591,0.2455,0.2758,0.2135,-0.2061,0.0581
Pemukiman_20,Pemukiman,0.0864,0.1055,0.1002,0.2188,0.2337,0.3718,-0.3494,0.0329
Pemukiman_20,Pemukiman,0.0609,0.0826,0.0781,0.2239,0.2337,0.4828,-0.461,0.0214
Pemukiman_20,Pemukiman,0.0422,0.066,0.0595,0.2081,0.2337,0.5553,-0.5184,0.0579
Pemukiman_20,Pemukiman,0.0739,0.0951,0.1021,0.191,0.2701,0.3033,-0.3352,0.1715
Pemukiman_20,Pemukiman,0.0558,0.0709,0.0908,0.1688,0.2701,0.3005,-0.4084,0.2308
Pemukiman_20,Pemukiman,0.0575,0.078,0.0816,0.2313,0.2562,0.4784,-0.4956,0.0511
Pemukiman_20,Pemukiman,0.0453,0.0716,0.0582,0.2997,0.2562,0.6748,-0.6143,-0.0783
Pemukiman_20,Pemukiman,0.0724,0.0887,0.0874,0.2097,0.2472,0.4116,-0.4055,0.0821
Pemukiman_20,Pemukiman,0.1054,0.1185,0.1255,0.1737,0.2472,0.1611,-0.1889,0.1746
Pemukiman_20,Pemukiman,0.096,0.1115,0.1273,0.1737,0.2542,0.1542,-0.2181,0.1881
Pemukiman_20,Pemukiman,0.0846,0.1113,0.1439,0.2096,0.2542,0.1859,-0.3063,0.0962
Pemukiman_20,Pemukiman,0.0778,0.1016,0.1132,0.2524,0.2521,0.3807,-0.426,-0.0006
Pemukiman_20,Pemukiman,0.0706,0.0892,0.096,0.238,0.2521,0.4251,-0.4548,0.0288
Pemukiman_20,Pemukiman,0.0791,0.1006,0.1206,0.1992,0.2296,0.2458,-0.3289,0.0709
Pemukiman_20,Pemukiman,0.0663,0.0946,0.1143,0.2375,0.2296,0.3502,-0.4303,-0.0169
Pemukiman_20,Pemukiman,0.0435,0.0699,0.0612,0.2313,0.2175,0.5815,-0.5359,-0.0307
Pemukiman_20,Pemukiman,0.069,0.0847,0.0948,0.1957,0.2175,0.3473,-0.3959,0.0528
Pemukiman_20,Pemukiman,0.0969,0.113,0.1255,0.1994,0.2701,0.2275,-0.2766,0.1506
Pemukiman_20,Pemukiman,0.0558,0.0787,0.0753,0.2374,0.2562,0.5184,-0.5021,0.0381
Pemukiman_20,Pemukiman,0.0593,0.0872,0.0756,0.2872,0.2562,0.5832,-0.5342,-0.057
Pemukiman_20,Pemukiman,0.0801,0.095,0.0949,0.2017,0.2472,0.3601,-0.3596,0.1014
Pemukiman_20,Pemukiman,0.0954,0.1072,0.114,0.1645,0.2472,0.1813,-0.2109,0.2009
Pemukiman_20,Pemukiman,0.0829,0.096,0.1045,0.1558,0.2542,0.1971,-0.2375,0.24
Pemukiman_20,Pemukiman,0.0665,0.08,0.1002,0.1656,0.2542,0.246,-0.3485,0.2111
Pemukiman_20,Pemukiman,0.0667,0.0924,0.1227,0.2325,0.2521,0.3091,-0.4312,0.0404
Pemukiman_20,Pemukiman,0.0424,0.0695,0.0794,0.2306,0.2521,0.4877,-0.5368,0.0445
Pemukiman_20,Pemukiman,0.0645,0.0859,0.1044,0.1903,0.2296,0.2915,-0.378,0.0936
Pemukiman_20,Pemukiman,0.0576,0.0886,0.0992,0.243,0.2296,0.4202,-0.4656,-0.0284
Pemukiman_20,Pemukiman,0.0467,0.0732,0.0634,0.2365,0.2175,0.5772,-0.5273,-0.0419
Pemukiman_20,Pemukiman,0.07,0.0889,0.0894,0.2074,0.2175,0.3976,-0.3999,0.0238
Pemukiman_20,Pemukiman,0.1237,0.1354,0.1456,0.1918,0.2485,0.1369,-0.1724,0.1288
Pemukiman_20,Pemukiman,0.0898,0.1016,0.1095,0.191,0.2671,0.2712,-0.3055,0.1661
Pemukiman_20,Pemukiman,0.1084,0.1276,0.1309,0.2146,0.2671,0.2423,-0.2542,0.109
Pemukiman_20,Pemukiman,0.0991,0.111,0.1147,0.179,0.2686,0.2189,-0.2345,0.2002
Pemukiman_20,Pemukiman,0.0807,0.0921,0.1062,0.1595,0.2686,0.2006,-0.2679,0.2548
Pemukiman_20,Pemukiman,0.0952,0.1033,0.1161,0.1626,0.2457,0.1668,-0.223,0.2035
Pemukiman_20,Pemukiman,0.0776,0.0924,0.1036,0.1626,0.2457,0.2216,-0.2753,0.2035
Pemukiman_20,Pemukiman,0.08,0.0998,0.1121,0.2019,0.2419,0.286,-0.3384,0.0901
Pemukiman_20,Pemukiman,0.0736,0.0966,0.1,0.2277,0.2419,0.3897,-0.4043,0.0302
Pemukiman_20,Pemukiman,0.0856,0.1017,0.1039,0.2083,0.2309,0.3344,-0.3439,0.0515
Pemukiman_20,Pemukiman,0.0636,0.086,0.0804,0.23,0.2309,0.482,-0.4557,0.002
Pemukiman_20,Pemukiman,0.0432,0.0724,0.0555,0.2603,0.2052,0.6485,-0.5648,-0.1184
Pemukiman_20,Pemukiman,0.0643,0.089,0.079,0.2429,0.2052,0.5092,-0.4637,-0.0841
Pemukiman_20,Pemukiman,0.0956,0.1114,0.1243,0.1799,0.2485,0.1828,-0.2352,0.1601
Pemukiman_20,Pemukiman,0.0887,0.1085,0.1255,0.1793,0.2671,0.1765,-0.246,0.1967
Pemukiman_20,Pemukiman,0.0977,0.1132,0.1215,0.1785,0.2671,0.19,-0.2239,0.1988
Pemukiman_20,Pemukiman,0.081,0.0953,0.0999,0.1714,0.2686,0.2635,-0.2853,0.2209
Pemukiman_20,Pemukiman,0.0709,0.0853,0.101,0.1762,0.2686,0.2713,-0.3476,0.2077
Pemukiman_20,Pemukiman,0.0909,0.1073,0.125,0.175,0.2457,0.1667,-0.2398,0.1681
Pemukiman_20,Pemukiman,0.084,0.0981,0.1072,0.1613,0.2457,0.2015,-0.2436,0.2074
Pemukiman_20,Pemukiman,0.0931,0.1082,0.1107,0.1827,0.2419,0.2454,-0.2561,0.1394
Pemukiman_20,Pemukiman,0.1116,0.1307,0.1328,0.217,0.2419,0.2407,-0.2482,0.0543
Pemukiman_20,Pemukiman,0.0822,0.0995,0.0991,0.2017,0.2309,0.3411,-0.3393,0.0675
Pemukiman_20,Pemukiman,0.0748,0.094,0.0883,0.2185,0.2309,0.4244,-0.3984,0.0276
Pemukiman_20,Pemukiman,0.0478,0.0722,0.0547,0.2712,0.2052,0.6643,-0.5795,-0.1385
Pemukiman_20,Pemukiman,0.0531,0.0782,0.0612,0.2661,0.2052,0.626,-0.5457,-0.1292
Pemukiman_20,Pemukiman,0.0884,0.1005,0.1065,0.1998,0.2017,0.3046,-0.3307,0.0047
Pemukiman_20,Pemukiman,0.1226,0.1428,0.1517,0.2109,0.2654,0.1633,-0.1925,0.1144
Pemukiman_20,Pemukiman,0.0968,0.1138,0.1171,0.1891,0.2654,0.2351,-0.2486,0.1679
Pemukiman_20,Pemukiman,0.0789,0.0924,0.0959,0.199,0.2769,0.3496,-0.3658,0.1637
Pemukiman_20,Pemukiman,0.1059,0.1268,0.1332,0.224,0.2769,0.2542,-0.2771,0.1056
Pemukiman_20,Pemukiman,0.1172,0.1343,0.1504,0.1991,0.257,0.1393,-0.1944,0.1269
Pemukiman_20,Pemukiman,0.0886,0.1032,0.1144,0.1606,0.257,0.168,-0.2176,0.2308
Pemukiman_20,Pemukiman,0.0793,0.092,0.1028,0.1554,0.2342,0.2037,-0.2563,0.2023
Pemukiman_20,Pemukiman,0.0989,0.1104,0.1208,0.1807,0.2342,0.1987,-0.2415,0.1289
Pemukiman_20,Pemukiman,0.0708,0.0859,0.0887,0.1879,0.2195,0.3586,-0.3725,0.0776
Pemukiman_20,Pemukiman,0.0892,0.0993,0.0959,0.2023,0.2195,0.3568,-0.3415,0.0408
Pemukiman_20,Pemukiman,0.058,0.0749,0.0609,0.252,0.1804,0.6107,-0.5418,-0.1656
Pemukiman_20,Pemukiman,0.0392,0.0662,0.0455,0.2874,0.1804,0.7266,-0.6256,-0.2287
Pemukiman_20,Pemukiman,0.0652,0.0768,0.0732,0.218,0.2017,0.4973,-0.479,-0.0388
Pemukiman_20,Pemukiman,0.1261,0.1387,0.1431,0.2078,0.2654,0.1844,-0.1994,0.1217
Pemukiman_20,Pemukiman,0.1106,0.1242,0.1298,0.1812,0.2654,0.1653,-0.1866,0.1885
Pemukiman_20,Pemukiman,0.0889,0.1006,0.1066,0.1782,0.2769,0.2514,-0.2783,0.2169
Pemukiman_20,Pemukiman,0.1077,0.1312,0.1408,0.1977,0.2769,0.1681,-0.2022,0.1669
Pemukiman_20,Pemukiman,0.1211,0.1352,0.1462,0.1941,0.257,0.1408,-0.1789,0.1394
Pemukiman_20,Pemukiman,0.1051,0.1182,0.1286,0.1782,0.257,0.1617,-0.2024,0.1811
Pemukiman_20,Pemukiman,0.0829,0.096,0.1039,0.1768,0.2342,0.2597,-0.2962,0.1397
Pemukiman_20,Pemukiman,0.1026,0.111,0.1108,0.1887,0.2342,0.2601,-0.2593,0.1076
Pemukiman_20,Pemukiman,0.075,0.089,0.0818,0.2087,0.2195,0.4368,-0.4021,0.0252
Pemukiman_20,Pemukiman,0.0634,0.0801,0.0687,0.2291,0.2195,0.5386,-0.4819,-0.0214
Pemukiman_20,Pemukiman,0.0442,0.0663,0.0487,0.2588,0.1804,0.6832,-0.5921,-0.1785
Pemukiman_20,Pemukiman,0.0482,0.0669,0.0533,0.2352,0.1737,0.6305,-0.5571,-0.1504
Pemukiman_20,Pemukiman,0.0847,0.0953,0.1058,0.179,0.242,0.257,-0.3051,0.1496
Pemukiman_20,Pemukiman,0.1063,0.1161,0.1232,0.1691,0.242,0.157,-0.1858,0.1773
Pemukiman_20,Pemukiman,0.1062,0.119,0.1244,0.1693,0.2789,0.1529,-0.1745,0.2445
Pemukiman_20,Pemukiman,0.0921,0.1061,0.1151,0.1786,0.2789,0.2162,-0.2547,0.2192
Pemukiman_20,Pemukiman,0.1006,0.1182,0.1246,0.194,0.262,0.2178,-0.2428,0.1491
Pemukiman_20,Pemukiman,0.0993,0.1126,0.1229,0.1828,0.262,0.1959,-0.2376,0.1781
Pemukiman_20,Pemukiman,0.0696,0.0866,0.0939,0.1917,0.21,0.3424,-0.3776,0.0456
Pemukiman_20,Pemukiman,0.079,0.0967,0.0851,0.2385,0.21,0.474,-0.423,-0.0635
Pemukiman_20,Pemukiman,0.0418,0.0645,0.0477,0.2573,0.1677,0.6872,-0.5991,-0.2108
Pemukiman_20,Pemukiman,0.0447,0.0669,0.0561,0.2651,0.1737,0.6507,-0.597,-0.2083
Pemukiman_20,Pemukiman,0.0679,0.0839,0.0869,0.1902,0.242,0.3728,-0.3878,0.1199
Pemukiman_20,Pemukiman,0.1072,0.1242,0.127,0.1755,0.242,0.1603,-0.1712,0.1593
Pemukiman_20,Pemukiman,0.1382,0.1555,0.1572,0.1956,0.2789,0.1088,-0.1142,0.1756
Pemukiman_20,Pemukiman,0.0962,0.1156,0.1277,0.1987,0.2789,0.2175,-0.2644,0.1679
Pemukiman_20,Pemukiman,0.0792,0.0941,0.1097,0.1879,0.262,0.2628,-0.3326,0.1647
Pemukiman_20,Pemukiman,0.0682,0.0816,0.1011,0.1712,0.262,0.2574,-0.3544,0.2096
Pemukiman_20,Pemukiman,0.0427,0.0606,0.0739,0.1847,0.21,0.4285,-0.5059,0.0641
Pemukiman_20,Pemukiman,0.0574,0.0795,0.0692,0.2834,0.209,0.6075,-0.5619,-0.1511
Pemukiman_20,Pemukiman,0.0919,0.1092,0.1094,0.2118,0.2497,0.3188,-0.3196,0.0821
Pemukiman_20,Pemukiman,0.0925,0.1078,0.1168,0.1692,0.2497,0.1832,-0.2217,0.1922
Pemukiman_20,Pemukiman,0.0979,0.1168,0.1241,0.1744,0.2574,0.1685,-0.1978,0.1922
Pemukiman_20,Pemukiman,0.0956,0.1133,0.1355,0.1881,0.2574,0.1625,-0.2482,0.1556
Pemukiman_20,Pemukiman,0.0579,0.0748,0.0878,0.1845,0.2215,0.3551,-0.4231,0.0911
Pemukiman_20,Pemukiman,0.1406,0.1641,0.1594,0.2494,0.2497,0.2202,-0.2063,0.0006
Pemukiman_20,Pemukiman,0.095,0.11,0.1085,0.1864,0.2497,0.2642,-0.2578,0.1451
Pemukiman_20,Pemukiman,0.0835,0.0944,0.1036,0.1708,0.2574,0.2449,-0.2881,0.2022
Pemukiman_20,Pemukiman,0.1281,0.149,0.1498,0.2449,0.2319,0.2409,-0.2435,-0.0273
Pemukiman_22,Pemukiman,0.0905,0.1068,0.0958,0.265,0.1986,0.469,-0.4255,-0.1432
Pemukiman_22,Pemukiman,0.0538,0.072,0.0638,0.2474,0.1986,0.59,-0.5492,-0.1094
Pemukiman_22,Pemukiman,0.0575,0.0738,0.063,0.2293,0.209,0.5689,-0.513,-0.0463
Pemukiman_22,Pemukiman,0.0485,0.0676,0.0555,0.2692,0.209,0.6581,-0.5986,-0.1259
Pemukiman_22,Pemukiman,0.0724,0.0994,0.1139,0.2807,0.2496,0.4227,-0.477,-0.0586
Pemukiman_22,Pemukiman,0.1124,0.1355,0.165,0.2299,0.2496,0.1643,-0.2583,0.0411
Pemukiman_22,Pemukiman,0.1051,0.1223,0.1305,0.2131,0.245,0.2404,-0.2707,0.0696
Pemukiman_22,Pemukiman,0.0703,0.0903,0.0928,0.236,0.245,0.4355,-0.4465,0.0187
Pemukiman_22,Pemukiman,0.0425,0.062,0.0466,0.2837,0.1817,0.7178,-0.6413,-0.2192
Pemukiman_22,Pemukiman,0.0338,0.0573,0.0359,0.3012,0.1817,0.787,-0.6803,-0.2475
Pemukiman_22,Pemukiman,0.0519,0.0687,0.0628,0.2528,0.2006,0.602,-0.5726,-0.1151
Pemukiman_22,Pemukiman,0.0843,0.0971,0.1061,0.2135,0.2006,0.336,-0.3748,-0.0312
Pemukiman_22,Pemukiman,0.0612,0.083,0.0952,0.2428,0.2123,0.4367,-0.4905,-0.067
Pemukiman_22,Pemukiman,0.0416,0.0643,0.0569,0.283,0.2123,0.6652,-0.6297,-0.1427
Pemukiman_22,Pemukiman,0.047,0.0674,0.0535,0.2904,0.2113,0.6889,-0.6233,-0.1577
Pemukiman_22,Pemukiman,0.0746,0.0972,0.0805,0.3023,0.2113,0.5794,-0.5134,-0.1772
Pemukiman_22,Pemukiman,0.0585,0.0744,0.0639,0.2759,0.1986,0.6239,-0.5752,-0.1629
Pemukiman_22,Pemukiman,0.0636,0.0805,0.0823,0.235,0.1986,0.4812,-0.4897,-0.0839
Pemukiman_22,Pemukiman,0.0663,0.085,0.0927,0.2267,0.209,0.4195,-0.4546,-0.0406
Pemukiman_22,Pemukiman,0.0634,0.0834,0.0812,0.2652,0.209,0.5312,-0.5215,-0.1185
Pemukiman_22,Pemukiman,0.1042,0.1258,0.1284,0.2551,0.2496,0.3304,-0.3395,-0.0109
Pemukiman_22,Pemukiman,0.1215,0.1331,0.152,0.2142,0.2496,0.1699,-0.2335,0.0763
Pemukiman_22,Pemukiman,0.1335,0.1594,0.1692,0.2397,0.245,0.1724,-0.2012,0.0109
Pemukiman_22,Pemukiman,0.0935,0.1144,0.1182,0.2376,0.245,0.3356,-0.35,0.0153
Pemukiman_22,Pemukiman,0.0425,0.0609,0.0477,0.257,0.1817,0.6869,-0.6169,-0.1716
Pemukiman_22,Pemukiman,0.0355,0.0578,0.0406,0.2875,0.1817,0.7525,-0.6652,-0.2255
Pemukiman_22,Pemukiman,0.0587,0.0778,0.0681,0.246,0.2006,0.5664,-0.5195,-0.1017
Pemukiman_22,Pemukiman,0.0864,0.103,0.1075,0.208,0.2006,0.3185,-0.3376,-0.0181
Pemukiman_22,Pemukiman,0.0605,0.083,0.0979,0.2511,0.2123,0.439,-0.5031,-0.0837
Pemukiman_22,Pemukiman,0.0448,0.0705,0.0664,0.2846,0.2123,0.6217,-0.6029,-0.1455
Pemukiman_22,Pemukiman,0.0444,0.0684,0.0531,0.2669,0.2113,0.6681,-0.592,-0.1163
Pemukiman_22,Pemukiman,0.0419,0.0691,0.0542,0.2882,0.2235,0.6834,-0.6132,-0.1264
Pemukiman_22,Pemukiman,0.0618,0.0801,0.0898,0.2472,0.2235,0.4671,-0.5105,-0.0504
Pemukiman_22,Pemukiman,0.0827,0.1079,0.1168,0.2596,0.2492,0.3794,-0.4128,-0.0204
Pemukiman_22,Pemukiman,0.083,0.1127,0.1392,0.2748,0.2492,0.3275,-0.4183,-0.0489
Pemukiman_22,Pemukiman,0.0916,0.116,0.1266,0.2764,0.2731,0.3717,-0.4088,-0.006
Pemukiman_22,Pemukiman,0.1187,0.1424,0.1478,0.243,0.2731,0.2436,-0.261,0.0583
Pemukiman_22,Pemukiman,0.1896,0.2167,0.2288,0.2749,0.2898,0.0915,-0.1184,0.0264
Pemukiman_22,Pemukiman,0.1268,0.1558,0.1681,0.2507,0.2898,0.1972,-0.2335,0.0723
Pemukiman_22,Pemukiman,0.0542,0.0724,0.0657,0.2338,0.2238,0.5613,-0.5271,-0.0219
Pemukiman_22,Pemukiman,0.0387,0.0575,0.041,0.2773,0.2238,0.7424,-0.6565,-0.1068
Pemukiman_22,Pemukiman,0.0478,0.0686,0.0554,0.2899,0.2094,0.6791,-0.6173,-0.1612
Pemukiman_22,Pemukiman,0.0727,0.0925,0.0901,0.225,0.2094,0.4281,-0.4173,-0.0359
Pemukiman_22,Pemukiman,0.0682,0.0864,0.0898,0.2179,0.2399,0.4163,-0.4321,0.0481
Pemukiman_22,Pemukiman,0.0634,0.089,0.0838,0.2539,0.2399,0.5037,-0.4809,-0.0284
Pemukiman_22,Pemukiman,0.0666,0.0884,0.0852,0.2424,0.2043,0.4799,-0.4655,-0.0853
Pemukiman_22,Pemukiman,0.0463,0.0741,0.0843,0.2883,0.2235,0.5475,-0.5911,-0.1266
Pemukiman_22,Pemukiman,0.0575,0.0881,0.1092,0.2681,0.2235,0.4211,-0.5053,-0.0907
Pemukiman_22,Pemukiman,0.0739,0.1028,0.1154,0.263,0.2492,0.3901,-0.4379,-0.0269
Pemukiman_22,Pemukiman,0.0814,0.1181,0.1579,0.2745,0.2492,0.2697,-0.3984,-0.0483
Pemukiman_22,Pemukiman,0.0805,0.1142,0.1307,0.2983,0.2731,0.3907,-0.4463,-0.0441
Pemukiman_22,Pemukiman,0.1489,0.1753,0.1761,0.2805,0.2731,0.2286,-0.2308,-0.0134
Pemukiman_22,Pemukiman,0.1755,0.207,0.2278,0.269,0.2898,0.0829,-0.1303,0.0372
Pemukiman_22,Pemukiman,0.1038,0.1257,0.1625,0.2374,0.2898,0.1873,-0.3076,0.0994
Pemukiman_22,Pemukiman,0.0761,0.099,0.099,0.2137,0.2238,0.3668,-0.3668,0.0231
Pemukiman_22,Pemukiman,0.0583,0.0779,0.074,0.2502,0.2238,0.5435,-0.5251,-0.0557
Pemukiman_22,Pemukiman,0.057,0.0785,0.0695,0.2772,0.2094,0.5991,-0.5586,-0.1393
Pemukiman_22,Pemukiman,0.0733,0.0913,0.0833,0.2169,0.2094,0.445,-0.4075,-0.0176
Pemukiman_22,Pemukiman,0.1093,0.1268,0.1267,0.1996,0.2399,0.2234,-0.223,0.0917
Pemukiman_22,Pemukiman,0.129,0.1484,0.1493,0.2296,0.2399,0.2119,-0.2148,0.0219
Pemukiman_22,Pemukiman,0.0954,0.1145,0.1129,0.2314,0.2043,0.3442,-0.338,-0.0622
Pemukiman_22,Pemukiman,0.0545,0.0828,0.066,0.3354,0.2385,0.6711,-0.604,-0.1688
Pemukiman_22,Pemukiman,0.0667,0.0959,0.1214,0.2953,0.2636,0.4173,-0.5097,-0.0567
Pemukiman_22,Pemukiman,0.071,0.1027,0.1411,0.2762,0.2636,0.3237,-0.4579,-0.0233
Pemukiman_22,Pemukiman,0.0849,0.1134,0.1237,0.2555,0.2845,0.3476,-0.3852,0.0537
Pemukiman_22,Pemukiman,0.1355,0.1606,0.1797,0.2546,0.2845,0.1725,-0.2264,0.0555
Pemukiman_22,Pemukiman,0.122,0.1378,0.1503,0.2605,0.2612,0.2683,-0.3081,0.0013
Pemukiman_22,Pemukiman,0.125,0.148,0.1456,0.2485,0.2612,0.2611,-0.2535,0.0249
Pemukiman_22,Pemukiman,0.1256,0.1431,0.1548,0.2418,0.2588,0.2194,-0.2564,0.034
Pemukiman_22,Pemukiman,0.087,0.1082,0.1267,0.223,0.2588,0.2754,-0.3466,0.0743
Pemukiman_22,Pemukiman,0.0745,0.0956,0.0937,0.2242,0.2451,0.4105,-0.4021,0.0445
Pemukiman_22,Pemukiman,0.0865,0.1022,0.1069,0.2399,0.2451,0.3835,-0.4025,0.0107
Pemukiman_22,Pemukiman,0.0836,0.1,0.0928,0.2418,0.2201,0.4453,-0.4149,-0.047
Pemukiman_22,Pemukiman,0.0694,0.0796,0.0801,0.1807,0.2201,0.3857,-0.3884,0.0983
Pemukiman_22,Pemukiman,0.118,0.1362,0.1327,0.2059,0.251,0.2162,-0.2037,0.0987
Pemukiman_22,Pemukiman,0.1407,0.1587,0.1588,0.2302,0.251,0.1835,-0.1839,0.0432
Pemukiman_22,Pemukiman,0.0757,0.0955,0.0924,0.2288,0.2649,0.4247,-0.411,0.0731
Pemukiman_22,Pemukiman,0.0642,0.0937,0.0843,0.3147,0.2385,0.5774,-0.5411,-0.1377
Pemukiman_22,Pemukiman,0.1146,0.1439,0.1646,0.2757,0.2636,0.2523,-0.3141,-0.0224
Pemukiman_22,Pemukiman,0.1217,0.1435,0.1778,0.2568,0.2636,0.1818,-0.283,0.0131
Pemukiman_22,Pemukiman,0.1697,0.1886,0.1937,0.2686,0.2845,0.162,-0.175,0.0287
Pemukiman_22,Pemukiman,0.1706,0.1821,0.1944,0.2532,0.2845,0.1314,-0.1633,0.0582
Pemukiman_22,Pemukiman,0.1041,0.1236,0.1222,0.2602,0.2612,0.3609,-0.3559,0.0019
Pemukiman_22,Pemukiman,0.0757,0.0967,0.0918,0.243,0.2612,0.4516,-0.4307,0.0361
Pemukiman_22,Pemukiman,0.0823,0.1011,0.0973,0.2224,0.2588,0.3913,-0.375,0.0756
Pemukiman_22,Pemukiman,0.0914,0.1005,0.1005,0.2061,0.2588,0.3444,-0.3444,0.1134
Pemukiman_22,Pemukiman,0.082,0.0987,0.0934,0.2382,0.2451,0.4367,-0.4141,0.0143
Pemukiman_22,Pemukiman,0.0764,0.0977,0.0938,0.2414,0.2451,0.4403,-0.4238,0.0076
Pemukiman_22,Pemukiman,0.067,0.0872,0.083,0.2098,0.2201,0.4331,-0.4128,0.024
Pemukiman_22,Pemukiman,0.0573,0.0709,0.0719,0.172,0.2201,0.4104,-0.4162,0.1227
Pemukiman_22,Pemukiman,0.0735,0.0848,0.0859,0.2023,0.251,0.4039,-0.4093,0.1074
Pemukiman_22,Pemukiman,0.106,0.1266,0.1276,0.2282,0.251,0.2827,-0.2864,0.0476
Pemukiman_22,Pemukiman,0.0986,0.1224,0.1186,0.2405,0.2649,0.3395,-0.3254,0.0483
Pemukiman_22,Pemukiman,0.0656,0.0912,0.0875,0.2795,0.2532,0.5232,-0.508,-0.0494
Pemukiman_22,Pemukiman,0.1015,0.129,0.1678,0.2444,0.2854,0.1858,-0.3091,0.0774
Pemukiman_22,Pemukiman,0.1237,0.1526,0.1963,0.2574,0.2854,0.1347,-0.2556,0.0516
Pemukiman_22,Pemukiman,0.1708,0.1996,0.2248,0.2783,0.2773,0.1063,-0.1647,-0.0018
Pemukiman_22,Pemukiman,0.1301,0.151,0.1729,0.2474,0.2773,0.1773,-0.242,0.057
Pemukiman_22,Pemukiman,0.0666,0.0908,0.0877,0.2739,0.2288,0.5149,-0.5021,-0.0897
Pemukiman_22,Pemukiman,0.0711,0.093,0.0935,0.2558,0.2288,0.4646,-0.4667,-0.0557
Pemukiman_22,Pemukiman,0.0867,0.0995,0.1104,0.202,0.2416,0.2932,-0.34,0.0893
Pemukiman_22,Pemukiman,0.1068,0.1159,0.123,0.1865,0.2416,0.2052,-0.2335,0.1287
Pemukiman_22,Pemukiman,0.1147,0.1277,0.126,0.2418,0.246,0.3148,-0.3088,0.0086
Pemukiman_22,Pemukiman,0.0716,0.0931,0.0887,0.2454,0.246,0.469,-0.4499,0.0012
Pemukiman_22,Pemukiman,0.0938,0.1106,0.1125,0.2134,0.2329,0.3096,-0.3173,0.0437
Pemukiman_22,Pemukiman,0.0896,0.1029,0.1068,0.1833,0.2329,0.2637,-0.2809,0.1192
Pemukiman_22,Pemukiman,0.0667,0.0792,0.0755,0.1924,0.2435,0.4364,-0.4168,0.1172
Pemukiman_22,Pemukiman,0.1108,0.1242,0.1254,0.2092,0.2435,0.2504,-0.2549,0.0758
Pemukiman_22,Pemukiman,0.1796,0.198,0.2097,0.263,0.3319,0.1128,-0.141,0.1158
Pemukiman_22,Pemukiman,0.0627,0.0857,0.0915,0.2862,0.2532,0.5155,-0.5391,-0.0612
Pemukiman_22,Pemukiman,0.073,0.0995,0.1583,0.2131,0.2854,0.1475,-0.3634,0.145
Pemukiman_22,Pemukiman,0.1023,0.1314,0.1763,0.2389,0.2854,0.1508,-0.2903,0.0887
Pemukiman_22,Pemukiman,0.1031,0.1278,0.159,0.2504,0.2773,0.2233,-0.3242,0.051
Pemukiman_22,Pemukiman,0.0654,0.0902,0.1212,0.2326,0.2773,0.3149,-0.4411,0.0877
Pemukiman_22,Pemukiman,0.044,0.0686,0.0593,0.2572,0.2288,0.6253,-0.5789,-0.0584
Pemukiman_22,Pemukiman,0.0547,0.073,0.0888,0.2603,0.2288,0.4913,-0.562,-0.0644
Pemukiman_22,Pemukiman,0.083,0.0948,0.1148,0.2156,0.2416,0.3051,-0.3892,0.0569
Pemukiman_22,Pemukiman,0.0933,0.1088,0.1194,0.1923,0.2416,0.2339,-0.2773,0.1136
Pemukiman_22,Pemukiman,0.0715,0.0982,0.1029,0.2534,0.246,0.4224,-0.4414,-0.0148
Pemukiman_22,Pemukiman,0.0527,0.0711,0.075,0.2362,0.246,0.518,-0.5373,0.0203
Pemukiman_22,Pemukiman,0.1071,0.1262,0.1406,0.2201,0.2329,0.2204,-0.2712,0.0283
Pemukiman_22,Pemukiman,0.1142,0.1315,0.1385,0.2264,0.2329,0.2409,-0.2652,0.0142
Pemukiman_22,Pemukiman,0.0786,0.1016,0.0959,0.2386,0.2435,0.4266,-0.4027,0.0102
Pemukiman_22,Pemukiman,0.0853,0.1061,0.1094,0.2168,0.2435,0.3292,-0.3428,0.058
Pemukiman_22,Pemukiman,0.1298,0.1521,0.1757,0.2714,0.3319,0.214,-0.2817,0.1003
Pemukiman_22,Pemukiman,0.0908,0.116,0.1297,0.2965,0.2791,0.3914,-0.4376,-0.0302
Pemukiman_22,Pemukiman,0.064,0.09,0.1308,0.2116,0.2699,0.236,-0.4032,0.1211
Pemukiman_22,Pemukiman,0.0782,0.1015,0.121,0.2211,0.2699,0.2926,-0.3707,0.0994
Pemukiman_22,Pemukiman,0.0744,0.1,0.1008,0.2523,0.2337,0.4291,-0.4323,-0.0383
Pemukiman_22,Pemukiman,0.0598,0.0824,0.0863,0.2646,0.2337,0.5081,-0.5251,-0.062
Pemukiman_22,Pemukiman,0.0417,0.0666,0.0491,0.2868,0.2018,0.7076,-0.6231,-0.174
Pemukiman_22,Pemukiman,0.0393,0.0598,0.0549,0.2921,0.2018,0.6836,-0.6601,-0.1828
Pemukiman_22,Pemukiman,0.0558,0.0746,0.0723,0.2732,0.2193,0.5815,-0.571,-0.1094
Pemukiman_22,Pemukiman,0.0808,0.098,0.0982,0.2388,0.2193,0.4172,-0.4181,-0.0426
Pemukiman_22,Pemukiman,0.0486,0.0718,0.0714,0.2739,0.2188,0.5864,-0.5846,-0.1118
Pemukiman_22,Pemukiman,0.0503,0.0686,0.0668,0.2524,0.2188,0.5815,-0.5726,-0.0713
Pemukiman_22,Pemukiman,0.0769,0.0992,0.1118,0.213,0.2358,0.3116,-0.3645,0.0508
Pemukiman_22,Pemukiman,0.111,0.1298,0.1361,0.2508,0.2358,0.2965,-0.3179,-0.0308
Pemukiman_22,Pemukiman,0.1677,0.1792,0.1781,0.271,0.2538,0.2069,-0.2039,-0.0328
Pemukiman_22,Pemukiman,0.1021,0.1178,0.1221,0.21,0.2538,0.2647,-0.2813,0.0944
Pemukiman_22,Pemukiman,0.0635,0.0803,0.0872,0.2257,0.328,0.4426,-0.4752,0.1848
Pemukiman_22,Pemukiman,0.1753,0.1943,0.2082,0.3008,0.2791,0.1819,-0.2151,-0.0374
Pemukiman_22,Pemukiman,0.1216,0.1477,0.1679,0.2557,0.2791,0.2073,-0.2677,0.0438
Pemukiman_22,Pemukiman,0.0665,0.0927,0.1113,0.236,0.2699,0.3591,-0.436,0.067
Pemukiman_22,Pemukiman,0.0622,0.0857,0.0851,0.2449,0.2699,0.4842,-0.4815,0.0486
Pemukiman_22,Pemukiman,0.0821,0.0981,0.0934,0.2569,0.2337,0.4667,-0.4473,-0.0473
Pemukiman_22,Pemukiman,0.0754,0.095,0.0935,0.2667,0.2337,0.4808,-0.4747,-0.0659
Pemukiman_22,Pemukiman,0.0405,0.0624,0.046,0.2904,0.2018,0.7265,-0.6463,-0.18
Pemukiman_22,Pemukiman,0.0373,0.0606,0.0449,0.3024,0.2018,0.7414,-0.6661,-0.1995
Pemukiman_22,Pemukiman,0.0453,0.0649,0.0531,0.3052,0.2193,0.7036,-0.6493,-0.1638
Pemukiman_22,Pemukiman,0.0547,0.0746,0.0627,0.2969,0.2193,0.6513,-0.5984,-0.1503
Pemukiman_22,Pemukiman,0.0397,0.0653,0.0486,0.3206,0.2188,0.7367,-0.6616,-0.1887
Pemukiman_22,Pemukiman,0.0419,0.0653,0.0485,0.2988,0.2188,0.7207,-0.6413,-0.1546
Pemukiman_22,Pemukiman,0.0568,0.0725,0.0662,0.2365,0.2358,0.5626,-0.5307,-0.0015
Pemukiman_22,Pemukiman,0.0932,0.112,0.1129,0.2512,0.2358,0.3798,-0.3833,-0.0316
Pemukiman_22,Pemukiman,0.1531,0.1742,0.1783,0.2347,0.2538,0.1366,-0.148,0.0391
Pemukiman_22,Pemukiman,0.1385,0.1613,0.1733,0.2305,0.2538,0.1417,-0.1766,0.0481
Pemukiman_22,Pemukiman,0.0884,0.103,0.1012,0.2296,0.328,0.3881,-0.3806,0.1765
Pemukiman_22,Pemukiman,0.1534,0.1869,0.2197,0.2742,0.2703,0.1103,-0.1893,-0.0072
Pemukiman_22,Pemukiman,0.1622,0.1805,0.1859,0.2418,0.2703,0.1307,-0.1452,0.0557
Pemukiman_22,Pemukiman,0.076,0.1009,0.1053,0.2449,0.2526,0.3986,-0.4164,0.0155
Pemukiman_22,Pemukiman,0.0653,0.0883,0.0859,0.2559,0.2526,0.4974,-0.4869,-0.0065
Pemukiman_22,Pemukiman,0.0926,0.1117,0.1096,0.2138,0.2293,0.3222,-0.3137,0.035
Pemukiman_22,Pemukiman,0.0995,0.1146,0.1162,0.209,0.2293,0.2854,-0.2917,0.0463
Pemukiman_22,Pemukiman,0.0654,0.0838,0.0782,0.2272,0.2342,0.4879,-0.4611,0.0152
Pemukiman_22,Pemukiman,0.0586,0.0763,0.0787,0.2373,0.2342,0.5019,-0.5134,-0.0066
Pemukiman_22,Pemukiman,0.0487,0.0697,0.0793,0.2444,0.25,0.51,-0.5562,0.0113
Pemukiman_22,Pemukiman,0.0594,0.0772,0.0759,0.2583,0.25,0.5458,-0.5398,-0.0163
Pemukiman_22,Pemukiman,0.0605,0.0858,0.0767,0.2832,0.2221,0.5738,-0.535,-0.1209
Pemukiman_22,Pemukiman,0.0493,0.072,0.0616,0.2761,0.2221,0.6352,-0.5863,-0.1084
Pemukiman_22,Pemukiman,0.0525,0.068,0.0594,0.2318,0.2006,0.592,-0.5464,-0.0722
Pemukiman_22,Pemukiman,0.0853,0.1042,0.0975,0.2295,0.2006,0.4037,-0.3755,-0.0672
Pemukiman_22,Pemukiman,0.115,0.1357,0.1361,0.2169,0.2347,0.2289,-0.2303,0.0394
Pemukiman_22,Pemukiman,0.1789,0.208,0.2162,0.2646,0.2347,0.1007,-0.1198,-0.0599
Pemukiman_22,Pemukiman,0.1306,0.1538,0.1552,0.2551,0.2733,0.2435,-0.2477,0.0344
Pemukiman_22,Pemukiman,0.0892,0.1133,0.1092,0.2578,0.2221,0.4049,-0.3894,-0.0744
Pemukiman_22,Pemukiman,0.0581,0.0783,0.0698,0.2312,0.2006,0.5362,-0.494,-0.0709
Pemukiman_22,Pemukiman,0.0552,0.076,0.0609,0.2634,0.2006,0.6244,-0.5521,-0.1353
Pemukiman_22,Pemukiman,0.0617,0.0836,0.0706,0.2646,0.2347,0.5788,-0.5198,-0.0599
Pemukiman_22,Pemukiman,0.1172,0.1339,0.1311,0.289,0.2347,0.3759,-0.3668,-0.1037
Pemukiman_25,Pemukiman,0.144,0.1586,0.1599,0.2751,0.2603,0.2648,-0.2686,-0.0276
Pemukiman_25,Pemukiman,0.1561,0.171,0.165,0.2678,0.3219,0.2375,-0.2206,0.0917
Pemukiman_25,Pemukiman,0.1614,0.1779,0.1846,0.3268,0.3219,0.2781,-0.295,-0.0076
Pemukiman_25,Pemukiman,0.2174,0.2464,0.2563,0.4171,0.4191,0.2388,-0.2573,0.0024
Pemukiman_25,Pemukiman,0.1916,0.2232,0.2298,0.3989,0.4191,0.269,-0.2824,0.0247
Pemukiman_25,Pemukiman,0.1237,0.1514,0.1617,0.3554,0.3802,0.3746,-0.4025,0.0337
Pemukiman_25,Pemukiman,0.07,0.1002,0.1113,0.3327,0.3802,0.4986,-0.5371,0.0666
Pemukiman_25,Pemukiman,0.1513,0.1598,0.1657,0.2323,0.3249,0.1673,-0.1849,0.1662
Pemukiman_25,Pemukiman,0.1644,0.1676,0.1746,0.2012,0.3753,0.0708,-0.0911,0.302
Pemukiman_25,Pemukiman,0.2401,0.2598,0.2668,0.292,0.3753,0.0451,-0.0584,0.1248
Pemukiman_25,Pemukiman,0.4272,0.4407,0.4597,0.4785,0.5524,0.02,-0.0411,0.0717
Pemukiman_25,Pemukiman,0.4592,0.4766,0.4946,0.5371,0.5524,0.0412,-0.0597,0.014
Pemukiman_25,Pemukiman,0.4259,0.4313,0.4568,0.5122,0.5969,0.0572,-0.0857,0.0764
Pemukiman_25,Pemukiman,0.3461,0.3767,0.3948,0.4782,0.5969,0.0955,-0.1187,0.1104
Pemukiman_25,Pemukiman,0.2681,0.301,0.3071,0.4164,0.4224,0.1511,-0.1609,0.0072
Pemukiman_25,Pemukiman,0.1113,0.1365,0.1405,0.2949,0.4224,0.3546,-0.3672,0.1777
Pemukiman_25,Pemukiman,0.071,0.0906,0.0967,0.2398,0.2653,0.4253,-0.4516,0.0505
Pemukiman_25,Pemukiman,0.0663,0.0815,0.0846,0.2394,0.2653,0.4778,-0.4921,0.0513
Pemukiman_25,Pemukiman,0.0501,0.0708,0.0639,0.2478,0.2229,0.59,-0.5556,-0.0529
Pemukiman_25,Pemukiman,0.0444,0.0693,0.0522,0.2864,0.2229,0.6917,-0.6103,-0.1247
Pemukiman_25,Pemukiman,0.0511,0.0742,0.0648,0.3026,0.2072,0.6472,-0.6062,-0.1871
Pemukiman_25,Pemukiman,0.0875,0.1131,0.1277,0.2516,0.3249,0.3267,-0.3798,0.1271
Pemukiman_25,Pemukiman,0.1079,0.1285,0.1451,0.2152,0.3753,0.1946,-0.2523,0.2711
Pemukiman_25,Pemukiman,0.1681,0.1844,0.1873,0.2166,0.3753,0.0725,-0.0803,0.2681
Pemukiman_25,Pemukiman,0.29,0.2814,0.2888,0.2837,0.5524,-0.0089,-0.0041,0.3214
Pemukiman_25,Pemukiman,0.3359,0.3364,0.3562,0.3354,0.5524,-0.0301,0.0015,0.2444
Pemukiman_25,Pemukiman,0.3677,0.3918,0.4021,0.3877,0.5969,-0.0182,0.0053,0.2125
Pemukiman_25,Pemukiman,0.4037,0.4258,0.4301,0.4391,0.5969,0.0104,-0.0154,0.1523
Pemukiman_25,Pemukiman,0.3562,0.385,0.3875,0.4092,0.4224,0.0272,-0.0305,0.0159
Pemukiman_25,Pemukiman,0.1709,0.1879,0.2048,0.2664,0.4224,0.1307,-0.1728,0.2265
Pemukiman_25,Pemukiman,0.1174,0.1395,0.1504,0.2424,0.2653,0.2342,-0.2694,0.0451
Pemukiman_25,Pemukiman,0.1139,0.1344,0.1438,0.238,0.2653,0.2467,-0.2782,0.0542
Pemukiman_25,Pemukiman,0.0961,0.1136,0.1186,0.2289,0.2229,0.3174,-0.3366,-0.0133
Pemukiman_25,Pemukiman,0.0876,0.1152,0.1135,0.2375,0.2229,0.3533,-0.3468,-0.0317
Pemukiman_25,Pemukiman,0.0872,0.1138,0.1167,0.2588,0.2072,0.3784,-0.3892,-0.1107
Pemukiman_25,Pemukiman,0.0865,0.1092,0.1174,0.232,0.2072,0.328,-0.3599,-0.0565
Pemukiman_25,Pemukiman,0.0814,0.1074,0.1082,0.2,0.2034,0.2979,-0.3012,0.0084
Pemukiman_25,Pemukiman,0.0759,0.0946,0.0978,0.1635,0.2034,0.2514,-0.2669,0.1087
Pemukiman_25,Pemukiman,0.0864,0.1063,0.1174,0.1629,0.2465,0.1623,-0.2103,0.2042
Pemukiman_25,Pemukiman,0.2539,0.2918,0.3378,0.4413,0.4562,0.1328,-0.2039,0.0166
Pemukiman_25,Pemukiman,0.1687,0.2005,0.242,0.3552,0.4562,0.1896,-0.2784,0.1245
Pemukiman_25,Pemukiman,0.1095,0.1445,0.1647,0.2852,0.3343,0.2678,-0.3274,0.0793
Pemukiman_25,Pemukiman,0.121,0.1478,0.1675,0.2395,0.3343,0.1769,-0.2368,0.1652
Pemukiman_25,Pemukiman,0.1438,0.1589,0.1737,0.2133,0.3307,0.1023,-0.1462,0.2158
Pemukiman_25,Pemukiman,0.156,0.1698,0.1875,0.2131,0.3307,0.0639,-0.1131,0.2163
Pemukiman_25,Pemukiman,0.1747,0.185,0.1941,0.2184,0.3633,0.0589,-0.0828,0.2491
Pemukiman_25,Pemukiman,0.1964,0.2066,0.2185,0.2183,0.3633,-0.0005,-0.0275,0.2493
Pemukiman_25,Pemukiman,0.2086,0.2262,0.2457,0.2428,0.3346,-0.0059,-0.0354,0.159
Pemukiman_25,Pemukiman,0.1234,0.1465,0.1608,0.2129,0.3346,0.1394,-0.1848,0.2223
Pemukiman_25,Pemukiman,0.1007,0.1259,0.1691,0.2415,0.3118,0.1763,-0.3146,0.1271
Pemukiman_25,Pemukiman,0.1142,0.1387,0.1724,0.269,0.3118,0.2188,-0.3196,0.0737
Pemukiman_25,Pemukiman,0.1045,0.1215,0.1269,0.2472,0.232,0.3216,-0.3409,-0.0317
Pemukiman_25,Pemukiman,0.117,0.1363,0.1433,0.2247,0.232,0.2212,-0.2449,0.016
Pemukiman_25,Pemukiman,0.1173,0.14,0.1503,0.2203,0.2007,0.1889,-0.2229,-0.0466
Pemukiman_25,Pemukiman,0.0978,0.1257,0.1287,0.2465,0.2007,0.314,-0.3246,-0.1024
Pemukiman_25,Pemukiman,0.0992,0.1175,0.1289,0.2443,0.2189,0.3092,-0.3505,-0.0548
Pemukiman_25,Pemukiman,0.097,0.1186,0.1266,0.2214,0.2189,0.2724,-0.3024,-0.0057
Pemukiman_25,Pemukiman,0.0841,0.1007,0.105,0.1944,0.2224,0.2986,-0.3175,0.0672
Pemukiman_25,Pemukiman,0.5893,0.6262,0.6373,0.6687,0.4562,0.024,-0.0328,-0.1889
Pemukiman_25,Pemukiman,0.3179,0.3498,0.395,0.47,0.4562,0.0867,-0.1466,-0.0149
Pemukiman_25,Pemukiman,0.1099,0.1413,0.1718,0.2945,0.3343,0.2631,-0.3515,0.0633
Pemukiman_25,Pemukiman,0.1005,0.1339,0.1648,0.2752,0.3343,0.2509,-0.3454,0.097
Pemukiman_25,Pemukiman,0.1249,0.1655,0.1805,0.2527,0.3307,0.1667,-0.2085,0.1337
Pemukiman_25,Pemukiman,0.1274,0.1683,0.1703,0.2347,0.3307,0.159,-0.1648,0.1698
Pemukiman_25,Pemukiman,0.1251,0.1546,0.177,0.2325,0.3633,0.1355,-0.2012,0.2195
Pemukiman_25,Pemukiman,0.1388,0.154,0.174,0.2016,0.3633,0.0735,-0.1339,0.2862
Pemukiman_25,Pemukiman,0.1718,0.1951,0.2058,0.2058,0.3346,0.0,-0.0267,0.2383
Pemukiman_25,Pemukiman,0.1003,0.1184,0.1358,0.1783,0.3346,0.1353,-0.2019,0.3047
Pemukiman_25,Pemukiman,0.0913,0.1167,0.1852,0.2346,0.3118,0.1177,-0.3356,0.1413
Pemukiman_25,Pemukiman,0.129,0.1608,0.2089,0.2935,0.3118,0.1684,-0.2921,0.0302
Pemukiman_25,Pemukiman,0.0996,0.1221,0.134,0.2313,0.232,0.2664,-0.309,0.0015
Pemukiman_25,Pemukiman,0.1169,0.1349,0.148,0.1941,0.232,0.1348,-0.1799,0.0889
Pemukiman_25,Pemukiman,0.1169,0.1378,0.1476,0.1948,0.2007,0.1379,-0.1714,0.0149
Pemukiman_25,Pemukiman,0.0782,0.1022,0.0983,0.2322,0.2007,0.4051,-0.3888,-0.0728
Pemukiman_25,Pemukiman,0.078,0.102,0.101,0.2932,0.2189,0.4876,-0.4838,-0.1451
Pemukiman_25,Pemukiman,0.0987,0.1279,0.137,0.2884,0.2189,0.3559,-0.3855,-0.137
Pemukiman_25,Pemukiman,0.0843,0.1028,0.1117,0.2355,0.2224,0.3566,-0.3923,-0.0286
Pemukiman_25,Pemukiman,0.5156,0.55,0.5662,0.5752,0.426,0.0079,-0.0224,-0.149
Pemukiman_25,Pemukiman,0.2768,0.301,0.3463,0.3941,0.426,0.0646,-0.1339,0.0389
Pemukiman_25,Pemukiman,0.1013,0.1329,0.1547,0.2754,0.3325,0.2806,-0.349,0.0939
Pemukiman_25,Pemukiman,0.0998,0.1342,0.16,0.2676,0.3325,0.2516,-0.332,0.1081
Pemukiman_25,Pemukiman,0.1333,0.1795,0.1831,0.2478,0.2774,0.1502,-0.1598,0.0564
Pemukiman_25,Pemukiman,0.1323,0.1748,0.1765,0.2412,0.2774,0.1549,-0.1596,0.0698
Pemukiman_25,Pemukiman,0.1051,0.1384,0.1688,0.2418,0.2597,0.1778,-0.272,0.0357
Pemukiman_25,Pemukiman,0.1238,0.1464,0.161,0.2007,0.2597,0.1098,-0.1564,0.1281
Pemukiman_25,Pemukiman,0.1828,0.1909,0.2049,0.2069,0.27,0.0049,-0.0402,0.1323
Pemukiman_25,Pemukiman,0.098,0.1139,0.1317,0.1709,0.27,0.1295,-0.2001,0.2248
Pemukiman_25,Pemukiman,0.1209,0.1449,0.2087,0.2467,0.3181,0.0834,-0.26,0.1264
Pemukiman_25,Pemukiman,0.1633,0.1931,0.2369,0.314,0.3181,0.14,-0.2384,0.0065
Pemukiman_25,Pemukiman,0.1104,0.1326,0.1444,0.2335,0.2317,0.2358,-0.2756,-0.0039
Pemukiman_25,Pemukiman,0.1276,0.1462,0.1588,0.1893,0.2317,0.0876,-0.1285,0.1007
Pemukiman_25,Pemukiman,0.1129,0.1356,0.1479,0.1794,0.178,0.0962,-0.139,-0.0039
Pemukiman_25,Pemukiman,0.0652,0.0841,0.0826,0.2059,0.178,0.4274,-0.42,-0.0727
Pemukiman_25,Pemukiman,0.0638,0.0857,0.0759,0.2837,0.2229,0.5779,-0.536,-0.12
Pemukiman_25,Pemukiman,0.0992,0.1283,0.1334,0.2761,0.2229,0.3485,-0.3655,-0.1066
Pemukiman_25,Pemukiman,0.0842,0.1052,0.1148,0.2198,0.253,0.3138,-0.3526,0.0702
Pemukiman_25,Pemukiman,0.2162,0.2444,0.2569,0.3641,0.426,0.1726,-0.1967,0.0783
Pemukiman_25,Pemukiman,0.1425,0.1777,0.2073,0.3075,0.426,0.1946,-0.2675,0.1616
Pemukiman_25,Pemukiman,0.1004,0.1305,0.1479,0.2729,0.3325,0.2971,-0.353,0.0984
Pemukiman_25,Pemukiman,0.0933,0.1157,0.1346,0.257,0.3325,0.3126,-0.3791,0.1281
Pemukiman_25,Pemukiman,0.1144,0.1474,0.1557,0.2583,0.2774,0.2478,-0.2734,0.0357
Pemukiman_25,Pemukiman,0.1203,0.1549,0.1593,0.262,0.2774,0.2438,-0.2569,0.0286
Pemukiman_25,Pemukiman,0.0916,0.1197,0.1351,0.2492,0.2597,0.2969,-0.351,0.0206
Pemukiman_25,Pemukiman,0.1213,0.1401,0.1545,0.1988,0.2597,0.1254,-0.1732,0.1328
Pemukiman_25,Pemukiman,0.1728,0.1919,0.1918,0.2038,0.27,0.0303,-0.0301,0.1397
Pemukiman_25,Pemukiman,0.0825,0.0974,0.1181,0.1721,0.27,0.1861,-0.2772,0.2214
Pemukiman_25,Pemukiman,0.1116,0.1401,0.2031,0.2502,0.3181,0.1039,-0.2821,0.1195
Pemukiman_25,Pemukiman,0.1458,0.1614,0.2122,0.3027,0.3181,0.1758,-0.3045,0.0248
Pemukiman_25,Pemukiman,0.097,0.1182,0.1281,0.2358,0.2317,0.296,-0.3322,-0.0088
Pemukiman_25,Pemukiman,0.1204,0.1398,0.1532,0.2034,0.2317,0.1408,-0.1853,0.065
Pemukiman_25,Pemukiman,0.1036,0.1246,0.1326,0.1936,0.178,0.187,-0.2168,-0.042
Pemukiman_25,Pemukiman,0.0594,0.0762,0.0692,0.2065,0.178,0.498,-0.4609,-0.0741
Pemukiman_25,Pemukiman,0.0597,0.0773,0.0722,0.2793,0.2229,0.5892,-0.5665,-0.1123
Pemukiman_25,Pemukiman,0.1049,0.1246,0.1324,0.2712,0.2229,0.3439,-0.3704,-0.0978
Pemukiman_25,Pemukiman,0.1014,0.1211,0.1276,0.2362,0.253,0.2985,-0.3221,0.0343
Pemukiman_25,Pemukiman,0.0699,0.0945,0.1039,0.2905,0.2787,0.4731,-0.5091,-0.0207
Pemukiman_25,Pemukiman,0.083,0.1049,0.1176,0.2986,0.3115,0.4349,-0.48,0.0211
Pemukiman_25,Pemukiman,0.0928,0.1149,0.1294,0.2922,0.3115,0.3861,-0.4355,0.032
Pemukiman_25,Pemukiman,0.0919,0.1125,0.1311,0.2817,0.3078,0.3648,-0.4292,0.0443
Pemukiman_25,Pemukiman,0.0835,0.1012,0.1196,0.2726,0.3078,0.3901,-0.4585,0.0606
Pemukiman_25,Pemukiman,0.087,0.1097,0.1321,0.2786,0.2962,0.3567,-0.435,0.0306
Pemukiman_25,Pemukiman,0.0907,0.1151,0.1381,0.2742,0.2962,0.3301,-0.4087,0.0386
Pemukiman_25,Pemukiman,0.0904,0.1134,0.1251,0.2511,0.274,0.3349,-0.3778,0.0436
Pemukiman_25,Pemukiman,0.1359,0.1481,0.1632,0.2026,0.274,0.1077,-0.1554,0.1498
Pemukiman_25,Pemukiman,0.164,0.1743,0.1742,0.2014,0.2433,0.0724,-0.0721,0.0942
Pemukiman_25,Pemukiman,0.0715,0.0849,0.1011,0.1585,0.2433,0.2211,-0.3024,0.211
Pemukiman_25,Pemukiman,0.0944,0.1138,0.1582,0.214,0.2738,0.1499,-0.3057,0.1226
Pemukiman_25,Pemukiman,0.1006,0.1236,0.1534,0.2725,0.2738,0.2796,-0.3759,0.0024
Pemukiman_25,Pemukiman,0.0768,0.0962,0.0945,0.2578,0.2609,0.4635,-0.4565,0.006
Pemukiman_25,Pemukiman,0.0973,0.12,0.1242,0.2244,0.2609,0.2874,-0.3031,0.0752
Pemukiman_25,Pemukiman,0.0802,0.1005,0.1007,0.215,0.2272,0.3621,-0.3629,0.0276
Pemukiman_25,Pemukiman,0.0518,0.0708,0.0616,0.238,0.2272,0.5888,-0.5414,-0.0232
Pemukiman_25,Pemukiman,0.063,0.0825,0.0825,0.2741,0.2741,0.5373,-0.5373,0.0
Pemukiman_25,Pemukiman,0.1309,0.157,0.1603,0.2783,0.2741,0.269,-0.2787,-0.0076
Pemukiman_25,Pemukiman,0.1439,0.1584,0.1646,0.2813,0.2868,0.2617,-0.2795,0.0097
Pemukiman_25,Pemukiman,0.0686,0.0928,0.0932,0.297,0.2787,0.5223,-0.5239,-0.0318
Pemukiman_25,Pemukiman,0.0697,0.0936,0.0961,0.3011,0.3115,0.5161,-0.5257,0.017
Pemukiman_25,Pemukiman,0.0691,0.0926,0.0998,0.2912,0.3115,0.4895,-0.5175,0.0337
Pemukiman_25,Pemukiman,0.0703,0.0936,0.0889,0.2926,0.3078,0.5339,-0.5153,0.0253
Pemukiman_25,Pemukiman,0.07,0.0909,0.0964,0.306,0.3078,0.5209,-0.5419,0.0029
Pemukiman_25,Pemukiman,0.0701,0.0942,0.0986,0.31,0.2962,0.5174,-0.5339,-0.0228
Pemukiman_25,Pemukiman,0.0695,0.0923,0.0984,0.2979,0.2962,0.5034,-0.5269,-0.0029
Pemukiman_25,Pemukiman,0.0826,0.1026,0.1059,0.2588,0.274,0.4192,-0.4322,0.0285
Pemukiman_25,Pemukiman,0.1416,0.1573,0.1626,0.2366,0.274,0.1854,-0.2013,0.0732
Pemukiman_25,Pemukiman,0.1328,0.1486,0.146,0.22,0.2433,0.2022,-0.1937,0.0503
Pemukiman_25,Pemukiman,0.0854,0.0914,0.0935,0.1533,0.2433,0.2423,-0.253,0.2269
Pemukiman_25,Pemukiman,0.1011,0.1146,0.1415,0.188,0.2738,0.1411,-0.2426,0.1858
Pemukiman_25,Pemukiman,0.0971,0.127,0.1689,0.2571,0.2738,0.207,-0.3387,0.0315
Pemukiman_25,Pemukiman,0.0805,0.1067,0.1524,0.2667,0.2609,0.2727,-0.4285,-0.011
Pemukiman_25,Pemukiman,0.0902,0.1137,0.156,0.2489,0.2609,0.2294,-0.3729,0.0235
Pemukiman_25,Pemukiman,0.0735,0.0995,0.129,0.245,0.2272,0.3102,-0.4224,-0.0377
Pemukiman_25,Pemukiman,0.0643,0.0934,0.1133,0.2455,0.2272,0.3684,-0.4488,-0.0387
Pemukiman_25,Pemukiman,0.1048,0.1259,0.1392,0.2666,0.2741,0.3139,-0.3585,0.0139
Pemukiman_25,Pemukiman,0.2444,0.246,0.2576,0.3182,0.2741,0.1052,-0.128,-0.0745
Pemukiman_25,Pemukiman,0.179,0.1882,0.1941,0.3291,0.2868,0.258,-0.2724,-0.0687
Pemukiman_25,Pemukiman,0.0729,0.1,0.1251,0.2739,0.2377,0.3729,-0.4651,-0.0708
Pemukiman_25,Pemukiman,0.0844,0.1135,0.121,0.2778,0.2477,0.3932,-0.4199,-0.0573
Pemukiman_25,Pemukiman,0.0902,0.1069,0.1078,0.251,0.2477,0.3991,-0.4026,-0.0066
Pemukiman_25,Pemukiman,0.0772,0.0937,0.0891,0.2534,0.2526,0.4797,-0.4601,-0.0016
Pemukiman_25,Pemukiman,0.0736,0.0965,0.0966,0.2993,0.2526,0.512,-0.5124,-0.0846
Pemukiman_25,Pemukiman,0.0745,0.0998,0.1132,0.3177,0.2898,0.4746,-0.5219,-0.0459
Pemukiman_25,Pemukiman,0.0818,0.1075,0.1164,0.3153,0.2898,0.4607,-0.4915,-0.0421
Pemukiman_25,Pemukiman,0.1266,0.1473,0.1484,0.3062,0.2954,0.3471,-0.3504,-0.018
Pemukiman_25,Pemukiman,0.1334,0.1512,0.1567,0.2905,0.2954,0.2992,-0.3154,0.0084
Pemukiman_25,Pemukiman,0.0928,0.1097,0.1095,0.2313,0.2311,0.3574,-0.3566,-0.0004
Pemukiman_25,Pemukiman,0.0746,0.0778,0.0827,0.1439,0.2311,0.2701,-0.2981,0.2325
Pemukiman_25,Pemukiman,0.0802,0.0915,0.1147,0.1667,0.2383,0.1848,-0.2912,0.1768
Pemukiman_25,Pemukiman,0.0823,0.112,0.1772,0.2317,0.2383,0.1333,-0.3483,0.014
Pemukiman_25,Pemukiman,0.0927,0.1229,0.1927,0.2566,0.2706,0.1422,-0.3523,0.0266
Pemukiman_25,Pemukiman,0.0997,0.1327,0.2017,0.2505,0.2706,0.1079,-0.3074,0.0386
Pemukiman_25,Pemukiman,0.0914,0.1243,0.1909,0.2542,0.2654,0.1422,-0.3432,0.0216
Pemukiman_25,Pemukiman,0.0778,0.1152,0.1819,0.2556,0.2654,0.1685,-0.3786,0.0188
Pemukiman_25,Pemukiman,0.1144,0.1326,0.1749,0.2379,0.2965,0.1526,-0.2842,0.1097
Pemukiman_25,Pemukiman,0.2361,0.2478,0.2391,0.291,0.2965,0.0979,-0.0802,0.0094
Pemukiman_25,Pemukiman,0.1478,0.1614,0.1613,0.316,0.2718,0.3241,-0.3238,-0.0752
Pemukiman_25,Pemukiman,0.0919,0.1043,0.111,0.166,0.2377,0.1986,-0.2283,0.1776
Pemukiman_25,Pemukiman,0.0856,0.1059,0.1487,0.2014,0.2377,0.1505,-0.3108,0.0827
Pemukiman_25,Pemukiman,0.1021,0.1285,0.1356,0.2136,0.2477,0.2234,-0.2488,0.0739
Pemukiman_25,Pemukiman,0.1116,0.1229,0.1272,0.1794,0.2477,0.1703,-0.1869,0.1599
Pemukiman_25,Pemukiman,0.1056,0.1155,0.1187,0.1793,0.2526,0.2034,-0.2164,0.1697
Pemukiman_25,Pemukiman,0.0912,0.1041,0.1329,0.2257,0.2526,0.2588,-0.3687,0.0562
Pemukiman_25,Pemukiman,0.0855,0.1108,0.1606,0.2543,0.2898,0.2258,-0.393,0.0652
Pemukiman_25,Pemukiman,0.1254,0.1586,0.188,0.2427,0.2898,0.127,-0.2096,0.0885
Pemukiman_25,Pemukiman,0.27,0.2915,0.295,0.363,0.2954,0.1033,-0.1092,-0.1027
Pemukiman_25,Pemukiman,0.2345,0.2625,0.2666,0.3394,0.2954,0.1201,-0.1278,-0.0693
Pemukiman_25,Pemukiman,0.1128,0.1312,0.1322,0.2045,0.2311,0.2147,-0.2183,0.0611
Pemukiman_25,Pemukiman,0.0732,0.0844,0.0887,0.1469,0.2311,0.247,-0.2702,0.2228
Pemukiman_25,Pemukiman,0.0804,0.0848,0.0944,0.1365,0.2383,0.1823,-0.2336,0.2716
Pemukiman_25,Pemukiman,0.0901,0.1056,0.1427,0.1818,0.2383,0.1205,-0.2651,0.1345
Pemukiman_25,Pemukiman,0.08,0.1034,0.1416,0.2026,0.2706,0.1772,-0.3242,0.1437
Pemukiman_25,Pemukiman,0.0854,0.1,0.1242,0.1854,0.2706,0.1977,-0.2992,0.1868
Pemukiman_25,Pemukiman,0.0806,0.0997,0.1262,0.1954,0.2654,0.2152,-0.3243,0.1519
Pemukiman_25,Pemukiman,0.067,0.0899,0.1343,0.1968,0.2654,0.1888,-0.3729,0.1484
Pemukiman_25,Pemukiman,0.1092,0.1201,0.1469,0.2075,0.2965,0.171,-0.2668,0.1766
Pemukiman_25,Pemukiman,0.2058,0.1912,0.1837,0.245,0.2965,0.143,-0.1233,0.0951
Pemukiman_25,Pemukiman,0.1225,0.1314,0.1246,0.29,0.2718,0.3989,-0.3764,-0.0324
Pemukiman_25,Pemukiman,0.0947,0.1102,0.1387,0.178,0.2285,0.1241,-0.2353,0.1242
Pemukiman_25,Pemukiman,0.0984,0.1071,0.1216,0.1714,0.2482,0.17,-0.2309,0.183
Pemukiman_25,Pemukiman,0.1005,0.1075,0.122,0.1603,0.2482,0.1357,-0.1972,0.2152
Pemukiman_25,Pemukiman,0.1088,0.1149,0.1233,0.1557,0.2719,0.1161,-0.1508,0.2717
Pemukiman_25,Pemukiman,0.1104,0.1125,0.1313,0.1683,0.2719,0.1235,-0.1987,0.2353
Pemukiman_25,Pemukiman,0.0966,0.1166,0.1454,0.1743,0.2753,0.0904,-0.1983,0.2246
Pemukiman_25,Pemukiman,0.124,0.1394,0.1568,0.1722,0.2753,0.0468,-0.1053,0.2304
Pemukiman_25,Pemukiman,0.2438,0.2401,0.2473,0.2548,0.2712,0.0149,-0.0297,0.0312
Pemukiman_25,Pemukiman,0.2153,0.2356,0.2416,0.2661,0.2712,0.0483,-0.0608,0.0095
Pemukiman_25,Pemukiman,0.1224,0.1385,0.1465,0.1764,0.2449,0.0926,-0.1204,0.1626
Pemukiman_25,Pemukiman,0.1227,0.1353,0.1423,0.1669,0.2449,0.0796,-0.1046,0.1894
Pemukiman_25,Pemukiman,0.1154,0.1229,0.1293,0.1564,0.2478,0.0949,-0.1199,0.2261
Pemukiman_25,Pemukiman,0.1134,0.1334,0.1634,0.1873,0.2478,0.0681,-0.1681,0.139
Pemukiman_25,Pemukiman,0.1071,0.1257,0.161,0.2017,0.2644,0.1122,-0.2321,0.1345
Pemukiman_25,Pemukiman,0.1017,0.1182,0.1278,0.1737,0.2644,0.1522,-0.1901,0.207
Pemukiman_25,Pemukiman,0.1011,0.1174,0.1248,0.1738,0.2548,0.1641,-0.1937,0.189
Pemukiman_25,Pemukiman,0.1053,0.1223,0.1355,0.1803,0.2548,0.1419,-0.1917,0.1712
Pemukiman_25,Pemukiman,0.1315,0.1434,0.1676,0.2034,0.2718,0.0965,-0.173,0.1439
Pemukiman_25,Pemukiman,0.1761,0.181,0.1863,0.2308,0.2718,0.1067,-0.1209,0.0816
Pemukiman_25,Pemukiman,0.1374,0.1519,0.1417,0.2574,0.2396,0.2899,-0.2578,-0.0358
Pemukiman_25,Pemukiman,0.1548,0.1648,0.1665,0.2063,0.2718,0.1068,-0.1118,0.137
Pemukiman_25,Pemukiman,0.1313,0.1401,0.1414,0.2144,0.2396,0.2052,-0.2096,0.0555
Pemukiman_26,Pemukiman,0.1237,0.137,0.1492,0.1747,0.2449,0.0787,-0.1209,0.1673
Pemukiman_26,Pemukiman,0.1489,0.1594,0.1949,0.2059,0.2449,0.0274,-0.1273,0.0865
Pemukiman_26,Pemukiman,0.1331,0.1522,0.1659,0.1897,0.2478,0.0669,-0.1097,0.1328
Pemukiman_26,Pemukiman,0.1333,0.1451,0.1641,0.1895,0.2478,0.0718,-0.1327,0.1333
Pemukiman_26,Pemukiman,0.1508,0.165,0.1844,0.2118,0.2644,0.0692,-0.1242,0.1105
Pemukiman_26,Pemukiman,0.1528,0.166,0.1732,0.1949,0.2644,0.059,-0.0801,0.1513
Pemukiman_26,Pemukiman,0.1524,0.1644,0.1726,0.194,0.2548,0.0584,-0.0826,0.1355
Pemukiman_26,Pemukiman,0.1492,0.1586,0.1664,0.1943,0.2548,0.0773,-0.1012,0.1347
Pemukiman_26,Pemukiman,0.1506,0.163,0.1703,0.204,0.2718,0.09,-0.1117,0.1425
Pemukiman_26,Pemukiman,0.1548,0.1648,0.1665,0.2063,0.2718,0.1068,-0.1118,0.137
Pemukiman_26,Pemukiman,0.125,0.1412,0.1542,0.1726,0.2441,0.0563,-0.1001,0.1716
Pemukiman_26,Pemukiman,0.1251,0.1322,0.1752,0.1998,0.2441,0.0656,-0.2036,0.0998
Pemukiman_26,Pemukiman,0.1254,0.141,0.1644,0.1787,0.2566,0.0417,-0.1179,0.179
Pemukiman_26,Pemukiman,0.1251,0.1358,0.1533,0.1714,0.2566,0.0557,-0.1159,0.1991
Pemukiman_26,Pemukiman,0.1385,0.15,0.1733,0.1953,0.2753,0.0597,-0.1312,0.17
Pemukiman_26,Pemukiman,0.1434,0.1602,0.173,0.1956,0.2753,0.0613,-0.0995,0.1692
Pemukiman_26,Pemukiman,0.156,0.1631,0.1704,0.2029,0.2705,0.0871,-0.1087,0.1428
Pemukiman_26,Pemukiman,0.149,0.1617,0.1711,0.1968,0.2705,0.0699,-0.0979,0.1577
Pemukiman_26,Pemukiman,0.1366,0.1492,0.1596,0.1926,0.2469,0.0937,-0.127,0.1235
Pemukiman_26,Pemukiman,0.1163,0.1296,0.1389,0.1788,0.2469,0.1256,-0.1595,0.16
Pemukiman_26,Pemukiman,0.1245,0.139,0.1428,0.1595,0.2441,0.0552,-0.0687,0.2096
Pemukiman_26,Pemukiman,0.1107,0.121,0.1387,0.1611,0.2441,0.0747,-0.1421,0.2048
Pemukiman_26,Pemukiman,0.1206,0.1371,0.1471,0.1682,0.2566,0.0669,-0.1019,0.2081
Pemukiman_26,Pemukiman,0.1318,0.1427,0.1575,0.1704,0.2566,0.0393,-0.0885,0.2019
Pemukiman_26,Pemukiman,0.1147,0.1327,0.1479,0.1649,0.2753,0.0543,-0.1082,0.2508
Pemukiman_26,Pemukiman,0.1126,0.1262,0.1389,0.1548,0.2753,0.0541,-0.1018,0.2802
Pemukiman_26,Pemukiman,0.1299,0.1438,0.1536,0.1764,0.2705,0.0691,-0.1018,0.2106
Pemukiman_26,Pemukiman,0.1304,0.1449,0.1536,0.1809,0.2705,0.0816,-0.1105,0.1985
Pemukiman_26,Pemukiman,0.1083,0.125,0.1376,0.1636,0.2469,0.0863,-0.1337,0.2029
Pemukiman_26,Pemukiman,0.0939,0.1045,0.1122,0.162,0.2469,0.1816,-0.2158,0.2076
Pemukiman_26,Pemukiman,0.1062,0.1169,0.1218,0.1402,0.2156,0.0702,-0.0906,0.2119
Pemukiman_26,Pemukiman,0.1142,0.1269,0.1388,0.1582,0.2156,0.0653,-0.1098,0.1536
Pemukiman_26,Pemukiman,0.1351,0.1521,0.1666,0.201,0.267,0.0936,-0.1385,0.141
Pemukiman_26,Pemukiman,0.1667,0.1869,0.2258,0.2392,0.267,0.0288,-0.1227,0.0549
Pemukiman_26,Pemukiman,0.156,0.1722,0.1927,0.2057,0.2745,0.0326,-0.0886,0.1433
Pemukiman_26,Pemukiman,0.1324,0.1427,0.1554,0.1735,0.2745,0.055,-0.0974,0.2254
Pemukiman_26,Pemukiman,0.1422,0.1517,0.1597,0.1785,0.2577,0.0556,-0.0812,0.1816
Pemukiman_26,Pemukiman,0.1305,0.1432,0.1517,0.1771,0.2577,0.0773,-0.1058,0.1854
Pemukiman_26,Pemukiman,0.102,0.1185,0.14,0.1683,0.2436,0.0918,-0.1736,0.1828
Pemukiman_26,Pemukiman,0.0779,0.0943,0.1044,0.1833,0.2436,0.2742,-0.3206,0.1413
Pemukiman_26,Pemukiman,0.0866,0.0932,0.1024,0.1267,0.2156,0.1061,-0.1523,0.2597
Pemukiman_26,Pemukiman,0.105,0.1179,0.1266,0.1532,0.2156,0.0951,-0.1302,0.1692
Pemukiman_26,Pemukiman,0.1274,0.141,0.1653,0.1967,0.267,0.0867,-0.1649,0.1516
Pemukiman_26,Pemukiman,0.1478,0.1733,0.235,0.2537,0.267,0.0383,-0.1883,0.0255
Pemukiman_26,Pemukiman,0.175,0.2029,0.223,0.241,0.2745,0.0388,-0.0858,0.065
Pemukiman_26,Pemukiman,0.166,0.1804,0.1953,0.2085,0.2745,0.0327,-0.0723,0.1366
Pemukiman_26,Pemukiman,0.1311,0.1477,0.1573,0.1743,0.2577,0.0513,-0.0826,0.1931
Pemukiman_26,Pemukiman,0.1172,0.1337,0.1449,0.1704,0.2577,0.0809,-0.1207,0.2039
Pemukiman_26,Pemukiman,0.0953,0.1215,0.1608,0.1968,0.2436,0.1007,-0.2366,0.1063
Pemukiman_26,Pemukiman,0.0723,0.0997,0.1318,0.2323,0.2436,0.276,-0.3994,0.0237
Pemukiman_26,Pemukiman,0.0878,0.0957,0.1032,0.1345,0.209,0.1317,-0.1685,0.2169
Pemukiman_26,Pemukiman,0.087,0.0986,0.1098,0.135,0.209,0.1029,-0.1558,0.2151
Pemukiman_26,Pemukiman,0.0881,0.1101,0.1339,0.1488,0.2556,0.0527,-0.1495,0.2641
Pemukiman_26,Pemukiman,0.0995,0.1244,0.1631,0.1879,0.2556,0.0707,-0.2033,0.1526
Pemukiman_26,Pemukiman,0.1268,0.1448,0.1549,0.1914,0.2682,0.1054,-0.1386,0.1671
Pemukiman_26,Pemukiman,0.1454,0.1536,0.1622,0.1843,0.2682,0.0638,-0.0909,0.1854
Pemukiman_26,Pemukiman,0.1182,0.1315,0.1426,0.153,0.2462,0.0352,-0.0756,0.2335
Pemukiman_26,Pemukiman,0.118,0.1349,0.1448,0.163,0.2462,0.0591,-0.0943,0.2033
Pemukiman_26,Pemukiman,0.1191,0.1425,0.1642,0.188,0.2387,0.0676,-0.1377,0.1188
Pemukiman_26,Pemukiman,0.0813,0.1035,0.1237,0.2334,0.2387,0.3072,-0.3856,0.0112
Pemukiman_26,Pemukiman,0.0954,0.1091,0.1155,0.1694,0.209,0.1892,-0.2165,0.1047
Pemukiman_26,Pemukiman,0.1068,0.1157,0.1266,0.167,0.209,0.1376,-0.1815,0.1117
Pemukiman_26,Pemukiman,0.1292,0.1412,0.1492,0.1643,0.2556,0.0482,-0.0756,0.2174
Pemukiman_26,Pemukiman,0.1443,0.1476,0.1642,0.1788,0.2556,0.0426,-0.0956,0.1768
Pemukiman_26,Pemukiman,0.1194,0.1327,0.141,0.1682,0.2682,0.088,-0.118,0.2291
Pemukiman_26,Pemukiman,0.1163,0.1289,0.1379,0.1598,0.2682,0.0736,-0.107,0.2533
Pemukiman_26,Pemukiman,0.1335,0.1423,0.1512,0.1687,0.2462,0.0547,-0.0849,0.1868
Pemukiman_26,Pemukiman,0.141,0.1494,0.1547,0.1748,0.2462,0.061,-0.0783,0.1696
Pemukiman_26,Pemukiman,0.1393,0.1502,0.1519,0.1822,0.2387,0.0907,-0.0963,0.1342
Pemukiman_26,Pemukiman,0.0882,0.1029,0.1039,0.1998,0.2387,0.3158,-0.3201,0.0887
Pemukiman_26,Pemukiman,0.1044,0.1229,0.1301,0.1862,0.2339,0.1774,-0.2048,0.1135
Pemukiman_26,Pemukiman,0.112,0.1278,0.1378,0.1781,0.2339,0.1276,-0.1644,0.1354
Pemukiman_26,Pemukiman,0.1355,0.1528,0.1729,0.1883,0.2482,0.0426,-0.1041,0.1372
Pemukiman_26,Pemukiman,0.1491,0.1614,0.1728,0.1961,0.2482,0.0632,-0.0971,0.1173
Pemukiman_26,Pemukiman,0.1149,0.127,0.1385,0.1594,0.2413,0.0702,-0.1131,0.2044
Pemukiman_26,Pemukiman,0.1025,0.1161,0.1274,0.1442,0.2413,0.0619,-0.108,0.2519
Pemukiman_26,Pemukiman,0.1261,0.1378,0.1476,0.1648,0.232,0.0551,-0.0892,0.1694
Pemukiman_26,Pemukiman,0.1123,0.1263,0.1372,0.1533,0.232,0.0554,-0.0966,0.2043
Pemukiman_26,Pemukiman,0.1068,0.1158,0.1285,0.1635,0.2412,0.1199,-0.1708,0.192
Pemukiman_26,Pemukiman,0.1041,0.1141,0.1162,0.167,0.2412,0.1794,-0.1882,0.1818
Pemukiman_26,Pemukiman,0.1187,0.1325,0.1423,0.1656,0.2339,0.0757,-0.111,0.171
Pemukiman_26,Pemukiman,0.1235,0.1364,0.1498,0.1697,0.2339,0.0623,-0.1088,0.1591
Pemukiman_26,Pemukiman,0.1091,0.1313,0.1575,0.1836,0.2482,0.0765,-0.1661,0.1496
Pemukiman_26,Pemukiman,0.0902,0.1076,0.136,0.1712,0.2482,0.1146,-0.2281,0.1836
Pemukiman_26,Pemukiman,0.0897,0.0974,0.1093,0.1466,0.2413,0.1458,-0.2016,0.2441
Pemukiman_26,Pemukiman,0.1104,0.1194,0.1278,0.1539,0.2413,0.0927,-0.1262,0.2212
Pemukiman_26,Pemukiman,0.0935,0.1052,0.1138,0.1514,0.232,0.1418,-0.18,0.2102
Pemukiman_26,Pemukiman,0.0844,0.0915,0.1064,0.1366,0.232,0.1243,-0.1977,0.2588
Pemukiman_26,Pemukiman,0.1107,0.1195,0.1356,0.166,0.2412,0.1008,-0.1629,0.1847
Pemukiman_26,Pemukiman,0.1241,0.1417,0.1432,0.1736,0.2412,0.096,-0.1012,0.163
Pemukiman_26,Pemukiman,0.1224,0.1353,0.1447,0.1669,0.2464,0.0712,-0.1046,0.1924
Pemukiman_26,Pemukiman,0.1482,0.1572,0.165,0.1827,0.2464,0.0509,-0.075,0.1484
Pemukiman_26,Pemukiman,0.1298,0.1427,0.1516,0.1816,0.2271,0.09,-0.12,0.1113
Pemukiman_26,Pemukiman,0.0906,0.1052,0.1139,0.1616,0.2271,0.1731,-0.2114,0.1685
Pemukiman_26,Pemukiman,0.0943,0.1015,0.1122,0.1742,0.223,0.2165,-0.2637,0.1229
Pemukiman_26,Pemukiman,0.1337,0.1428,0.1455,0.2034,0.223,0.1659,-0.175,0.046
Pemukiman_26,Pemukiman,0.1,0.1108,0.1066,0.1763,0.2314,0.2464,-0.2281,0.1351
Pemukiman_26,Pemukiman,0.0826,0.093,0.1071,0.1523,0.2314,0.1742,-0.2417,0.2062
Pemukiman_26,Pemukiman,0.1352,0.1374,0.1538,0.172,0.2577,0.0559,-0.1118,0.1994
Pemukiman_26,Pemukiman,0.1585,0.1679,0.1725,0.1936,0.2577,0.0576,-0.0711,0.142
Pemukiman_26,Pemukiman,0.1426,0.1598,0.1639,0.1768,0.2464,0.0379,-0.0505,0.1645
Pemukiman_26,Pemukiman,0.1456,0.1564,0.1614,0.1816,0.2464,0.0589,-0.0746,0.1514
Pemukiman_26,Pemukiman,0.1313,0.1383,0.1505,0.1674,0.2271,0.0532,-0.0952,0.1513
Pemukiman_26,Pemukiman,0.1255,0.1339,0.136,0.1619,0.2271,0.0869,-0.0947,0.1676
Pemukiman_26,Pemukiman,0.1039,0.1188,0.126,0.175,0.223,0.1628,-0.1913,0.1206
Pemukiman_26,Pemukiman,0.1515,0.1629,0.1664,0.2118,0.223,0.12,-0.1305,0.0258
Pemukiman_26,Pemukiman,0.1471,0.1488,0.1584,0.1931,0.2314,0.0987,-0.1296,0.0902
Pemukiman_26,Pemukiman,0.1051,0.1183,0.1313,0.1755,0.2314,0.1441,-0.1947,0.1374
Pemukiman_26,Pemukiman,0.1095,0.12,0.1408,0.158,0.2577,0.0576,-0.1367,0.2398
Pemukiman_26,Pemukiman,0.1689,0.1827,0.1861,0.1986,0.2577,0.0325,-0.0417,0.1295
Pemukiman_26,Pemukiman,0.1152,0.1282,0.1409,0.1638,0.2393,0.0752,-0.1219,0.1873
Pemukiman_26,Pemukiman,0.1541,0.1578,0.1652,0.1776,0.2443,0.0362,-0.059,0.1581
Pemukiman_26,Pemukiman,0.1223,0.1357,0.1506,0.1558,0.2443,0.017,-0.069,0.2212
Pemukiman_26,Pemukiman,0.1124,0.1224,0.1299,0.1437,0.2337,0.0504,-0.08,0.2385
Pemukiman_26,Pemukiman,0.1302,0.1356,0.1382,0.1499,0.2337,0.0406,-0.0501,0.2185
Pemukiman_26,Pemukiman,0.1176,0.1212,0.1312,0.1505,0.2391,0.0685,-0.1078,0.2274
Pemukiman_26,Pemukiman,0.128,0.1392,0.1488,0.1659,0.2391,0.0543,-0.0875,0.1807
Pemukiman_26,Pemukiman,0.1393,0.1494,0.1573,0.1863,0.2457,0.0844,-0.1099,0.1375
Pemukiman_26,Pemukiman,0.1029,0.1223,0.1321,0.2089,0.2457,0.2252,-0.2615,0.081
Pemukiman_26,Pemukiman,0.0882,0.1025,0.1055,0.198,0.2504,0.3048,-0.3178,0.1169
Pemukiman_26,Pemukiman,0.1771,0.1884,0.1977,0.2331,0.2504,0.0822,-0.106,0.0358
Pemukiman_26,Pemukiman,0.1125,0.1272,0.1331,0.1552,0.2393,0.0767,-0.0991,0.2132
Pemukiman_26,Pemukiman,0.1602,0.1665,0.1707,0.1803,0.2443,0.0274,-0.0398,0.1507
Pemukiman_26,Pemukiman,0.1265,0.1425,0.1464,0.1733,0.2443,0.0841,-0.0975,0.17
Pemukiman_26,Pemukiman,0.1089,0.119,0.1298,0.1564,0.2337,0.0929,-0.1358,0.1982
Pemukiman_26,Pemukiman,0.1025,0.1178,0.1294,0.1484,0.2337,0.0684,-0.115,0.2232
Pemukiman_26,Pemukiman,0.1115,0.1252,0.135,0.146,0.2391,0.0391,-0.0767,0.2418
Pemukiman_26,Pemukiman,0.1332,0.1479,0.1508,0.1667,0.2391,0.0501,-0.0598,0.1784
Pemukiman_26,Pemukiman,0.1316,0.142,0.1477,0.1882,0.2457,0.1206,-0.1399,0.1325
Pemukiman_26,Pemukiman,0.0904,0.1118,0.1116,0.2508,0.2457,0.3841,-0.3833,-0.0103
Pemukiman_26,Pemukiman,0.0668,0.0909,0.0783,0.2821,0.2504,0.5655,-0.5126,-0.0595
Pemukiman_26,Pemukiman,0.113,0.1225,0.1304,0.1482,0.2575,0.0639,-0.0949,0.2694
Pemukiman_26,Pemukiman,0.1511,0.162,0.1726,0.1846,0.2697,0.0336,-0.0652,0.1873
Pemukiman_26,Pemukiman,0.1722,0.1926,0.2177,0.2228,0.2697,0.0116,-0.0727,0.0952
Pemukiman_26,Pemukiman,0.1617,0.1797,0.1901,0.2094,0.2846,0.0483,-0.0763,0.1522
Pemukiman_26,Pemukiman,0.1737,0.1862,0.1876,0.204,0.2846,0.0419,-0.0456,0.165
Pemukiman_26,Pemukiman,0.1722,0.1852,0.1898,0.2075,0.2743,0.0446,-0.0568,0.1386
Pemukiman_26,Pemukiman,0.158,0.17,0.1804,0.2002,0.2743,0.052,-0.0816,0.1562
Pemukiman_26,Pemukiman,0.135,0.1459,0.1523,0.1881,0.2597,0.1052,-0.1263,0.1599
Pemukiman_26,Pemukiman,0.0902,0.1059,0.1073,0.2214,0.2597,0.3471,-0.3529,0.0796
Pemukiman_26,Pemukiman,0.0555,0.0768,0.0681,0.2838,0.2389,0.613,-0.574,-0.0859
Pemukiman_26,Pemukiman,0.1765,0.183,0.198,0.2094,0.2846,0.028,-0.0673,0.1522
Pemukiman_26,Pemukiman,0.1785,0.1864,0.1959,0.2174,0.2743,0.052,-0.0768,0.1157
Pemukiman_26,Pemukiman,0.135,0.1501,0.1632,0.205,0.2743,0.1135,-0.1546,0.1446
Pemukiman_26,Pemukiman,0.1098,0.1233,0.1367,0.1906,0.2597,0.1647,-0.2144,0.1535
Pemukiman_26,Pemukiman,0.0864,0.0988,0.1035,0.2117,0.2597,0.3433,-0.3636,0.1018
Pemukiman_27,Pemukiman,0.136,0.149,0.1614,0.1908,0.3278,0.0835,-0.123,0.2642
Pemukiman_27,Pemukiman,0.2135,0.2394,0.2588,0.2927,0.3278,0.0615,-0.1002,0.0566
Pemukiman_27,Pemukiman,0.1284,0.1472,0.1882,0.2469,0.3144,0.1349,-0.253,0.1203
Pemukiman_27,Pemukiman,0.1054,0.126,0.1473,0.1787,0.3144,0.0963,-0.173,0.2752
Pemukiman_27,Pemukiman,0.1041,0.1165,0.1312,0.1666,0.2532,0.1189,-0.177,0.2063
Pemukiman_27,Pemukiman,0.0873,0.1006,0.1078,0.1801,0.2532,0.2511,-0.2832,0.1687
Pemukiman_27,Pemukiman,0.0768,0.0915,0.0966,0.2106,0.257,0.3711,-0.3942,0.0992
Pemukiman_27,Pemukiman,0.0659,0.0864,0.0833,0.2625,0.257,0.5182,-0.5047,-0.0106
Pemukiman_27,Pemukiman,0.0728,0.0905,0.0953,0.2649,0.293,0.4708,-0.4907,0.0504
Pemukiman_27,Pemukiman,0.0784,0.0967,0.0976,0.2651,0.293,0.4618,-0.4654,0.05
Pemukiman_27,Pemukiman,0.1199,0.1345,0.1422,0.1774,0.342,0.1101,-0.1375,0.3169
Pemukiman_27,Pemukiman,0.202,0.2065,0.209,0.2289,0.3278,0.0454,-0.0514,0.1777
Pemukiman_27,Pemukiman,0.2798,0.2996,0.3354,0.3494,0.3278,0.0204,-0.0767,-0.0319
Pemukiman_27,Pemukiman,0.1204,0.1521,0.215,0.2561,0.3144,0.0872,-0.2548,0.1022
Pemukiman_27,Pemukiman,0.0873,0.0989,0.1249,0.1548,0.3144,0.1069,-0.2203,0.3402
Pemukiman_27,Pemukiman,0.0753,0.0869,0.103,0.1389,0.2532,0.1484,-0.2303,0.2915
Pemukiman_27,Pemukiman,0.0707,0.0786,0.0875,0.1418,0.2532,0.2368,-0.2868,0.282
Pemukiman_27,Pemukiman,0.0676,0.0869,0.1033,0.2034,0.257,0.3264,-0.4013,0.1164
Pemukiman_27,Pemukiman,0.063,0.0826,0.0986,0.2404,0.257,0.4183,-0.4885,0.0334
Pemukiman_27,Pemukiman,0.1068,0.1282,0.1476,0.2585,0.293,0.2731,-0.337,0.0626
Pemukiman_27,Pemukiman,0.1434,0.1674,0.1814,0.2678,0.293,0.1923,-0.2307,0.0449
Pemukiman_27,Pemukiman,0.1616,0.1693,0.169,0.2731,0.3019,0.2355,-0.2346,0.0501
Pemukiman_27,Pemukiman,0.1637,0.1735,0.1779,0.2643,0.3019,0.1954,-0.2074,0.0664
Pemukiman_27,Pemukiman,0.0987,0.1142,0.1246,0.2287,0.2813,0.2946,-0.3339,0.1031
Pemukiman_27,Pemukiman,0.0792,0.1002,0.1163,0.2079,0.2813,0.2825,-0.3496,0.15
Pemukiman_27,Pemukiman,0.0782,0.0994,0.1185,0.2323,0.2637,0.3244,-0.4007,0.0633
Pemukiman_27,Pemukiman,0.0616,0.091,0.1121,0.2614,0.2637,0.3997,-0.4835,0.0044
Pemukiman_27,Pemukiman,0.0689,0.0928,0.0916,0.2581,0.2451,0.4761,-0.4711,-0.0258
Pemukiman_27,Pemukiman,0.1117,0.1297,0.1481,0.2357,0.2451,0.2282,-0.2901,0.0196
Pemukiman_27,Pemukiman,0.106,0.1186,0.1274,0.1729,0.2152,0.1515,-0.1863,0.109
Pemukiman_27,Pemukiman,0.0671,0.0761,0.0733,0.1661,0.2152,0.3876,-0.3716,0.1288
Pemukiman_27,Pemukiman,0.0388,0.0577,0.0409,0.2604,0.1805,0.7285,-0.6372,-0.1812
Pemukiman_27,Pemukiman,0.1272,0.1383,0.147,0.1671,0.2615,0.064,-0.0943,0.2203
Pemukiman_27,Pemukiman,0.1849,0.1897,0.1906,0.2087,0.2906,0.0453,-0.0477,0.164
Pemukiman_27,Pemukiman,0.2179,0.2377,0.2673,0.2769,0.2906,0.0176,-0.0762,0.0241
Pemukiman_27,Pemukiman,0.1115,0.1458,0.2189,0.2437,0.2883,0.0536,-0.2513,0.0838
Pemukiman_27,Pemukiman,0.0862,0.0959,0.1257,0.1532,0.2883,0.0986,-0.23,0.306
Pemukiman_27,Pemukiman,0.0775,0.0881,0.1016,0.1318,0.2376,0.1294,-0.1987,0.2864
Pemukiman_27,Pemukiman,0.0706,0.0807,0.0979,0.1304,0.2376,0.1424,-0.2354,0.2913
Pemukiman_27,Pemukiman,0.0751,0.0949,0.1408,0.1823,0.2661,0.1284,-0.3153,0.1869
Pemukiman_27,Pemukiman,0.0755,0.1009,0.16,0.2077,0.2661,0.1297,-0.3461,0.1233
Pemukiman_27,Pemukiman,0.1292,0.1602,0.2204,0.2578,0.3092,0.0782,-0.2335,0.0907
Pemukiman_27,Pemukiman,0.1202,0.1497,0.1882,0.2621,0.3092,0.1641,-0.2729,0.0824
Pemukiman_27,Pemukiman,0.1379,0.1514,0.1666,0.2709,0.2955,0.2384,-0.283,0.0434
Pemukiman_27,Pemukiman,0.1665,0.1771,0.1969,0.2458,0.2955,0.1105,-0.1624,0.0918
Pemukiman_27,Pemukiman,0.0978,0.1087,0.1287,0.1928,0.2883,0.1994,-0.2789,0.1985
Pemukiman_27,Pemukiman,0.092,0.1084,0.1501,0.192,0.2883,0.1225,-0.2783,0.2005
Pemukiman_27,Pemukiman,0.1029,0.1235,0.1691,0.206,0.3175,0.0984,-0.2504,0.213
Pemukiman_27,Pemukiman,0.0825,0.1118,0.1466,0.2157,0.3175,0.1907,-0.3173,0.1909
Pemukiman_27,Pemukiman,0.0741,0.0938,0.0965,0.2032,0.259,0.356,-0.3683,0.1207
Pemukiman_27,Pemukiman,0.0985,0.1141,0.1264,0.1999,0.259,0.2253,-0.2732,0.1288
Pemukiman_27,Pemukiman,0.1092,0.1166,0.1257,0.1579,0.2046,0.1135,-0.1505,0.1288
Pemukiman_27,Pemukiman,0.0684,0.0787,0.0794,0.14,0.2046,0.2762,-0.2803,0.1875
Pemukiman_27,Pemukiman,0.0426,0.0576,0.0497,0.1883,0.171,0.5824,-0.5315,-0.0481
Pemukiman_27,Pemukiman,0.0471,0.0621,0.0528,0.2349,0.171,0.6329,-0.5818,-0.1574
Pemukiman_27,Pemukiman,0.0662,0.0802,0.0786,0.2186,0.2166,0.4711,-0.4632,-0.0046
Pemukiman_27,Pemukiman,0.0988,0.1158,0.1248,0.1753,0.2166,0.1683,-0.2044,0.1054
Pemukiman_27,Pemukiman,0.1517,0.1664,0.1823,0.2086,0.2573,0.0673,-0.1125,0.1045
Pemukiman_27,Pemukiman,0.1169,0.1285,0.1415,0.1527,0.2615,0.0381,-0.0861,0.2627
Pemukiman_27,Pemukiman,0.1131,0.1227,0.1333,0.1487,0.2906,0.0546,-0.0958,0.323
Pemukiman_27,Pemukiman,0.1223,0.1364,0.1555,0.1766,0.2906,0.0635,-0.1284,0.244
Pemukiman_27,Pemukiman,0.163,0.1758,0.2253,0.2355,0.2883,0.0221,-0.1451,0.1008
Pemukiman_27,Pemukiman,0.1405,0.1481,0.1713,0.1895,0.2883,0.0504,-0.1226,0.2068
Pemukiman_27,Pemukiman,0.0942,0.1031,0.1088,0.1282,0.2376,0.0819,-0.1085,0.2991
Pemukiman_27,Pemukiman,0.1001,0.107,0.1207,0.149,0.2376,0.1049,-0.1641,0.2292
Pemukiman_27,Pemukiman,0.0938,0.1052,0.1455,0.1739,0.2661,0.0889,-0.2461,0.2095
Pemukiman_27,Pemukiman,0.0941,0.1161,0.1617,0.1928,0.2661,0.0877,-0.2483,0.1597
Pemukiman_27,Pemukiman,0.1334,0.156,0.2008,0.2312,0.3092,0.0704,-0.1942,0.1443
Pemukiman_27,Pemukiman,0.1071,0.1329,0.1593,0.2216,0.3092,0.1636,-0.2502,0.165
Pemukiman_27,Pemukiman,0.1077,0.1272,0.1529,0.2419,0.2955,0.2254,-0.3108,0.0997
Pemukiman_27,Pemukiman,0.0986,0.1276,0.1764,0.2416,0.2955,0.156,-0.3088,0.1004
Pemukiman_27,Pemukiman,0.0725,0.0833,0.111,0.1729,0.2883,0.218,-0.3497,0.2502
Pemukiman_27,Pemukiman,0.0987,0.1164,0.1682,0.2028,0.2883,0.0933,-0.2707,0.1741
Pemukiman_27,Pemukiman,0.1707,0.1881,0.2169,0.236,0.3175,0.0422,-0.1129,0.1472
Pemukiman_27,Pemukiman,0.126,0.1395,0.165,0.1992,0.3175,0.0939,-0.1763,0.229
Pemukiman_27,Pemukiman,0.084,0.0949,0.1132,0.161,0.259,0.1743,-0.2583,0.2333
Pemukiman_27,Pemukiman,0.0833,0.0952,0.1207,0.173,0.259,0.1781,-0.2901,0.1991
Pemukiman_27,Pemukiman,0.0773,0.0888,0.1041,0.1567,0.2046,0.2017,-0.2766,0.1326
Pemukiman_27,Pemukiman,0.07,0.0752,0.0861,0.1358,0.2046,0.224,-0.2872,0.2021
Pemukiman_27,Pemukiman,0.0588,0.069,0.0812,0.142,0.171,0.2724,-0.346,0.0927
Pemukiman_27,Pemukiman,0.0657,0.0738,0.0791,0.1541,0.171,0.3216,-0.3523,0.052
Pemukiman_27,Pemukiman,0.0758,0.0838,0.0916,0.1565,0.2166,0.2616,-0.3025,0.1611
Pemukiman_27,Pemukiman,0.0987,0.1106,0.1232,0.1697,0.2166,0.1588,-0.2108,0.1214
Pemukiman_27,Pemukiman,0.1432,0.1639,0.1838,0.2159,0.2573,0.0803,-0.1369,0.0875
Pemukiman_27,Pemukiman,0.1387,0.1458,0.1594,0.1735,0.2784,0.0424,-0.0868,0.2321
Pemukiman_27,Pemukiman,0.1105,0.1255,0.1312,0.1338,0.2473,0.0098,-0.032,0.2978
Pemukiman_27,Pemukiman,0.1359,0.1316,0.1454,0.1448,0.2473,-0.0021,-0.0478,0.2614
Pemukiman_27,Pemukiman,0.1161,0.1185,0.1383,0.1505,0.2604,0.0422,-0.119,0.2675
Pemukiman_27,Pemukiman,0.1178,0.1227,0.1455,0.1617,0.2604,0.0527,-0.1371,0.2338
Pemukiman_27,Pemukiman,0.1244,0.1453,0.1539,0.1808,0.2455,0.0804,-0.1089,0.1518
Pemukiman_27,Pemukiman,0.1146,0.1271,0.1297,0.1952,0.2455,0.2016,-0.2113,0.1141
Pemukiman_27,Pemukiman,0.1036,0.1224,0.1339,0.209,0.2249,0.219,-0.2613,0.0366
Pemukiman_27,Pemukiman,0.075,0.0992,0.1359,0.1965,0.2249,0.1823,-0.329,0.0674
Pemukiman_27,Pemukiman,0.0665,0.079,0.0992,0.1394,0.2197,0.1685,-0.2766,0.2236
Pemukiman_27,Pemukiman,0.0822,0.104,0.1412,0.1787,0.2197,0.1172,-0.2642,0.1029
Pemukiman_27,Pemukiman,0.1656,0.1755,0.1981,0.2196,0.2598,0.0515,-0.1116,0.0839
Pemukiman_27,Pemukiman,0.144,0.147,0.161,0.1919,0.2598,0.0876,-0.1325,0.1503
Pemukiman_27,Pemukiman,0.0902,0.1035,0.121,0.1496,0.2242,0.1057,-0.1821,0.1996
Pemukiman_27,Pemukiman,0.0895,0.1069,0.1229,0.1764,0.2242,0.1787,-0.2453,0.1193
Pemukiman_27,Pemukiman,0.0801,0.0989,0.1098,0.1958,0.185,0.2814,-0.3288,-0.0284
Pemukiman_27,Pemukiman,0.0813,0.1001,0.1109,0.1768,0.185,0.2291,-0.277,0.0227
Pemukiman_27,Pemukiman,0.0826,0.1001,0.1118,0.1643,0.1757,0.1901,-0.2428,0.0335
Pemukiman_27,Pemukiman,0.0782,0.0967,0.1022,0.1552,0.1757,0.2059,-0.2322,0.062
Pemukiman_27,Pemukiman,0.0967,0.1037,0.1106,0.1531,0.2183,0.1612,-0.1924,0.1756
Pemukiman_27,Pemukiman,0.1258,0.1331,0.138,0.1941,0.2183,0.1689,-0.1864,0.0587
Pemukiman_27,Pemukiman,0.1272,0.1391,0.1465,0.2129,0.2374,0.1848,-0.2097,0.0544
Pemukiman_27,Pemukiman,0.1014,0.1079,0.1104,0.1716,0.2249,0.217,-0.2279,0.1344
Pemukiman_27,Pemukiman,0.1004,0.1119,0.1203,0.1501,0.2249,0.1102,-0.1458,0.1995
Pemukiman_27,Pemukiman,0.0971,0.1023,0.1121,0.1383,0.2197,0.1046,-0.1496,0.2274
Pemukiman_27,Pemukiman,0.0909,0.1005,0.1141,0.1419,0.2197,0.1086,-0.1708,0.2152
Pemukiman_27,Pemukiman,0.1169,0.1199,0.1359,0.1497,0.2598,0.0483,-0.1105,0.2689
Pemukiman_27,Pemukiman,0.1397,0.1479,0.1518,0.1598,0.2598,0.0257,-0.0387,0.2383
Pemukiman_27,Pemukiman,0.1248,0.1318,0.1363,0.1522,0.2242,0.0551,-0.0718,0.1913
Pemukiman_27,Pemukiman,0.1113,0.1168,0.1246,0.1529,0.2242,0.102,-0.1339,0.1891
Pemukiman_27,Pemukiman,0.0757,0.0903,0.0967,0.1629,0.185,0.255,-0.2867,0.0635
Pemukiman_27,Pemukiman,0.0797,0.0959,0.1011,0.184,0.185,0.2908,-0.3148,0.0027
Pemukiman_27,Pemukiman,0.0868,0.1036,0.1087,0.1894,0.1757,0.2707,-0.2928,-0.0375
Pemukiman_27,Pemukiman,0.0905,0.1014,0.1049,0.1556,0.1757,0.1946,-0.2109,0.0607
Pemukiman_27,Pemukiman,0.1257,0.1281,0.1314,0.1622,0.2183,0.1049,-0.1175,0.1474
Pemukiman_27,Pemukiman,0.1692,0.1767,0.1776,0.226,0.2183,0.1199,-0.1224,-0.0173
Pemukiman_27,Pemukiman,0.084,0.0946,0.104,0.1251,0.2152,0.0921,-0.1388,0.2648
Pemukiman_27,Pemukiman,0.0869,0.1006,0.1092,0.1528,0.2152,0.1664,-0.206,0.1696
Pemukiman_27,Pemukiman,0.0945,0.1083,0.1182,0.1651,0.227,0.1655,-0.2078,0.1579
Pemukiman_27,Pemukiman,0.0992,0.1115,0.1196,0.1468,0.227,0.1021,-0.1367,0.2146
Pemukiman_27,Pemukiman,0.1163,0.1185,0.1252,0.1468,0.2397,0.0794,-0.1067,0.2404
Pemukiman_27,Pemukiman,0.1171,0.1275,0.1336,0.199,0.2397,0.1966,-0.219,0.0928
Pemukiman_28,Pemukiman,0.0562,0.0831,0.0661,0.3189,0.2104,0.6566,-0.5866,-0.205
Pemukiman_28,Pemukiman,0.0688,0.0886,0.0797,0.2668,0.2326,0.54,-0.5014,-0.0685
Pemukiman_28,Pemukiman,0.0908,0.109,0.1056,0.2308,0.2326,0.3722,-0.3584,0.0039
Pemukiman_28,Pemukiman,0.0441,0.0743,0.0524,0.3424,0.2104,0.7345,-0.6434,-0.2388
Pemukiman_28,Pemukiman,0.0453,0.074,0.0609,0.2949,0.2326,0.6577,-0.5988,-0.1181
Pemukiman_28,Pemukiman,0.0519,0.0769,0.065,0.2588,0.2326,0.5985,-0.5419,-0.0533
Pemukiman_28,Pemukiman,0.0716,0.0944,0.0831,0.2593,0.2217,0.5146,-0.4662,-0.0782
Pemukiman_28,Pemukiman,0.0834,0.1069,0.0977,0.281,0.2217,0.484,-0.4488,-0.118
Pemukiman_28,Pemukiman,0.0581,0.0843,0.0762,0.3139,0.2392,0.6093,-0.5766,-0.1351
Pemukiman_28,Pemukiman,0.0717,0.0976,0.0845,0.3388,0.2392,0.6008,-0.5527,-0.1723
Pemukiman_28,Pemukiman,0.0675,0.0975,0.0826,0.3315,0.2689,0.6011,-0.5455,-0.1043
Pemukiman_28,Pemukiman,0.0558,0.086,0.0725,0.3018,0.2689,0.6126,-0.5565,-0.0576
Pemukiman_28,Pemukiman,0.0442,0.0747,0.0555,0.3005,0.2317,0.6882,-0.6018,-0.1293
Pemukiman_28,Pemukiman,0.0461,0.0736,0.0535,0.3128,0.2317,0.7079,-0.619,-0.1489
Pemukiman_28,Pemukiman,0.0646,0.0854,0.075,0.28,0.2315,0.5775,-0.5326,-0.0948
Pemukiman_28,Pemukiman,0.0915,0.1116,0.1239,0.228,0.2315,0.2958,-0.3428,0.0076
Pemukiman_28,Pemukiman,0.101,0.1227,0.1407,0.2135,0.2506,0.2055,-0.2701,0.0799
Pemukiman_28,Pemukiman,0.0985,0.1242,0.1431,0.3212,0.2392,0.3836,-0.4423,-0.1463
Pemukiman_28,Pemukiman,0.0894,0.1114,0.1095,0.3012,0.2392,0.4668,-0.46,-0.1147
Pemukiman_28,Pemukiman,0.0818,0.1029,0.0997,0.2891,0.2689,0.4871,-0.475,-0.0362
Pemukiman_28,Pemukiman,0.083,0.1056,0.1074,0.2764,0.2689,0.4403,-0.4471,-0.0138
Pemukiman_28,Pemukiman,0.048,0.0806,0.0872,0.3025,0.2317,0.5525,-0.5792,-0.1325
Pemukiman_28,Pemukiman,0.034,0.0607,0.0544,0.3276,0.2317,0.7152,-0.6874,-0.1715
Pemukiman_28,Pemukiman,0.0429,0.0686,0.0674,0.3069,0.2315,0.6399,-0.6346,-0.14
Pemukiman_28,Pemukiman,0.0704,0.0958,0.1354,0.2485,0.2315,0.2946,-0.4435,-0.0354
Pemukiman_28,Pemukiman,0.0734,0.0957,0.1298,0.2314,0.2506,0.2813,-0.4149,0.0398
Pemukiman_28,Pemukiman,0.0905,0.1068,0.1132,0.2191,0.2506,0.3187,-0.3446,0.0671
Pemukiman_28,Pemukiman,0.0904,0.1049,0.1062,0.2125,0.2595,0.3335,-0.339,0.0996
Pemukiman_28,Pemukiman,0.1291,0.153,0.165,0.3132,0.2769,0.3099,-0.3436,-0.0615
Pemukiman_28,Pemukiman,0.0821,0.103,0.1037,0.2502,0.2769,0.414,-0.4168,0.0507
Pemukiman_28,Pemukiman,0.0768,0.0898,0.1009,0.197,0.287,0.3226,-0.3738,0.186
Pemukiman_28,Pemukiman,0.074,0.0884,0.1099,0.194,0.287,0.2767,-0.3739,0.1933
Pemukiman_28,Pemukiman,0.0514,0.0823,0.119,0.2338,0.2658,0.3254,-0.4793,0.0641
Pemukiman_28,Pemukiman,0.0614,0.0831,0.1019,0.2715,0.2658,0.4542,-0.5313,-0.0106
Pemukiman_28,Pemukiman,0.0567,0.0755,0.0793,0.2647,0.2523,0.539,-0.5561,-0.024
Pemukiman_28,Pemukiman,0.0532,0.0822,0.1082,0.2402,0.2523,0.3789,-0.4901,0.0246
Pemukiman_28,Pemukiman,0.0546,0.0792,0.098,0.2566,0.265,0.4473,-0.5283,0.0161
Pemukiman_28,Pemukiman,0.0723,0.0853,0.0905,0.2205,0.265,0.418,-0.4421,0.0917
Pemukiman_28,Pemukiman,0.0789,0.0925,0.0926,0.2252,0.2617,0.4172,-0.4177,0.075
Pemukiman_28,Pemukiman,0.0632,0.0798,0.0846,0.2067,0.2617,0.4192,-0.4429,0.1174
Pemukiman_28,Pemukiman,0.1055,0.1199,0.1305,0.1925,0.2697,0.1919,-0.2324,0.167
Pemukiman_28,Pemukiman,0.0923,0.1048,0.1127,0.1747,0.2697,0.2157,-0.2501,0.2138
Pemukiman_28,Pemukiman,0.0773,0.1023,0.0877,0.3148,0.2105,0.5642,-0.5095,-0.1986
Pemukiman_28,Pemukiman,0.1256,0.1524,0.1651,0.2712,0.2769,0.2432,-0.2805,0.0104
Pemukiman_28,Pemukiman,0.1115,0.135,0.1419,0.2333,0.2769,0.2436,-0.2669,0.0855
Pemukiman_28,Pemukiman,0.1014,0.1127,0.1222,0.1851,0.287,0.2047,-0.2431,0.2158
Pemukiman_28,Pemukiman,0.0572,0.0695,0.0853,0.1614,0.287,0.3085,-0.398,0.2801
Pemukiman_28,Pemukiman,0.07,0.0865,0.1153,0.1869,0.2658,0.2369,-0.3672,0.1743
Pemukiman_28,Pemukiman,0.102,0.1171,0.1367,0.2112,0.2658,0.2141,-0.2866,0.1145
Pemukiman_28,Pemukiman,0.0859,0.1002,0.1121,0.2181,0.2523,0.321,-0.3704,0.0727
Pemukiman_28,Pemukiman,0.06,0.0872,0.1063,0.2307,0.2523,0.3691,-0.4514,0.0447
Pemukiman_28,Pemukiman,0.0554,0.0856,0.1256,0.2651,0.265,0.3571,-0.5118,-0.0002
Pemukiman_28,Pemukiman,0.0474,0.0697,0.0929,0.2156,0.265,0.3977,-0.5114,0.1028
Pemukiman_28,Pemukiman,0.0489,0.0681,0.0709,0.2179,0.2617,0.509,-0.5238,0.0913
Pemukiman_28,Pemukiman,0.0572,0.0731,0.0902,0.2131,0.2617,0.4052,-0.4892,0.1024
Pemukiman_28,Pemukiman,0.1212,0.1334,0.1409,0.2097,0.2697,0.1962,-0.2224,0.1252
Pemukiman_28,Pemukiman,0.1311,0.1426,0.1486,0.1959,0.2697,0.1373,-0.1575,0.1585
Pemukiman_28,Pemukiman,0.0939,0.1088,0.115,0.1721,0.2497,0.1989,-0.2253,0.184
Pemukiman_28,Pemukiman,0.0774,0.0886,0.0995,0.1752,0.2497,0.2756,-0.3283,0.1753
Pemukiman_28,Pemukiman,0.0966,0.1242,0.1111,0.3118,0.2124,0.4746,-0.4303,-0.1896
Pemukiman_28,Pemukiman,0.1378,0.168,0.2049,0.2703,0.2764,0.1376,-0.2334,0.0112
Pemukiman_28,Pemukiman,0.103,0.1338,0.1791,0.2448,0.2764,0.155,-0.2932,0.0606
Pemukiman_28,Pemukiman,0.0891,0.1079,0.129,0.2146,0.2771,0.2491,-0.3309,0.1271
Pemukiman_28,Pemukiman,0.0671,0.0829,0.0884,0.1955,0.2771,0.3772,-0.4045,0.1727
Pemukiman_28,Pemukiman,0.0913,0.1049,0.1177,0.1869,0.2828,0.2272,-0.281,0.2042
Pemukiman_28,Pemukiman,0.0936,0.1071,0.1278,0.1804,0.2828,0.1707,-0.255,0.2211
Pemukiman_28,Pemukiman,0.0697,0.0905,0.1169,0.1789,0.2587,0.2096,-0.3281,0.1824
Pemukiman_28,Pemukiman,0.0623,0.0818,0.1235,0.1795,0.2587,0.1848,-0.3739,0.1807
Pemukiman_28,Pemukiman,0.0661,0.1032,0.1768,0.2419,0.2662,0.1555,-0.4019,0.0478
Pemukiman_28,Pemukiman,0.0625,0.0917,0.1451,0.2522,0.2662,0.2696,-0.4667,0.027
Pemukiman_28,Pemukiman,0.049,0.0729,0.0815,0.2252,0.2703,0.4685,-0.5109,0.091
Pemukiman_28,Pemukiman,0.0725,0.086,0.0995,0.2335,0.2703,0.4024,-0.4617,0.073
Pemukiman_28,Pemukiman,0.1336,0.148,0.1562,0.2309,0.2794,0.193,-0.2188,0.095
Pemukiman_28,Pemukiman,0.1255,0.1398,0.1503,0.1886,0.2794,0.113,-0.1486,0.194
Pemukiman_28,Pemukiman,0.0961,0.1094,0.1214,0.1666,0.258,0.1569,-0.2072,0.2153
Pemukiman_28,Pemukiman,0.0738,0.0848,0.1013,0.1649,0.258,0.2389,-0.3208,0.2201
Pemukiman_28,Pemukiman,0.0678,0.0856,0.0998,0.1876,0.2682,0.3055,-0.3734,0.1768
Pemukiman_28,Pemukiman,0.0799,0.0942,0.0941,0.2003,0.2682,0.3607,-0.3603,0.1449
Pemukiman_28,Pemukiman,0.093,0.1118,0.1056,0.2624,0.2124,0.4261,-0.4025,-0.1053
Pemukiman_28,Pemukiman,0.0934,0.1198,0.1527,0.2468,0.2764,0.2355,-0.3464,0.0566
Pemukiman_28,Pemukiman,0.0622,0.0843,0.1328,0.2275,0.2764,0.2628,-0.4593,0.097
Pemukiman_28,Pemukiman,0.065,0.0873,0.1076,0.2301,0.2771,0.3627,-0.4499,0.0927
Pemukiman_28,Pemukiman,0.0775,0.095,0.1083,0.2244,0.2771,0.349,-0.4051,0.1051
Pemukiman_28,Pemukiman,0.1044,0.1216,0.1448,0.2124,0.2828,0.1892,-0.2719,0.1422
Pemukiman_28,Pemukiman,0.1091,0.1242,0.1406,0.1951,0.2828,0.1623,-0.222,0.1835
Pemukiman_28,Pemukiman,0.0815,0.0946,0.1148,0.1824,0.2587,0.2275,-0.317,0.173
Pemukiman_28,Pemukiman,0.0896,0.1043,0.121,0.1753,0.2587,0.1833,-0.2539,0.1922
Pemukiman_28,Pemukiman,0.1098,0.1336,0.1706,0.2248,0.2662,0.1371,-0.2545,0.0843
Pemukiman_28,Pemukiman,0.0815,0.1059,0.1383,0.2265,0.2662,0.2418,-0.3628,0.0806
Pemukiman_28,Pemukiman,0.0718,0.0933,0.1082,0.2028,0.2703,0.3042,-0.3698,0.1427
Pemukiman_28,Pemukiman,0.1015,0.1201,0.1283,0.2239,0.2703,0.2714,-0.3017,0.0939
Pemukiman_28,Pemukiman,0.1721,0.1961,0.2087,0.2683,0.2794,0.1249,-0.1555,0.0203
Pemukiman_28,Pemukiman,0.1341,0.1545,0.1714,0.2105,0.2794,0.1024,-0.1534,0.1406
Pemukiman_28,Pemukiman,0.1047,0.1222,0.1268,0.1808,0.258,0.1756,-0.1934,0.1759
Pemukiman_28,Pemukiman,0.0831,0.0956,0.1093,0.1638,0.258,0.1996,-0.2629,0.2233
Pemukiman_28,Pemukiman,0.0937,0.1095,0.1221,0.1849,0.2682,0.2046,-0.2561,0.1838
Pemukiman_28,Pemukiman,0.0977,0.1112,0.1152,0.1864,0.2682,0.2361,-0.2527,0.1799
Pemukiman_28,Pemukiman,0.066,0.0755,0.0797,0.1676,0.2191,0.3554,-0.3789,0.1332
Pemukiman_28,Pemukiman,0.0366,0.0454,0.0377,0.1869,0.2191,0.6643,-0.6091,0.0793
Pemukiman_28,Pemukiman,0.0484,0.0732,0.0565,0.287,0.2067,0.671,-0.5936,-0.1626
Pemukiman_28,Pemukiman,0.0487,0.0697,0.0668,0.2652,0.2152,0.5976,-0.5838,-0.1041
Pemukiman_28,Pemukiman,0.0531,0.0664,0.0712,0.2334,0.2152,0.5325,-0.557,-0.0406
Pemukiman_28,Pemukiman,0.0597,0.0735,0.0723,0.2373,0.2293,0.5329,-0.527,-0.0171
Pemukiman_28,Pemukiman,0.0642,0.081,0.1007,0.2173,0.2293,0.3667,-0.4569,0.0269
Pemukiman_28,Pemukiman,0.0737,0.1019,0.1425,0.2177,0.2729,0.2088,-0.3623,0.1125
Pemukiman_28,Pemukiman,0.095,0.1151,0.1292,0.2225,0.2729,0.2653,-0.3181,0.1017
Pemukiman_28,Pemukiman,0.0857,0.1061,0.1245,0.2008,0.28,0.2346,-0.3086,0.1647
Pemukiman_28,Pemukiman,0.1218,0.1438,0.1653,0.2161,0.28,0.1332,-0.2009,0.1288
Pemukiman_28,Pemukiman,0.1293,0.145,0.1631,0.2253,0.2651,0.1601,-0.2169,0.0812
Pemukiman_28,Pemukiman,0.0812,0.1001,0.108,0.192,0.2651,0.28,-0.3146,0.1599
Pemukiman_28,Pemukiman,0.0851,0.1009,0.1057,0.1744,0.2618,0.2453,-0.267,0.2004
Pemukiman_28,Pemukiman,0.1194,0.147,0.1477,0.2233,0.2618,0.2038,-0.206,0.0794
Pemukiman_28,Pemukiman,0.2717,0.2855,0.3082,0.3355,0.3022,0.0424,-0.0805,-0.0522
Pemukiman_28,Pemukiman,0.2028,0.2206,0.2226,0.2711,0.3022,0.0982,-0.1027,0.0542
Pemukiman_28,Pemukiman,0.1191,0.1415,0.1436,0.1975,0.2852,0.158,-0.1652,0.1817
Pemukiman_28,Pemukiman,0.108,0.1176,0.1255,0.1816,0.2852,0.1827,-0.2139,0.2219
Pemukiman_28,Pemukiman,0.1132,0.1233,0.1286,0.1853,0.2822,0.1806,-0.2009,0.2073
Pemukiman_28,Pemukiman,0.0904,0.101,0.1093,0.1748,0.2822,0.2306,-0.2676,0.235
Pemukiman_28,Pemukiman,0.0761,0.0863,0.0976,0.1807,0.244,0.2986,-0.3536,0.149
Pemukiman_28,Pemukiman,0.0441,0.0536,0.0605,0.1654,0.244,0.4644,-0.5105,0.192
Pemukiman_28,Pemukiman,0.0274,0.0446,0.0279,0.2404,0.1856,0.792,-0.687,-0.1286
Pemukiman_28,Pemukiman,0.0382,0.0565,0.0438,0.2604,0.2293,0.712,-0.6434,-0.0635
Pemukiman_28,Pemukiman,0.0491,0.0638,0.0652,0.2486,0.2293,0.5844,-0.5915,-0.0404
Pemukiman_28,Pemukiman,0.0624,0.0811,0.1089,0.2225,0.2729,0.3428,-0.4657,0.1017
Pemukiman_28,Pemukiman,0.0742,0.0916,0.1062,0.2116,0.2729,0.3317,-0.3958,0.1265
Pemukiman_28,Pemukiman,0.0853,0.1008,0.1355,0.1974,0.28,0.1859,-0.3239,0.173
Pemukiman_28,Pemukiman,0.1018,0.1295,0.1783,0.2317,0.28,0.1302,-0.2829,0.0944
Pemukiman_28,Pemukiman,0.106,0.1214,0.1427,0.2053,0.2651,0.1799,-0.2568,0.1271
Pemukiman_28,Pemukiman,0.0909,0.1078,0.1141,0.1836,0.2651,0.2335,-0.2601,0.1816
Pemukiman_28,Pemukiman,0.0749,0.0836,0.0853,0.15,0.2618,0.275,-0.2842,0.2715
Pemukiman_28,Pemukiman,0.1465,0.1632,0.168,0.2406,0.2618,0.1777,-0.1917,0.0422
Pemukiman_28,Pemukiman,0.2645,0.3,0.3091,0.3205,0.3022,0.0181,-0.033,-0.0294
Pemukiman_28,Pemukiman,0.1463,0.1687,0.172,0.2328,0.3022,0.1502,-0.1597,0.1297
Pemukiman_28,Pemukiman,0.0978,0.1218,0.1315,0.1952,0.2852,0.195,-0.2315,0.1873
Pemukiman_28,Pemukiman,0.0897,0.0995,0.1165,0.1903,0.2852,0.2405,-0.3133,0.1996
Pemukiman_28,Pemukiman,0.0866,0.0999,0.1113,0.2064,0.2822,0.2993,-0.3477,0.1551
Pemukiman_28,Pemukiman,0.0896,0.1052,0.1111,0.2028,0.2822,0.2921,-0.3169,0.1637
Pemukiman_28,Pemukiman,0.0921,0.1071,0.1199,0.2142,0.244,0.2822,-0.3333,0.065
Pemukiman_28,Pemukiman,0.068,0.0862,0.0925,0.1986,0.244,0.3645,-0.3947,0.1026
Pemukiman_28,Pemukiman,0.0317,0.0485,0.0364,0.2078,0.1856,0.7019,-0.6215,-0.0564
Pemukiman_28,Pemukiman,0.058,0.082,0.0778,0.2443,0.2353,0.5169,-0.4974,-0.0188
Pemukiman_28,Pemukiman,0.0658,0.0809,0.0843,0.2333,0.2353,0.4691,-0.485,0.0043
Pemukiman_28,Pemukiman,0.0708,0.0945,0.1311,0.213,0.2578,0.238,-0.3854,0.0952
Pemukiman_28,Pemukiman,0.1024,0.1241,0.1698,0.2362,0.2578,0.1635,-0.3111,0.0437
Pemukiman_28,Pemukiman,0.0851,0.102,0.1228,0.1858,0.2618,0.2041,-0.2912,0.1698
Pemukiman_28,Pemukiman,0.0867,0.1027,0.1293,0.207,0.2618,0.231,-0.3368,0.1169
Pemukiman_28,Pemukiman,0.0726,0.0908,0.1058,0.1803,0.2496,0.2604,-0.3301,0.1612
Pemukiman_28,Pemukiman,0.1381,0.1498,0.1505,0.2439,0.2496,0.2368,-0.239,0.0116
Pemukiman_28,Pemukiman,0.1733,0.1855,0.201,0.2529,0.2713,0.1143,-0.1537,0.0351
Pemukiman_28,Pemukiman,0.0684,0.0818,0.1042,0.1777,0.2713,0.2607,-0.3696,0.2085
Pemukiman_28,Pemukiman,0.0705,0.0895,0.117,0.1801,0.2657,0.2124,-0.3361,0.192
Pemukiman_28,Pemukiman,0.0714,0.0849,0.1026,0.1859,0.2657,0.2887,-0.373,0.1767
Pemukiman_28,Pemukiman,0.0662,0.0847,0.0914,0.1896,0.2638,0.3495,-0.3824,0.1637
Pemukiman_28,Pemukiman,0.0928,0.1088,0.121,0.2072,0.2638,0.2626,-0.3114,0.1202
Pemukiman_28,Pemukiman,0.0919,0.1144,0.1406,0.2095,0.268,0.1968,-0.2936,0.1225
Pemukiman_28,Pemukiman,0.0832,0.1066,0.1329,0.2175,0.268,0.2414,-0.3422,0.104
Pemukiman_28,Pemukiman,0.047,0.0712,0.0913,0.2256,0.2147,0.4238,-0.5202,-0.0248
Pemukiman_28,Pemukiman,0.0305,0.0547,0.0395,0.2964,0.2147,0.7648,-0.6884,-0.1599
Pemukiman_28,Pemukiman,0.0492,0.0714,0.0834,0.2247,0.2578,0.4586,-0.5177,0.0686
Pemukiman_28,Pemukiman,0.0659,0.0864,0.1,0.2279,0.2578,0.3901,-0.4502,0.0616
Pemukiman_28,Pemukiman,0.0531,0.0684,0.0784,0.2343,0.2618,0.4986,-0.5481,0.0554
Pemukiman_28,Pemukiman,0.0614,0.0859,0.1196,0.2544,0.2618,0.3604,-0.4951,0.0143
Pemukiman_28,Pemukiman,0.0592,0.0859,0.1289,0.2343,0.2496,0.2902,-0.4635,0.0316
Pemukiman_28,Pemukiman,0.0663,0.0887,0.1031,0.2341,0.2496,0.3885,-0.4504,0.032
Pemukiman_28,Pemukiman,0.0867,0.1146,0.1368,0.2312,0.2713,0.2565,-0.3372,0.0798
Pemukiman_28,Pemukiman,0.0736,0.093,0.1107,0.1959,0.2713,0.2779,-0.3562,0.1614
Pemukiman_28,Pemukiman,0.0774,0.0973,0.1177,0.1824,0.2657,0.2156,-0.3043,0.1859
Pemukiman_28,Pemukiman,0.079,0.0955,0.1011,0.1844,0.2657,0.2918,-0.3176,0.1806
Pemukiman_28,Pemukiman,0.0668,0.0845,0.0917,0.1953,0.2638,0.361,-0.396,0.1492
Pemukiman_28,Pemukiman,0.0948,0.1082,0.1224,0.2114,0.2638,0.2666,-0.3229,0.1103
Pemukiman_28,Pemukiman,0.0711,0.0881,0.1121,0.1832,0.268,0.2408,-0.3505,0.1879
Pemukiman_28,Pemukiman,0.0676,0.0887,0.1235,0.1919,0.268,0.2169,-0.3678,0.1655
Pemukiman_28,Pemukiman,0.0588,0.0934,0.1364,0.2715,0.2147,0.3312,-0.4881,-0.1168
Pemukiman_28,Pemukiman,0.0363,0.0651,0.0497,0.3181,0.2147,0.7297,-0.6602,-0.1941
Pemukiman_28,Pemukiman,0.0373,0.0562,0.0444,0.2754,0.2119,0.7223,-0.661,-0.1303
Pemukiman_28,Pemukiman,0.0432,0.0635,0.0743,0.2644,0.2119,0.5613,-0.6127,-0.1102
Pemukiman_28,Pemukiman,0.0621,0.0825,0.1035,0.2275,0.2348,0.3746,-0.4677,0.0158
Pemukiman_28,Pemukiman,0.0706,0.0945,0.1187,0.2296,0.2348,0.3184,-0.4168,0.0112
Pemukiman_28,Pemukiman,0.0878,0.1163,0.1591,0.2434,0.258,0.2094,-0.3533,0.0291
Pemukiman_28,Pemukiman,0.1135,0.1383,0.1552,0.246,0.258,0.2263,-0.2802,0.0238
Pemukiman_28,Pemukiman,0.0881,0.1105,0.1315,0.2104,0.2656,0.2308,-0.3113,0.116
Pemukiman_28,Pemukiman,0.0635,0.0838,0.085,0.1985,0.2656,0.4004,-0.4063,0.1446
Pemukiman_28,Pemukiman,0.0782,0.0987,0.0999,0.236,0.2513,0.4052,-0.4102,0.0314
Pemukiman_28,Pemukiman,0.1039,0.1246,0.126,0.2542,0.2513,0.3372,-0.3421,-0.0057
Pemukiman_28,Pemukiman,0.0588,0.0729,0.0881,0.1758,0.2491,0.3323,-0.4137,0.1725
Pemukiman_28,Pemukiman,0.0603,0.0818,0.104,0.1877,0.2491,0.2869,-0.3929,0.1406
Pemukiman_28,Pemukiman,0.0795,0.1027,0.1193,0.3042,0.24,0.4366,-0.4952,-0.118
Pemukiman_28,Pemukiman,0.0648,0.0874,0.0897,0.2813,0.2348,0.5164,-0.5259,-0.0901
Pemukiman_28,Pemukiman,0.0764,0.097,0.1126,0.2468,0.258,0.3734,-0.4357,0.0222
Pemukiman_28,Pemukiman,0.0927,0.1141,0.13,0.2534,0.258,0.3219,-0.379,0.009
Pemukiman_28,Pemukiman,0.0697,0.0911,0.1255,0.2059,0.2656,0.2426,-0.3865,0.1266
Pemukiman_28,Pemukiman,0.0564,0.0718,0.0829,0.1743,0.2656,0.3554,-0.4165,0.2075
Pemukiman_28,Pemukiman,0.0812,0.0994,0.0981,0.2231,0.2513,0.3892,-0.3836,0.0594
Pemukiman_28,Pemukiman,0.0811,0.0979,0.0963,0.261,0.2513,0.461,-0.4544,-0.0189
Pemukiman_28,Pemukiman,0.067,0.0823,0.0885,0.2012,0.2491,0.389,-0.4194,0.1064
Pemukiman_28,Pemukiman,0.0801,0.1066,0.1135,0.2318,0.2491,0.3426,-0.37,0.036
Pemukiman_28,Pemukiman,0.0648,0.0969,0.0991,0.2952,0.24,0.4973,-0.5057,-0.1031
Pemukiman_28,Pemukiman,0.0366,0.0601,0.0576,0.2749,0.2109,0.6535,-0.6412,-0.1317
Pemukiman_28,Pemukiman,0.0701,0.0866,0.0942,0.231,0.2321,0.4207,-0.4547,0.0024
Pemukiman_28,Pemukiman,0.072,0.0916,0.0938,0.1998,0.2321,0.361,-0.3713,0.0748
Pemukiman_28,Pemukiman,0.0653,0.08,0.0792,0.2422,0.2279,0.5072,-0.5034,-0.0304
Pemukiman_28,Pemukiman,0.057,0.0757,0.0652,0.273,0.2279,0.6144,-0.5658,-0.09
Pemukiman_28,Pemukiman,0.0717,0.0872,0.0924,0.2141,0.2144,0.3971,-0.4212,0.0007
Pemukiman_28,Pemukiman,0.0634,0.087,0.0843,0.2377,0.2144,0.4764,-0.4641,-0.0515
Pemukiman_28,Pemukiman,0.0768,0.0989,0.0944,0.2573,0.2321,0.4632,-0.4447,-0.0515
Pemukiman_28,Pemukiman,0.0536,0.078,0.0602,0.2881,0.2279,0.6543,-0.5739,-0.1167
Pemukiman_28,Pemukiman,0.0433,0.0642,0.0508,0.2888,0.2279,0.7008,-0.6363,-0.1179
Pemukiman_28,Pemukiman,0.0584,0.0739,0.0756,0.2203,0.2144,0.489,-0.4976,-0.0136
Pemukiman_28,Pemukiman,0.0512,0.0703,0.0685,0.2418,0.2144,0.5585,-0.5495,-0.0601
Pemukiman_28,Pemukiman,0.0436,0.0654,0.0491,0.2515,0.2053,0.6733,-0.5872,-0.1011
Pemukiman_30,Pemukiman,0.0645,0.0864,0.0783,0.2642,0.1961,0.5428,-0.5071,-0.1479
Pemukiman_30,Pemukiman,0.0621,0.0823,0.0708,0.3158,0.1956,0.6337,-0.5865,-0.235
Pemukiman_30,Pemukiman,0.1169,0.1334,0.1355,0.231,0.2476,0.2606,-0.2678,0.0347
Pemukiman_30,Pemukiman,0.1013,0.1126,0.1221,0.1748,0.2476,0.1775,-0.2164,0.1723
Pemukiman_30,Pemukiman,0.0738,0.0846,0.0992,0.1573,0.2503,0.2265,-0.3005,0.2282
Pemukiman_30,Pemukiman,0.0823,0.1045,0.0956,0.3031,0.1956,0.5204,-0.4872,-0.2156
Pemukiman_30,Pemukiman,0.1251,0.141,0.1437,0.209,0.2476,0.1851,-0.1943,0.0845
Pemukiman_30,Pemukiman,0.1041,0.1239,0.1331,0.1866,0.2476,0.1673,-0.2019,0.1405
Pemukiman_30,Pemukiman,0.099,0.1149,0.1298,0.1904,0.2503,0.1893,-0.2473,0.1359
Pemukiman_30,Pemukiman,0.0926,0.1078,0.1067,0.2383,0.2503,0.3814,-0.3771,0.0246
Pemukiman_30,Pemukiman,0.0504,0.0653,0.0507,0.3162,0.2028,0.7236,-0.6577,-0.2185
Pemukiman_30,Pemukiman,0.085,0.1039,0.0979,0.2561,0.2028,0.4469,-0.4228,-0.1161
Pemukiman_30,Pemukiman,0.0798,0.0968,0.1001,0.1743,0.2624,0.2704,-0.2859,0.2017
Pemukiman_30,Pemukiman,0.0761,0.0903,0.1028,0.178,0.2624,0.2678,-0.3269,0.1916
Pemukiman_30,Pemukiman,0.091,0.1124,0.1266,0.2044,0.2176,0.235,-0.2904,0.0313
Pemukiman_30,Pemukiman,0.0734,0.0909,0.0838,0.2723,0.2176,0.5293,-0.4994,-0.1117
Pemukiman_30,Pemukiman,0.0443,0.0659,0.0486,0.2964,0.2028,0.7183,-0.6362,-0.1875
Pemukiman_30,Pemukiman,0.0597,0.0842,0.1015,0.2196,0.2028,0.3678,-0.4457,-0.0398
Pemukiman_30,Pemukiman,0.054,0.0813,0.1214,0.2119,0.2624,0.2715,-0.4454,0.1065
Pemukiman_30,Pemukiman,0.0803,0.1024,0.1227,0.2384,0.2624,0.3204,-0.3991,0.0479
Pemukiman_30,Pemukiman,0.0809,0.1011,0.1169,0.2365,0.2176,0.3384,-0.4011,-0.0416
Pemukiman_30,Pemukiman,0.051,0.0699,0.0662,0.2742,0.235,0.611,-0.5937,-0.077
Pemukiman_30,Pemukiman,0.0604,0.0881,0.1361,0.2289,0.235,0.2542,-0.4442,0.0131
Pemukiman_30,Pemukiman,0.0669,0.1027,0.1912,0.2664,0.2696,0.1643,-0.4435,0.006
Pemukiman_30,Pemukiman,0.0993,0.1217,0.1611,0.2664,0.2696,0.2463,-0.3728,0.006
Pemukiman_30,Pemukiman,0.0524,0.064,0.0551,0.2734,0.1614,0.6645,-0.6206,-0.2576
Pemukiman_30,Pemukiman,0.0635,0.0802,0.098,0.2246,0.235,0.3924,-0.4738,0.0226
Pemukiman_30,Pemukiman,0.0671,0.101,0.1677,0.2303,0.235,0.1573,-0.3903,0.0101
Pemukiman_30,Pemukiman,0.0716,0.1115,0.1998,0.2788,0.2696,0.1651,-0.4286,-0.0168
Pemukiman_30,Pemukiman,0.0711,0.0934,0.0881,0.2507,0.2082,0.4799,-0.4571,-0.0926
Pemukiman_30,Pemukiman,0.0839,0.0987,0.1039,0.1808,0.2347,0.2701,-0.2937,0.1297
Pemukiman_30,Pemukiman,0.0682,0.0898,0.119,0.2007,0.2347,0.2556,-0.3818,0.0781
Pemukiman_30,Pemukiman,0.0638,0.0939,0.1237,0.2649,0.2188,0.3634,-0.4766,-0.0953
Pemukiman_30,Pemukiman,0.1053,0.1205,0.1167,0.2349,0.2347,0.3362,-0.3219,-0.0004
Pemukiman_30,Pemukiman,0.095,0.1123,0.1112,0.2279,0.2347,0.3441,-0.3398,0.0147
Pemukiman_31,Pemukiman,0.0965,0.1092,0.1208,0.1493,0.2491,0.1055,-0.1551,0.2505
Pemukiman_31,Pemukiman,0.1215,0.1428,0.1586,0.1759,0.2423,0.0517,-0.1039,0.1588
Pemukiman_31,Pemukiman,0.1167,0.1256,0.1378,0.1765,0.2423,0.1231,-0.1685,0.1571
Pemukiman_31,Pemukiman,0.1425,0.1555,0.1705,0.2018,0.2698,0.0841,-0.1296,0.1442
Pemukiman_31,Pemukiman,0.102,0.1172,0.127,0.17,0.2698,0.1448,-0.1838,0.2269
Pemukiman_31,Pemukiman,0.0677,0.0848,0.0852,0.1963,0.2162,0.3947,-0.3967,0.0482
Pemukiman_31,Pemukiman,0.0859,0.0972,0.1052,0.1365,0.2423,0.1295,-0.1682,0.2793
Pemukiman_31,Pemukiman,0.1334,0.151,0.1536,0.1858,0.2423,0.0949,-0.1033,0.132
Pemukiman_31,Pemukiman,0.1785,0.197,0.205,0.2248,0.2698,0.0461,-0.0659,0.091
Pemukiman_31,Pemukiman,0.1193,0.1334,0.1424,0.1847,0.2698,0.1293,-0.1613,0.1872
Pemukiman_31,Pemukiman,0.0888,0.103,0.1146,0.1595,0.261,0.1638,-0.2152,0.2414
Pemukiman_31,Pemukiman,0.0949,0.1088,0.121,0.1569,0.261,0.1292,-0.181,0.2491
Pemukiman_31,Pemukiman,0.1052,0.1179,0.1279,0.1669,0.2883,0.1323,-0.172,0.2667
Pemukiman_31,Pemukiman,0.0586,0.0694,0.0742,0.165,0.1985,0.3796,-0.4078,0.0922
Pemukiman_31,Pemukiman,0.0633,0.0701,0.0839,0.127,0.2585,0.2044,-0.2887,0.3411
Pemukiman_31,Pemukiman,0.1089,0.122,0.1437,0.1754,0.2585,0.0993,-0.1796,0.1915
Pemukiman_31,Pemukiman,0.1295,0.1405,0.158,0.1868,0.2757,0.0835,-0.1415,0.1922
Pemukiman_31,Pemukiman,0.0843,0.0995,0.1195,0.161,0.2757,0.1479,-0.2361,0.2627
Pemukiman_31,Pemukiman,0.0885,0.1038,0.1198,0.1647,0.2864,0.1578,-0.2268,0.2698
Pemukiman_31,Pemukiman,0.0973,0.1093,0.125,0.1637,0.2864,0.134,-0.1993,0.2726
Pemukiman_31,Pemukiman,0.1422,0.1571,0.1682,0.2043,0.3155,0.0969,-0.1306,0.2139
Pemukiman_31,Pemukiman,0.155,0.1719,0.2018,0.2266,0.3155,0.0579,-0.1373,0.164
Pemukiman_31,Pemukiman,0.1173,0.1372,0.1569,0.192,0.2841,0.1006,-0.1665,0.1934
Pemukiman_31,Pemukiman,0.1022,0.1159,0.1321,0.1632,0.2841,0.1053,-0.1695,0.2703
Pemukiman_31,Pemukiman,0.0546,0.071,0.0656,0.2234,0.1985,0.546,-0.5177,-0.059
Pemukiman_31,Pemukiman,0.07,0.0771,0.0835,0.1422,0.1985,0.2601,-0.2969,0.1652
Pemukiman_31,Pemukiman,0.0612,0.0758,0.095,0.1426,0.2585,0.2003,-0.3059,0.289
Pemukiman_31,Pemukiman,0.0697,0.0969,0.1445,0.1844,0.2585,0.1213,-0.3111,0.1673
Pemukiman_31,Pemukiman,0.0754,0.0907,0.1272,0.1672,0.2757,0.1359,-0.2966,0.245
Pemukiman_31,Pemukiman,0.0702,0.0847,0.096,0.1637,0.2757,0.2607,-0.318,0.2549
Pemukiman_31,Pemukiman,0.098,0.1138,0.1251,0.1852,0.2864,0.1937,-0.2388,0.2146
Pemukiman_31,Pemukiman,0.1064,0.1246,0.1366,0.1799,0.2864,0.1368,-0.1816,0.2284
Pemukiman_31,Pemukiman,0.1006,0.1183,0.1454,0.1895,0.3155,0.1317,-0.2313,0.2495
Pemukiman_31,Pemukiman,0.1204,0.1365,0.1815,0.2242,0.3155,0.1052,-0.2431,0.1692
Pemukiman_31,Pemukiman,0.1179,0.1394,0.1622,0.1974,0.2841,0.0979,-0.1722,0.1801
Pemukiman_31,Pemukiman,0.112,0.1301,0.1537,0.1804,0.2841,0.0799,-0.162,0.2233
Pemukiman_31,Pemukiman,0.1254,0.1482,0.1532,0.1985,0.2769,0.1288,-0.1451,0.1649
Pemukiman_31,Pemukiman,0.114,0.1256,0.1346,0.1935,0.2769,0.1795,-0.2128,0.1773
Pemukiman_31,Pemukiman,0.0436,0.0587,0.049,0.2314,0.1961,0.6505,-0.5953,-0.0826
Pemukiman_31,Pemukiman,0.056,0.0664,0.0706,0.1771,0.2342,0.43,-0.4546,0.1388
Pemukiman_31,Pemukiman,0.0723,0.0843,0.0959,0.1459,0.2342,0.2068,-0.2676,0.2323
Pemukiman_31,Pemukiman,0.0866,0.1026,0.1226,0.1665,0.2555,0.1519,-0.2375,0.2109
Pemukiman_31,Pemukiman,0.0744,0.0959,0.1316,0.1736,0.2555,0.1376,-0.2883,0.1909
Pemukiman_31,Pemukiman,0.0602,0.0738,0.0931,0.1554,0.2388,0.2507,-0.356,0.2116
Pemukiman_31,Pemukiman,0.0601,0.0786,0.0786,0.1818,0.2388,0.3963,-0.3963,0.1355
Pemukiman_31,Pemukiman,0.1029,0.126,0.1378,0.2157,0.2704,0.2204,-0.2625,0.1125
Pemukiman_31,Pemukiman,0.1128,0.127,0.1469,0.1902,0.2704,0.1284,-0.1992,0.1741
Pemukiman_31,Pemukiman,0.087,0.1031,0.1196,0.1647,0.2854,0.1586,-0.23,0.2682
Pemukiman_31,Pemukiman,0.088,0.107,0.1375,0.1744,0.2854,0.1183,-0.2395,0.2414
Pemukiman_31,Pemukiman,0.1031,0.1228,0.157,0.1782,0.2742,0.0632,-0.1841,0.2122
Pemukiman_31,Pemukiman,0.1186,0.1387,0.1725,0.2062,0.2742,0.089,-0.1957,0.1415
Pemukiman_31,Pemukiman,0.1282,0.1468,0.1603,0.2395,0.2772,0.1981,-0.24,0.073
Pemukiman_31,Pemukiman,0.0922,0.1096,0.1146,0.2394,0.2772,0.3525,-0.3719,0.0732
Pemukiman_31,Pemukiman,0.0809,0.0923,0.0998,0.1631,0.2601,0.2408,-0.2772,0.2292
Pemukiman_31,Pemukiman,0.111,0.1249,0.1333,0.1685,0.2601,0.1166,-0.1486,0.2137
Pemukiman_31,Pemukiman,0.1416,0.1565,0.1693,0.2119,0.2553,0.1118,-0.1504,0.0929
Pemukiman_31,Pemukiman,0.0721,0.0845,0.0862,0.1893,0.1961,0.3742,-0.3828,0.0176
Pemukiman_31,Pemukiman,0.0505,0.063,0.0744,0.1394,0.2342,0.304,-0.3775,0.2537
Pemukiman_31,Pemukiman,0.0681,0.0856,0.1132,0.1646,0.2342,0.185,-0.3157,0.1745
Pemukiman_31,Pemukiman,0.0992,0.1119,0.1346,0.1879,0.2555,0.1653,-0.2535,0.1525
Pemukiman_31,Pemukiman,0.0895,0.1008,0.1096,0.1738,0.2555,0.2265,-0.2658,0.1903
Pemukiman_31,Pemukiman,0.0605,0.0722,0.0781,0.1855,0.2388,0.4074,-0.4397,0.1256
Pemukiman_31,Pemukiman,0.0656,0.082,0.0813,0.2057,0.2388,0.4334,-0.43,0.0745
Pemukiman_31,Pemukiman,0.0897,0.1074,0.1214,0.1891,0.2704,0.218,-0.2755,0.1769
Pemukiman_31,Pemukiman,0.0844,0.0977,0.1293,0.1678,0.2704,0.1296,-0.264,0.2341
Pemukiman_31,Pemukiman,0.0826,0.0958,0.1144,0.162,0.2854,0.1722,-0.2568,0.2758
Pemukiman_31,Pemukiman,0.0846,0.1005,0.1122,0.1477,0.2854,0.1366,-0.1902,0.3179
Pemukiman_31,Pemukiman,0.0882,0.1044,0.1345,0.1602,0.2742,0.0872,-0.2109,0.2624
Pemukiman_31,Pemukiman,0.111,0.1278,0.1541,0.1977,0.2742,0.1239,-0.2147,0.1621
Pemukiman_31,Pemukiman,0.096,0.1168,0.1226,0.2365,0.2772,0.3172,-0.3388,0.0792
Pemukiman_31,Pemukiman,0.0572,0.0805,0.0822,0.2295,0.2772,0.4726,-0.4806,0.0941
Pemukiman_31,Pemukiman,0.0617,0.0692,0.0855,0.1502,0.2601,0.2745,-0.3692,0.2679
Pemukiman_31,Pemukiman,0.0693,0.0821,0.0932,0.1448,0.2601,0.2168,-0.2763,0.2848
Pemukiman_31,Pemukiman,0.0618,0.0823,0.087,0.189,0.2553,0.3696,-0.3933,0.1492
Pemukiman_31,Pemukiman,0.066,0.0847,0.0938,0.1705,0.2553,0.2902,-0.3362,0.1992
Pemukiman_31,Pemukiman,0.0869,0.099,0.1185,0.1715,0.2829,0.1828,-0.268,0.2452
Pemukiman_31,Pemukiman,0.0843,0.1036,0.1199,0.1967,0.2373,0.2426,-0.31,0.0935
Pemukiman_31,Pemukiman,0.0986,0.122,0.1248,0.2502,0.2378,0.3344,-0.3444,-0.0254
Pemukiman_31,Pemukiman,0.0838,0.1023,0.0979,0.2316,0.2378,0.4058,-0.3872,0.0132
Pemukiman_31,Pemukiman,0.0875,0.104,0.1136,0.174,0.2542,0.21,-0.2518,0.1873
Pemukiman_31,Pemukiman,0.0905,0.1009,0.1181,0.1555,0.2542,0.1367,-0.2129,0.2409
Pemukiman_31,Pemukiman,0.0853,0.0965,0.11,0.1543,0.251,0.1676,-0.2305,0.2386
Pemukiman_31,Pemukiman,0.0731,0.0862,0.0988,0.137,0.251,0.162,-0.2276,0.2938
Pemukiman_31,Pemukiman,0.0578,0.0698,0.0875,0.1315,0.2398,0.2009,-0.3065,0.2917
Pemukiman_31,Pemukiman,0.0621,0.0793,0.1017,0.1406,0.2398,0.1605,-0.2788,0.2608
Pemukiman_31,Pemukiman,0.0785,0.0939,0.1045,0.179,0.2616,0.2628,-0.3118,0.1875
Pemukiman_31,Pemukiman,0.0783,0.0926,0.1005,0.1931,0.2616,0.3154,-0.3518,0.1506
Pemukiman_31,Pemukiman,0.0749,0.088,0.1033,0.1516,0.2725,0.1895,-0.2654,0.2851
Pemukiman_31,Pemukiman,0.0734,0.087,0.0976,0.1585,0.2725,0.2378,-0.2912,0.2645
Pemukiman_31,Pemukiman,0.0643,0.0834,0.0953,0.1741,0.2701,0.2925,-0.3522,0.2161
Pemukiman_31,Pemukiman,0.0745,0.0913,0.1097,0.1697,0.2701,0.2147,-0.3004,0.2283
Pemukiman_31,Pemukiman,0.0814,0.1034,0.1113,0.2787,0.2373,0.4292,-0.4588,-0.0802
Pemukiman_31,Pemukiman,0.105,0.1363,0.1303,0.2828,0.2378,0.3692,-0.3496,-0.0864
Pemukiman_31,Pemukiman,0.0813,0.0935,0.0971,0.2161,0.2378,0.3799,-0.396,0.0478
Pemukiman_31,Pemukiman,0.0822,0.1019,0.1206,0.1742,0.2542,0.1818,-0.2619,0.1867
Pemukiman_31,Pemukiman,0.0903,0.1038,0.1199,0.1612,0.2542,0.1469,-0.2166,0.2239
Pemukiman_31,Pemukiman,0.0963,0.1105,0.118,0.17,0.251,0.1806,-0.2121,0.1924
Pemukiman_31,Pemukiman,0.104,0.1175,0.1235,0.1678,0.251,0.1521,-0.1763,0.1987
Pemukiman_31,Pemukiman,0.0802,0.0974,0.1068,0.1503,0.2398,0.1692,-0.2136,0.2294
Pemukiman_31,Pemukiman,0.0614,0.0717,0.0895,0.1269,0.2398,0.1728,-0.2779,0.3079
Pemukiman_31,Pemukiman,0.0756,0.0878,0.1004,0.1465,0.2616,0.1867,-0.2505,0.282
Pemukiman_31,Pemukiman,0.0814,0.0982,0.1099,0.1693,0.2616,0.2127,-0.2658,0.2142
Pemukiman_31,Pemukiman,0.11,0.1294,0.1417,0.1875,0.2725,0.1391,-0.1833,0.1848
Pemukiman_31,Pemukiman,0.1022,0.1169,0.1259,0.1911,0.2725,0.2057,-0.2409,0.1756
Pemukiman_31,Pemukiman,0.0882,0.1012,0.1191,0.1682,0.2701,0.1709,-0.2487,0.2325
Pemukiman_31,Pemukiman,0.0888,0.1048,0.1282,0.1676,0.2701,0.1332,-0.2305,0.2342
Pemukiman_31,Pemukiman,0.0835,0.1027,0.1016,0.2643,0.2226,0.4447,-0.4403,-0.0856
Pemukiman_31,Pemukiman,0.0958,0.1158,0.1146,0.2472,0.2423,0.3665,-0.362,-0.01
Pemukiman_31,Pemukiman,0.0698,0.087,0.0937,0.1947,0.2423,0.3502,-0.3823,0.1089
Pemukiman_31,Pemukiman,0.0801,0.0966,0.1153,0.1758,0.2379,0.2078,-0.2907,0.1501
Pemukiman_31,Pemukiman,0.0927,0.1102,0.1203,0.1896,0.2379,0.2236,-0.2648,0.113
Pemukiman_31,Pemukiman,0.1055,0.1198,0.124,0.1977,0.2564,0.2291,-0.2454,0.1293
Pemukiman_31,Pemukiman,0.1143,0.1266,0.1344,0.1928,0.2564,0.1785,-0.2073,0.1416
Pemukiman_31,Pemukiman,0.1102,0.1217,0.1344,0.1843,0.2625,0.1566,-0.2046,0.175
Pemukiman_31,Pemukiman,0.0848,0.0954,0.1105,0.1638,0.2625,0.1943,-0.2639,0.2315
Pemukiman_31,Pemukiman,0.0847,0.0983,0.1084,0.1634,0.2571,0.2024,-0.2488,0.2228
Pemukiman_31,Pemukiman,0.0726,0.0916,0.1069,0.1569,0.2571,0.1895,-0.2628,0.242
Pemukiman_31,Pemukiman,0.0878,0.1043,0.1243,0.173,0.2721,0.1638,-0.2477,0.2226
Pemukiman_31,Pemukiman,0.1007,0.1106,0.124,0.1795,0.2721,0.1829,-0.2375,0.205
Pemukiman_31,Pemukiman,0.1514,0.1654,0.1809,0.2036,0.2929,0.059,-0.1035,0.1799
Pemukiman_31,Pemukiman,0.1251,0.1439,0.1657,0.1954,0.2929,0.0822,-0.1518,0.1997
Pemukiman_31,Pemukiman,0.071,0.0874,0.0838,0.2763,0.2226,0.5346,-0.5194,-0.1076
Pemukiman_31,Pemukiman,0.1143,0.1286,0.132,0.2392,0.2226,0.2888,-0.3007,-0.0359
Pemukiman_31,Pemukiman,0.0888,0.107,0.1159,0.2262,0.2423,0.3224,-0.3577,0.0344
Pemukiman_31,Pemukiman,0.0717,0.0855,0.0892,0.1937,0.2423,0.3694,-0.3875,0.1115
Pemukiman_31,Pemukiman,0.0779,0.094,0.0999,0.2014,0.2379,0.3369,-0.3636,0.0831
Pemukiman_31,Pemukiman,0.0763,0.0908,0.0937,0.2196,0.2379,0.4018,-0.4149,0.04
Pemukiman_31,Pemukiman,0.0836,0.0968,0.1015,0.1927,0.2564,0.31,-0.3313,0.1418
Pemukiman_31,Pemukiman,0.0688,0.0809,0.099,0.1776,0.2564,0.2842,-0.3741,0.1816
Pemukiman_31,Pemukiman,0.0623,0.0781,0.0994,0.1924,0.2625,0.3187,-0.4225,0.1541
Pemukiman_31,Pemukiman,0.0728,0.0911,0.1174,0.1866,0.2625,0.2276,-0.3439,0.169
Pemukiman_31,Pemukiman,0.0835,0.0973,0.113,0.1695,0.2571,0.2,-0.2706,0.2053
Pemukiman_31,Pemukiman,0.0821,0.0999,0.1146,0.1674,0.2571,0.1872,-0.2525,0.2113
Pemukiman_31,Pemukiman,0.0941,0.1113,0.1278,0.1769,0.2721,0.1611,-0.2276,0.212
Pemukiman_31,Pemukiman,0.1156,0.1238,0.1374,0.1854,0.2721,0.1487,-0.1992,0.1895
Pemukiman_31,Pemukiman,0.1804,0.1966,0.2057,0.2236,0.2929,0.0417,-0.0643,0.1342
Pemukiman_31,Pemukiman,0.1222,0.1375,0.1515,0.1864,0.2929,0.1033,-0.151,0.2222
Pemukiman_31,Pemukiman,0.0823,0.1017,0.0958,0.2659,0.227,0.4703,-0.4467,-0.0789
Pemukiman_31,Pemukiman,0.1137,0.1278,0.1333,0.2351,0.227,0.2763,-0.2957,-0.0175
Pemukiman_31,Pemukiman,0.0943,0.1066,0.1094,0.2078,0.2508,0.3102,-0.3219,0.0938
Pemukiman_31,Pemukiman,0.0889,0.1026,0.1055,0.1862,0.2508,0.2767,-0.2895,0.1478
Pemukiman_31,Pemukiman,0.096,0.109,0.112,0.2293,0.2345,0.3437,-0.3556,0.0112
Pemukiman_31,Pemukiman,0.0796,0.0921,0.0944,0.2411,0.2345,0.4373,-0.4472,-0.0139
Pemukiman_31,Pemukiman,0.0767,0.096,0.1019,0.1874,0.2395,0.2955,-0.3225,0.122
Pemukiman_31,Pemukiman,0.0716,0.0855,0.0983,0.2026,0.2395,0.3466,-0.4065,0.0835
Pemukiman_31,Pemukiman,0.0468,0.0632,0.0687,0.2343,0.2402,0.5465,-0.5751,0.0124
Pemukiman_31,Pemukiman,0.0665,0.0798,0.1049,0.2002,0.2402,0.3124,-0.43,0.0908
Pemukiman_31,Pemukiman,0.0792,0.0875,0.1033,0.1615,0.2372,0.2198,-0.2972,0.1899
Pemukiman_31,Pemukiman,0.0803,0.0998,0.1242,0.1714,0.2372,0.1597,-0.264,0.161
Pemukiman_31,Pemukiman,0.0887,0.1083,0.1472,0.2058,0.2554,0.166,-0.3104,0.1075
Pemukiman_31,Pemukiman,0.1016,0.1134,0.1287,0.1904,0.2554,0.1934,-0.2535,0.1458
Pemukiman_31,Pemukiman,0.1385,0.1474,0.1557,0.1854,0.2731,0.0871,-0.1142,0.1913
Pemukiman_31,Pemukiman,0.0798,0.0974,0.0905,0.271,0.227,0.4993,-0.4712,-0.0884
Pemukiman_31,Pemukiman,0.1173,0.1373,0.1444,0.2234,0.227,0.2148,-0.2387,0.008
Pemukiman_31,Pemukiman,0.1201,0.134,0.1518,0.2141,0.2508,0.1703,-0.2301,0.0789
Pemukiman_31,Pemukiman,0.1025,0.1194,0.1263,0.1816,0.2508,0.1796,-0.2066,0.16
Pemukiman_31,Pemukiman,0.1013,0.1147,0.1166,0.2058,0.2345,0.2767,-0.2842,0.0652
Pemukiman_31,Pemukiman,0.0882,0.1086,0.1118,0.2306,0.2345,0.347,-0.3597,0.0084
Pemukiman_31,Pemukiman,0.1034,0.1276,0.1279,0.2065,0.2395,0.235,-0.2362,0.074
Pemukiman_31,Pemukiman,0.0986,0.1187,0.1146,0.2395,0.2395,0.3527,-0.3372,0.0
Pemukiman_31,Pemukiman,0.0527,0.0681,0.0607,0.2759,0.2402,0.6393,-0.6041,-0.0692
Pemukiman_31,Pemukiman,0.0505,0.0676,0.0657,0.25,0.2402,0.5838,-0.5743,-0.02
Pemukiman_31,Pemukiman,0.0595,0.0728,0.0724,0.2076,0.2372,0.4829,-0.4807,0.0665
Pemukiman_31,Pemukiman,0.0693,0.0863,0.0972,0.1936,0.2372,0.3315,-0.3833,0.1012
Pemukiman_31,Pemukiman,0.0739,0.0944,0.1238,0.1865,0.2554,0.2021,-0.3279,0.1559
Pemukiman_31,Pemukiman,0.094,0.1069,0.1231,0.1768,0.2554,0.1791,-0.2464,0.1819
Pemukiman_31,Pemukiman,0.1034,0.1132,0.1254,0.162,0.2731,0.1273,-0.1773,0.2553
Pemukiman_31,Pemukiman,0.0609,0.0771,0.0657,0.3144,0.1999,0.6543,-0.6061,-0.2226
Pemukiman_31,Pemukiman,0.0836,0.1025,0.1089,0.275,0.1999,0.4327,-0.457,-0.1581
Pemukiman_31,Pemukiman,0.0889,0.1065,0.1272,0.2349,0.2391,0.2974,-0.3761,0.0089
Pemukiman_31,Pemukiman,0.0931,0.1085,0.1158,0.1847,0.2391,0.2293,-0.2599,0.1284
Pemukiman_31,Pemukiman,0.1172,0.1323,0.1361,0.2012,0.2384,0.193,-0.2066,0.0846
Pemukiman_31,Pemukiman,0.0937,0.113,0.1151,0.2062,0.2384,0.2835,-0.292,0.0724
Pemukiman_31,Pemukiman,0.1006,0.1132,0.118,0.2074,0.2367,0.2747,-0.2938,0.066
Pemukiman_31,Pemukiman,0.0711,0.0904,0.0867,0.2332,0.2367,0.458,-0.4413,0.0074
Pemukiman_31,Pemukiman,0.0438,0.0676,0.0499,0.3093,0.2177,0.7222,-0.6413,-0.1738
Pemukiman_31,Pemukiman,0.0404,0.0634,0.0491,0.311,0.2177,0.7273,-0.6613,-0.1765
Pemukiman_31,Pemukiman,0.0394,0.056,0.0418,0.2854,0.1928,0.7445,-0.6719,-0.1936
Pemukiman_31,Pemukiman,0.05,0.0598,0.0644,0.2274,0.1928,0.5586,-0.5836,-0.0823
Pemukiman_31,Pemukiman,0.0652,0.0767,0.0989,0.1616,0.2088,0.2407,-0.3563,0.1274
Pemukiman_31,Pemukiman,0.0726,0.0866,0.094,0.1758,0.2088,0.3032,-0.3399,0.0858
Pemukiman_31,Pemukiman,0.0739,0.0879,0.0894,0.1671,0.2315,0.3029,-0.3106,0.1616
Pemukiman_31,Pemukiman,0.0546,0.0715,0.0661,0.3132,0.2391,0.6515,-0.6283,-0.1342
Pemukiman_31,Pemukiman,0.0728,0.0862,0.0836,0.2556,0.2391,0.5071,-0.4956,-0.0334
Pemukiman_31,Pemukiman,0.0993,0.1152,0.1312,0.2381,0.2384,0.2895,-0.3479,0.0006
Pemukiman_31,Pemukiman,0.093,0.1168,0.1207,0.2467,0.2384,0.3429,-0.3574,-0.0171
Pemukiman_31,Pemukiman,0.129,0.1669,0.1619,0.269,0.2367,0.2485,-0.2342,-0.0639
Pemukiman_31,Pemukiman,0.1126,0.1424,0.1414,0.252,0.2367,0.2811,-0.2779,-0.0313
Pemukiman_31,Pemukiman,0.0724,0.0941,0.0897,0.304,0.2177,0.5443,-0.5273,-0.1654
Pemukiman_31,Pemukiman,0.0515,0.0792,0.0702,0.3022,0.2177,0.623,-0.5847,-0.1625
Pemukiman_31,Pemukiman,0.0379,0.0542,0.042,0.3174,0.1928,0.7663,-0.7083,-0.2442
Pemukiman_31,Pemukiman,0.0365,0.0523,0.0552,0.2429,0.1928,0.6297,-0.6457,-0.115
Pemukiman_31,Pemukiman,0.0549,0.0682,0.0776,0.1586,0.2088,0.3429,-0.3986,0.1366
Pemukiman_31,Pemukiman,0.0618,0.076,0.0751,0.1799,0.2088,0.411,-0.406,0.0744
Pemukiman_31,Pemukiman,0.0569,0.0834,0.1095,0.2884,0.2171,0.4496,-0.5514,-0.141
Pemukiman_31,Pemukiman,0.0629,0.0863,0.0797,0.3228,0.2171,0.604,-0.5781,-0.1958
Pemukiman_31,Pemukiman,0.1138,0.1318,0.1254,0.3498,0.2262,0.4722,-0.4527,-0.2146
Pemukiman_31,Pemukiman,0.1374,0.1642,0.1625,0.3331,0.2262,0.3442,-0.3396,-0.1911
Pemukiman_31,Pemukiman,0.1246,0.1407,0.146,0.302,0.2201,0.3482,-0.3644,-0.1569
Pemukiman_31,Pemukiman,0.0883,0.1074,0.097,0.2859,0.2201,0.4933,-0.4539,-0.13
Pemukiman_31,Pemukiman,0.0313,0.0558,0.0357,0.3457,0.1831,0.8128,-0.722,-0.3075
Pemukiman_31,Pemukiman,0.0452,0.0628,0.051,0.2974,0.1831,0.7072,-0.6513,-0.2379
Pemukiman_31,Pemukiman,0.0613,0.0756,0.0767,0.1932,0.2218,0.4316,-0.4375,0.0689
Pemukiman_31,Pemukiman,0.0889,0.0983,0.1014,0.1858,0.2218,0.2939,-0.308,0.0883
Pemukiman_31,Pemukiman,0.0398,0.0689,0.0517,0.3807,0.2262,0.7609,-0.6935,-0.2546
Pemukiman_31,Pemukiman,0.0839,0.1088,0.1028,0.3696,0.2262,0.5648,-0.5451,-0.2407
Pemukiman_31,Pemukiman,0.1007,0.1179,0.1194,0.3132,0.2201,0.448,-0.453,-0.1746
Pemukiman_31,Pemukiman,0.0668,0.086,0.0774,0.2664,0.2201,0.5497,-0.5119,-0.0952
Pemukiman_31,Pemukiman,0.0262,0.0522,0.0317,0.334,0.1831,0.8266,-0.7297,-0.2918
Pemukiman_31,Pemukiman,0.0452,0.0693,0.0643,0.3213,0.1831,0.6665,-0.6452,-0.274
Pemukiman_31,Pemukiman,0.0691,0.0868,0.0977,0.2271,0.2218,0.3984,-0.447,-0.0118
Pemukiman_31,Pemukiman,0.1187,0.1306,0.1329,0.2074,0.2218,0.2189,-0.2272,0.0336
Pemukiman_31,Pemukiman,0.0543,0.0707,0.0578,0.3272,0.1727,0.6997,-0.6446,-0.3091
Pemukiman_31,Pemukiman,0.039,0.0543,0.0425,0.277,0.1727,0.734,-0.6722,-0.2319
Pemukiman_31,Pemukiman,0.0299,0.0512,0.0355,0.3238,0.1872,0.8024,-0.7269,-0.2673
Pemukiman_31,Pemukiman,0.0465,0.069,0.0941,0.3066,0.1872,0.5303,-0.6326,-0.2418
Pemukiman_31,Pemukiman,0.0716,0.0922,0.1199,0.2317,0.2522,0.318,-0.4307,0.0424
Pemukiman_31,Pemukiman,0.0495,0.0742,0.0911,0.3097,0.1872,0.5454,-0.6134,-0.2465
Pemukiman_31,Pemukiman,0.0738,0.0959,0.1121,0.235,0.2522,0.3541,-0.4204,0.0353
Pemukiman_32,Pemukiman,0.0952,0.1194,0.1572,0.2103,0.2873,0.1445,-0.2757,0.1547
Pemukiman_32,Pemukiman,0.0756,0.1024,0.1572,0.214,0.2547,0.153,-0.3527,0.0868
Pemukiman_32,Pemukiman,0.0821,0.0958,0.1152,0.168,0.2547,0.1864,-0.2737,0.2051
Pemukiman_32,Pemukiman,0.082,0.113,0.1814,0.2285,0.2873,0.1149,-0.3382,0.114
Pemukiman_32,Pemukiman,0.0903,0.1224,0.2111,0.2464,0.2547,0.0772,-0.3362,0.0166
Pemukiman_32,Pemukiman,0.0993,0.1166,0.1447,0.1855,0.2547,0.1236,-0.2281,0.1572
Pemukiman_32,Pemukiman,0.0931,0.1085,0.1103,0.1799,0.2213,0.2398,-0.2476,0.1032
Pemukiman_32,Pemukiman,0.1022,0.118,0.1212,0.189,0.2213,0.2186,-0.2313,0.0787
Pemukiman_32,Pemukiman,0.1139,0.1233,0.1298,0.18,0.2516,0.162,-0.1869,0.1659
Pemukiman_32,Pemukiman,0.0918,0.1099,0.1349,0.1769,0.2931,0.1347,-0.2336,0.2472
Pemukiman_32,Pemukiman,0.0799,0.1121,0.1754,0.2233,0.2931,0.1201,-0.3315,0.1352
Pemukiman_32,Pemukiman,0.1013,0.129,0.1931,0.216,0.2789,0.056,-0.2522,0.1271
Pemukiman_32,Pemukiman,0.1061,0.1219,0.1403,0.1799,0.2789,0.1237,-0.1922,0.2158
Pemukiman_32,Pemukiman,0.0878,0.1033,0.1177,0.1701,0.2592,0.1821,-0.2443,0.2075
Pemukiman_32,Pemukiman,0.0947,0.1065,0.1249,0.17,0.2592,0.1529,-0.2297,0.2078
Pemukiman_32,Pemukiman,0.1159,0.1286,0.1397,0.1762,0.2547,0.1155,-0.1562,0.1822
Pemukiman_32,Pemukiman,0.0812,0.0977,0.1018,0.1665,0.2547,0.2411,-0.2604,0.2094
Pemukiman_32,Pemukiman,0.073,0.087,0.08,0.1847,0.2518,0.3955,-0.3596,0.1537
Pemukiman_32,Pemukiman,0.072,0.0861,0.0759,0.2057,0.2518,0.4609,-0.4099,0.1008
Pemukiman_32,Pemukiman,0.0752,0.0882,0.1033,0.153,0.283,0.1939,-0.2687,0.2982
Pemukiman_32,Pemukiman,0.0974,0.1136,0.1361,0.1729,0.2931,0.1191,-0.207,0.2579
Pemukiman_32,Pemukiman,0.0977,0.1176,0.1493,0.1886,0.2931,0.1163,-0.2319,0.2169
Pemukiman_32,Pemukiman,0.1014,0.1149,0.137,0.1683,0.2789,0.1025,-0.1886,0.2473
Pemukiman_32,Pemukiman,0.1014,0.1168,0.1279,0.161,0.2789,0.1146,-0.1591,0.268
Pemukiman_32,Pemukiman,0.074,0.088,0.099,0.15,0.2592,0.2048,-0.2605,0.2669
Pemukiman_32,Pemukiman,0.0555,0.0688,0.0867,0.1396,0.2592,0.2338,-0.3397,0.2999
Pemukiman_32,Pemukiman,0.0726,0.0833,0.0964,0.1388,0.2547,0.1803,-0.2499,0.2945
Pemukiman_32,Pemukiman,0.0774,0.0894,0.1023,0.1518,0.2547,0.1948,-0.2587,0.2531
Pemukiman_32,Pemukiman,0.1152,0.1211,0.1268,0.1957,0.2518,0.2136,-0.2355,0.1254
Pemukiman_32,Pemukiman,0.1589,0.1553,0.1502,0.2265,0.2518,0.2025,-0.1865,0.0529
Pemukiman_32,Pemukiman,0.1181,0.1255,0.1275,0.1992,0.2326,0.2195,-0.227,0.0774
Pemukiman_32,Pemukiman,0.0868,0.0963,0.0974,0.1709,0.2326,0.2739,-0.2792,0.1529
Pemukiman_32,Pemukiman,0.0872,0.0976,0.1078,0.155,0.2652,0.1796,-0.2272,0.2623
Pemukiman_32,Pemukiman,0.1123,0.1256,0.1362,0.1676,0.2491,0.1034,-0.1432,0.1956
Pemukiman_32,Pemukiman,0.1009,0.1136,0.1221,0.1576,0.2491,0.1269,-0.1622,0.225
Pemukiman_32,Pemukiman,0.0811,0.0946,0.1051,0.1392,0.2506,0.1396,-0.1908,0.2858
Pemukiman_32,Pemukiman,0.0728,0.0852,0.0951,0.1385,0.2506,0.1858,-0.2383,0.2881
Pemukiman_32,Pemukiman,0.0681,0.0787,0.0854,0.1372,0.2587,0.2327,-0.271,0.3069
Pemukiman_32,Pemukiman,0.0575,0.0663,0.0807,0.1361,0.2587,0.2555,-0.3449,0.3105
Pemukiman_32,Pemukiman,0.061,0.0732,0.0968,0.1428,0.2871,0.192,-0.3222,0.3357
Pemukiman_32,Pemukiman,0.0797,0.0992,0.1344,0.1724,0.2871,0.1239,-0.2695,0.2496
Pemukiman_32,Pemukiman,0.1499,0.1728,0.1981,0.2355,0.3055,0.0863,-0.1536,0.1294
Pemukiman_32,Pemukiman,0.2229,0.2221,0.2332,0.2672,0.3055,0.0679,-0.0922,0.0669
Pemukiman_32,Pemukiman,0.1413,0.1644,0.1714,0.2058,0.2486,0.0912,-0.1118,0.0942
Pemukiman_32,Pemukiman,0.0862,0.0931,0.1012,0.1734,0.2486,0.2629,-0.3013,0.1782
Pemukiman_32,Pemukiman,0.0683,0.0786,0.0798,0.1623,0.2223,0.3408,-0.3474,0.156
Pemukiman_32,Pemukiman,0.0484,0.0664,0.0665,0.1733,0.2223,0.4454,-0.446,0.1239
Pemukiman_32,Pemukiman,0.079,0.0946,0.0879,0.201,0.2447,0.3915,-0.3599,0.098
Pemukiman_32,Pemukiman,0.0965,0.1092,0.1208,0.1493,0.2491,0.1055,-0.1551,0.2505
Pemukiman_32,Pemukiman,0.0795,0.0885,0.1023,0.1385,0.2506,0.1503,-0.2203,0.2881
Pemukiman_32,Pemukiman,0.0576,0.072,0.0852,0.1321,0.2506,0.2158,-0.2945,0.3096
Pemukiman_32,Pemukiman,0.0567,0.0686,0.0827,0.1276,0.2587,0.2135,-0.3007,0.3394
Pemukiman_32,Pemukiman,0.062,0.0719,0.0833,0.136,0.2587,0.2403,-0.3083,0.3109
Pemukiman_32,Pemukiman,0.0746,0.0878,0.1038,0.1466,0.2871,0.1709,-0.2509,0.324
Pemukiman_32,Pemukiman,0.0878,0.1048,0.1352,0.1626,0.2871,0.092,-0.2162,0.2769
Pemukiman_32,Pemukiman,0.1599,0.1721,0.1926,0.2161,0.3055,0.0575,-0.1133,0.1714
Pemukiman_32,Pemukiman,0.1606,0.1781,0.195,0.2212,0.3055,0.063,-0.1079,0.1601
Pemukiman_32,Pemukiman,0.0937,0.1064,0.1278,0.1706,0.2486,0.1434,-0.2318,0.1861
Pemukiman_32,Pemukiman,0.08,0.093,0.0948,0.1773,0.2486,0.3032,-0.3119,0.1674
Pemukiman_32,Pemukiman,0.0654,0.0822,0.0834,0.1887,0.2223,0.387,-0.3931,0.0818
Pemukiman_32,Pemukiman,0.0704,0.0882,0.092,0.1906,0.2223,0.3489,-0.3673,0.0768
Pemukiman_32,Pemukiman,0.0913,0.1072,0.1113,0.1948,0.2447,0.2728,-0.2901,0.1135
Pemukiman_32,Pemukiman,0.097,0.1112,0.1162,0.1878,0.2447,0.2355,-0.2562,0.1316
Pemukiman_32,Pemukiman,0.1006,0.1163,0.1217,0.1658,0.2636,0.1534,-0.1755,0.2278
Pemukiman_32,Pemukiman,0.102,0.1172,0.127,0.17,0.2698,0.1448,-0.1838,0.2269
Pemukiman_32,Pemukiman,0.0759,0.0861,0.0973,0.1348,0.261,0.1616,-0.2205,0.3188
Pemukiman_32,Pemukiman,0.0754,0.0848,0.0952,0.1365,0.261,0.1782,-0.2336,0.3132
Pemukiman_32,Pemukiman,0.0721,0.0854,0.0991,0.1415,0.2883,0.1762,-0.2472,0.3416
Pemukiman_32,Pemukiman,0.0567,0.0731,0.0898,0.1341,0.2883,0.1979,-0.2944,0.3651
Pemukiman_32,Pemukiman,0.0796,0.0964,0.123,0.1649,0.2864,0.1455,-0.2621,0.2692
Pemukiman_32,Pemukiman,0.0947,0.109,0.1323,0.1726,0.2864,0.1322,-0.2259,0.2479
Pemukiman_32,Pemukiman,0.0897,0.1016,0.1107,0.1569,0.2658,0.1726,-0.2139,0.2576
Pemukiman_32,Pemukiman,0.1052,0.1216,0.1332,0.1881,0.2658,0.1709,-0.2147,0.1712
Pemukiman_32,Pemukiman,0.1122,0.1255,0.1327,0.2159,0.2996,0.2387,-0.2648,0.1624
Pemukiman_32,Pemukiman,0.1311,0.1455,0.1592,0.2419,0.2996,0.2062,-0.2488,0.1066
Pemukiman_32,Pemukiman,0.1729,0.1976,0.2059,0.2448,0.2969,0.0863,-0.1067,0.0962
Pemukiman_32,Pemukiman,0.1378,0.1538,0.1566,0.2122,0.2969,0.1508,-0.1596,0.1664
Pemukiman_32,Pemukiman,0.0881,0.1017,0.1101,0.1667,0.2403,0.2045,-0.2422,0.1808
Pemukiman_32,Pemukiman,0.1052,0.1179,0.1279,0.1669,0.2883,0.1323,-0.172,0.2667
Pemukiman_32,Pemukiman,0.0796,0.0971,0.1172,0.1633,0.2883,0.1643,-0.2542,0.2768
Pemukiman_32,Pemukiman,0.0676,0.0916,0.1281,0.1688,0.2864,0.1371,-0.2965,0.2583
Pemukiman_32,Pemukiman,0.0891,0.1056,0.1256,0.1623,0.2864,0.1275,-0.2116,0.2766
Pemukiman_32,Pemukiman,0.0825,0.0956,0.1089,0.1534,0.2658,0.1697,-0.2321,0.2681
Pemukiman_32,Pemukiman,0.0905,0.1077,0.1306,0.1802,0.2658,0.1596,-0.2518,0.1919
Pemukiman_32,Pemukiman,0.115,0.1313,0.1451,0.2029,0.2996,0.1661,-0.2142,0.1924
Pemukiman_32,Pemukiman,0.1361,0.1541,0.1638,0.2141,0.2996,0.1331,-0.163,0.1664
Pemukiman_32,Pemukiman,0.1798,0.1919,0.2046,0.233,0.2969,0.0649,-0.0967,0.1206
Pemukiman_32,Pemukiman,0.1084,0.1293,0.1342,0.1921,0.2969,0.1774,-0.1954,0.2143
Pemukiman_32,Pemukiman,0.0561,0.0706,0.071,0.1442,0.2403,0.3401,-0.3426,0.2499
Pemukiman_32,Pemukiman,0.1173,0.1372,0.1569,0.192,0.2841,0.1006,-0.1665,0.1934
Pemukiman_32,Pemukiman,0.1022,0.1159,0.1321,0.1632,0.2841,0.1053,-0.1695,0.2703
Pemukiman_32,Pemukiman,0.0799,0.0924,0.1116,0.1489,0.2769,0.1432,-0.2341,0.3006
Pemukiman_32,Pemukiman,0.0728,0.0901,0.121,0.1566,0.2769,0.1282,-0.2696,0.2775
Pemukiman_32,Pemukiman,0.0802,0.0922,0.1207,0.1685,0.2943,0.1653,-0.2927,0.2718
Pemukiman_32,Pemukiman,0.0982,0.1164,0.1365,0.1818,0.2943,0.1423,-0.2193,0.2363
Pemukiman_32,Pemukiman,0.1458,0.1738,0.1921,0.2334,0.2923,0.0971,-0.1464,0.112
Pemukiman_32,Pemukiman,0.1085,0.134,0.1401,0.21,0.2923,0.1997,-0.2209,0.1638
Pemukiman_32,Pemukiman,0.1254,0.1482,0.1532,0.1985,0.2769,0.1288,-0.1451,0.1649
Pemukiman_32,Pemukiman,0.114,0.1256,0.1346,0.1935,0.2769,0.1795,-0.2128,0.1773
Pemukiman_32,Pemukiman,0.0761,0.0898,0.1096,0.1542,0.2943,0.1691,-0.2639,0.3124
Pemukiman_32,Pemukiman,0.1141,0.1301,0.1482,0.1833,0.2943,0.1059,-0.1698,0.2324
Pemukiman_32,Pemukiman,0.1945,0.2217,0.2343,0.245,0.2923,0.0223,-0.0499,0.088
Pemukiman_32,Pemukiman,0.1473,0.1692,0.1707,0.2141,0.2923,0.1128,-0.1171,0.1544
Pemukiman_32,Pemukiman,0.111,0.1249,0.1333,0.1685,0.2601,0.1166,-0.1486,0.2137
Pemukiman_32,Pemukiman,0.1416,0.1565,0.1693,0.2119,0.2553,0.1118,-0.1504,0.0929
Pemukiman_32,Pemukiman,0.0981,0.1149,0.1155,0.1701,0.2553,0.1912,-0.1937,0.2003
Pemukiman_33,Pemukiman,0.1048,0.118,0.1265,0.1996,0.2267,0.2242,-0.2569,0.0636
Pemukiman_33,Pemukiman,0.1098,0.1213,0.1281,0.2002,0.2267,0.2196,-0.2454,0.0621
Pemukiman_33,Pemukiman,0.0769,0.0925,0.0991,0.1821,0.2488,0.2952,-0.3263,0.1548
Pemukiman_33,Pemukiman,0.1087,0.1199,0.1338,0.2033,0.2684,0.2062,-0.258,0.138
Pemukiman_33,Pemukiman,0.1315,0.1508,0.1654,0.226,0.2684,0.1548,-0.1996,0.0858
Pemukiman_33,Pemukiman,0.1165,0.1326,0.1724,0.2277,0.3206,0.1382,-0.2639,0.1694
Pemukiman_33,Pemukiman,0.156,0.1799,0.1927,0.2405,0.3206,0.1103,-0.1441,0.1428
Pemukiman_33,Pemukiman,0.1456,0.1673,0.1727,0.2147,0.2834,0.1084,-0.1241,0.1379
Pemukiman_33,Pemukiman,0.1285,0.1461,0.1593,0.1923,0.2834,0.0939,-0.1365,0.1915
Pemukiman_33,Pemukiman,0.1143,0.1287,0.1409,0.196,0.2541,0.1635,-0.2073,0.1291
Pemukiman_33,Pemukiman,0.1183,0.1316,0.1586,0.2031,0.2684,0.123,-0.2136,0.1385
Pemukiman_33,Pemukiman,0.117,0.1334,0.1515,0.206,0.2684,0.1524,-0.2139,0.1315
Pemukiman_33,Pemukiman,0.1463,0.1657,0.2014,0.2342,0.3206,0.0753,-0.1713,0.1557
Pemukiman_33,Pemukiman,0.1835,0.2009,0.2141,0.2463,0.3206,0.0699,-0.1015,0.1311
Pemukiman_33,Pemukiman,0.1505,0.1739,0.1788,0.2206,0.2834,0.1047,-0.1184,0.1246
Pemukiman_33,Pemukiman,0.1341,0.1454,0.1601,0.1893,0.2834,0.0836,-0.1312,0.1991
Pemukiman_33,Pemukiman,0.0855,0.0999,0.1102,0.1565,0.2354,0.1736,-0.2207,0.2013
Pemukiman_33,Pemukiman,0.0688,0.0832,0.0825,0.1747,0.2354,0.3585,-0.3548,0.148
Pemukiman_33,Pemukiman,0.1153,0.1277,0.1242,0.2345,0.277,0.3075,-0.2949,0.0831
Pemukiman_33,Pemukiman,0.1161,0.1357,0.175,0.2197,0.2829,0.1133,-0.2364,0.1257
Pemukiman_33,Pemukiman,0.1015,0.1261,0.1637,0.2118,0.2828,0.1281,-0.2536,0.1436
Pemukiman_33,Pemukiman,0.0877,0.1021,0.125,0.1738,0.2828,0.1633,-0.2599,0.2387
Pemukiman_33,Pemukiman,0.1232,0.1371,0.1747,0.208,0.3005,0.087,-0.2054,0.1819
Pemukiman_33,Pemukiman,0.1217,0.1377,0.1555,0.2231,0.3005,0.1786,-0.2367,0.1478
Pemukiman_33,Pemukiman,0.08,0.0964,0.1111,0.1571,0.2743,0.1715,-0.2394,0.2717
Pemukiman_33,Pemukiman,0.0966,0.1104,0.1266,0.1742,0.2743,0.1582,-0.2242,0.2232
Pemukiman_33,Pemukiman,0.0923,0.1073,0.1173,0.1741,0.2252,0.1949,-0.2374,0.128
Pemukiman_33,Pemukiman,0.09,0.1029,0.1041,0.1819,0.2252,0.272,-0.2774,0.1064
Pemukiman_33,Pemukiman,0.093,0.1087,0.1134,0.1783,0.2578,0.2225,-0.2425,0.1823
Pemukiman_33,Pemukiman,0.0949,0.1202,0.1681,0.2274,0.2829,0.1499,-0.3084,0.1088
Pemukiman_33,Pemukiman,0.0884,0.1134,0.1553,0.2199,0.2828,0.1722,-0.3195,0.1251
Pemukiman_33,Pemukiman,0.0805,0.0912,0.1055,0.1794,0.2828,0.2594,-0.3259,0.2237
Pemukiman_33,Pemukiman,0.0901,0.1074,0.1249,0.1875,0.3005,0.2004,-0.2716,0.2316
Pemukiman_33,Pemukiman,0.0806,0.0964,0.1137,0.1769,0.3005,0.2175,-0.2945,0.2589
Pemukiman_33,Pemukiman,0.0578,0.0697,0.081,0.1416,0.2743,0.2722,-0.3403,0.3191
Pemukiman_33,Pemukiman,0.0867,0.0952,0.1078,0.1661,0.2743,0.2129,-0.2713,0.2457
Pemukiman_33,Pemukiman,0.0926,0.1034,0.1127,0.1814,0.2252,0.2336,-0.2739,0.1077
Pemukiman_33,Pemukiman,0.0997,0.1121,0.1136,0.1986,0.2252,0.2723,-0.2784,0.0628
Pemukiman_33,Pemukiman,0.1457,0.1578,0.1605,0.2084,0.2578,0.1298,-0.1382,0.106
Pemukiman_33,Pemukiman,0.0968,0.1073,0.1217,0.1713,0.2906,0.1693,-0.2297,0.2583
Pemukiman_33,Pemukiman,0.1155,0.1349,0.154,0.2253,0.2906,0.188,-0.251,0.1266
Pemukiman_33,Pemukiman,0.0794,0.0989,0.1121,0.2646,0.2444,0.4048,-0.4558,-0.0397
Pemukiman_33,Pemukiman,0.0602,0.0793,0.0708,0.2677,0.2444,0.5817,-0.5429,-0.0455
Pemukiman_33,Pemukiman,0.0861,0.103,0.0988,0.2394,0.252,0.4157,-0.3984,0.0256
Pemukiman_33,Pemukiman,0.0858,0.1011,0.1073,0.1952,0.252,0.2906,-0.3176,0.127
Pemukiman_33,Pemukiman,0.0714,0.0925,0.0939,0.1899,0.2722,0.3383,-0.3449,0.1781
Pemukiman_33,Pemukiman,0.0785,0.0928,0.0998,0.1667,0.2722,0.251,-0.2848,0.2404
Pemukiman_33,Pemukiman,0.0887,0.0974,0.1097,0.1606,0.2748,0.1883,-0.245,0.2623
Pemukiman_33,Pemukiman,0.1147,0.1224,0.1288,0.1813,0.2748,0.1693,-0.1939,0.205
Pemukiman_33,Pemukiman,0.0832,0.1025,0.1392,0.1897,0.2906,0.1535,-0.2984,0.2101
Pemukiman_33,Pemukiman,0.0859,0.1056,0.1326,0.2362,0.2906,0.2809,-0.3821,0.1033
Pemukiman_33,Pemukiman,0.0526,0.0744,0.0745,0.2909,0.2444,0.5922,-0.5927,-0.0869
Pemukiman_33,Pemukiman,0.0355,0.056,0.0463,0.3419,0.2444,0.7615,-0.7185,-0.1663
Pemukiman_33,Pemukiman,0.0603,0.0792,0.0772,0.2886,0.252,0.5779,-0.5693,-0.0677
Pemukiman_33,Pemukiman,0.1196,0.1302,0.1334,0.2172,0.252,0.239,-0.2504,0.0742
Pemukiman_33,Pemukiman,0.1388,0.1539,0.1552,0.2175,0.2722,0.1672,-0.1712,0.1117
Pemukiman_33,Pemukiman,0.1046,0.1189,0.1195,0.1719,0.2722,0.1798,-0.1823,0.2258
Pemukiman_33,Pemukiman,0.1042,0.1164,0.1211,0.1648,0.2748,0.1529,-0.1721,0.2502
Pemukiman_33,Pemukiman,0.1387,0.1497,0.1515,0.1844,0.2748,0.0979,-0.1039,0.1969
Pemukiman_33,Pemukiman,0.0978,0.1262,0.1801,0.222,0.3046,0.1042,-0.2751,0.1569
Pemukiman_33,Pemukiman,0.1104,0.1373,0.1783,0.2565,0.3046,0.1799,-0.3027,0.0857
Pemukiman_33,Pemukiman,0.0745,0.0929,0.123,0.2789,0.2644,0.3879,-0.5003,-0.0267
Pemukiman_33,Pemukiman,0.0497,0.0727,0.0878,0.312,0.2644,0.5608,-0.622,-0.0826
Pemukiman_33,Pemukiman,0.068,0.0834,0.0836,0.2622,0.2862,0.5165,-0.5174,0.0438
Pemukiman_33,Pemukiman,0.1409,0.1553,0.1633,0.2194,0.2862,0.1466,-0.1711,0.1321
Pemukiman_33,Pemukiman,0.1678,0.182,0.189,0.2311,0.2876,0.1002,-0.1189,0.1089
Pemukiman_33,Pemukiman,0.1146,0.1262,0.1338,0.1736,0.2876,0.1295,-0.1581,0.2472
Pemukiman_33,Pemukiman,0.1422,0.147,0.1567,0.1897,0.2965,0.0953,-0.1268,0.2197
Pemukiman_33,Pemukiman,0.1594,0.1765,0.1848,0.2008,0.2965,0.0415,-0.0644,0.1924
Pemukiman_33,Pemukiman,0.1222,0.1375,0.1515,0.1864,0.2929,0.1033,-0.151,0.2222
Pemukiman_33,Pemukiman,0.0991,0.1104,0.132,0.1831,0.3046,0.1622,-0.2477,0.2491
Pemukiman_33,Pemukiman,0.1256,0.1394,0.1693,0.2263,0.3046,0.1441,-0.2376,0.1475
Pemukiman_33,Pemukiman,0.0741,0.1047,0.146,0.2626,0.2644,0.2854,-0.4299,0.0034
Pemukiman_33,Pemukiman,0.0842,0.1148,0.1578,0.2744,0.2644,0.2698,-0.4101,-0.0186
Pemukiman_33,Pemukiman,0.1063,0.1248,0.13,0.2217,0.2862,0.2607,-0.2797,0.127
Pemukiman_33,Pemukiman,0.1461,0.1576,0.1638,0.2114,0.2862,0.1269,-0.1458,0.1503
Pemukiman_33,Pemukiman,0.1552,0.1666,0.1742,0.2407,0.2876,0.1603,-0.1819,0.0888
Pemukiman_33,Pemukiman,0.1376,0.1505,0.1511,0.2054,0.2876,0.1523,-0.1543,0.1667
Pemukiman_33,Pemukiman,0.1746,0.1807,0.1801,0.2063,0.2965,0.0678,-0.0661,0.1794
Pemukiman_33,Pemukiman,0.1744,0.1897,0.193,0.211,0.2965,0.0446,-0.0532,0.1685
Pemukiman_33,Pemukiman,0.1069,0.1283,0.1432,0.1754,0.2731,0.1011,-0.1551,0.2178
Pemukiman_33,Pemukiman,0.0824,0.0957,0.1108,0.165,0.2798,0.1965,-0.2658,0.2581
Pemukiman_33,Pemukiman,0.0853,0.1005,0.1117,0.1953,0.2798,0.2723,-0.3205,0.1779
Pemukiman_33,Pemukiman,0.0491,0.0762,0.0864,0.2799,0.244,0.5283,-0.572,-0.0685
Pemukiman_33,Pemukiman,0.0884,0.1078,0.1194,0.2862,0.244,0.4112,-0.4528,-0.0796
Pemukiman_33,Pemukiman,0.1154,0.1301,0.136,0.2068,0.2794,0.2065,-0.2277,0.1493
Pemukiman_33,Pemukiman,0.1231,0.137,0.1449,0.2047,0.2794,0.1711,-0.1981,0.1543
Pemukiman_33,Pemukiman,0.1085,0.1282,0.126,0.2285,0.3115,0.2891,-0.2812,0.1537
Pemukiman_33,Pemukiman,0.1152,0.1259,0.1283,0.2003,0.3115,0.2191,-0.2281,0.2173
Pemukiman_33,Pemukiman,0.137,0.1487,0.1601,0.1861,0.285,0.0751,-0.1117,0.2099
Pemukiman_33,Pemukiman,0.0976,0.1103,0.136,0.1777,0.2731,0.1329,-0.234,0.2116
Pemukiman_33,Pemukiman,0.0729,0.0912,0.1134,0.1916,0.2798,0.2564,-0.355,0.1871
Pemukiman_33,Pemukiman,0.0604,0.0761,0.0834,0.1942,0.2798,0.3991,-0.4369,0.1806
Pemukiman_33,Pemukiman,0.0455,0.0727,0.088,0.2787,0.244,0.52,-0.5862,-0.0664
Pemukiman_33,Pemukiman,0.0659,0.0902,0.0898,0.2906,0.244,0.5279,-0.5263,-0.0872
Pemukiman_33,Pemukiman,0.1107,0.1216,0.1167,0.2678,0.2794,0.393,-0.3754,0.0212
Pemukiman_33,Pemukiman,0.1108,0.1249,0.1246,0.2529,0.2794,0.3399,-0.3388,0.0498
Pemukiman_33,Pemukiman,0.127,0.1455,0.1461,0.2596,0.3115,0.2798,-0.2817,0.0909
Pemukiman_33,Pemukiman,0.1148,0.1236,0.1347,0.2101,0.3115,0.2187,-0.2592,0.1944
Pemukiman_33,Pemukiman,0.117,0.1344,0.1424,0.1821,0.285,0.1223,-0.1507,0.2203
Pemukiman_33,Pemukiman,0.0739,0.0879,0.0894,0.1671,0.2315,0.3029,-0.3106,0.1616
Pemukiman_33,Pemukiman,0.082,0.0966,0.1111,0.1798,0.2315,0.2362,-0.301,0.1257
Pemukiman_33,Pemukiman,0.0583,0.0788,0.0839,0.2327,0.2178,0.47,-0.4941,-0.0331
Pemukiman_33,Pemukiman,0.0403,0.0583,0.0537,0.2588,0.2178,0.6563,-0.6323,-0.086
Pemukiman_33,Pemukiman,0.0436,0.0682,0.082,0.2915,0.1782,0.5609,-0.6208,-0.2412
Pemukiman_33,Pemukiman,0.0442,0.0606,0.0609,0.285,0.1782,0.6479,-0.6493,-0.2306
Pemukiman_33,Pemukiman,0.0525,0.0724,0.0587,0.3398,0.2373,0.7054,-0.6487,-0.1776
Pemukiman_33,Pemukiman,0.0947,0.1148,0.1229,0.3447,0.2373,0.4743,-0.5003,-0.1845
Pemukiman_33,Pemukiman,0.2148,0.2455,0.252,0.3274,0.3461,0.1301,-0.143,0.0278
Pemukiman_33,Pemukiman,0.2532,0.2764,0.2776,0.2961,0.3461,0.0322,-0.0344,0.0779
Pemukiman_33,Pemukiman,0.1743,0.1931,0.194,0.2316,0.2982,0.0883,-0.0907,0.1257
Pemukiman_33,Pemukiman,0.0605,0.0744,0.0777,0.1935,0.2315,0.427,-0.4446,0.0894
Pemukiman_33,Pemukiman,0.0669,0.0826,0.0827,0.219,0.2315,0.4518,-0.4523,0.0277
Pemukiman_33,Pemukiman,0.0435,0.0632,0.0554,0.2585,0.2178,0.647,-0.6071,-0.0855
Pemukiman_33,Pemukiman,0.0326,0.0518,0.0361,0.2764,0.2178,0.769,-0.6843,-0.1186
Pemukiman_33,Pemukiman,0.0358,0.0534,0.0447,0.2773,0.1782,0.7224,-0.677,-0.2176
Pemukiman_33,Pemukiman,0.0327,0.0456,0.0359,0.2542,0.1782,0.7525,-0.6958,-0.1758
Pemukiman_33,Pemukiman,0.0378,0.0556,0.0514,0.3168,0.2373,0.7208,-0.7014,-0.1435
Pemukiman_33,Pemukiman,0.0771,0.105,0.1387,0.3116,0.2373,0.384,-0.4959,-0.1354
Pemukiman_33,Pemukiman,0.1664,0.1819,0.2019,0.2688,0.3461,0.1421,-0.1928,0.1257
Pemukiman_33,Pemukiman,0.2417,0.2394,0.2571,0.2769,0.3461,0.0371,-0.0726,0.1111
Pemukiman_33,Pemukiman,0.175,0.1903,0.1972,0.2279,0.2982,0.0722,-0.0899,0.1336
Pemukiman_33,Pemukiman,0.0648,0.0874,0.0886,0.203,0.2502,0.3923,-0.3981,0.1041
Pemukiman_33,Pemukiman,0.0485,0.0686,0.0665,0.2415,0.2502,0.5682,-0.5576,0.0177
Pemukiman_33,Pemukiman,0.0406,0.0586,0.0584,0.2295,0.2265,0.5943,-0.5932,-0.0066
Pemukiman_33,Pemukiman,0.0463,0.0631,0.0636,0.233,0.2265,0.5711,-0.5738,-0.0141
Pemukiman_33,Pemukiman,0.0518,0.0672,0.0609,0.2458,0.1839,0.6029,-0.5706,-0.1441
Pemukiman_33,Pemukiman,0.0411,0.0486,0.0368,0.2451,0.1839,0.7389,-0.669,-0.1427
Pemukiman_33,Pemukiman,0.0352,0.0534,0.0443,0.2747,0.2039,0.7223,-0.6745,-0.1479
Pemukiman_33,Pemukiman,0.0576,0.0785,0.0954,0.2481,0.2039,0.4445,-0.5193,-0.0978
Pemukiman_33,Pemukiman,0.0822,0.093,0.1221,0.1813,0.2828,0.1951,-0.3219,0.2187
Pemukiman_33,Pemukiman,0.1403,0.1629,0.1806,0.2065,0.2828,0.0669,-0.118,0.1559
Pemukiman_33,Pemukiman,0.1187,0.1306,0.1329,0.2074,0.2218,0.2189,-0.2272,0.0336
Pemukiman_33,Pemukiman,0.1004,0.1183,0.1298,0.1936,0.2502,0.1973,-0.2414,0.1275
Pemukiman_33,Pemukiman,0.061,0.0768,0.0834,0.2015,0.2502,0.4145,-0.4481,0.1078
Pemukiman_33,Pemukiman,0.0525,0.0656,0.0693,0.1935,0.2265,0.4726,-0.4936,0.0786
Pemukiman_33,Pemukiman,0.0558,0.0682,0.0793,0.1921,0.2265,0.4156,-0.476,0.0822
Pemukiman_33,Pemukiman,0.0646,0.0783,0.072,0.2163,0.1839,0.5005,-0.4684,-0.081
Pemukiman_33,Pemukiman,0.0408,0.0518,0.0436,0.2269,0.1839,0.6776,-0.6283,-0.1047
Pemukiman_33,Pemukiman,0.0351,0.053,0.0438,0.2402,0.2039,0.6915,-0.6385,-0.0817
Pemukiman_33,Pemukiman,0.0549,0.0699,0.0706,0.2454,0.2039,0.5532,-0.5566,-0.0924
Pemukiman_33,Pemukiman,0.0924,0.1044,0.1169,0.223,0.2828,0.3121,-0.3622,0.1182
Pemukiman_33,Pemukiman,0.137,0.1549,0.1675,0.2143,0.2828,0.1226,-0.1609,0.1378
Pemukiman_33,Pemukiman,0.1155,0.1334,0.1332,0.2166,0.2522,0.2384,-0.2377,0.0759
Pemukiman_33,Pemukiman,0.135,0.1492,0.157,0.2133,0.2571,0.152,-0.1768,0.0931
Pemukiman_33,Pemukiman,0.0787,0.0907,0.0905,0.2041,0.2571,0.3856,-0.3847,0.1149
Pemukiman_33,Pemukiman,0.0484,0.0662,0.0543,0.262,0.2063,0.6567,-0.5966,-0.1189
Pemukiman_33,Pemukiman,0.0521,0.0676,0.0565,0.2703,0.2063,0.6542,-0.5999,-0.1343
Pemukiman_33,Pemukiman,0.0676,0.0873,0.0815,0.2407,0.2046,0.4941,-0.4677,-0.0811
Pemukiman_33,Pemukiman,0.0597,0.0796,0.077,0.2225,0.2046,0.4858,-0.473,-0.0419
Pemukiman_33,Pemukiman,0.0442,0.0593,0.0593,0.2056,0.2342,0.5523,-0.5523,0.065
Pemukiman_33,Pemukiman,0.0564,0.0759,0.1003,0.2218,0.2342,0.3772,-0.4901,0.0272
Pemukiman_33,Pemukiman,0.0828,0.1114,0.1589,0.2687,0.2858,0.2568,-0.4138,0.0308
Pemukiman_33,Pemukiman,0.117,0.1369,0.161,0.2292,0.2858,0.1748,-0.2521,0.1099
Pemukiman_33,Pemukiman,0.0742,0.0881,0.0876,0.2188,0.2522,0.4282,-0.4259,0.0709
Pemukiman_33,Pemukiman,0.0797,0.0935,0.0969,0.2188,0.2571,0.3861,-0.4012,0.0805
Pemukiman_33,Pemukiman,0.0538,0.0699,0.0675,0.238,0.2571,0.5581,-0.546,0.0386
Pemukiman_33,Pemukiman,0.0312,0.0569,0.0366,0.311,0.2063,0.7894,-0.6907,-0.2024
Pemukiman_33,Pemukiman,0.045,0.0611,0.0459,0.3062,0.2063,0.7393,-0.6673,-0.1949
Pemukiman_33,Pemukiman,0.0867,0.1042,0.0966,0.2764,0.2046,0.482,-0.4524,-0.1493
Pemukiman_33,Pemukiman,0.0888,0.1109,0.0963,0.2627,0.2046,0.4635,-0.4063,-0.1243
Pemukiman_33,Pemukiman,0.0765,0.0923,0.09,0.235,0.2342,0.4462,-0.436,-0.0017
Pemukiman_33,Pemukiman,0.0886,0.1113,0.1293,0.191,0.2342,0.1926,-0.2636,0.1016
Pemukiman_33,Pemukiman,0.1013,0.1258,0.1706,0.231,0.2858,0.1504,-0.2948,0.106
Pemukiman_33,Pemukiman,0.1093,0.1263,0.1504,0.2049,0.2858,0.1534,-0.2373,0.1649
Pemukiman_33,Pemukiman,0.0315,0.0544,0.0351,0.326,0.1646,0.8056,-0.714,-0.329
Pemukiman_33,Pemukiman,0.0398,0.0564,0.0421,0.2844,0.1646,0.7421,-0.669,-0.2668
Pemukiman_33,Pemukiman,0.0458,0.0682,0.0537,0.2962,0.1867,0.6931,-0.6257,-0.2268
Pemukiman_33,Pemukiman,0.0557,0.0812,0.0623,0.3042,0.1867,0.66,-0.5786,-0.2394
Pemukiman_33,Pemukiman,0.0773,0.0964,0.0914,0.2656,0.2525,0.488,-0.4674,-0.0253
Pemukiman_33,Pemukiman,0.1203,0.1349,0.1428,0.2031,0.2525,0.1743,-0.2018,0.1084
Pemukiman_33,Pemukiman,0.152,0.166,0.1804,0.2222,0.3007,0.1038,-0.1448,0.1501
Pemukiman_33,Pemukiman,0.0366,0.0612,0.0416,0.3376,0.1867,0.7806,-0.6931,-0.2878
Pemukiman_33,Pemukiman,0.0837,0.099,0.093,0.3005,0.2525,0.5273,-0.5044,-0.0868
Pemukiman_33,Pemukiman,0.1469,0.1582,0.1603,0.2527,0.2525,0.2237,-0.23,-0.0004
Pemukiman_33,Pemukiman,0.1646,0.1765,0.1815,0.2522,0.3007,0.163,-0.1766,0.0877
Pemukiman_34,Pemukiman,0.1043,0.1229,0.1329,0.189,0.2335,0.1743,-0.2119,0.1053
Pemukiman_34,Pemukiman,0.086,0.1005,0.1298,0.1791,0.2842,0.1596,-0.2811,0.2269
Pemukiman_34,Pemukiman,0.1164,0.1272,0.1358,0.1904,0.2545,0.1674,-0.199,0.1441
Pemukiman_34,Pemukiman,0.0857,0.1005,0.1106,0.1883,0.2851,0.26,-0.304,0.2045
Pemukiman_34,Pemukiman,0.1049,0.1264,0.1487,0.2063,0.2851,0.1623,-0.2402,0.1604
Pemukiman_34,Pemukiman,0.1231,0.1394,0.1554,0.1997,0.2965,0.1248,-0.1778,0.1951
Pemukiman_34,Pemukiman,0.076,0.0847,0.098,0.1555,0.2965,0.2268,-0.2948,0.3119
Pemukiman_34,Pemukiman,0.1053,0.1181,0.1327,0.1934,0.2545,0.1861,-0.2417,0.1364
Pemukiman_34,Pemukiman,0.0738,0.0979,0.1073,0.2161,0.2851,0.3364,-0.3764,0.1377
Pemukiman_34,Pemukiman,0.1148,0.1306,0.1402,0.2156,0.2851,0.2119,-0.2455,0.1388
Pemukiman_34,Pemukiman,0.1407,0.1492,0.1582,0.2154,0.2965,0.1531,-0.1816,0.1584
Pemukiman_34,Pemukiman,0.0978,0.1081,0.1212,0.1931,0.2965,0.2288,-0.2822,0.2112
Pemukiman_34,Pemukiman,0.0973,0.1098,0.1195,0.1839,0.2834,0.2123,-0.2523,0.2129
Pemukiman_34,Pemukiman,0.1123,0.1243,0.1349,0.1833,0.2834,0.1521,-0.1918,0.2145
Pemukiman_34,Pemukiman,0.1154,0.1264,0.1348,0.1846,0.2937,0.1559,-0.1871,0.2281
Pemukiman_34,Pemukiman,0.0799,0.0941,0.1134,0.1752,0.2844,0.2141,-0.3012,0.2376
Pemukiman_34,Pemukiman,0.081,0.1025,0.1436,0.2055,0.2844,0.1773,-0.3344,0.1611
Pemukiman_34,Pemukiman,0.0738,0.1013,0.1346,0.2411,0.2962,0.2835,-0.4083,0.1025
Pemukiman_34,Pemukiman,0.0892,0.1115,0.127,0.2022,0.2962,0.2284,-0.2891,0.1886
Pemukiman_34,Pemukiman,0.0908,0.11,0.1196,0.1931,0.2951,0.235,-0.2742,0.2089
Pemukiman_34,Pemukiman,0.1031,0.1222,0.1356,0.2015,0.2951,0.1955,-0.245,0.1885
Pemukiman_34,Pemukiman,0.1248,0.143,0.1615,0.2096,0.2962,0.1296,-0.1889,0.1712
Pemukiman_34,Pemukiman,0.1391,0.156,0.1662,0.2164,0.2962,0.1312,-0.1622,0.1557
Pemukiman_34,Pemukiman,0.129,0.1441,0.1503,0.2068,0.2755,0.1582,-0.1787,0.1424
Pemukiman_34,Pemukiman,0.0736,0.0863,0.091,0.2042,0.2755,0.3835,-0.4059,0.1486
Pemukiman_34,Pemukiman,0.0774,0.0948,0.1097,0.2009,0.2455,0.2936,-0.3588,0.0999
Pemukiman_34,Pemukiman,0.09,0.1001,0.1082,0.1841,0.2455,0.2597,-0.2956,0.1429
Pemukiman_34,Pemukiman,0.1096,0.1264,0.1494,0.2005,0.2844,0.146,-0.2267,0.173
Pemukiman_34,Pemukiman,0.0931,0.115,0.1472,0.2027,0.2844,0.1586,-0.276,0.1677
Pemukiman_34,Pemukiman,0.093,0.1166,0.1503,0.2314,0.2962,0.2125,-0.3299,0.1228
Pemukiman_34,Pemukiman,0.1048,0.1201,0.1275,0.2011,0.2962,0.224,-0.2522,0.1912
Pemukiman_34,Pemukiman,0.0809,0.095,0.1025,0.1858,0.2951,0.2889,-0.3234,0.2273
Pemukiman_34,Pemukiman,0.0743,0.0874,0.1049,0.182,0.2951,0.2687,-0.3511,0.2371
Pemukiman_34,Pemukiman,0.0753,0.0944,0.1253,0.1798,0.2962,0.1786,-0.3115,0.2445
Pemukiman_34,Pemukiman,0.1057,0.1282,0.1462,0.2003,0.2962,0.1561,-0.2195,0.1932
Pemukiman_34,Pemukiman,0.1148,0.1297,0.1465,0.1996,0.2755,0.1534,-0.2123,0.1598
Pemukiman_34,Pemukiman,0.0687,0.0809,0.0951,0.1783,0.2755,0.3043,-0.3758,0.2142
Pemukiman_34,Pemukiman,0.081,0.0978,0.1118,0.1893,0.2455,0.2574,-0.3187,0.1293
Pemukiman_34,Pemukiman,0.0902,0.1063,0.11,0.1819,0.2455,0.2463,-0.2623,0.1488
Pemukiman_34,Pemukiman,0.0958,0.1156,0.1311,0.1797,0.2675,0.1564,-0.2171,0.1963
Pemukiman_34,Pemukiman,0.118,0.1329,0.1652,0.1964,0.2675,0.0863,-0.1928,0.1533
Pemukiman_34,Pemukiman,0.0789,0.1005,0.1182,0.1816,0.2884,0.2115,-0.2875,0.2272
Pemukiman_34,Pemukiman,0.1449,0.155,0.1792,0.2256,0.2931,0.1146,-0.1855,0.1301
Pemukiman_34,Pemukiman,0.122,0.1367,0.1528,0.1981,0.2994,0.1291,-0.1834,0.2036
Pemukiman_34,Pemukiman,0.1178,0.1357,0.1434,0.1954,0.2994,0.1535,-0.1803,0.2102
Pemukiman_34,Pemukiman,0.1328,0.1488,0.1571,0.2161,0.2837,0.1581,-0.1844,0.1353
Pemukiman_34,Pemukiman,0.1038,0.1165,0.1249,0.1868,0.2837,0.1986,-0.2318,0.206
Pemukiman_34,Pemukiman,0.0733,0.0917,0.0981,0.1887,0.2739,0.3159,-0.3459,0.1842
Pemukiman_34,Pemukiman,0.0663,0.081,0.0904,0.2054,0.2739,0.3888,-0.4344,0.1429
Pemukiman_34,Pemukiman,0.0674,0.0847,0.0976,0.1732,0.2846,0.2792,-0.3432,0.2433
Pemukiman_34,Pemukiman,0.0925,0.1072,0.1224,0.1777,0.2846,0.1843,-0.2475,0.2312
Pemukiman_34,Pemukiman,0.086,0.1024,0.1183,0.182,0.2783,0.2121,-0.2799,0.2092
Pemukiman_34,Pemukiman,0.0688,0.0835,0.1048,0.1755,0.2783,0.2522,-0.3552,0.2265
Pemukiman_34,Pemukiman,0.0857,0.1102,0.1219,0.1977,0.262,0.2372,-0.2842,0.1399
Pemukiman_34,Pemukiman,0.0849,0.1031,0.1139,0.2034,0.262,0.2821,-0.3272,0.1259
Pemukiman_34,Pemukiman,0.1198,0.1427,0.1615,0.2494,0.3008,0.2139,-0.2721,0.0934
Pemukiman_34,Pemukiman,0.1704,0.1851,0.207,0.2487,0.3008,0.0915,-0.1466,0.0948
Pemukiman_34,Pemukiman,0.1281,0.1486,0.1615,0.2124,0.316,0.1361,-0.1767,0.1961
Pemukiman_34,Pemukiman,0.1095,0.1274,0.1356,0.199,0.316,0.1895,-0.2194,0.2272
Pemukiman_34,Pemukiman,0.0955,0.1121,0.1322,0.1859,0.3055,0.1688,-0.2477,0.2434
Pemukiman_34,Pemukiman,0.0879,0.098,0.1134,0.1666,0.3055,0.19,-0.2593,0.2942
Pemukiman_34,Pemukiman,0.1224,0.1387,0.1478,0.1939,0.2931,0.1349,-0.166,0.2037
Pemukiman_34,Pemukiman,0.115,0.1346,0.1444,0.1921,0.2994,0.1418,-0.176,0.2183
Pemukiman_34,Pemukiman,0.13,0.1451,0.1522,0.2078,0.2994,0.1544,-0.1777,0.1806
Pemukiman_34,Pemukiman,0.1202,0.1322,0.1426,0.1938,0.2837,0.1522,-0.189,0.1883
Pemukiman_34,Pemukiman,0.0791,0.0898,0.0997,0.1564,0.2837,0.2214,-0.2705,0.2893
Pemukiman_34,Pemukiman,0.0833,0.0962,0.1065,0.1882,0.2739,0.2772,-0.3235,0.1855
Pemukiman_34,Pemukiman,0.074,0.0882,0.0964,0.2001,0.2739,0.3497,-0.3881,0.1557
Pemukiman_34,Pemukiman,0.0607,0.0719,0.085,0.1654,0.2846,0.3211,-0.394,0.2649
Pemukiman_34,Pemukiman,0.0822,0.0973,0.109,0.1678,0.2846,0.2124,-0.2659,0.2582
Pemukiman_34,Pemukiman,0.0857,0.0998,0.1131,0.1748,0.2783,0.2143,-0.2731,0.2284
Pemukiman_34,Pemukiman,0.076,0.0869,0.0972,0.1683,0.2783,0.2678,-0.319,0.2463
Pemukiman_34,Pemukiman,0.0742,0.0898,0.0954,0.1854,0.262,0.3205,-0.3474,0.1712
Pemukiman_34,Pemukiman,0.0749,0.091,0.1062,0.1998,0.262,0.3059,-0.3741,0.1347
Pemukiman_34,Pemukiman,0.1353,0.1541,0.1799,0.2615,0.3008,0.1849,-0.2584,0.0699
Pemukiman_34,Pemukiman,0.1725,0.1912,0.2239,0.2661,0.3008,0.0861,-0.1638,0.0612
Pemukiman_34,Pemukiman,0.1324,0.1492,0.1788,0.2261,0.316,0.1168,-0.2049,0.1658
Pemukiman_34,Pemukiman,0.173,0.1951,0.2044,0.2489,0.316,0.0982,-0.1212,0.1188
Pemukiman_34,Pemukiman,0.1588,0.1813,0.1925,0.2377,0.3055,0.1051,-0.1346,0.1248
Pemukiman_34,Pemukiman,0.1246,0.1376,0.1471,0.1975,0.3055,0.1463,-0.1788,0.2147
Pemukiman_34,Pemukiman,0.1353,0.1437,0.1427,0.1948,0.2999,0.1544,-0.151,0.2125
Pemukiman_34,Pemukiman,0.127,0.1366,0.1538,0.1968,0.2999,0.1226,-0.1806,0.2076
Pemukiman_34,Pemukiman,0.0889,0.1048,0.1218,0.1808,0.2779,0.195,-0.2661,0.2117
Pemukiman_34,Pemukiman,0.1037,0.1196,0.1333,0.1836,0.2933,0.1587,-0.2111,0.23
Pemukiman_34,Pemukiman,0.1288,0.1464,0.1606,0.2142,0.3119,0.143,-0.188,0.1857
Pemukiman_34,Pemukiman,0.138,0.1563,0.1631,0.2183,0.3119,0.1447,-0.1655,0.1765
Pemukiman_34,Pemukiman,0.1283,0.138,0.1494,0.1992,0.2909,0.1429,-0.1815,0.1871
Pemukiman_34,Pemukiman,0.0805,0.0963,0.0983,0.1686,0.2909,0.2634,-0.2729,0.2662
Pemukiman_34,Pemukiman,0.0769,0.0903,0.0912,0.181,0.2535,0.3299,-0.3343,0.1669
Pemukiman_34,Pemukiman,0.0692,0.0786,0.0906,0.1685,0.2535,0.3007,-0.3638,0.2014
Pemukiman_34,Pemukiman,0.0747,0.0832,0.0966,0.1538,0.2717,0.2284,-0.2979,0.2771
Pemukiman_34,Pemukiman,0.0877,0.1003,0.1102,0.1633,0.2717,0.1941,-0.239,0.2492
Pemukiman_34,Pemukiman,0.0743,0.0888,0.0993,0.158,0.2879,0.2281,-0.2804,0.2913
Pemukiman_34,Pemukiman,0.0691,0.0777,0.0905,0.1505,0.2879,0.249,-0.319,0.3134
Pemukiman_34,Pemukiman,0.088,0.1056,0.1107,0.1882,0.2848,0.2593,-0.2811,0.2042
Pemukiman_34,Pemukiman,0.0883,0.1074,0.1107,0.1937,0.2848,0.2727,-0.2866,0.1904
Pemukiman_34,Pemukiman,0.0992,0.1122,0.1349,0.1893,0.3031,0.1678,-0.2557,0.2311
Pemukiman_34,Pemukiman,0.1005,0.1234,0.1647,0.2087,0.3031,0.1178,-0.2568,0.1844
Pemukiman_34,Pemukiman,0.1057,0.1295,0.1555,0.2148,0.3097,0.1601,-0.2477,0.1809
Pemukiman_34,Pemukiman,0.1251,0.1458,0.155,0.2081,0.3097,0.1462,-0.176,0.1962
Pemukiman_34,Pemukiman,0.1488,0.165,0.1803,0.22,0.3035,0.0992,-0.1429,0.1595
Pemukiman_34,Pemukiman,0.1236,0.1368,0.1493,0.2031,0.3035,0.1527,-0.1951,0.1982
Pemukiman_34,Pemukiman,0.1406,0.1376,0.1429,0.2003,0.2951,0.1672,-0.1856,0.1914
Pemukiman_34,Pemukiman,0.1364,0.1448,0.1561,0.2037,0.2951,0.1323,-0.169,0.1832
Pemukiman_34,Pemukiman,0.1034,0.1206,0.1332,0.2001,0.2913,0.2007,-0.2479,0.1856
Pemukiman_34,Pemukiman,0.0939,0.1139,0.1222,0.1953,0.2913,0.2302,-0.2633,0.1973
Pemukiman_34,Pemukiman,0.1021,0.1146,0.1283,0.1965,0.2735,0.21,-0.2633,0.1638
Pemukiman_34,Pemukiman,0.0836,0.1018,0.1111,0.2114,0.2735,0.311,-0.3499,0.1281
Pemukiman_34,Pemukiman,0.0833,0.1061,0.1266,0.1818,0.2933,0.179,-0.2629,0.2347
Pemukiman_34,Pemukiman,0.0953,0.1146,0.1278,0.1785,0.2933,0.1655,-0.218,0.2433
Pemukiman_34,Pemukiman,0.1332,0.1554,0.1692,0.2158,0.3119,0.121,-0.1627,0.1821
Pemukiman_34,Pemukiman,0.109,0.1263,0.139,0.1904,0.3119,0.156,-0.2024,0.2419
Pemukiman_34,Pemukiman,0.0785,0.0953,0.1108,0.168,0.2909,0.2052,-0.2761,0.2678
Pemukiman_34,Pemukiman,0.0893,0.0974,0.1025,0.1747,0.2909,0.2605,-0.2841,0.2496
Pemukiman_34,Pemukiman,0.0916,0.0993,0.0958,0.2003,0.2535,0.3529,-0.3371,0.1172
Pemukiman_34,Pemukiman,0.0752,0.0915,0.091,0.2037,0.2535,0.3824,-0.3801,0.1089
Pemukiman_34,Pemukiman,0.0908,0.1099,0.1124,0.1826,0.2717,0.238,-0.2485,0.1961
Pemukiman_34,Pemukiman,0.1067,0.1181,0.1245,0.1692,0.2717,0.1522,-0.1779,0.2325
Pemukiman_34,Pemukiman,0.0891,0.0992,0.1079,0.1585,0.2879,0.1899,-0.2301,0.2899
Pemukiman_34,Pemukiman,0.0807,0.0954,0.1017,0.1522,0.2879,0.1989,-0.2294,0.3083
Pemukiman_34,Pemukiman,0.1205,0.1363,0.1492,0.2007,0.2848,0.1472,-0.1911,0.1732
Pemukiman_34,Pemukiman,0.0983,0.1155,0.1252,0.1996,0.2848,0.2291,-0.2669,0.1759
Pemukiman_34,Pemukiman,0.0917,0.106,0.1285,0.1918,0.3031,0.1976,-0.2881,0.2249
Pemukiman_34,Pemukiman,0.0905,0.1119,0.1322,0.1956,0.3031,0.1934,-0.2722,0.2156
Pemukiman_34,Pemukiman,0.1054,0.1255,0.1364,0.1985,0.3097,0.1854,-0.2253,0.2188
Pemukiman_34,Pemukiman,0.0842,0.0997,0.1096,0.176,0.3097,0.2325,-0.2767,0.2753
Pemukiman_34,Pemukiman,0.0999,0.1173,0.1272,0.1876,0.3035,0.1919,-0.2306,0.236
Pemukiman_34,Pemukiman,0.084,0.1056,0.1178,0.1837,0.3035,0.2186,-0.27,0.2459
Pemukiman_34,Pemukiman,0.0872,0.0986,0.1176,0.1775,0.2951,0.203,-0.2858,0.2488
Pemukiman_34,Pemukiman,0.1008,0.1195,0.1409,0.1891,0.2951,0.1461,-0.2255,0.2189
Pemukiman_34,Pemukiman,0.0806,0.1057,0.1454,0.2025,0.2913,0.1641,-0.3141,0.1798
Pemukiman_34,Pemukiman,0.1165,0.1309,0.1521,0.2043,0.2913,0.1465,-0.219,0.1755
Pemukiman_34,Pemukiman,0.1595,0.1892,0.1995,0.238,0.2735,0.088,-0.1142,0.0694
Pemukiman_34,Pemukiman,0.1259,0.15,0.1608,0.2284,0.2735,0.1737,-0.2072,0.0899
Pemukiman_34,Pemukiman,0.1038,0.1223,0.1316,0.2283,0.2256,0.2687,-0.3023,-0.0059
Pemukiman_34,Pemukiman,0.1008,0.1223,0.1426,0.2061,0.2707,0.1821,-0.2552,0.1355
Pemukiman_34,Pemukiman,0.1482,0.1664,0.1949,0.2333,0.2707,0.0897,-0.1674,0.0742
Pemukiman_34,Pemukiman,0.1721,0.1907,0.2116,0.2424,0.2742,0.0678,-0.1194,0.0616
Pemukiman_34,Pemukiman,0.0953,0.1053,0.1209,0.1828,0.2742,0.2038,-0.269,0.2
Pemukiman_34,Pemukiman,0.0738,0.0836,0.0944,0.1544,0.2521,0.2412,-0.2975,0.2403
Pemukiman_34,Pemukiman,0.0979,0.1065,0.109,0.1759,0.2521,0.2348,-0.2457,0.178
Pemukiman_34,Pemukiman,0.0734,0.0832,0.0755,0.2079,0.2363,0.4672,-0.4284,0.0639
Pemukiman_34,Pemukiman,0.0603,0.0791,0.0759,0.2251,0.2363,0.4957,-0.4799,0.0243
Pemukiman_34,Pemukiman,0.0872,0.1019,0.1074,0.1896,0.253,0.2768,-0.3009,0.1432
Pemukiman_34,Pemukiman,0.1054,0.115,0.1295,0.1762,0.253,0.1528,-0.2102,0.1789
Pemukiman_34,Pemukiman,0.101,0.117,0.1273,0.1952,0.2718,0.2105,-0.2505,0.164
Pemukiman_34,Pemukiman,0.1041,0.1208,0.1262,0.1844,0.2718,0.1874,-0.2084,0.1916
Pemukiman_34,Pemukiman,0.1318,0.1429,0.1541,0.2,0.2962,0.1296,-0.1665,0.1939
Pemukiman_34,Pemukiman,0.1004,0.1157,0.1248,0.1886,0.2962,0.2036,-0.2396,0.2219
Pemukiman_34,Pemukiman,0.1088,0.1235,0.136,0.191,0.2914,0.1682,-0.2146,0.2081
Pemukiman_34,Pemukiman,0.097,0.1115,0.1219,0.1827,0.2914,0.1996,-0.242,0.2293
Pemukiman_34,Pemukiman,0.1086,0.1242,0.1368,0.1936,0.2817,0.1719,-0.2184,0.1854
Pemukiman_34,Pemukiman,0.0892,0.1008,0.118,0.1858,0.2817,0.2232,-0.2966,0.2051
Pemukiman_34,Pemukiman,0.0749,0.0905,0.0974,0.203,0.2673,0.3515,-0.3833,0.1367
Pemukiman_34,Pemukiman,0.0807,0.1025,0.1071,0.1995,0.2673,0.3014,-0.3212,0.1452
Pemukiman_34,Pemukiman,0.0778,0.0913,0.1008,0.192,0.2571,0.3115,-0.3555,0.145
Pemukiman_34,Pemukiman,0.0861,0.1024,0.1157,0.196,0.2571,0.2576,-0.3137,0.1348
Pemukiman_34,Pemukiman,0.066,0.0888,0.117,0.1803,0.2827,0.2129,-0.34,0.2212
Pemukiman_34,Pemukiman,0.1085,0.1234,0.1448,0.1891,0.2827,0.1327,-0.2102,0.1984
Pemukiman_34,Pemukiman,0.2052,0.2274,0.2418,0.2683,0.3083,0.052,-0.0825,0.0694
Pemukiman_34,Pemukiman,0.1616,0.1908,0.2037,0.25,0.3083,0.102,-0.1343,0.1044
Pemukiman_34,Pemukiman,0.1117,0.1486,0.1857,0.2561,0.2707,0.1593,-0.2656,0.0277
Pemukiman_34,Pemukiman,0.1268,0.156,0.1883,0.2597,0.2742,0.1594,-0.2495,0.0272
Pemukiman_34,Pemukiman,0.0678,0.0876,0.0926,0.2112,0.2742,0.3904,-0.4137,0.1298
Pemukiman_34,Pemukiman,0.0699,0.0889,0.0975,0.1881,0.2521,0.3172,-0.3581,0.1454
Pemukiman_34,Pemukiman,0.0829,0.0976,0.1003,0.1856,0.2521,0.2984,-0.3107,0.1519
Pemukiman_34,Pemukiman,0.0506,0.0681,0.0615,0.2118,0.2363,0.5499,-0.5134,0.0547
Pemukiman_34,Pemukiman,0.0694,0.0899,0.0824,0.2223,0.2363,0.4591,-0.4241,0.0305
Pemukiman_34,Pemukiman,0.0998,0.1164,0.1173,0.185,0.253,0.2239,-0.2276,0.1553
Pemukiman_34,Pemukiman,0.0762,0.091,0.1012,0.1746,0.253,0.2661,-0.3148,0.1833
Pemukiman_34,Pemukiman,0.0757,0.0903,0.1006,0.2113,0.2718,0.3549,-0.4012,0.1252
Pemukiman_34,Pemukiman,0.1088,0.1281,0.1405,0.2133,0.2718,0.2058,-0.2496,0.1206
Pemukiman_34,Pemukiman,0.1187,0.1351,0.1505,0.2018,0.2962,0.1456,-0.198,0.1896
Pemukiman_34,Pemukiman,0.0906,0.1066,0.1222,0.2005,0.2962,0.2426,-0.3058,0.1927
Pemukiman_34,Pemukiman,0.0977,0.1154,0.1278,0.1987,0.2914,0.2172,-0.2652,0.1891
Pemukiman_34,Pemukiman,0.099,0.1134,0.129,0.1876,0.2914,0.1851,-0.2465,0.2167
Pemukiman_34,Pemukiman,0.0966,0.109,0.1237,0.1799,0.2817,0.1851,-0.2454,0.2205
Pemukiman_34,Pemukiman,0.077,0.0893,0.1022,0.1882,0.2817,0.2961,-0.3564,0.199
Pemukiman_34,Pemukiman,0.0894,0.105,0.1055,0.2263,0.2673,0.3641,-0.3661,0.0831
Pemukiman_34,Pemukiman,0.1136,0.1266,0.1232,0.2301,0.2673,0.3026,-0.2902,0.0748
Pemukiman_34,Pemukiman,0.0696,0.0817,0.0742,0.2434,0.2571,0.5327,-0.4974,0.0274
Pemukiman_34,Pemukiman,0.0586,0.0755,0.0736,0.2421,0.2571,0.5337,-0.5246,0.03
Pemukiman_34,Pemukiman,0.0869,0.1028,0.1125,0.1926,0.2827,0.2625,-0.304,0.1896
Pemukiman_34,Pemukiman,0.1357,0.1503,0.1632,0.1993,0.2827,0.0996,-0.1402,0.173
Pemukiman_34,Pemukiman,0.1794,0.2007,0.2129,0.2544,0.3083,0.0888,-0.118,0.0958
Pemukiman_34,Pemukiman,0.1456,0.1652,0.1809,0.2344,0.3083,0.1288,-0.1732,0.1362
Pemukiman_34,Pemukiman,0.0639,0.079,0.0789,0.2278,0.2216,0.4855,-0.485,-0.0138
Pemukiman_34,Pemukiman,0.0492,0.0653,0.0633,0.2303,0.2241,0.5688,-0.5582,-0.0136
Pemukiman_34,Pemukiman,0.0899,0.1019,0.1043,0.221,0.2241,0.3587,-0.3688,0.007
Pemukiman_34,Pemukiman,0.0837,0.0994,0.1169,0.2052,0.2696,0.2741,-0.3473,0.1356
Pemukiman_34,Pemukiman,0.1026,0.1152,0.1315,0.1912,0.2453,0.185,-0.248,0.1239
Pemukiman_34,Pemukiman,0.0699,0.0848,0.0957,0.1985,0.2453,0.3494,-0.4013,0.1055
Pemukiman_34,Pemukiman,0.0769,0.0936,0.0858,0.23,0.2079,0.4566,-0.4215,-0.0505
Pemukiman_34,Pemukiman,0.0925,0.1087,0.0972,0.2389,0.2079,0.4216,-0.3746,-0.0694
Pemukiman_34,Pemukiman,0.0605,0.0775,0.0669,0.2539,0.2207,0.5829,-0.5323,-0.07
Pemukiman_34,Pemukiman,0.0673,0.0861,0.085,0.2458,0.2207,0.4861,-0.4812,-0.0538
Pemukiman_34,Pemukiman,0.1607,0.1717,0.1918,0.2402,0.3162,0.112,-0.1663,0.1366
Pemukiman_34,Pemukiman,0.1831,0.1976,0.2223,0.2621,0.3162,0.0822,-0.1403,0.0935
Pemukiman_34,Pemukiman,0.1586,0.1752,0.2025,0.251,0.3036,0.1069,-0.1779,0.0948
Pemukiman_34,Pemukiman,0.1265,0.1416,0.1509,0.2361,0.3036,0.2202,-0.2502,0.1251
Pemukiman_34,Pemukiman,0.0604,0.08,0.0696,0.2693,0.2079,0.5893,-0.5419,-0.1287
Pemukiman_34,Pemukiman,0.0671,0.0839,0.0812,0.2515,0.2207,0.5119,-0.4997,-0.0652
Pemukiman_34,Pemukiman,0.1049,0.1287,0.1349,0.231,0.2207,0.2626,-0.2844,-0.0228
Pemukiman_34,Pemukiman,0.1891,0.2109,0.2256,0.2624,0.3162,0.0754,-0.1088,0.093
Pemukiman_34,Pemukiman,0.2387,0.2605,0.2709,0.3114,0.3162,0.0696,-0.089,0.0076
Pemukiman_34,Pemukiman,0.1881,0.2045,0.2228,0.2686,0.3036,0.0932,-0.1355,0.0612
Pemukiman_34,Pemukiman,0.1033,0.123,0.1296,0.2174,0.3036,0.253,-0.2773,0.1655
Pemukiman_34,Pemukiman,0.0605,0.0823,0.0701,0.2902,0.2244,0.6109,-0.5581,-0.1279
Pemukiman_34,Pemukiman,0.1355,0.1597,0.1655,0.251,0.2244,0.2053,-0.2223,-0.056
Pemukiman_34,Pemukiman,0.1459,0.1628,0.1858,0.2313,0.3002,0.1091,-0.1738,0.1296
Pemukiman_34,Pemukiman,0.1567,0.188,0.2098,0.246,0.3002,0.0794,-0.1336,0.0992
Pemukiman_34,Pemukiman,0.1748,0.1947,0.2129,0.2405,0.2752,0.0609,-0.1052,0.0673
Pemukiman_34,Pemukiman,0.1016,0.1121,0.127,0.1906,0.2752,0.2003,-0.2593,0.1816
Pemukiman_34,Pemukiman,0.0478,0.0666,0.0584,0.2739,0.2244,0.6485,-0.6088,-0.0993
Pemukiman_34,Pemukiman,0.1202,0.1462,0.1584,0.2339,0.2244,0.1925,-0.2307,-0.0207
Pemukiman_34,Pemukiman,0.1591,0.1809,0.1969,0.2146,0.3002,0.043,-0.0852,0.1663
Pemukiman_34,Pemukiman,0.1517,0.1627,0.1775,0.2102,0.3002,0.0843,-0.1274,0.1763
Pemukiman_34,Pemukiman,0.1523,0.1677,0.186,0.229,0.2752,0.1036,-0.1545,0.0916
Pemukiman_34,Pemukiman,0.0635,0.0799,0.0765,0.2301,0.2281,0.501,-0.4845,-0.0044
Pemukiman_34,Pemukiman,0.1247,0.1484,0.1633,0.2284,0.2281,0.1662,-0.2123,-0.0007
Pemukiman_34,Pemukiman,0.1492,0.1742,0.1865,0.2166,0.2542,0.0747,-0.1085,0.0799
Pemukiman_34,Pemukiman,0.1364,0.1625,0.1776,0.2051,0.2542,0.0719,-0.1159,0.1069
Pemukiman_34,Pemukiman,0.1394,0.1576,0.1689,0.2265,0.2659,0.1457,-0.1794,0.08
Pemukiman_34,Pemukiman,0.0453,0.062,0.0557,0.2815,0.1791,0.6696,-0.639,-0.2223
Pemukiman_34,Pemukiman,0.0837,0.1026,0.1005,0.2315,0.2281,0.3946,-0.3858,-0.0074
Pemukiman_34,Pemukiman,0.1173,0.1375,0.1426,0.2317,0.2281,0.238,-0.2551,-0.0078
Pemukiman_34,Pemukiman,0.1259,0.1448,0.1672,0.228,0.2542,0.1538,-0.2232,0.0543
Pemukiman_34,Pemukiman,0.1444,0.1853,0.2031,0.2451,0.2542,0.0937,-0.1389,0.0182
Pemukiman_34,Pemukiman,0.1291,0.1569,0.1649,0.2506,0.2659,0.2063,-0.2299,0.0296
Pemukiman_34,Pemukiman,0.0458,0.062,0.0542,0.252,0.1877,0.646,-0.6051,-0.1462
Pemukiman_34,Pemukiman,0.0655,0.0809,0.0829,0.2103,0.2409,0.4345,-0.4444,0.0678
Pemukiman_34,Pemukiman,0.0748,0.0937,0.0902,0.2159,0.2409,0.4106,-0.3947,0.0547
Pemukiman_34,Pemukiman,0.1009,0.1138,0.127,0.2324,0.2571,0.2933,-0.3426,0.0505
Pemukiman_34,Pemukiman,0.1199,0.14,0.1545,0.2469,0.2571,0.2302,-0.2763,0.0202
Pemukiman_34,Pemukiman,0.0918,0.111,0.1137,0.243,0.2433,0.3625,-0.3729,0.0006
Pemukiman_34,Pemukiman,0.0415,0.0563,0.0445,0.2744,0.1877,0.7209,-0.6595,-0.1876
Pemukiman_34,Pemukiman,0.054,0.0668,0.0629,0.2229,0.1877,0.5598,-0.5388,-0.0857
Pemukiman_34,Pemukiman,0.0746,0.0869,0.0869,0.1962,0.2409,0.3861,-0.3861,0.1023
Pemukiman_34,Pemukiman,0.0712,0.0842,0.0876,0.193,0.2409,0.3756,-0.3925,0.1104
Pemukiman_34,Pemukiman,0.0698,0.0831,0.0944,0.1831,0.2571,0.3196,-0.3757,0.1681
Pemukiman_34,Pemukiman,0.0804,0.0918,0.1013,0.2,0.2571,0.3276,-0.3708,0.1249
Pemukiman_34,Pemukiman,0.0717,0.0861,0.0825,0.2067,0.2433,0.4295,-0.4119,0.0813
Pemukiman_34,Pemukiman,0.0416,0.0587,0.0467,0.2885,0.1807,0.7214,-0.6619,-0.2298
Pemukiman_34,Pemukiman,0.064,0.0803,0.0726,0.2512,0.1807,0.5516,-0.5155,-0.1632
Pemukiman_34,Pemukiman,0.0924,0.1153,0.1104,0.2142,0.2406,0.3198,-0.3002,0.058
Pemukiman_34,Pemukiman,0.0843,0.0989,0.1039,0.1795,0.2406,0.2668,-0.2895,0.1454
Pemukiman_34,Pemukiman,0.0638,0.0798,0.0974,0.1655,0.2487,0.259,-0.3494,0.2009
Pemukiman_34,Pemukiman,0.0577,0.0756,0.0874,0.1904,0.2487,0.3708,-0.4316,0.1328
Pemukiman_34,Pemukiman,0.075,0.0894,0.0807,0.2501,0.2406,0.5121,-0.4733,-0.0194
Pemukiman_34,Pemukiman,0.0725,0.0877,0.087,0.1998,0.2406,0.3933,-0.3899,0.0926
Pemukiman_34,Pemukiman,0.0891,0.1078,0.1151,0.1926,0.2487,0.2519,-0.2823,0.1271
Pemukiman_34,Pemukiman,0.0935,0.1104,0.112,0.2208,0.2487,0.3269,-0.3333,0.0594
Pemukiman_34,Pemukiman,0.0735,0.097,0.0861,0.2762,0.2215,0.5247,-0.4802,-0.1099
Pemukiman_34,Pemukiman,0.0895,0.1096,0.1022,0.2756,0.2215,0.459,-0.4309,-0.1088
Pemukiman_35,Pemukiman,0.0836,0.0963,0.1067,0.1677,0.2384,0.2223,-0.2705,0.1741
Pemukiman_35,Pemukiman,0.0822,0.092,0.1072,0.1795,0.2244,0.2522,-0.3223,0.1112
Pemukiman_35,Pemukiman,0.1055,0.1317,0.1412,0.2105,0.2244,0.197,-0.2303,0.032
Pemukiman_35,Pemukiman,0.0828,0.1029,0.1049,0.1963,0.2096,0.3035,-0.3122,0.0328
Pemukiman_35,Pemukiman,0.0796,0.0916,0.1047,0.1514,0.2696,0.1823,-0.2461,0.2808
Pemukiman_35,Pemukiman,0.0877,0.1023,0.1242,0.1714,0.284,0.1597,-0.2525,0.2473
Pemukiman_35,Pemukiman,0.1343,0.1449,0.1732,0.2195,0.284,0.1179,-0.2047,0.1281
Pemukiman_35,Pemukiman,0.0919,0.1042,0.1309,0.1972,0.2678,0.2021,-0.3086,0.1518
Pemukiman_35,Pemukiman,0.0777,0.0943,0.096,0.1846,0.2678,0.3158,-0.3238,0.1839
Pemukiman_35,Pemukiman,0.0862,0.0975,0.1065,0.1854,0.2492,0.2703,-0.3107,0.1468
Pemukiman_35,Pemukiman,0.1049,0.1225,0.1362,0.1819,0.2492,0.1437,-0.1951,0.1561
Pemukiman_35,Pemukiman,0.0805,0.1005,0.135,0.1876,0.2696,0.163,-0.3023,0.1794
Pemukiman_35,Pemukiman,0.0823,0.0946,0.1286,0.1796,0.284,0.1655,-0.31,0.2252
Pemukiman_35,Pemukiman,0.0826,0.1061,0.1411,0.1875,0.284,0.1412,-0.2772,0.2047
Pemukiman_35,Pemukiman,0.0771,0.094,0.1233,0.172,0.2678,0.1649,-0.2932,0.2178
Pemukiman_35,Pemukiman,0.0796,0.096,0.1054,0.1558,0.2678,0.193,-0.2375,0.2644
Pemukiman_35,Pemukiman,0.0744,0.0876,0.104,0.1615,0.2492,0.2166,-0.2967,0.2135
Pemukiman_35,Pemukiman,0.1041,0.1223,0.1434,0.1876,0.2492,0.1335,-0.2107,0.141
Pemukiman_35,Pemukiman,0.1274,0.1424,0.1543,0.2039,0.2455,0.1385,-0.1776,0.0926
Pemukiman_35,Pemukiman,0.1082,0.1196,0.117,0.2011,0.2455,0.2644,-0.2541,0.0994
Pemukiman_35,Pemukiman,0.0875,0.101,0.0961,0.2086,0.2264,0.3692,-0.3475,0.0409
Pemukiman_35,Pemukiman,0.0836,0.0987,0.1264,0.1916,0.2842,0.205,-0.32,0.1946
Pemukiman_35,Pemukiman,0.0878,0.1257,0.2058,0.2533,0.2842,0.1035,-0.3367,0.0575
Pemukiman_35,Pemukiman,0.0892,0.1121,0.17,0.2271,0.3065,0.1438,-0.339,0.1488
Pemukiman_35,Pemukiman,0.0713,0.0829,0.1015,0.1564,0.3065,0.2129,-0.3071,0.3243
Pemukiman_35,Pemukiman,0.0811,0.0905,0.1066,0.1541,0.2786,0.1822,-0.26,0.2877
Pemukiman_35,Pemukiman,0.0791,0.0944,0.11,0.1592,0.2786,0.1828,-0.2555,0.2727
Pemukiman_35,Pemukiman,0.0753,0.0877,0.1074,0.1588,0.2954,0.1931,-0.2884,0.3007
Pemukiman_35,Pemukiman,0.1114,0.1283,0.1445,0.1886,0.2954,0.1324,-0.1903,0.2207
Pemukiman_35,Pemukiman,0.1283,0.1383,0.1544,0.1974,0.296,0.1222,-0.176,0.1998
Pemukiman_35,Pemukiman,0.1009,0.113,0.1244,0.1705,0.296,0.1563,-0.2028,0.269
Pemukiman_35,Pemukiman,0.0976,0.1135,0.119,0.182,0.2632,0.2093,-0.2318,0.1824
Pemukiman_35,Pemukiman,0.1006,0.1128,0.1179,0.2036,0.2632,0.2666,-0.287,0.1277
Pemukiman_35,Pemukiman,0.1004,0.1161,0.1214,0.1885,0.2502,0.2165,-0.2377,0.1406
Pemukiman_35,Pemukiman,0.0925,0.1064,0.1093,0.1892,0.2502,0.2677,-0.2801,0.1388
Pemukiman_35,Pemukiman,0.086,0.1005,0.1298,0.1791,0.2842,0.1596,-0.2811,0.2269
Pemukiman_35,Pemukiman,0.0837,0.1175,0.1917,0.2384,0.2842,0.1086,-0.3397,0.0876
Pemukiman_35,Pemukiman,0.079,0.1033,0.1556,0.2114,0.3065,0.152,-0.3435,0.1836
Pemukiman_35,Pemukiman,0.0629,0.0696,0.0803,0.1457,0.3065,0.2894,-0.3535,0.3556
Pemukiman_35,Pemukiman,0.0713,0.0771,0.09,0.1374,0.2786,0.2084,-0.2811,0.3394
Pemukiman_35,Pemukiman,0.0762,0.086,0.1021,0.1551,0.2786,0.2061,-0.2866,0.2848
Pemukiman_35,Pemukiman,0.0916,0.1086,0.1211,0.1748,0.2954,0.1815,-0.2336,0.2565
Pemukiman_35,Pemukiman,0.1137,0.1329,0.1443,0.1883,0.2954,0.1323,-0.1725,0.2214
Pemukiman_35,Pemukiman,0.0931,0.1102,0.1299,0.1804,0.296,0.1627,-0.2416,0.2427
Pemukiman_35,Pemukiman,0.0801,0.09,0.1072,0.1548,0.296,0.1817,-0.2647,0.3132
Pemukiman_35,Pemukiman,0.0865,0.104,0.1157,0.171,0.2632,0.1929,-0.2436,0.2123
Pemukiman_35,Pemukiman,0.0834,0.1025,0.1058,0.2043,0.2632,0.3176,-0.3318,0.126
Pemukiman_35,Pemukiman,0.0914,0.113,0.1272,0.1959,0.2502,0.2126,-0.2684,0.1217
Pemukiman_35,Pemukiman,0.0958,0.1192,0.1459,0.221,0.2502,0.2047,-0.2992,0.062
Pemukiman_35,Pemukiman,0.0996,0.1212,0.1274,0.2096,0.2271,0.2439,-0.2672,0.0401
Pemukiman_35,Pemukiman,0.0946,0.1097,0.1066,0.2069,0.2271,0.3199,-0.307,0.0465
Pemukiman_35,Pemukiman,0.0754,0.0939,0.0909,0.2076,0.2131,0.391,-0.3771,0.0131
Pemukiman_35,Pemukiman,0.1231,0.1394,0.1554,0.1997,0.2965,0.1248,-0.1778,0.1951
Pemukiman_35,Pemukiman,0.076,0.0847,0.098,0.1555,0.2965,0.2268,-0.2948,0.3119
Pemukiman_35,Pemukiman,0.054,0.0628,0.0774,0.1404,0.2834,0.2893,-0.3819,0.3374
Pemukiman_35,Pemukiman,0.0688,0.0771,0.0997,0.1532,0.2834,0.2115,-0.3304,0.2982
Pemukiman_35,Pemukiman,0.1025,0.1194,0.1351,0.1853,0.2937,0.1567,-0.2163,0.2263
Pemukiman_35,Pemukiman,0.0991,0.1195,0.1434,0.1921,0.2937,0.1452,-0.233,0.2091
Pemukiman_35,Pemukiman,0.084,0.1064,0.1453,0.1918,0.282,0.1379,-0.2864,0.1904
Pemukiman_35,Pemukiman,0.0948,0.1097,0.1293,0.1756,0.282,0.1519,-0.231,0.2325
Pemukiman_35,Pemukiman,0.0914,0.1071,0.1152,0.1832,0.2709,0.2279,-0.2621,0.1931
Pemukiman_35,Pemukiman,0.0779,0.0952,0.0978,0.2068,0.2709,0.3578,-0.3695,0.1342
Pemukiman_35,Pemukiman,0.0839,0.1028,0.1288,0.1884,0.2798,0.1879,-0.294,0.1952
Pemukiman_35,Pemukiman,0.0908,0.1149,0.162,0.2122,0.2798,0.1342,-0.2975,0.1374
Pemukiman_35,Pemukiman,0.1015,0.1175,0.1376,0.1992,0.2807,0.1829,-0.258,0.1698
Pemukiman_35,Pemukiman,0.1007,0.1027,0.1167,0.1882,0.2807,0.2345,-0.2939,0.1973
Pemukiman_35,Pemukiman,0.0939,0.1084,0.1047,0.1959,0.2371,0.3034,-0.2875,0.0951
Pemukiman_35,Pemukiman,0.0849,0.0989,0.0997,0.1827,0.2371,0.2939,-0.2976,0.1296
Pemukiman_35,Pemukiman,0.0814,0.0909,0.0925,0.1876,0.2431,0.3395,-0.3472,0.1289
Pemukiman_35,Pemukiman,0.1003,0.1172,0.1192,0.2025,0.2431,0.2589,-0.2668,0.0911
Pemukiman_35,Pemukiman,0.1123,0.1243,0.1349,0.1833,0.2834,0.1521,-0.1918,0.2145
Pemukiman_35,Pemukiman,0.1154,0.1264,0.1348,0.1846,0.2937,0.1559,-0.1871,0.2281
Pemukiman_35,Pemukiman,0.0879,0.1045,0.1184,0.2048,0.2937,0.2673,-0.3243,0.1783
Pemukiman_35,Pemukiman,0.0862,0.111,0.144,0.2106,0.282,0.1878,-0.3097,0.1449
Pemukiman_35,Pemukiman,0.1018,0.118,0.1307,0.1954,0.282,0.1984,-0.247,0.1814
Pemukiman_35,Pemukiman,0.0905,0.1071,0.1195,0.1834,0.2709,0.211,-0.2626,0.1926
Pemukiman_35,Pemukiman,0.0861,0.1082,0.1431,0.2062,0.2709,0.1806,-0.3117,0.1356
Pemukiman_35,Pemukiman,0.0892,0.1072,0.1343,0.1936,0.2798,0.1808,-0.2872,0.1821
Pemukiman_35,Pemukiman,0.082,0.1015,0.1176,0.1879,0.2798,0.2301,-0.2985,0.1965
Pemukiman_35,Pemukiman,0.1102,0.1322,0.1439,0.208,0.2807,0.1822,-0.2228,0.1488
Pemukiman_35,Pemukiman,0.1189,0.1348,0.1437,0.1904,0.2807,0.1398,-0.171,0.1917
Pemukiman_35,Pemukiman,0.0922,0.1024,0.1039,0.166,0.2371,0.2301,-0.237,0.1764
Pemukiman_35,Pemukiman,0.0744,0.088,0.0978,0.1796,0.2371,0.2949,-0.3423,0.138
Pemukiman_35,Pemukiman,0.102,0.1062,0.1172,0.1863,0.2431,0.2277,-0.2738,0.1323
Pemukiman_35,Pemukiman,0.131,0.1373,0.153,0.2142,0.2431,0.1667,-0.2188,0.0632
Pemukiman_35,Pemukiman,0.1368,0.1442,0.1554,0.2231,0.2378,0.1789,-0.2148,0.0319
Pemukiman_35,Pemukiman,0.1,0.1161,0.113,0.192,0.2378,0.259,-0.2463,0.1066
Pemukiman_35,Pemukiman,0.0803,0.0944,0.0998,0.1866,0.2203,0.3031,-0.3281,0.0828
Pemukiman_35,Pemukiman,0.0774,0.0948,0.1097,0.2009,0.2455,0.2936,-0.3588,0.0999
Pemukiman_35,Pemukiman,0.09,0.1001,0.1082,0.1841,0.2455,0.2597,-0.2956,0.1429
Pemukiman_35,Pemukiman,0.0864,0.1053,0.128,0.1836,0.2675,0.1784,-0.271,0.186
Pemukiman_35,Pemukiman,0.097,0.1231,0.1813,0.2119,0.2675,0.0778,-0.2651,0.116
Pemukiman_35,Pemukiman,0.0706,0.0953,0.1339,0.1931,0.2884,0.181,-0.3391,0.1979
Pemukiman_35,Pemukiman,0.0744,0.09,0.0968,0.1825,0.2884,0.3068,-0.3394,0.2249
Pemukiman_35,Pemukiman,0.13,0.149,0.1539,0.2254,0.2906,0.1885,-0.2041,0.1264
Pemukiman_35,Pemukiman,0.1274,0.1494,0.1582,0.2051,0.2906,0.1291,-0.1571,0.1725
Pemukiman_35,Pemukiman,0.0874,0.1002,0.1098,0.1833,0.2886,0.2508,-0.2931,0.2231
Pemukiman_35,Pemukiman,0.0751,0.0948,0.1007,0.1975,0.2886,0.3246,-0.3514,0.1874
Pemukiman_35,Pemukiman,0.0866,0.098,0.1185,0.1674,0.2736,0.171,-0.2615,0.2408
Pemukiman_35,Pemukiman,0.0928,0.0996,0.1212,0.1729,0.2736,0.1758,-0.269,0.2255
Pemukiman_35,Pemukiman,0.1235,0.1398,0.1454,0.1965,0.2589,0.1495,-0.1686,0.137
Pemukiman_35,Pemukiman,0.1028,0.114,0.116,0.1752,0.2589,0.2033,-0.2116,0.1928
Pemukiman_35,Pemukiman,0.0748,0.0875,0.0981,0.1685,0.2241,0.2641,-0.3164,0.1416
Pemukiman_35,Pemukiman,0.1011,0.1188,0.1322,0.1854,0.2241,0.1675,-0.2189,0.0945
Pemukiman_35,Pemukiman,0.118,0.1329,0.1652,0.1964,0.2675,0.0863,-0.1928,0.1533
Pemukiman_35,Pemukiman,0.0789,0.1005,0.1182,0.1816,0.2884,0.2115,-0.2875,0.2272
Pemukiman_35,Pemukiman,0.0674,0.0803,0.0923,0.1639,0.2884,0.2795,-0.3423,0.2753
Pemukiman_35,Pemukiman,0.0887,0.1042,0.1163,0.1782,0.2906,0.2102,-0.262,0.2398
Pemukiman_35,Pemukiman,0.0883,0.1072,0.1176,0.1746,0.2906,0.1951,-0.2392,0.2494
Pemukiman_35,Pemukiman,0.0974,0.1188,0.1271,0.1913,0.2886,0.2016,-0.2338,0.2028
Pemukiman_35,Pemukiman,0.1168,0.1377,0.1466,0.2184,0.2886,0.1967,-0.2266,0.1385
Pemukiman_35,Pemukiman,0.0782,0.09,0.107,0.1552,0.2736,0.1838,-0.2659,0.2761
Pemukiman_35,Pemukiman,0.0649,0.0742,0.0897,0.1556,0.2736,0.2686,-0.3542,0.2749
Pemukiman_35,Pemukiman,0.0755,0.0911,0.1006,0.1896,0.2589,0.3067,-0.3509,0.1545
Pemukiman_35,Pemukiman,0.0733,0.0865,0.1008,0.1697,0.2589,0.2547,-0.3247,0.2081
Pemukiman_35,Pemukiman,0.0663,0.079,0.0969,0.1666,0.2241,0.2645,-0.3567,0.1472
Pemukiman_35,Pemukiman,0.0854,0.1006,0.1099,0.1659,0.2241,0.203,-0.245,0.1492
Pemukiman_35,Pemukiman,0.1095,0.1274,0.1356,0.199,0.316,0.1895,-0.2194,0.2272
Pemukiman_35,Pemukiman,0.0955,0.1121,0.1322,0.1859,0.3055,0.1688,-0.2477,0.2434
Pemukiman_35,Pemukiman,0.0879,0.098,0.1134,0.1666,0.3055,0.19,-0.2593,0.2942
Pemukiman_35,Pemukiman,0.1089,0.124,0.1327,0.1787,0.2999,0.1477,-0.1807,0.2532
Pemukiman_35,Pemukiman,0.1294,0.1459,0.163,0.2135,0.2999,0.1341,-0.1881,0.1683
Pemukiman_35,Pemukiman,0.074,0.0909,0.1144,0.1683,0.2779,0.1907,-0.2986,0.2456
Pemukiman_35,Pemukiman,0.0629,0.0719,0.0856,0.1624,0.2779,0.3097,-0.3863,0.2623
Pemukiman_35,Pemukiman,0.0671,0.0861,0.0923,0.2018,0.2409,0.3723,-0.4019,0.0883
Pemukiman_35,Pemukiman,0.0656,0.0804,0.0912,0.2119,0.2409,0.3982,-0.4499,0.064
Pemukiman_35,Pemukiman,0.0634,0.0812,0.0938,0.2213,0.2135,0.4046,-0.4631,-0.0179
Pemukiman_35,Pemukiman,0.1353,0.1437,0.1427,0.1948,0.2999,0.1544,-0.151,0.2125
Pemukiman_35,Pemukiman,0.127,0.1366,0.1538,0.1968,0.2999,0.1226,-0.1806,0.2076
Pemukiman_35,Pemukiman,0.0889,0.1048,0.1218,0.1808,0.2779,0.195,-0.2661,0.2117
Pemukiman_35,Pemukiman,0.0621,0.0775,0.09,0.1664,0.2779,0.298,-0.3645,0.251
Pemukiman_35,Pemukiman,0.0714,0.0852,0.0945,0.1825,0.2409,0.3177,-0.3635,0.1379
Pemukiman_35,Pemukiman,0.0707,0.0908,0.0919,0.2277,0.2409,0.4249,-0.4298,0.0282
Pemukiman_35,Pemukiman,0.0704,0.0919,0.0952,0.2474,0.2135,0.4442,-0.4583,-0.0736
Pemukiman_35,Pemukiman,0.0939,0.1139,0.1222,0.1953,0.2913,0.2302,-0.2633,0.1973
Pemukiman_35,Pemukiman,0.1021,0.1146,0.1283,0.1965,0.2735,0.21,-0.2633,0.1638
Pemukiman_35,Pemukiman,0.0836,0.1018,0.1111,0.2114,0.2735,0.311,-0.3499,0.1281
Pemukiman_35,Pemukiman,0.085,0.1033,0.1084,0.2434,0.2256,0.3837,-0.4041,-0.038
Pemukiman_37,Pemukiman,0.156,0.184,0.196,0.24,0.2707,0.1009,-0.1321,0.0601
Pemukiman_37,Pemukiman,0.1216,0.1416,0.1492,0.2507,0.2707,0.2538,-0.2781,0.0384
Pemukiman_37,Pemukiman,0.0849,0.103,0.0981,0.2156,0.2389,0.3746,-0.3534,0.0513
Pemukiman_37,Pemukiman,0.1084,0.1269,0.1265,0.2029,0.2389,0.2319,-0.2304,0.0815
Pemukiman_37,Pemukiman,0.1864,0.2111,0.214,0.2744,0.2707,0.1237,-0.1304,-0.0068
Pemukiman_37,Pemukiman,0.1365,0.1687,0.1693,0.3047,0.2707,0.2857,-0.2873,-0.0591
Pemukiman_37,Pemukiman,0.0684,0.083,0.0872,0.2232,0.2389,0.4381,-0.4579,0.034
Pemukiman_37,Pemukiman,0.1035,0.1127,0.1155,0.2245,0.2389,0.3206,-0.3316,0.0311
Pemukiman_37,Pemukiman,0.0924,0.1064,0.1138,0.2175,0.2395,0.313,-0.343,0.0481
Pemukiman_37,Pemukiman,0.0732,0.0908,0.0876,0.2157,0.2395,0.4224,-0.4075,0.0523
Pemukiman_37,Pemukiman,0.0989,0.1098,0.1199,0.2074,0.2548,0.2673,-0.3077,0.1026
Pemukiman_37,Pemukiman,0.1265,0.1416,0.1509,0.2361,0.3036,0.2202,-0.2502,0.1251
Pemukiman_37,Pemukiman,0.11,0.1331,0.1288,0.2932,0.2681,0.3896,-0.3756,-0.0447
Pemukiman_37,Pemukiman,0.1049,0.1321,0.1331,0.3113,0.2681,0.401,-0.4041,-0.0746
Pemukiman_37,Pemukiman,0.093,0.1165,0.1199,0.2334,0.2573,0.3213,-0.3341,0.0487
Pemukiman_37,Pemukiman,0.0714,0.0881,0.0921,0.1993,0.2573,0.3679,-0.3869,0.127
Pemukiman_37,Pemukiman,0.0634,0.0751,0.0824,0.1907,0.2391,0.3966,-0.4349,0.1126
Pemukiman_37,Pemukiman,0.0616,0.0831,0.0815,0.2311,0.2391,0.4786,-0.471,0.017
Pemukiman_37,Pemukiman,0.1224,0.1359,0.1392,0.2405,0.2812,0.2668,-0.2779,0.078
Pemukiman_37,Pemukiman,0.1184,0.1476,0.1655,0.2446,0.2812,0.1929,-0.2473,0.0696
Pemukiman_37,Pemukiman,0.0963,0.1183,0.131,0.203,0.2834,0.2156,-0.2636,0.1653
Pemukiman_37,Pemukiman,0.0981,0.1135,0.1236,0.1814,0.2834,0.1895,-0.2302,0.2194
Pemukiman_37,Pemukiman,0.1033,0.123,0.1296,0.2174,0.3036,0.253,-0.2773,0.1655
Pemukiman_37,Pemukiman,0.0567,0.0788,0.0791,0.2495,0.2681,0.5186,-0.5199,0.0359
Pemukiman_37,Pemukiman,0.0911,0.1143,0.1166,0.2717,0.2681,0.3994,-0.4078,-0.0067
Pemukiman_37,Pemukiman,0.1111,0.1326,0.144,0.2384,0.2573,0.2469,-0.2852,0.0381
Pemukiman_37,Pemukiman,0.0538,0.079,0.0813,0.2193,0.2573,0.4591,-0.4703,0.0797
Pemukiman_37,Pemukiman,0.0527,0.0688,0.0648,0.2155,0.2391,0.5376,-0.516,0.0519
Pemukiman_37,Pemukiman,0.0622,0.0805,0.0696,0.2485,0.2391,0.5624,-0.5106,-0.0193
Pemukiman_37,Pemukiman,0.0948,0.1146,0.129,0.2454,0.2812,0.3109,-0.3633,0.068
Pemukiman_37,Pemukiman,0.0977,0.1234,0.1743,0.2507,0.2812,0.1798,-0.3403,0.0573
Pemukiman_37,Pemukiman,0.0862,0.1035,0.1298,0.1957,0.2834,0.2025,-0.3082,0.1831
Pemukiman_37,Pemukiman,0.0911,0.1116,0.1407,0.1979,0.2834,0.1689,-0.2788,0.1776
Pemukiman_37,Pemukiman,0.1011,0.123,0.1531,0.1971,0.2503,0.1256,-0.2315,0.1189
Pemukiman_37,Pemukiman,0.1034,0.1174,0.1257,0.171,0.2503,0.1527,-0.1859,0.1882
Pemukiman_37,Pemukiman,0.0944,0.103,0.1045,0.1764,0.2191,0.256,-0.2627,0.108
Pemukiman_37,Pemukiman,0.1016,0.1121,0.127,0.1906,0.2752,0.2003,-0.2593,0.1816
Pemukiman_37,Pemukiman,0.0776,0.0939,0.0928,0.1946,0.2809,0.3542,-0.349,0.1815
Pemukiman_37,Pemukiman,0.0812,0.0989,0.1185,0.2112,0.2809,0.2812,-0.3621,0.1416
Pemukiman_37,Pemukiman,0.1014,0.1311,0.1754,0.244,0.2822,0.1636,-0.301,0.0726
Pemukiman_37,Pemukiman,0.102,0.1216,0.1343,0.25,0.2822,0.3011,-0.3455,0.0605
Pemukiman_37,Pemukiman,0.0591,0.0737,0.0701,0.218,0.2432,0.5134,-0.4947,0.0546
Pemukiman_37,Pemukiman,0.0448,0.0654,0.0541,0.2346,0.2432,0.6252,-0.564,0.018
Pemukiman_37,Pemukiman,0.0583,0.0772,0.0979,0.2311,0.2659,0.4049,-0.4992,0.07
Pemukiman_37,Pemukiman,0.0737,0.1019,0.1488,0.2179,0.2659,0.1884,-0.3627,0.0992
Pemukiman_37,Pemukiman,0.0823,0.0922,0.1159,0.1733,0.2768,0.1985,-0.3055,0.2299
Pemukiman_37,Pemukiman,0.0931,0.1141,0.1494,0.1952,0.2768,0.1329,-0.2622,0.1729
Pemukiman_37,Pemukiman,0.1005,0.1261,0.16,0.1979,0.2645,0.1059,-0.2216,0.144
Pemukiman_37,Pemukiman,0.1112,0.1292,0.1364,0.1774,0.2645,0.1307,-0.1572,0.1971
Pemukiman_37,Pemukiman,0.126,0.1464,0.1586,0.2069,0.2639,0.1321,-0.1712,0.1211
Pemukiman_37,Pemukiman,0.1083,0.1202,0.1261,0.2307,0.2639,0.2932,-0.3149,0.0671
Pemukiman_37,Pemukiman,0.0822,0.0995,0.09,0.2195,0.2451,0.4184,-0.3762,0.0551
Pemukiman_37,Pemukiman,0.1289,0.1465,0.1479,0.2598,0.2451,0.2745,-0.2789,-0.0291
Pemukiman_37,Pemukiman,0.0981,0.1166,0.14,0.2046,0.2809,0.1875,-0.274,0.1572
Pemukiman_37,Pemukiman,0.126,0.1499,0.1904,0.2317,0.2822,0.0978,-0.2144,0.0983
Pemukiman_37,Pemukiman,0.1237,0.1428,0.1555,0.2122,0.2822,0.1542,-0.1955,0.1416
Pemukiman_37,Pemukiman,0.0612,0.0723,0.0776,0.1666,0.2432,0.3645,-0.3947,0.1869
Pemukiman_37,Pemukiman,0.0649,0.0779,0.08,0.1893,0.2432,0.4059,-0.4169,0.1246
Pemukiman_37,Pemukiman,0.0875,0.1027,0.111,0.2096,0.2659,0.3075,-0.3423,0.1184
Pemukiman_37,Pemukiman,0.0891,0.1086,0.1266,0.2081,0.2659,0.2435,-0.3142,0.1219
Pemukiman_37,Pemukiman,0.0767,0.0922,0.092,0.1988,0.2768,0.3673,-0.3663,0.164
Pemukiman_37,Pemukiman,0.0885,0.1034,0.1127,0.2084,0.2768,0.298,-0.3368,0.141
Pemukiman_37,Pemukiman,0.0839,0.1038,0.1136,0.1923,0.2645,0.2573,-0.2989,0.1581
Pemukiman_37,Pemukiman,0.0789,0.0865,0.0898,0.1713,0.2645,0.3121,-0.3289,0.2139
Pemukiman_37,Pemukiman,0.0839,0.1006,0.1338,0.1937,0.2639,0.1829,-0.3163,0.1534
Pemukiman_37,Pemukiman,0.104,0.131,0.1584,0.231,0.2639,0.1864,-0.2762,0.0665
Pemukiman_37,Pemukiman,0.0883,0.1033,0.099,0.2218,0.2451,0.3828,-0.3645,0.0499
Pemukiman_37,Pemukiman,0.1071,0.1176,0.1162,0.2686,0.2451,0.396,-0.391,-0.0457
Pemukiman_37,Pemukiman,0.127,0.1498,0.1521,0.2724,0.2302,0.2834,-0.2904,-0.084
Pemukiman_37,Pemukiman,0.0616,0.0732,0.0802,0.1639,0.2501,0.3429,-0.3825,0.2082
Pemukiman_37,Pemukiman,0.0814,0.0948,0.0998,0.1812,0.2501,0.2897,-0.313,0.1597
Pemukiman_37,Pemukiman,0.1024,0.1151,0.1204,0.1846,0.247,0.2105,-0.2319,0.1446
Pemukiman_37,Pemukiman,0.0817,0.0945,0.0961,0.1771,0.247,0.2965,-0.3041,0.1648
Pemukiman_37,Pemukiman,0.0518,0.0684,0.066,0.2079,0.2277,0.5181,-0.5049,0.0455
Pemukiman_37,Pemukiman,0.0616,0.0794,0.0759,0.2349,0.2277,0.5116,-0.4947,-0.0156
Pemukiman_37,Pemukiman,0.061,0.0823,0.0778,0.2395,0.2175,0.5096,-0.4885,-0.0481
Pemukiman_37,Pemukiman,0.0532,0.0707,0.0658,0.2546,0.2175,0.5893,-0.5653,-0.0786
Pemukiman_37,Pemukiman,0.0627,0.0846,0.111,0.2265,0.2428,0.3422,-0.4561,0.0347
Pemukiman_37,Pemukiman,0.0885,0.1126,0.1359,0.2224,0.2428,0.2414,-0.3278,0.0439
Pemukiman_37,Pemukiman,0.0961,0.1094,0.1104,0.21,0.2379,0.3109,-0.315,0.0623
Pemukiman_37,Pemukiman,0.115,0.1404,0.146,0.2539,0.2379,0.2698,-0.2879,-0.0325
Pemukiman_37,Pemukiman,0.0934,0.1218,0.1114,0.3044,0.1912,0.4642,-0.4284,-0.2284
Pemukiman_37,Pemukiman,0.0889,0.0992,0.1067,0.1682,0.247,0.2237,-0.258,0.1898
Pemukiman_37,Pemukiman,0.0685,0.0814,0.0878,0.1801,0.247,0.3445,-0.3774,0.1566
Pemukiman_37,Pemukiman,0.0592,0.0783,0.0776,0.2219,0.2277,0.4818,-0.4783,0.0129
Pemukiman_37,Pemukiman,0.0745,0.0916,0.0831,0.231,0.2277,0.4709,-0.4321,-0.0072
Pemukiman_37,Pemukiman,0.0638,0.079,0.0771,0.2452,0.2175,0.5216,-0.5126,-0.0599
Pemukiman_37,Pemukiman,0.041,0.0593,0.0461,0.2861,0.2175,0.7225,-0.6566,-0.1362
Pemukiman_37,Pemukiman,0.0505,0.0697,0.0721,0.253,0.2428,0.5564,-0.568,-0.0206
Pemukiman_37,Pemukiman,0.0533,0.0748,0.0767,0.2348,0.2428,0.5075,-0.5168,0.0168
Pemukiman_37,Pemukiman,0.0776,0.0959,0.0932,0.2403,0.2379,0.4411,-0.4295,-0.005
Pemukiman_37,Pemukiman,0.0979,0.1194,0.1201,0.2742,0.2379,0.3908,-0.3933,-0.0709
Pemukiman_37,Pemukiman,0.052,0.0785,0.0665,0.3045,0.1912,0.6415,-0.5901,-0.2286
Pemukiman_37,Pemukiman,0.0682,0.0851,0.081,0.2527,0.2033,0.5145,-0.4962,-0.1083
Pemukiman_37,Pemukiman,0.0648,0.0848,0.0782,0.2491,0.2046,0.5221,-0.4921,-0.0981
Pemukiman_37,Pemukiman,0.0521,0.0672,0.0636,0.2676,0.2046,0.6159,-0.5986,-0.1334
Pemukiman_37,Pemukiman,0.0649,0.0855,0.0801,0.26,0.2186,0.529,-0.5051,-0.0865
Pemukiman_37,Pemukiman,0.0557,0.0784,0.0704,0.2659,0.2186,0.5813,-0.5446,-0.0976
Pemukiman_37,Pemukiman,0.0703,0.0866,0.0836,0.2612,0.2289,0.5151,-0.502,-0.0659
Pemukiman_37,Pemukiman,0.0777,0.0914,0.0912,0.2812,0.2289,0.5102,-0.5094,-0.1025
Pemukiman_37,Pemukiman,0.0828,0.0991,0.1005,0.2676,0.2186,0.454,-0.4595,-0.1008
Pemukiman_37,Pemukiman,0.073,0.0924,0.0895,0.2703,0.2186,0.5025,-0.4905,-0.1057
Pemukiman_37,Pemukiman,0.1175,0.1343,0.1393,0.2702,0.2289,0.3197,-0.336,-0.0827
Pemukiman_37,Pemukiman,0.1331,0.1591,0.1611,0.2495,0.2289,0.2153,-0.2212,-0.0431
Pemukiman_38,Pemukiman,0.0947,0.1144,0.126,0.2062,0.2752,0.2414,-0.2863,0.1433
Pemukiman_38,Pemukiman,0.101,0.1232,0.1247,0.2092,0.2809,0.2531,-0.2587,0.1463
Pemukiman_38,Pemukiman,0.0986,0.1136,0.1229,0.2243,0.2659,0.292,-0.3276,0.0849
Pemukiman_38,Pemukiman,0.1258,0.1386,0.1507,0.2248,0.2988,0.1973,-0.2372,0.1413
Pemukiman_38,Pemukiman,0.1323,0.1428,0.1556,0.2163,0.2988,0.1632,-0.2047,0.1602
Pemukiman_38,Pemukiman,0.1019,0.1154,0.132,0.1923,0.2725,0.1859,-0.2499,0.1725
Pemukiman_38,Pemukiman,0.0962,0.11,0.1171,0.1758,0.2725,0.2004,-0.2302,0.2157
Pemukiman_38,Pemukiman,0.0616,0.0732,0.0802,0.1639,0.2501,0.3429,-0.3825,0.2082
Pemukiman_38,Pemukiman,0.1291,0.1569,0.1649,0.2506,0.2659,0.2063,-0.2299,0.0296
Pemukiman_38,Pemukiman,0.1048,0.132,0.1381,0.237,0.2659,0.2637,-0.2846,0.0575
Pemukiman_38,Pemukiman,0.0969,0.117,0.1346,0.2034,0.2988,0.2035,-0.2697,0.19
Pemukiman_38,Pemukiman,0.1031,0.1247,0.1343,0.2002,0.2988,0.197,-0.2324,0.1976
Pemukiman_38,Pemukiman,0.08,0.0929,0.1075,0.1718,0.2725,0.2302,-0.2981,0.2266
Pemukiman_38,Pemukiman,0.0908,0.1028,0.1072,0.1633,0.2725,0.2074,-0.2274,0.2506
Pemukiman_38,Pemukiman,0.0697,0.0828,0.083,0.1719,0.2501,0.3488,-0.3498,0.1853
Pemukiman_38,Pemukiman,0.0843,0.0963,0.1019,0.1799,0.2501,0.2768,-0.3027,0.1633
Pemukiman_38,Pemukiman,0.0889,0.0992,0.1067,0.1682,0.247,0.2237,-0.258,0.1898
Pemukiman_38,Pemukiman,0.0918,0.111,0.1137,0.243,0.2433,0.3625,-0.3729,0.0006
Pemukiman_38,Pemukiman,0.1008,0.1168,0.1245,0.2342,0.2433,0.3058,-0.3345,0.0191
Pemukiman_38,Pemukiman,0.089,0.1008,0.1151,0.1833,0.2651,0.2286,-0.2904,0.1824
Pemukiman_38,Pemukiman,0.1021,0.1172,0.1302,0.1932,0.2651,0.1948,-0.2448,0.1569
Pemukiman_38,Pemukiman,0.0828,0.0975,0.0997,0.196,0.2304,0.3257,-0.3356,0.0807
Pemukiman_38,Pemukiman,0.0722,0.0873,0.0859,0.1798,0.2304,0.3534,-0.3463,0.1234
Pemukiman_38,Pemukiman,0.0712,0.0833,0.0858,0.1622,0.235,0.3081,-0.3214,0.1833
Pemukiman_38,Pemukiman,0.0794,0.0906,0.0927,0.1659,0.235,0.2831,-0.2936,0.1724
Pemukiman_38,Pemukiman,0.0822,0.0927,0.0967,0.1903,0.2351,0.3261,-0.3449,0.1053
Pemukiman_38,Pemukiman,0.0717,0.0861,0.0825,0.2067,0.2433,0.4295,-0.4119,0.0813
Pemukiman_38,Pemukiman,0.0828,0.1013,0.1047,0.2001,0.2433,0.313,-0.3278,0.0974
Pemukiman_38,Pemukiman,0.0899,0.1019,0.1099,0.1875,0.2651,0.2609,-0.2958,0.1715
Pemukiman_38,Pemukiman,0.0876,0.1044,0.101,0.2227,0.2651,0.376,-0.3617,0.0869
Pemukiman_38,Pemukiman,0.0616,0.0814,0.071,0.2566,0.2304,0.5665,-0.5183,-0.0538
Pemukiman_38,Pemukiman,0.0525,0.069,0.056,0.2496,0.2304,0.6335,-0.5669,-0.04
Pemukiman_38,Pemukiman,0.0623,0.0787,0.0737,0.2246,0.235,0.5059,-0.481,0.0226
Pemukiman_38,Pemukiman,0.0659,0.0773,0.0762,0.2085,0.235,0.4647,-0.4591,0.0598
Pemukiman_38,Pemukiman,0.0594,0.0724,0.072,0.2285,0.2351,0.5208,-0.5188,0.0142
Pemukiman_38,Pemukiman,0.0583,0.0757,0.0688,0.2514,0.1997,0.5703,-0.5371,-0.1146
Pemukiman_38,Pemukiman,0.0621,0.081,0.0769,0.2477,0.1977,0.5262,-0.5071,-0.1123
Pemukiman_38,Pemukiman,0.0517,0.0722,0.0577,0.2738,0.1977,0.6519,-0.5827,-0.1614
Pemukiman_40,Pemukiman,0.0713,0.0835,0.0919,0.1956,0.2366,0.3607,-0.4016,0.0949
Pemukiman_40,Pemukiman,0.0802,0.0971,0.1062,0.1779,0.2366,0.2524,-0.2938,0.1416
Pemukiman_40,Pemukiman,0.05,0.0674,0.0615,0.2102,0.2062,0.5473,-0.5144,-0.0096
Pemukiman_40,Pemukiman,0.0649,0.0798,0.0899,0.1682,0.2748,0.3034,-0.3565,0.2406
Pemukiman_40,Pemukiman,0.0762,0.0923,0.1047,0.1691,0.2748,0.2352,-0.2938,0.2381
Pemukiman_40,Pemukiman,0.1113,0.1268,0.1326,0.1897,0.2695,0.1772,-0.1987,0.1738
Pemukiman_40,Pemukiman,0.0861,0.0977,0.1022,0.1898,0.2695,0.3,-0.3203,0.1735
Pemukiman_40,Pemukiman,0.0621,0.0799,0.0765,0.2046,0.2223,0.4557,-0.4383,0.0415
Pemukiman_40,Pemukiman,0.0789,0.0923,0.0946,0.1949,0.2223,0.3465,-0.3572,0.0657
Pemukiman_40,Pemukiman,0.0611,0.0756,0.0762,0.1847,0.2062,0.4159,-0.4191,0.055
Pemukiman_40,Pemukiman,0.0942,0.1077,0.1213,0.177,0.2748,0.1867,-0.2434,0.2165
Pemukiman_40,Pemukiman,0.0977,0.1131,0.1278,0.1818,0.2748,0.1744,-0.233,0.2037
Pemukiman_40,Pemukiman,0.0835,0.109,0.1216,0.1716,0.2695,0.1705,-0.2231,0.2219
Pemukiman_40,Pemukiman,0.0589,0.0859,0.0958,0.2021,0.2695,0.3568,-0.4035,0.1429
Pemukiman_40,Pemukiman,0.0551,0.0744,0.0681,0.2454,0.2223,0.5655,-0.5347,-0.0494
Pemukiman_40,Pemukiman,0.0842,0.1008,0.0958,0.1803,0.2223,0.306,-0.2828,0.1043
Pemukiman_40,Pemukiman,0.1138,0.124,0.1246,0.1644,0.2198,0.1377,-0.1401,0.1442
Pemukiman_40,Pemukiman,0.0965,0.1103,0.1097,0.1598,0.2198,0.1859,-0.1833,0.1581
Pemukiman_40,Pemukiman,0.122,0.1357,0.1399,0.1987,0.2458,0.1737,-0.1884,0.106
Pemukiman_40,Pemukiman,0.045,0.0563,0.0582,0.1636,0.242,0.4752,-0.4879,0.1933
Pemukiman_40,Pemukiman,0.0564,0.0652,0.0725,0.1512,0.242,0.3518,-0.3974,0.2309
Pemukiman_40,Pemukiman,0.0998,0.11,0.1199,0.1685,0.2919,0.1685,-0.2101,0.268
Pemukiman_40,Pemukiman,0.1156,0.1302,0.1425,0.1936,0.2919,0.152,-0.1958,0.2025
Pemukiman_40,Pemukiman,0.0909,0.1108,0.1248,0.1942,0.2886,0.2176,-0.2734,0.1955
Pemukiman_40,Pemukiman,0.0687,0.1004,0.1091,0.2512,0.2886,0.3944,-0.4289,0.0693
Pemukiman_40,Pemukiman,0.0588,0.0801,0.0734,0.2551,0.2529,0.5531,-0.5221,-0.0043
Pemukiman_40,Pemukiman,0.109,0.1189,0.1274,0.1841,0.2529,0.182,-0.2152,0.1574
Pemukiman_40,Pemukiman,0.1339,0.1531,0.1661,0.2048,0.2436,0.1043,-0.1445,0.0865
Pemukiman_40,Pemukiman,0.0838,0.0994,0.1044,0.1648,0.2436,0.2244,-0.2475,0.1929
Pemukiman_40,Pemukiman,0.1099,0.1261,0.1343,0.2,0.2627,0.1965,-0.2266,0.1355
Pemukiman_40,Pemukiman,0.1292,0.1472,0.1512,0.2246,0.2627,0.1953,-0.2082,0.0782
Pemukiman_40,Pemukiman,0.1576,0.1719,0.1792,0.2306,0.2847,0.1254,-0.1458,0.105
Pemukiman_40,Pemukiman,0.1362,0.1547,0.1576,0.1985,0.2847,0.1149,-0.124,0.1784
Pemukiman_40,Pemukiman,0.0538,0.0681,0.0723,0.1492,0.242,0.3472,-0.3732,0.2372
Pemukiman_40,Pemukiman,0.0532,0.0651,0.0773,0.1382,0.242,0.2826,-0.3596,0.273
Pemukiman_40,Pemukiman,0.0616,0.0796,0.0972,0.1488,0.2919,0.2098,-0.303,0.3247
Pemukiman_40,Pemukiman,0.1009,0.1144,0.1287,0.1844,0.2919,0.1779,-0.2343,0.2257
Pemukiman_40,Pemukiman,0.1121,0.1365,0.1392,0.2115,0.2886,0.2062,-0.2155,0.1542
Pemukiman_40,Pemukiman,0.0886,0.1042,0.1145,0.21,0.2886,0.2943,-0.3367,0.1576
Pemukiman_40,Pemukiman,0.0776,0.092,0.0938,0.1996,0.2529,0.3606,-0.369,0.1178
Pemukiman_40,Pemukiman,0.134,0.1423,0.1473,0.1926,0.2529,0.1333,-0.1502,0.1354
Pemukiman_40,Pemukiman,0.1596,0.1718,0.1823,0.2385,0.2436,0.1336,-0.1626,0.0106
Pemukiman_40,Pemukiman,0.0788,0.0916,0.0991,0.2012,0.2436,0.34,-0.3743,0.0953
Pemukiman_40,Pemukiman,0.0749,0.0894,0.0973,0.2038,0.2627,0.3537,-0.3902,0.1263
Pemukiman_40,Pemukiman,0.0956,0.1162,0.1236,0.2123,0.2627,0.2641,-0.2925,0.1061
Pemukiman_40,Pemukiman,0.1672,0.1771,0.2089,0.2477,0.2847,0.085,-0.1662,0.0695
Pemukiman_40,Pemukiman,0.1448,0.164,0.1758,0.2185,0.2847,0.1083,-0.1425,0.1316
Pemukiman_40,Pemukiman,0.1008,0.1136,0.1249,0.1924,0.2518,0.2127,-0.2575,0.1337
Pemukiman_40,Pemukiman,0.0928,0.1078,0.1135,0.2247,0.2518,0.3288,-0.3516,0.0569
Pemukiman_40,Pemukiman,0.0858,0.1035,0.1121,0.2153,0.2436,0.3152,-0.3507,0.0617
Pemukiman_40,Pemukiman,0.1011,0.1102,0.1245,0.1833,0.2704,0.191,-0.2491,0.192
Pemukiman_40,Pemukiman,0.1058,0.1146,0.1235,0.1757,0.278,0.1745,-0.2105,0.2255
Pemukiman_40,Pemukiman,0.0927,0.1091,0.1185,0.1666,0.278,0.1687,-0.2086,0.2506
Pemukiman_40,Pemukiman,0.1106,0.1245,0.1348,0.1954,0.2683,0.1835,-0.2216,0.1572
Pemukiman_40,Pemukiman,0.0747,0.0836,0.105,0.1632,0.2683,0.217,-0.3225,0.2436
Pemukiman_40,Pemukiman,0.0649,0.0768,0.0936,0.1508,0.2529,0.234,-0.3251,0.2529
Pemukiman_40,Pemukiman,0.0734,0.0861,0.099,0.1533,0.2529,0.2152,-0.2807,0.2452
Pemukiman_40,Pemukiman,0.101,0.114,0.1192,0.1908,0.2583,0.231,-0.252,0.1503
Pemukiman_40,Pemukiman,0.0964,0.1094,0.1101,0.2239,0.2583,0.3407,-0.3435,0.0713
Pemukiman_40,Pemukiman,0.068,0.0859,0.0859,0.2304,0.2856,0.4568,-0.4568,0.107
Pemukiman_40,Pemukiman,0.099,0.1142,0.1258,0.2294,0.2856,0.2917,-0.3353,0.1091
Pemukiman_40,Pemukiman,0.1541,0.1708,0.1858,0.2486,0.2878,0.1446,-0.1855,0.0731
Pemukiman_40,Pemukiman,0.1323,0.1518,0.1629,0.2216,0.2878,0.1527,-0.1869,0.13
Pemukiman_40,Pemukiman,0.0898,0.1002,0.1157,0.2103,0.2431,0.2902,-0.3546,0.0723
Pemukiman_40,Pemukiman,0.0626,0.0848,0.0767,0.2437,0.2431,0.5212,-0.4837,-0.0012
Pemukiman_40,Pemukiman,0.0856,0.1044,0.1132,0.2232,0.2434,0.327,-0.3626,0.0433
Pemukiman_40,Pemukiman,0.0853,0.1068,0.1333,0.2019,0.2434,0.2047,-0.3081,0.0932
Pemukiman_40,Pemukiman,0.0757,0.0948,0.0907,0.1996,0.2683,0.3751,-0.356,0.1468
Pemukiman_40,Pemukiman,0.0748,0.0892,0.1031,0.1843,0.2683,0.2825,-0.3477,0.1856
Pemukiman_40,Pemukiman,0.0731,0.0872,0.103,0.1595,0.2529,0.2152,-0.2931,0.2265
Pemukiman_40,Pemukiman,0.0613,0.0708,0.0823,0.1371,0.2529,0.2498,-0.3189,0.2969
Pemukiman_40,Pemukiman,0.0723,0.0862,0.1016,0.1453,0.2583,0.177,-0.2553,0.28
Pemukiman_40,Pemukiman,0.088,0.1062,0.1154,0.1765,0.2583,0.2093,-0.2487,0.1881
Pemukiman_40,Pemukiman,0.0622,0.0778,0.0879,0.1805,0.2856,0.345,-0.3976,0.2255
Pemukiman_40,Pemukiman,0.0923,0.1167,0.1283,0.2072,0.2856,0.2352,-0.2794,0.1591
Pemukiman_40,Pemukiman,0.1318,0.1495,0.1527,0.2276,0.2878,0.1969,-0.2071,0.1168
Pemukiman_40,Pemukiman,0.1173,0.1348,0.1399,0.2242,0.2878,0.2315,-0.249,0.1242
Pemukiman_40,Pemukiman,0.0881,0.1055,0.0999,0.229,0.2431,0.3925,-0.3692,0.0299
Pemukiman_40,Pemukiman,0.0659,0.084,0.0846,0.2517,0.2431,0.4969,-0.4996,-0.0174
Pemukiman_40,Pemukiman,0.0861,0.1091,0.1307,0.232,0.2434,0.2793,-0.3603,0.024
Pemukiman_40,Pemukiman,0.0883,0.1024,0.1077,0.2015,0.2361,0.3034,-0.3261,0.0791
Pemukiman_40,Pemukiman,0.0725,0.0856,0.0876,0.1725,0.2361,0.3264,-0.3367,0.1557
Pemukiman_40,Pemukiman,0.0799,0.094,0.102,0.182,0.2632,0.2817,-0.3188,0.1824
Pemukiman_40,Pemukiman,0.1016,0.1183,0.1269,0.1758,0.2632,0.1615,-0.1955,0.1991
Pemukiman_40,Pemukiman,0.0846,0.0964,0.1109,0.1606,0.2805,0.1831,-0.2498,0.2718
Pemukiman_40,Pemukiman,0.1056,0.125,0.1391,0.1908,0.2805,0.1567,-0.2084,0.1903
Pemukiman_40,Pemukiman,0.0944,0.1092,0.1232,0.1935,0.2581,0.222,-0.2785,0.143
Pemukiman_40,Pemukiman,0.077,0.0939,0.0995,0.1827,0.2581,0.2948,-0.321,0.1711
Pemukiman_40,Pemukiman,0.0921,0.115,0.1091,0.2106,0.2377,0.3175,-0.2936,0.0605
Pemukiman_40,Pemukiman,0.0947,0.1154,0.123,0.2408,0.2377,0.3238,-0.352,-0.0065
Pemukiman_40,Pemukiman,0.1063,0.1356,0.1561,0.2443,0.2552,0.2203,-0.2861,0.0218
Pemukiman_40,Pemukiman,0.0815,0.0987,0.0925,0.2091,0.2632,0.3866,-0.3587,0.1145
Pemukiman_40,Pemukiman,0.1287,0.1419,0.1482,0.2037,0.2632,0.1577,-0.1788,0.1274
Pemukiman_40,Pemukiman,0.1163,0.1268,0.1326,0.1851,0.2805,0.1652,-0.1869,0.2049
Pemukiman_40,Pemukiman,0.1238,0.1344,0.1386,0.203,0.2805,0.1885,-0.2033,0.1603
Pemukiman_40,Pemukiman,0.0745,0.0976,0.1016,0.1847,0.2581,0.2903,-0.3085,0.1658
Pemukiman_40,Pemukiman,0.0688,0.0845,0.0889,0.1697,0.2581,0.3125,-0.3352,0.2066
Pemukiman_40,Pemukiman,0.0911,0.1094,0.1053,0.2239,0.2377,0.3603,-0.3435,0.0299
Pemukiman_40,Pemukiman,0.0826,0.1085,0.1038,0.2588,0.2377,0.4275,-0.4092,-0.0425
Pemukiman_40,Pemukiman,0.1357,0.1575,0.1616,0.252,0.2552,0.2186,-0.2308,0.0063
Pemukiman_40,Pemukiman,0.0865,0.1022,0.1082,0.1891,0.2519,0.2721,-0.2983,0.1424
Pemukiman_40,Pemukiman,0.0769,0.0942,0.0938,0.1939,0.2254,0.3479,-0.3461,0.0751
Pemukiman_40,Pemukiman,0.0707,0.0875,0.0889,0.2347,0.2254,0.4506,-0.4569,-0.0202
Pemukiman_42,Pemukiman,0.0413,0.0632,0.0493,0.2759,0.2104,0.6968,-0.6272,-0.1347
Pemukiman_42,Pemukiman,0.0412,0.0637,0.057,0.2448,0.2104,0.6223,-0.587,-0.0756
Pemukiman_42,Pemukiman,0.0598,0.0751,0.0711,0.2215,0.2344,0.514,-0.4936,0.0283
Pemukiman_42,Pemukiman,0.0895,0.1128,0.1086,0.2427,0.2648,0.3817,-0.3654,0.0435
Pemukiman_42,Pemukiman,0.1094,0.1345,0.1371,0.2459,0.2648,0.2841,-0.2928,0.037
Pemukiman_42,Pemukiman,0.0936,0.1134,0.1151,0.2539,0.2734,0.3762,-0.3825,0.037
Pemukiman_42,Pemukiman,0.0829,0.1135,0.1039,0.2633,0.2734,0.4341,-0.3976,0.0188
Pemukiman_42,Pemukiman,0.0576,0.0826,0.0684,0.2563,0.2547,0.5787,-0.5125,-0.0031
Pemukiman_42,Pemukiman,0.0625,0.08,0.0806,0.204,0.2344,0.4336,-0.4366,0.0693
Pemukiman_42,Pemukiman,0.1055,0.1203,0.1319,0.1934,0.2648,0.1891,-0.233,0.1558
Pemukiman_42,Pemukiman,0.1466,0.17,0.1821,0.2291,0.2648,0.1143,-0.1481,0.0723
Pemukiman_42,Pemukiman,0.1308,0.1528,0.1659,0.225,0.2734,0.1512,-0.1911,0.0971
Pemukiman_42,Pemukiman,0.1108,0.1291,0.1397,0.2172,0.2734,0.2171,-0.2544,0.1146
Pemukiman_42,Pemukiman,0.0794,0.1076,0.1322,0.2252,0.2547,0.2602,-0.3534,0.0615
Pemukiman_42,Pemukiman,0.0908,0.1128,0.1223,0.2396,0.2547,0.3241,-0.3598,0.0305
Pemukiman_42,Pemukiman,0.0685,0.0881,0.08,0.2596,0.2173,0.5289,-0.4932,-0.0887
Pemukiman_42,Pemukiman,0.0482,0.068,0.0618,0.2566,0.2173,0.6118,-0.581,-0.0829
Pemukiman_42,Pemukiman,0.0449,0.0673,0.0556,0.2644,0.2124,0.6525,-0.5942,-0.1091
Pemukiman_42,Pemukiman,0.0472,0.0686,0.073,0.2391,0.2149,0.5322,-0.5541,-0.0533
Pemukiman_42,Pemukiman,0.0542,0.0694,0.0698,0.2431,0.2149,0.5538,-0.5558,-0.0616
Pemukiman_42,Pemukiman,0.0593,0.0795,0.0756,0.2066,0.2048,0.4642,-0.4442,-0.0044
Pemukiman_42,Pemukiman,0.0967,0.1145,0.1198,0.1746,0.2465,0.1861,-0.2079,0.1707
Pemukiman_42,Pemukiman,0.1257,0.1411,0.1533,0.1967,0.2465,0.124,-0.1646,0.1124
Pemukiman_42,Pemukiman,0.1101,0.1331,0.1683,0.2148,0.275,0.1214,-0.2348,0.1229
Pemukiman_42,Pemukiman,0.0906,0.1123,0.1456,0.196,0.275,0.1475,-0.2715,0.1677
Pemukiman_42,Pemukiman,0.0698,0.0918,0.1344,0.1903,0.2883,0.1722,-0.3492,0.2048
Pemukiman_42,Pemukiman,0.0977,0.1155,0.1385,0.2018,0.2883,0.186,-0.272,0.1765
Pemukiman_42,Pemukiman,0.0828,0.1,0.1138,0.2278,0.2772,0.3337,-0.3899,0.0978
Pemukiman_42,Pemukiman,0.087,0.1044,0.1033,0.2212,0.2772,0.3633,-0.3587,0.1124
Pemukiman_42,Pemukiman,0.0672,0.0857,0.0831,0.2419,0.2533,0.4886,-0.4768,0.023
Pemukiman_42,Pemukiman,0.0484,0.0717,0.0699,0.2496,0.2533,0.5624,-0.5537,0.0074
Pemukiman_42,Pemukiman,0.0586,0.0817,0.1063,0.223,0.2412,0.3544,-0.4637,0.0392
Pemukiman_42,Pemukiman,0.0714,0.0936,0.1128,0.2411,0.2412,0.3625,-0.4407,0.0002
Pemukiman_42,Pemukiman,0.0551,0.08,0.0647,0.2865,0.2161,0.6315,-0.5634,-0.1401
Pemukiman_42,Pemukiman,0.0471,0.072,0.0554,0.2923,0.2161,0.6813,-0.6047,-0.1499
Pemukiman_42,Pemukiman,0.0483,0.0731,0.0654,0.2684,0.2282,0.6081,-0.5719,-0.081
Pemukiman_42,Pemukiman,0.0626,0.0858,0.0894,0.2495,0.2282,0.4724,-0.4882,-0.0446
Pemukiman_42,Pemukiman,0.0856,0.1056,0.1045,0.2263,0.2431,0.3682,-0.3637,0.0358
Pemukiman_42,Pemukiman,0.1102,0.1243,0.1194,0.1858,0.2465,0.2176,-0.1983,0.1404
Pemukiman_42,Pemukiman,0.1166,0.1254,0.1259,0.187,0.2465,0.1953,-0.1972,0.1373
Pemukiman_42,Pemukiman,0.0961,0.1158,0.142,0.1879,0.275,0.1391,-0.2374,0.1882
Pemukiman_42,Pemukiman,0.0818,0.0979,0.1164,0.1564,0.275,0.1466,-0.23,0.2749
Pemukiman_42,Pemukiman,0.0649,0.0825,0.1024,0.1515,0.2883,0.1934,-0.2949,0.311
Pemukiman_42,Pemukiman,0.0711,0.0885,0.1205,0.1772,0.2883,0.1905,-0.3338,0.2387
Pemukiman_42,Pemukiman,0.0736,0.0928,0.1226,0.1929,0.2772,0.2228,-0.3504,0.1793
Pemukiman_42,Pemukiman,0.0744,0.0898,0.1041,0.183,0.2772,0.2748,-0.3416,0.2047
Pemukiman_42,Pemukiman,0.085,0.1064,0.1127,0.2104,0.2533,0.3024,-0.3283,0.0925
Pemukiman_42,Pemukiman,0.0963,0.1176,0.1183,0.2354,0.2533,0.3311,-0.3337,0.0366
Pemukiman_42,Pemukiman,0.0643,0.0808,0.095,0.2122,0.2412,0.3815,-0.4485,0.064
Pemukiman_42,Pemukiman,0.0606,0.0804,0.0834,0.2627,0.2412,0.5181,-0.5313,-0.0427
Pemukiman_42,Pemukiman,0.0539,0.0802,0.0616,0.3061,0.2161,0.6649,-0.5848,-0.1723
Pemukiman_42,Pemukiman,0.0435,0.0691,0.0575,0.2976,0.2161,0.6761,-0.6231,-0.1587
Pemukiman_42,Pemukiman,0.047,0.0662,0.0584,0.264,0.2282,0.6377,-0.599,-0.0727
Pemukiman_42,Pemukiman,0.0818,0.0984,0.1008,0.243,0.2282,0.4136,-0.4235,-0.0314
Pemukiman_42,Pemukiman,0.1158,0.1348,0.1427,0.2326,0.2431,0.2395,-0.2662,0.0221
Pemukiman_42,Pemukiman,0.0773,0.0997,0.0905,0.238,0.2431,0.449,-0.4095,0.0106
Pemukiman_42,Pemukiman,0.0419,0.0659,0.053,0.301,0.2052,0.7006,-0.6408,-0.1893
Pemukiman_42,Pemukiman,0.0549,0.0783,0.0673,0.2573,0.2052,0.5853,-0.5334,-0.1126
Pemukiman_42,Pemukiman,0.0674,0.0846,0.0838,0.2398,0.1996,0.4821,-0.4784,-0.0915
Pemukiman_42,Pemukiman,0.0559,0.0765,0.0666,0.2708,0.1996,0.6052,-0.5595,-0.1514
Pemukiman_42,Pemukiman,0.0893,0.103,0.1117,0.1641,0.2067,0.19,-0.2288,0.1149
Pemukiman_42,Pemukiman,0.1025,0.107,0.1149,0.1524,0.2067,0.1403,-0.175,0.1512
Pemukiman_42,Pemukiman,0.094,0.1043,0.1136,0.161,0.2234,0.1726,-0.2137,0.1623
Pemukiman_42,Pemukiman,0.0729,0.0902,0.1101,0.1711,0.2234,0.2169,-0.3096,0.1326
Pemukiman_42,Pemukiman,0.0734,0.0911,0.1142,0.1757,0.2478,0.2121,-0.3171,0.1702
Pemukiman_42,Pemukiman,0.0709,0.0797,0.0955,0.1555,0.2478,0.239,-0.3223,0.2289
Pemukiman_42,Pemukiman,0.1049,0.1245,0.1394,0.1986,0.2532,0.1751,-0.2293,0.1208
Pemukiman_42,Pemukiman,0.1229,0.1464,0.1633,0.2413,0.2532,0.1928,-0.2448,0.0241
Pemukiman_42,Pemukiman,0.09,0.1109,0.1188,0.2225,0.2485,0.3038,-0.3347,0.0552
Pemukiman_42,Pemukiman,0.0642,0.0822,0.0864,0.2257,0.2485,0.4463,-0.4661,0.0481
Pemukiman_42,Pemukiman,0.0737,0.0921,0.0948,0.2727,0.2515,0.4841,-0.4951,-0.0404
Pemukiman_42,Pemukiman,0.0598,0.0848,0.0989,0.2658,0.2515,0.4576,-0.5163,-0.0276
Pemukiman_42,Pemukiman,0.064,0.0819,0.0895,0.2432,0.2627,0.462,-0.4962,0.0385
Pemukiman_42,Pemukiman,0.1171,0.1358,0.1378,0.2229,0.2627,0.2359,-0.2428,0.082
Pemukiman_42,Pemukiman,0.1294,0.1498,0.1548,0.239,0.2595,0.2138,-0.2294,0.0411
Pemukiman_42,Pemukiman,0.063,0.0871,0.0768,0.2735,0.2595,0.5615,-0.5169,-0.0263
Pemukiman_42,Pemukiman,0.034,0.0586,0.0453,0.3267,0.2073,0.7564,-0.6958,-0.2236
Pemukiman_42,Pemukiman,0.0706,0.0925,0.0823,0.2949,0.2073,0.5636,-0.5225,-0.1744
Pemukiman_42,Pemukiman,0.0912,0.1043,0.1201,0.2503,0.2096,0.3515,-0.4117,-0.0885
Pemukiman_42,Pemukiman,0.0651,0.0875,0.0845,0.2692,0.2096,0.5222,-0.5094,-0.1245
Pemukiman_42,Pemukiman,0.0813,0.0977,0.0993,0.1792,0.2234,0.2869,-0.2943,0.1098
Pemukiman_42,Pemukiman,0.085,0.1011,0.1084,0.1662,0.2478,0.2105,-0.2435,0.1971
Pemukiman_42,Pemukiman,0.1011,0.1087,0.1155,0.1586,0.2478,0.1572,-0.1867,0.2195
Pemukiman_42,Pemukiman,0.1186,0.1309,0.1418,0.1913,0.2532,0.1486,-0.1875,0.1393
Pemukiman_42,Pemukiman,0.1082,0.136,0.1567,0.2415,0.2532,0.213,-0.2795,0.0237
Pemukiman_42,Pemukiman,0.1028,0.1275,0.1346,0.2393,0.2485,0.28,-0.3048,0.0189
Pemukiman_42,Pemukiman,0.0692,0.0859,0.1031,0.1895,0.2485,0.2953,-0.3762,0.1347
Pemukiman_42,Pemukiman,0.0641,0.0809,0.1091,0.1783,0.2515,0.2408,-0.3758,0.1703
Pemukiman_42,Pemukiman,0.0663,0.0865,0.1187,0.2009,0.2515,0.2572,-0.3981,0.1118
Pemukiman_42,Pemukiman,0.0701,0.086,0.1009,0.2115,0.2627,0.354,-0.4218,0.108
Pemukiman_42,Pemukiman,0.1038,0.1203,0.1271,0.2044,0.2627,0.2332,-0.259,0.1248
Pemukiman_42,Pemukiman,0.1124,0.1315,0.1382,0.2165,0.2595,0.2207,-0.2443,0.0903
Pemukiman_42,Pemukiman,0.0561,0.0796,0.0676,0.2574,0.2595,0.584,-0.5276,0.0041
Pemukiman_42,Pemukiman,0.0352,0.0546,0.0376,0.3408,0.2073,0.8013,-0.7238,-0.2436
Pemukiman_42,Pemukiman,0.058,0.0795,0.0745,0.3144,0.2073,0.6169,-0.5963,-0.2053
Pemukiman_42,Pemukiman,0.0762,0.0969,0.1036,0.2886,0.2096,0.4717,-0.4973,-0.1586
Pemukiman_42,Pemukiman,0.0491,0.0717,0.0689,0.2905,0.2096,0.6166,-0.6041,-0.1618
Pemukiman_42,Pemukiman,0.0938,0.1087,0.1124,0.1728,0.2081,0.2118,-0.2277,0.0927
Pemukiman_42,Pemukiman,0.0732,0.0934,0.0958,0.19,0.2081,0.3296,-0.3409,0.0455
Pemukiman_42,Pemukiman,0.0687,0.0898,0.0903,0.2012,0.2139,0.3804,-0.3828,0.0306
Pemukiman_42,Pemukiman,0.0704,0.0899,0.1027,0.1788,0.2139,0.2703,-0.3309,0.0894
Pemukiman_42,Pemukiman,0.0882,0.1012,0.1221,0.1772,0.2378,0.1841,-0.273,0.146
Pemukiman_42,Pemukiman,0.064,0.0816,0.0958,0.1974,0.2378,0.3465,-0.4151,0.0928
Pemukiman_42,Pemukiman,0.0627,0.0792,0.0909,0.2054,0.2482,0.3864,-0.4434,0.0944
Pemukiman_42,Pemukiman,0.0727,0.09,0.105,0.1777,0.2482,0.2572,-0.3276,0.1655
Pemukiman_42,Pemukiman,0.0682,0.0835,0.0961,0.1753,0.2401,0.2918,-0.3547,0.156
Pemukiman_42,Pemukiman,0.0504,0.0705,0.0671,0.2121,0.2401,0.5193,-0.5011,0.0619
Pemukiman_42,Pemukiman,0.0371,0.0554,0.0466,0.2701,0.2188,0.7057,-0.6596,-0.1049
Pemukiman_42,Pemukiman,0.0483,0.0685,0.0593,0.2859,0.2188,0.6564,-0.6134,-0.133
Pemukiman_42,Pemukiman,0.0589,0.0761,0.0704,0.2527,0.1974,0.5642,-0.5371,-0.1229
Pemukiman_42,Pemukiman,0.0485,0.069,0.0594,0.2791,0.1974,0.649,-0.6036,-0.1715
Pemukiman_42,Pemukiman,0.0845,0.103,0.1093,0.1613,0.2139,0.1922,-0.2206,0.1402
Pemukiman_42,Pemukiman,0.0991,0.1123,0.1198,0.1727,0.2378,0.1809,-0.2119,0.1586
Pemukiman_42,Pemukiman,0.0656,0.085,0.0822,0.1963,0.2378,0.4097,-0.3957,0.0956
Pemukiman_42,Pemukiman,0.079,0.0949,0.1038,0.1962,0.2482,0.308,-0.348,0.117
Pemukiman_42,Pemukiman,0.1008,0.1204,0.1332,0.1676,0.2482,0.1144,-0.1639,0.1938
Pemukiman_42,Pemukiman,0.0711,0.0799,0.0904,0.1646,0.2401,0.291,-0.3464,0.1866
Pemukiman_42,Pemukiman,0.0618,0.0802,0.0863,0.1935,0.2401,0.3831,-0.414,0.1075
Pemukiman_42,Pemukiman,0.0524,0.0715,0.0668,0.2297,0.2188,0.5494,-0.5252,-0.0243
Pemukiman_42,Pemukiman,0.0598,0.0815,0.0948,0.2585,0.2188,0.4633,-0.5206,-0.0832
Pemukiman_42,Pemukiman,0.08,0.0965,0.1042,0.2152,0.1974,0.3475,-0.3808,-0.0431
Pemukiman_42,Pemukiman,0.0955,0.1027,0.1062,0.1819,0.2119,0.2628,-0.2783,0.0762
Pemukiman_42,Pemukiman,0.1117,0.1233,0.1264,0.1837,0.2119,0.1848,-0.1967,0.0713
Pemukiman_42,Pemukiman,0.0933,0.1072,0.1101,0.1635,0.2143,0.1952,-0.208,0.1345
Pemukiman_42,Pemukiman,0.0819,0.0989,0.1069,0.1833,0.2143,0.2633,-0.2991,0.078
Pemukiman_42,Pemukiman,0.0607,0.0842,0.0754,0.2225,0.2055,0.4938,-0.4509,-0.0397
Pemukiman_42,Pemukiman,0.0844,0.1089,0.1268,0.246,0.2055,0.3197,-0.3863,-0.0897
Pemukiman_42,Pemukiman,0.0969,0.1206,0.131,0.2296,0.1657,0.2734,-0.3112,-0.1616
Pemukiman_42,Pemukiman,0.0956,0.1078,0.1138,0.1713,0.2143,0.2017,-0.2275,0.1115
Pemukiman_42,Pemukiman,0.0929,0.1037,0.1087,0.1732,0.2143,0.2288,-0.251,0.1061
Pemukiman_42,Pemukiman,0.0751,0.0899,0.0864,0.1998,0.2055,0.3962,-0.3794,0.0141
Pemukiman_42,Pemukiman,0.106,0.1207,0.1262,0.2184,0.2055,0.2676,-0.2881,-0.0304
Pemukiman_42,Pemukiman,0.0765,0.0906,0.087,0.2084,0.1657,0.411,-0.394,-0.1141
Pemukiman_42,Pemukiman,0.083,0.0947,0.0931,0.1873,0.1866,0.3359,-0.3284,-0.0019
Pemukiman_45,Pemukiman,0.0265,0.0432,0.0261,0.2532,0.1729,0.8131,-0.7085,-0.1885
Pemukiman_45,Pemukiman,0.0295,0.0497,0.0378,0.2808,0.2377,0.7627,-0.6992,-0.0831
Pemukiman_45,Pemukiman,0.0734,0.0959,0.086,0.3081,0.2377,0.5636,-0.5252,-0.129
Pemukiman_45,Pemukiman,0.13,0.1489,0.1511,0.2837,0.2862,0.305,-0.3116,0.0044
Pemukiman_45,Pemukiman,0.1393,0.1558,0.183,0.2629,0.2862,0.1792,-0.2558,0.0424
Pemukiman_45,Pemukiman,0.0781,0.1009,0.1393,0.2539,0.3045,0.2915,-0.4312,0.0906
Pemukiman_45,Pemukiman,0.0345,0.0481,0.0385,0.2328,0.1729,0.7162,-0.6575,-0.1476
Pemukiman_45,Pemukiman,0.0491,0.0656,0.0693,0.2389,0.2377,0.5503,-0.5691,-0.0025
Pemukiman_45,Pemukiman,0.1139,0.1346,0.1365,0.2634,0.2377,0.3173,-0.3236,-0.0513
Pemukiman_45,Pemukiman,0.1076,0.1229,0.1261,0.22,0.2862,0.2713,-0.2832,0.1308
Pemukiman_45,Pemukiman,0.0998,0.1243,0.1609,0.2229,0.2862,0.1615,-0.284,0.1243
Pemukiman_45,Pemukiman,0.0967,0.1242,0.1808,0.2469,0.3045,0.1545,-0.3306,0.1045
Pemukiman_45,Pemukiman,0.1692,0.1962,0.2261,0.2778,0.3045,0.1026,-0.1722,0.0459
Pemukiman_45,Pemukiman,0.1276,0.141,0.1431,0.2433,0.2619,0.2593,-0.2662,0.0368
Pemukiman_45,Pemukiman,0.0537,0.0756,0.0853,0.223,0.2619,0.4466,-0.4936,0.0802
Pemukiman_45,Pemukiman,0.0581,0.0775,0.0807,0.2318,0.2344,0.4835,-0.4989,0.0056
Pemukiman_45,Pemukiman,0.0582,0.0756,0.0707,0.2485,0.2344,0.557,-0.5335,-0.0292
Pemukiman_45,Pemukiman,0.0865,0.1058,0.0979,0.2574,0.2402,0.4489,-0.4174,-0.0346
Pemukiman_45,Pemukiman,0.0456,0.0595,0.0665,0.1874,0.2152,0.4762,-0.518,0.0691
Pemukiman_45,Pemukiman,0.0548,0.0728,0.0897,0.1809,0.2795,0.337,-0.4261,0.2142
Pemukiman_45,Pemukiman,0.0845,0.1015,0.1088,0.2065,0.2795,0.3099,-0.3409,0.1502
Pemukiman_45,Pemukiman,0.0695,0.0865,0.09,0.2,0.2793,0.3793,-0.3962,0.1654
Pemukiman_45,Pemukiman,0.0702,0.0859,0.0943,0.1897,0.2793,0.3359,-0.3766,0.191
Pemukiman_45,Pemukiman,0.0794,0.0975,0.118,0.1915,0.2573,0.2375,-0.3253,0.1466
Pemukiman_45,Pemukiman,0.1056,0.115,0.1379,0.1899,0.2573,0.1586,-0.2457,0.1507
Pemukiman_45,Pemukiman,0.0971,0.1115,0.1159,0.1923,0.2247,0.2479,-0.266,0.0777
Pemukiman_45,Pemukiman,0.0602,0.0809,0.0798,0.2222,0.2247,0.4715,-0.4662,0.0056
Pemukiman_45,Pemukiman,0.0682,0.0862,0.0851,0.2343,0.2435,0.4671,-0.4621,0.0193
Pemukiman_45,Pemukiman,0.0601,0.0791,0.0765,0.2239,0.2435,0.4907,-0.4779,0.0419
Pemukiman_45,Pemukiman,0.0766,0.0882,0.089,0.211,0.2698,0.4067,-0.4104,0.1223
Pemukiman_45,Pemukiman,0.1307,0.1436,0.1554,0.207,0.2698,0.1424,-0.1808,0.1317
Pemukiman_45,Pemukiman,0.0923,0.1145,0.135,0.2046,0.3078,0.2049,-0.2824,0.2014
Pemukiman_45,Pemukiman,0.0915,0.1132,0.1271,0.2537,0.3078,0.3325,-0.3829,0.0963
Pemukiman_45,Pemukiman,0.0658,0.0795,0.0952,0.1681,0.2152,0.2769,-0.3578,0.1229
Pemukiman_45,Pemukiman,0.0844,0.0919,0.1032,0.165,0.2795,0.2304,-0.2845,0.2576
Pemukiman_45,Pemukiman,0.0867,0.092,0.1045,0.174,0.2795,0.2496,-0.3083,0.2326
Pemukiman_45,Pemukiman,0.0892,0.1041,0.1154,0.192,0.2793,0.2492,-0.2969,0.1852
Pemukiman_45,Pemukiman,0.083,0.097,0.1048,0.1719,0.2793,0.2425,-0.2785,0.238
Pemukiman_45,Pemukiman,0.0751,0.0872,0.0953,0.1553,0.2573,0.2394,-0.2808,0.2472
Pemukiman_45,Pemukiman,0.083,0.0969,0.1073,0.1505,0.2573,0.1676,-0.2167,0.2619
Pemukiman_45,Pemukiman,0.0924,0.1078,0.1119,0.1557,0.2247,0.1637,-0.1818,0.1814
Pemukiman_45,Pemukiman,0.0785,0.0936,0.0953,0.1785,0.2247,0.3039,-0.312,0.1146
Pemukiman_45,Pemukiman,0.0821,0.0999,0.1106,0.2169,0.2435,0.3246,-0.3693,0.0578
Pemukiman_45,Pemukiman,0.1035,0.123,0.135,0.2234,0.2435,0.2467,-0.2898,0.043
Pemukiman_45,Pemukiman,0.1026,0.1177,0.117,0.1957,0.2698,0.2517,-0.2489,0.1592
Pemukiman_45,Pemukiman,0.117,0.1266,0.1383,0.1787,0.2698,0.1274,-0.1707,0.2031
Pemukiman_45,Pemukiman,0.0724,0.0993,0.1269,0.1751,0.3078,0.1596,-0.2762,0.2748
Pemukiman_45,Pemukiman,0.1572,0.1624,0.1921,0.251,0.3078,0.1329,-0.2143,0.1016
Pemukiman_45,Pemukiman,0.1015,0.115,0.1234,0.1836,0.2492,0.1961,-0.2297,0.1516
Pemukiman_45,Pemukiman,0.1315,0.1339,0.1385,0.1991,0.2711,0.1795,-0.1958,0.1531
Pemukiman_45,Pemukiman,0.1235,0.1273,0.1335,0.1896,0.2711,0.1736,-0.1966,0.1769
Pemukiman_45,Pemukiman,0.1255,0.1289,0.1403,0.189,0.2578,0.1479,-0.1891,0.154
Pemukiman_45,Pemukiman,0.0934,0.1036,0.1109,0.1641,0.2578,0.1935,-0.226,0.2221
Pemukiman_45,Pemukiman,0.1037,0.1148,0.1252,0.1622,0.2252,0.1287,-0.1711,0.1626
Pemukiman_45,Pemukiman,0.0905,0.1002,0.113,0.1427,0.2252,0.1162,-0.175,0.2242
Pemukiman_45,Pemukiman,0.0798,0.0934,0.0947,0.1278,0.2052,0.1488,-0.1555,0.2324
Pemukiman_45,Pemukiman,0.089,0.1085,0.1142,0.1645,0.2052,0.1805,-0.2051,0.1101
Pemukiman_45,Pemukiman,0.0988,0.1209,0.1653,0.2241,0.2675,0.151,-0.2991,0.0883
Pemukiman_45,Pemukiman,0.1334,0.1556,0.1954,0.2382,0.2675,0.0987,-0.2098,0.0579
Pemukiman_45,Pemukiman,0.1482,0.1588,0.1699,0.2125,0.2935,0.1114,-0.1446,0.1601
Pemukiman_45,Pemukiman,0.1293,0.1428,0.1504,0.1903,0.2935,0.1171,-0.1426,0.2133
Pemukiman_45,Pemukiman,0.1163,0.1333,0.1414,0.1892,0.294,0.1446,-0.1733,0.2169
Pemukiman_45,Pemukiman,0.071,0.0834,0.0929,0.1583,0.2492,0.2603,-0.3099,0.2231
Pemukiman_45,Pemukiman,0.088,0.1009,0.1111,0.1708,0.2492,0.2118,-0.2573,0.1867
Pemukiman_45,Pemukiman,0.0991,0.1069,0.1147,0.177,0.2711,0.2136,-0.2469,0.21
Pemukiman_45,Pemukiman,0.093,0.1017,0.1132,0.1677,0.2711,0.194,-0.245,0.2356
Pemukiman_45,Pemukiman,0.0908,0.1031,0.1118,0.165,0.2578,0.1922,-0.2309,0.2195
Pemukiman_45,Pemukiman,0.0957,0.1075,0.1116,0.1625,0.2578,0.1857,-0.2037,0.2267
Pemukiman_45,Pemukiman,0.1316,0.1421,0.1465,0.1793,0.2252,0.1007,-0.1157,0.1135
Pemukiman_45,Pemukiman,0.093,0.1045,0.1109,0.1464,0.2252,0.138,-0.167,0.2121
Pemukiman_45,Pemukiman,0.0667,0.0756,0.0766,0.1154,0.2052,0.2021,-0.2084,0.2801
Pemukiman_45,Pemukiman,0.1036,0.1286,0.1338,0.1734,0.2052,0.1289,-0.1483,0.084
Pemukiman_45,Pemukiman,0.1332,0.1544,0.1768,0.2338,0.2675,0.1388,-0.2045,0.0672
Pemukiman_45,Pemukiman,0.1036,0.1301,0.1691,0.2189,0.2675,0.1284,-0.2544,0.0999
Pemukiman_45,Pemukiman,0.1262,0.1416,0.1626,0.2062,0.2935,0.1182,-0.1857,0.1747
Pemukiman_45,Pemukiman,0.1377,0.1547,0.1615,0.2124,0.2935,0.1361,-0.1572,0.1603
Pemukiman_45,Pemukiman,0.1509,0.1628,0.1619,0.2216,0.294,0.1557,-0.153,0.1404
Pemukiman_45,Pemukiman,0.0922,0.1043,0.1125,0.2012,0.2853,0.2828,-0.3172,0.1729
Pemukiman_45,Pemukiman,0.0734,0.0878,0.0928,0.1748,0.2853,0.3064,-0.3313,0.2402
Pemukiman_45,Pemukiman,0.0623,0.0746,0.0818,0.1705,0.277,0.3516,-0.3913,0.238
Pemukiman_45,Pemukiman,0.0519,0.0687,0.0818,0.1406,0.277,0.2644,-0.3435,0.3266
Pemukiman_45,Pemukiman,0.0746,0.0818,0.093,0.14,0.2547,0.2017,-0.2624,0.2906
Pemukiman_45,Pemukiman,0.0923,0.1002,0.1079,0.1512,0.2547,0.1671,-0.2029,0.255
Pemukiman_45,Pemukiman,0.1142,0.1277,0.1381,0.1692,0.2481,0.1012,-0.1398,0.1891
Pemukiman_45,Pemukiman,0.1262,0.1445,0.1556,0.189,0.2481,0.0969,-0.1334,0.1352
Pemukiman_45,Pemukiman,0.0994,0.1085,0.1146,0.1569,0.2292,0.1558,-0.1824,0.1873
Pemukiman_45,Pemukiman,0.0983,0.1153,0.1206,0.1848,0.2292,0.2102,-0.2316,0.1072
Pemukiman_45,Pemukiman,0.0985,0.1116,0.1138,0.2272,0.2517,0.3326,-0.3412,0.0512
Pemukiman_45,Pemukiman,0.0872,0.1129,0.1449,0.2118,0.2517,0.1876,-0.3046,0.0861
Pemukiman_45,Pemukiman,0.1006,0.1207,0.146,0.2079,0.2693,0.1749,-0.2654,0.1287
Pemukiman_45,Pemukiman,0.076,0.1034,0.103,0.2369,0.2693,0.3939,-0.3923,0.064
Pemukiman_45,Pemukiman,0.0842,0.1023,0.0984,0.2536,0.2335,0.4409,-0.4251,-0.0413
Pemukiman_45,Pemukiman,0.1644,0.1808,0.1865,0.3071,0.2853,0.2443,-0.2589,-0.0368
Pemukiman_45,Pemukiman,0.0995,0.1233,0.1296,0.224,0.2853,0.267,-0.29,0.1204
Pemukiman_45,Pemukiman,0.0809,0.0908,0.1008,0.1936,0.277,0.3152,-0.3615,0.1772
Pemukiman_45,Pemukiman,0.0885,0.1042,0.1182,0.1638,0.277,0.1617,-0.2224,0.2568
Pemukiman_45,Pemukiman,0.0986,0.1098,0.1154,0.1561,0.2547,0.1499,-0.1741,0.24
Pemukiman_45,Pemukiman,0.1017,0.1124,0.1154,0.1653,0.2547,0.1778,-0.1905,0.2129
Pemukiman_45,Pemukiman,0.116,0.1261,0.1357,0.168,0.2481,0.1064,-0.1425,0.1925
Pemukiman_45,Pemukiman,0.149,0.1583,0.1659,0.2034,0.2481,0.1015,-0.1247,0.099
Pemukiman_45,Pemukiman,0.1207,0.1334,0.1423,0.2073,0.2292,0.1859,-0.2169,0.0502
Pemukiman_45,Pemukiman,0.1348,0.1527,0.153,0.2421,0.2292,0.2255,-0.2264,-0.0274
Pemukiman_45,Pemukiman,0.1046,0.131,0.1225,0.25,0.2517,0.3423,-0.3123,0.0034
Pemukiman_45,Pemukiman,0.098,0.12,0.1327,0.2096,0.2517,0.2247,-0.2718,0.0913
Pemukiman_45,Pemukiman,0.1248,0.1427,0.1523,0.2294,0.2693,0.202,-0.233,0.08
Pemukiman_45,Pemukiman,0.0841,0.1032,0.1078,0.2688,0.2693,0.4275,-0.4452,0.0009
Pemukiman_45,Pemukiman,0.125,0.1406,0.141,0.2893,0.2819,0.3446,-0.3459,-0.013
Pemukiman_45,Pemukiman,0.0753,0.0906,0.1108,0.1885,0.2819,0.2596,-0.3508,0.1986
Pemukiman_45,Pemukiman,0.0857,0.097,0.1254,0.199,0.2766,0.2269,-0.3446,0.1632
Pemukiman_45,Pemukiman,0.142,0.1574,0.167,0.2236,0.2766,0.1449,-0.1738,0.106
Pemukiman_45,Pemukiman,0.1354,0.1403,0.1469,0.2073,0.2523,0.1705,-0.1927,0.0979
Pemukiman_45,Pemukiman,0.085,0.1021,0.101,0.1978,0.2523,0.324,-0.3191,0.1211
Pemukiman_45,Pemukiman,0.1006,0.117,0.1251,0.1792,0.2594,0.1778,-0.21,0.1829
Pemukiman_45,Pemukiman,0.1016,0.1145,0.1282,0.1688,0.2594,0.1367,-0.1917,0.2116
Pemukiman_45,Pemukiman,0.0852,0.0989,0.1107,0.1931,0.2523,0.2712,-0.3226,0.1329
Pemukiman_45,Pemukiman,0.1453,0.147,0.1527,0.2283,0.2523,0.1984,-0.2166,0.0499
Pemukiman_45,Pemukiman,0.1153,0.1237,0.1342,0.21,0.2718,0.2202,-0.2586,0.1283
Pemukiman_45,Pemukiman,0.09,0.1026,0.1171,0.1697,0.2718,0.1834,-0.2464,0.2313
Pemukiman_45,Pemukiman,0.1343,0.1416,0.1509,0.2062,0.2991,0.1549,-0.1857,0.1839
Pemukiman_45,Pemukiman,0.1415,0.1543,0.1595,0.2444,0.2991,0.2102,-0.226,0.1006
Pemukiman_45,Pemukiman,0.0429,0.0693,0.0588,0.2474,0.2819,0.6159,-0.5624,0.0652
Pemukiman_45,Pemukiman,0.0732,0.0838,0.0985,0.1846,0.2819,0.3041,-0.3756,0.2086
Pemukiman_45,Pemukiman,0.0732,0.0906,0.1155,0.198,0.2766,0.2632,-0.3721,0.1656
Pemukiman_45,Pemukiman,0.0908,0.1042,0.1066,0.229,0.2766,0.3647,-0.3745,0.0941
Pemukiman_45,Pemukiman,0.0857,0.0955,0.1021,0.2004,0.2523,0.325,-0.3545,0.1146
Pemukiman_45,Pemukiman,0.0764,0.0912,0.0918,0.1984,0.2523,0.3673,-0.3702,0.1196
Pemukiman_45,Pemukiman,0.1309,0.137,0.1439,0.2053,0.2594,0.1758,-0.1995,0.1164
Pemukiman_45,Pemukiman,0.1257,0.1318,0.1469,0.1836,0.2594,0.111,-0.1642,0.1711
Pemukiman_45,Pemukiman,0.0857,0.1004,0.1055,0.1824,0.2523,0.2671,-0.29,0.1608
Pemukiman_45,Pemukiman,0.0818,0.0969,0.1096,0.1753,0.2523,0.2306,-0.288,0.1801
Pemukiman_45,Pemukiman,0.076,0.0879,0.1022,0.1543,0.2718,0.2031,-0.2742,0.2758
Pemukiman_45,Pemukiman,0.0798,0.0972,0.1164,0.1653,0.2718,0.1736,-0.2594,0.2437
Pemukiman_45,Pemukiman,0.0825,0.0953,0.1122,0.1653,0.2991,0.1914,-0.2686,0.2881
Pemukiman_45,Pemukiman,0.1028,0.1178,0.1355,0.1829,0.2991,0.1489,-0.2165,0.2411
Pemukiman_45,Pemukiman,0.0592,0.0815,0.078,0.2462,0.2619,0.5188,-0.5026,0.0309
Pemukiman_45,Pemukiman,0.1189,0.1327,0.1359,0.2159,0.2619,0.2274,-0.2387,0.0963
Pemukiman_45,Pemukiman,0.0943,0.1135,0.1151,0.2217,0.247,0.3165,-0.3228,0.054
Pemukiman_45,Pemukiman,0.0531,0.0681,0.0667,0.2203,0.247,0.5352,-0.5277,0.0571
Pemukiman_45,Pemukiman,0.0748,0.0901,0.0988,0.1852,0.2226,0.3042,-0.3454,0.0917
Pemukiman_45,Pemukiman,0.0646,0.0823,0.0779,0.2128,0.2226,0.4641,-0.4422,0.0225
Pemukiman_45,Pemukiman,0.0726,0.0891,0.0902,0.2032,0.2534,0.3851,-0.3904,0.1099
Pemukiman_45,Pemukiman,0.0937,0.096,0.1186,0.1705,0.2534,0.1795,-0.2795,0.1956
Pemukiman_45,Pemukiman,0.1027,0.1113,0.1169,0.1724,0.2654,0.1918,-0.2154,0.2124
Pemukiman_45,Pemukiman,0.0992,0.1099,0.129,0.1756,0.2654,0.153,-0.2301,0.2036
Pemukiman_45,Pemukiman,0.0924,0.1003,0.125,0.177,0.3089,0.1722,-0.2766,0.2715
Pemukiman_45,Pemukiman,0.1655,0.1836,0.186,0.2456,0.3089,0.1381,-0.1445,0.1142
Pemukiman_45,Pemukiman,0.1351,0.1564,0.1709,0.2421,0.3184,0.1724,-0.2151,0.1361
Pemukiman_45,Pemukiman,0.072,0.0913,0.0926,0.2129,0.2619,0.3938,-0.3997,0.1032
Pemukiman_45,Pemukiman,0.1257,0.144,0.1504,0.2136,0.2619,0.1736,-0.1946,0.1016
Pemukiman_45,Pemukiman,0.0926,0.1184,0.1169,0.2407,0.247,0.3462,-0.3406,0.0129
Pemukiman_45,Pemukiman,0.0534,0.0701,0.0633,0.2358,0.247,0.5767,-0.5417,0.0232
Pemukiman_45,Pemukiman,0.0735,0.0852,0.084,0.1862,0.2226,0.3782,-0.3721,0.089
Pemukiman_45,Pemukiman,0.0575,0.0704,0.0704,0.2014,0.2226,0.482,-0.482,0.05
Pemukiman_45,Pemukiman,0.0638,0.0765,0.0814,0.2068,0.2534,0.4351,-0.4599,0.1013
Pemukiman_45,Pemukiman,0.0779,0.0898,0.1034,0.1797,0.2534,0.2695,-0.3336,0.1702
Pemukiman_45,Pemukiman,0.075,0.0862,0.0983,0.1708,0.2654,0.2694,-0.3292,0.2169
Pemukiman_45,Pemukiman,0.0713,0.0891,0.1161,0.1633,0.2654,0.1689,-0.294,0.2382
Pemukiman_45,Pemukiman,0.0896,0.1093,0.1437,0.1932,0.3089,0.1469,-0.2774,0.2304
Pemukiman_45,Pemukiman,0.1635,0.1733,0.1779,0.2379,0.3089,0.1443,-0.1571,0.1298
Pemukiman_45,Pemukiman,0.1493,0.1608,0.1782,0.2427,0.3184,0.1532,-0.203,0.1349
Pemukiman_45,Pemukiman,0.0776,0.0933,0.0969,0.234,0.2111,0.4143,-0.4299,-0.0514
Pemukiman_45,Pemukiman,0.1008,0.1116,0.1127,0.198,0.2248,0.2745,-0.2791,0.0634
Pemukiman_45,Pemukiman,0.124,0.1359,0.1461,0.2034,0.2248,0.1639,-0.1989,0.05
Pemukiman_45,Pemukiman,0.0829,0.104,0.1123,0.2336,0.2124,0.3507,-0.3839,-0.0475
Pemukiman_45,Pemukiman,0.058,0.0769,0.0712,0.2664,0.2124,0.5782,-0.552,-0.1128
Pemukiman_45,Pemukiman,0.0676,0.09,0.0828,0.2336,0.212,0.4766,-0.4438,-0.0485
Pemukiman_45,Pemukiman,0.084,0.0978,0.1009,0.2048,0.212,0.3399,-0.3536,0.0173
Pemukiman_45,Pemukiman,0.0854,0.0948,0.1047,0.1904,0.2513,0.2904,-0.3352,0.1379
Pemukiman_45,Pemukiman,0.0854,0.1081,0.1112,0.2048,0.2513,0.2962,-0.309,0.102
Pemukiman_45,Pemukiman,0.0724,0.0908,0.1121,0.2167,0.2668,0.3181,-0.4094,0.1036
Pemukiman_45,Pemukiman,0.0714,0.0912,0.1076,0.1843,0.2668,0.2628,-0.3379,0.1829
Pemukiman_45,Pemukiman,0.1069,0.1245,0.1342,0.1851,0.2864,0.1594,-0.1957,0.2148
Pemukiman_45,Pemukiman,0.1204,0.1396,0.1458,0.1943,0.2864,0.1426,-0.1638,0.1916
Pemukiman_45,Pemukiman,0.1215,0.1396,0.1459,0.2043,0.2747,0.1668,-0.1881,0.147
Pemukiman_45,Pemukiman,0.0998,0.1138,0.1107,0.2225,0.2248,0.3355,-0.3232,0.0051
Pemukiman_45,Pemukiman,0.0959,0.114,0.1222,0.2388,0.2124,0.323,-0.3537,-0.0585
Pemukiman_45,Pemukiman,0.0756,0.0975,0.0931,0.2512,0.2124,0.4592,-0.4408,-0.0837
Pemukiman_45,Pemukiman,0.0721,0.0922,0.084,0.248,0.212,0.494,-0.458,-0.0783
Pemukiman_45,Pemukiman,0.0999,0.1107,0.1118,0.207,0.212,0.2986,-0.3031,0.0119
Pemukiman_45,Pemukiman,0.0994,0.1043,0.1165,0.1798,0.2513,0.2136,-0.2658,0.1659
Pemukiman_45,Pemukiman,0.1063,0.1283,0.1333,0.2063,0.2513,0.215,-0.2331,0.0983
Pemukiman_45,Pemukiman,0.077,0.1028,0.1449,0.2217,0.2668,0.2095,-0.3664,0.0923
Pemukiman_45,Pemukiman,0.0805,0.1002,0.1192,0.197,0.2668,0.246,-0.3257,0.1505
Pemukiman_45,Pemukiman,0.1056,0.1193,0.1238,0.1832,0.2864,0.1935,-0.2112,0.2198
Pemukiman_45,Pemukiman,0.1103,0.1304,0.1376,0.198,0.2864,0.18,-0.2058,0.1825
Pemukiman_45,Pemukiman,0.0948,0.1107,0.1027,0.2334,0.1779,0.3889,-0.3566,-0.1349
Pemukiman_45,Pemukiman,0.0975,0.1121,0.1041,0.2164,0.2049,0.3504,-0.3175,-0.0273
Pemukiman_45,Pemukiman,0.1035,0.1175,0.1196,0.2344,0.2049,0.3243,-0.3322,-0.0672
Pemukiman_45,Pemukiman,0.0795,0.1031,0.1229,0.2302,0.223,0.3039,-0.3813,-0.0159
Pemukiman_45,Pemukiman,0.0842,0.1053,0.1146,0.2053,0.223,0.2835,-0.322,0.0413
Pemukiman_45,Pemukiman,0.1016,0.1167,0.1245,0.1857,0.2336,0.1973,-0.2282,0.1142
Pemukiman_45,Pemukiman,0.1062,0.1208,0.1289,0.2194,0.2336,0.2598,-0.2898,0.0313
Pemukiman_45,Pemukiman,0.0728,0.0958,0.0855,0.2742,0.223,0.5246,-0.4822,-0.103
Pemukiman_45,Pemukiman,0.0812,0.0977,0.0942,0.2386,0.223,0.4339,-0.419,-0.0338
Pemukiman_45,Pemukiman,0.106,0.1294,0.1279,0.2261,0.2336,0.2774,-0.272,0.0163
Pemukiman_45,Pemukiman,0.1224,0.1484,0.1493,0.28,0.2336,0.3044,-0.3072,-0.0903
Pemukiman_46,Pemukiman,0.1349,0.1494,0.1627,0.2097,0.294,0.1262,-0.1679,0.1674
Pemukiman_46,Pemukiman,0.1742,0.2008,0.2024,0.2549,0.2873,0.1148,-0.1187,0.0598
Pemukiman_46,Pemukiman,0.1198,0.1355,0.1318,0.1895,0.294,0.1796,-0.1662,0.2161
Pemukiman_46,Pemukiman,0.1031,0.1167,0.123,0.205,0.2873,0.25,-0.2745,0.1672
Pemukiman_46,Pemukiman,0.1274,0.1394,0.1486,0.2257,0.2873,0.206,-0.2364,0.1201
Pemukiman_46,Pemukiman,0.0896,0.1082,0.1017,0.1976,0.2584,0.3204,-0.2923,0.1333
Pemukiman_46,Pemukiman,0.0752,0.0895,0.0964,0.1873,0.2584,0.3204,-0.3533,0.1595
Pemukiman_46,Pemukiman,0.0961,0.1125,0.1234,0.1908,0.2755,0.2145,-0.2582,0.1816
Pemukiman_46,Pemukiman,0.118,0.1323,0.1444,0.1841,0.2755,0.1209,-0.1637,0.1989
Pemukiman_46,Pemukiman,0.0842,0.1023,0.0984,0.2536,0.2335,0.4409,-0.4251,-0.0413
Pemukiman_46,Pemukiman,0.0778,0.0939,0.0919,0.2051,0.2335,0.3811,-0.3719,0.0648
Pemukiman_46,Pemukiman,0.074,0.0919,0.0906,0.2083,0.233,0.3938,-0.3877,0.056
Pemukiman_46,Pemukiman,0.1351,0.1495,0.1597,0.2345,0.233,0.1898,-0.2214,-0.0032
Pemukiman_46,Pemukiman,0.103,0.1179,0.129,0.1865,0.2899,0.1822,-0.2254,0.217
Pemukiman_46,Pemukiman,0.1234,0.1343,0.1476,0.2042,0.2899,0.1609,-0.2065,0.1734
Pemukiman_46,Pemukiman,0.1528,0.1702,0.182,0.2228,0.3288,0.1008,-0.1338,0.1922
Pemukiman_46,Pemukiman,0.1288,0.1433,0.1514,0.186,0.3288,0.1025,-0.1297,0.2774
Pemukiman_46,Pemukiman,0.0889,0.1095,0.1503,0.1823,0.2926,0.0962,-0.2495,0.2323
Pemukiman_46,Pemukiman,0.0833,0.1035,0.1229,0.2157,0.2926,0.2741,-0.3515,0.1513
Pemukiman_46,Pemukiman,0.0675,0.0886,0.1152,0.2224,0.2775,0.3175,-0.4302,0.1102
Pemukiman_46,Pemukiman,0.0596,0.077,0.1042,0.1998,0.2775,0.3145,-0.4436,0.1628
Pemukiman_46,Pemukiman,0.0656,0.0833,0.1078,0.1846,0.2946,0.2627,-0.3781,0.2295
Pemukiman_46,Pemukiman,0.0609,0.0793,0.0728,0.2671,0.2335,0.5716,-0.5421,-0.0671
Pemukiman_46,Pemukiman,0.0532,0.0698,0.0618,0.2118,0.2335,0.5482,-0.5043,0.0487
Pemukiman_46,Pemukiman,0.0548,0.0734,0.0661,0.2139,0.233,0.5279,-0.489,0.0427
Pemukiman_46,Pemukiman,0.0886,0.1058,0.1077,0.225,0.233,0.3526,-0.3603,0.0175
Pemukiman_46,Pemukiman,0.0715,0.0921,0.111,0.1764,0.2899,0.2276,-0.314,0.2434
Pemukiman_46,Pemukiman,0.1093,0.1259,0.1489,0.1842,0.2899,0.106,-0.188,0.2229
Pemukiman_46,Pemukiman,0.1887,0.1945,0.231,0.2551,0.3288,0.0496,-0.1348,0.1262
Pemukiman_46,Pemukiman,0.1661,0.179,0.2006,0.2301,0.3288,0.0685,-0.1249,0.1766
Pemukiman_46,Pemukiman,0.1212,0.1426,0.149,0.2002,0.2926,0.1466,-0.168,0.1875
Pemukiman_46,Pemukiman,0.1088,0.1236,0.13,0.194,0.2926,0.1975,-0.2217,0.2026
Pemukiman_46,Pemukiman,0.1182,0.131,0.1477,0.2038,0.2775,0.1596,-0.2174,0.1531
Pemukiman_46,Pemukiman,0.0868,0.102,0.1147,0.1914,0.2775,0.2506,-0.3047,0.1836
Pemukiman_46,Pemukiman,0.0722,0.0885,0.1158,0.1753,0.2946,0.2044,-0.329,0.2539
Pemukiman_46,Pemukiman,0.0685,0.0918,0.1378,0.1772,0.2946,0.1251,-0.3175,0.2488
Pemukiman_46,Pemukiman,0.0836,0.0974,0.1224,0.1728,0.2752,0.1707,-0.2791,0.2286
Pemukiman_46,Pemukiman,0.0763,0.0922,0.1074,0.1624,0.2752,0.2039,-0.2757,0.2578
Pemukiman_46,Pemukiman,0.09,0.1063,0.1149,0.1796,0.2233,0.2197,-0.2564,0.1085
Pemukiman_46,Pemukiman,0.086,0.0968,0.1017,0.1544,0.2233,0.2058,-0.2293,0.1824
Pemukiman_46,Pemukiman,0.0928,0.1051,0.1144,0.2172,0.2557,0.31,-0.3478,0.0814
Pemukiman_46,Pemukiman,0.0734,0.0851,0.083,0.1844,0.2557,0.3792,-0.3685,0.162
Pemukiman_46,Pemukiman,0.0596,0.0774,0.0698,0.2116,0.2376,0.5039,-0.4644,0.0579
Pemukiman_46,Pemukiman,0.058,0.0717,0.0705,0.2367,0.2376,0.541,-0.535,0.0019
Pemukiman_46,Pemukiman,0.0741,0.0862,0.096,0.1854,0.2714,0.3177,-0.3652,0.1883
Pemukiman_46,Pemukiman,0.0791,0.0919,0.104,0.1752,0.2714,0.255,-0.3119,0.2154
Pemukiman_46,Pemukiman,0.1368,0.1572,0.1672,0.2246,0.3023,0.1465,-0.1765,0.1475
Pemukiman_46,Pemukiman,0.1614,0.182,0.2095,0.2308,0.3023,0.0484,-0.1182,0.1341
Pemukiman_46,Pemukiman,0.1138,0.1359,0.1462,0.2008,0.2908,0.1573,-0.1928,0.1831
Pemukiman_46,Pemukiman,0.1278,0.1407,0.1494,0.2012,0.2908,0.1477,-0.177,0.1821
Pemukiman_46,Pemukiman,0.148,0.1608,0.1659,0.2092,0.2905,0.1154,-0.1308,0.1627
Pemukiman_46,Pemukiman,0.1047,0.1228,0.1339,0.1955,0.2905,0.187,-0.2284,0.1955
Pemukiman_46,Pemukiman,0.1334,0.1475,0.1626,0.2085,0.2864,0.1237,-0.1713,0.1574
Pemukiman_46,Pemukiman,0.0983,0.1145,0.1298,0.1756,0.2864,0.15,-0.2106,0.2398
Pemukiman_46,Pemukiman,0.0868,0.0985,0.1114,0.1594,0.2816,0.1773,-0.2361,0.2771
Pemukiman_46,Pemukiman,0.0835,0.0957,0.1096,0.1584,0.2816,0.1821,-0.2468,0.28
Pemukiman_46,Pemukiman,0.0866,0.1003,0.1122,0.1602,0.2545,0.1762,-0.2299,0.2274
Pemukiman_46,Pemukiman,0.0861,0.0953,0.1039,0.1428,0.2545,0.1577,-0.1995,0.2811
Pemukiman_46,Pemukiman,0.0875,0.1002,0.1226,0.1787,0.2557,0.1862,-0.2815,0.1773
Pemukiman_46,Pemukiman,0.0748,0.0944,0.1049,0.1632,0.2557,0.2175,-0.2671,0.2208
Pemukiman_46,Pemukiman,0.1059,0.1263,0.1307,0.2254,0.2376,0.2659,-0.2818,0.0263
Pemukiman_46,Pemukiman,0.0863,0.112,0.1057,0.2452,0.2376,0.3975,-0.3729,-0.0157
Pemukiman_46,Pemukiman,0.0729,0.0873,0.1015,0.1793,0.2714,0.2771,-0.3451,0.2043
Pemukiman_46,Pemukiman,0.069,0.0881,0.1012,0.1787,0.2714,0.2769,-0.3396,0.206
Pemukiman_46,Pemukiman,0.1081,0.1254,0.1394,0.2025,0.3023,0.1846,-0.2351,0.1977
Pemukiman_46,Pemukiman,0.1727,0.1836,0.1888,0.2292,0.3023,0.0967,-0.1105,0.1375
Pemukiman_46,Pemukiman,0.1305,0.1481,0.1563,0.1992,0.2908,0.1207,-0.1471,0.1869
Pemukiman_46,Pemukiman,0.1274,0.1396,0.1478,0.1971,0.2908,0.1429,-0.1708,0.192
Pemukiman_46,Pemukiman,0.1012,0.1161,0.1292,0.1869,0.2905,0.1825,-0.2337,0.217
Pemukiman_46,Pemukiman,0.0943,0.1071,0.1291,0.1819,0.2905,0.1698,-0.2588,0.2299
Pemukiman_46,Pemukiman,0.1566,0.1525,0.1645,0.2057,0.2864,0.1113,-0.1485,0.164
Pemukiman_46,Pemukiman,0.0945,0.107,0.1189,0.1725,0.2864,0.1839,-0.2343,0.2482
Pemukiman_46,Pemukiman,0.1141,0.1229,0.1414,0.186,0.2816,0.1362,-0.2043,0.2044
Pemukiman_46,Pemukiman,0.1341,0.1476,0.15,0.1953,0.2816,0.1312,-0.1391,0.181
Pemukiman_46,Pemukiman,0.1114,0.1288,0.1312,0.1869,0.2545,0.1751,-0.184,0.1531
Pemukiman_46,Pemukiman,0.0907,0.1032,0.1113,0.1503,0.2545,0.1491,-0.1858,0.2574
Pemukiman_46,Pemukiman,0.0928,0.106,0.1166,0.1936,0.3184,0.2482,-0.2924,0.2437
Pemukiman_46,Pemukiman,0.1166,0.1312,0.147,0.193,0.28,0.1353,-0.1906,0.1839
Pemukiman_46,Pemukiman,0.1079,0.1138,0.1321,0.1727,0.28,0.1332,-0.2056,0.237
Pemukiman_46,Pemukiman,0.135,0.1571,0.1608,0.2366,0.2597,0.1907,-0.2019,0.0465
Pemukiman_46,Pemukiman,0.117,0.1313,0.1288,0.2359,0.2597,0.2937,-0.2849,0.048
Pemukiman_46,Pemukiman,0.0816,0.0957,0.1112,0.1794,0.2661,0.2347,-0.3043,0.1946
Pemukiman_46,Pemukiman,0.0668,0.085,0.1016,0.1968,0.2661,0.319,-0.3967,0.1497
Pemukiman_46,Pemukiman,0.1146,0.1342,0.137,0.2217,0.2498,0.2361,-0.2459,0.0596
Pemukiman_46,Pemukiman,0.1268,0.1451,0.151,0.2368,0.2498,0.2212,-0.2401,0.0267
Pemukiman_46,Pemukiman,0.0926,0.1153,0.1195,0.2215,0.261,0.2991,-0.3153,0.0819
Pemukiman_46,Pemukiman,0.0949,0.1101,0.1122,0.2209,0.261,0.3263,-0.3347,0.0832
Pemukiman_46,Pemukiman,0.0846,0.1035,0.1115,0.1926,0.2814,0.2667,-0.3009,0.1873
Pemukiman_46,Pemukiman,0.0826,0.0984,0.121,0.183,0.2814,0.2039,-0.3006,0.2119
Pemukiman_46,Pemukiman,0.0898,0.1018,0.1223,0.1845,0.2649,0.2027,-0.2889,0.1789
Pemukiman_46,Pemukiman,0.0759,0.0926,0.107,0.1907,0.2649,0.2812,-0.3463,0.1629
Pemukiman_46,Pemukiman,0.116,0.1321,0.1402,0.1921,0.2572,0.1562,-0.1851,0.1449
Pemukiman_46,Pemukiman,0.1287,0.14,0.1484,0.1905,0.2572,0.1242,-0.1528,0.149
Pemukiman_46,Pemukiman,0.1367,0.1514,0.1535,0.1936,0.2557,0.1155,-0.1223,0.1382
Pemukiman_46,Pemukiman,0.1111,0.1256,0.1382,0.1772,0.2557,0.1237,-0.1704,0.1813
Pemukiman_46,Pemukiman,0.082,0.0983,0.113,0.1967,0.3184,0.2703,-0.3336,0.2363
Pemukiman_46,Pemukiman,0.146,0.161,0.1749,0.2168,0.28,0.107,-0.1477,0.1272
Pemukiman_46,Pemukiman,0.1206,0.1354,0.1395,0.1946,0.28,0.1649,-0.1794,0.1799
Pemukiman_46,Pemukiman,0.0989,0.1119,0.1112,0.2209,0.2597,0.3303,-0.3275,0.0807
Pemukiman_46,Pemukiman,0.1118,0.1241,0.1277,0.2256,0.2597,0.2771,-0.2902,0.0703
Pemukiman_46,Pemukiman,0.1329,0.1491,0.1534,0.2135,0.2661,0.1638,-0.1776,0.1097
Pemukiman_46,Pemukiman,0.0938,0.1092,0.1151,0.2049,0.2661,0.2806,-0.3047,0.1299
Pemukiman_46,Pemukiman,0.1127,0.1265,0.1307,0.2111,0.2498,0.2352,-0.2506,0.084
Pemukiman_46,Pemukiman,0.111,0.1285,0.1302,0.2134,0.2498,0.2421,-0.2483,0.0786
Pemukiman_46,Pemukiman,0.0779,0.1021,0.0987,0.2237,0.261,0.3877,-0.3732,0.077
Pemukiman_46,Pemukiman,0.081,0.0989,0.0979,0.2316,0.261,0.4058,-0.4015,0.0597
Pemukiman_46,Pemukiman,0.1162,0.1316,0.1424,0.2085,0.2814,0.1884,-0.2261,0.1488
Pemukiman_46,Pemukiman,0.0965,0.118,0.1438,0.1909,0.2814,0.1407,-0.236,0.1916
Pemukiman_46,Pemukiman,0.0723,0.0901,0.1321,0.1803,0.2649,0.1543,-0.3336,0.19
Pemukiman_46,Pemukiman,0.075,0.0984,0.1245,0.2114,0.2649,0.2587,-0.3648,0.1123
Pemukiman_46,Pemukiman,0.0825,0.1039,0.1093,0.2089,0.2572,0.313,-0.3357,0.1036
Pemukiman_46,Pemukiman,0.0763,0.0893,0.0944,0.1847,0.2572,0.3235,-0.3482,0.1641
Pemukiman_46,Pemukiman,0.1019,0.119,0.1318,0.1836,0.2557,0.1642,-0.2135,0.1641
Pemukiman_46,Pemukiman,0.0967,0.1173,0.13,0.1868,0.2747,0.1793,-0.2285,0.1905
Pemukiman_46,Pemukiman,0.1047,0.1194,0.1475,0.1975,0.2412,0.1449,-0.2464,0.0996
Pemukiman_46,Pemukiman,0.0773,0.093,0.109,0.189,0.2412,0.2685,-0.3404,0.1213
Pemukiman_46,Pemukiman,0.052,0.0684,0.0624,0.2165,0.24,0.5525,-0.5198,0.0515
Pemukiman_46,Pemukiman,0.0931,0.1195,0.1268,0.2283,0.24,0.2858,-0.3128,0.025
Pemukiman_46,Pemukiman,0.1834,0.1941,0.2051,0.2535,0.2689,0.1055,-0.1327,0.0295
Pemukiman_46,Pemukiman,0.1301,0.1531,0.1592,0.2104,0.2689,0.1385,-0.1576,0.1221
Pemukiman_46,Pemukiman,0.1027,0.1186,0.1342,0.1833,0.248,0.1546,-0.2143,0.15
Pemukiman_46,Pemukiman,0.1137,0.1229,0.1329,0.2064,0.248,0.2166,-0.2536,0.0915
Pemukiman_46,Pemukiman,0.1263,0.1452,0.1477,0.2253,0.2575,0.208,-0.2162,0.0667
Pemukiman_46,Pemukiman,0.1336,0.147,0.1548,0.2199,0.2575,0.1737,-0.1987,0.0788
Pemukiman_46,Pemukiman,0.1296,0.1466,0.152,0.2111,0.2882,0.1628,-0.1803,0.1544
Pemukiman_46,Pemukiman,0.0854,0.1017,0.1249,0.1794,0.2882,0.1791,-0.2764,0.2327
Pemukiman_46,Pemukiman,0.0674,0.0865,0.1136,0.1548,0.2681,0.1535,-0.283,0.2679
Pemukiman_46,Pemukiman,0.0546,0.0783,0.091,0.1911,0.2681,0.3548,-0.4187,0.1677
Pemukiman_46,Pemukiman,0.0574,0.0812,0.0779,0.2594,0.2219,0.5381,-0.5232,-0.0779
Pemukiman_46,Pemukiman,0.0616,0.0781,0.0739,0.2414,0.2219,0.5312,-0.5111,-0.0421
Pemukiman_46,Pemukiman,0.0793,0.0972,0.1054,0.1925,0.2408,0.2924,-0.329,0.1115
Pemukiman_46,Pemukiman,0.0912,0.1074,0.1049,0.2378,0.2747,0.3878,-0.3778,0.072
Pemukiman_46,Pemukiman,0.0594,0.0766,0.0845,0.2208,0.2412,0.4464,-0.4849,0.0442
Pemukiman_46,Pemukiman,0.0459,0.0683,0.0639,0.245,0.2412,0.5863,-0.564,-0.0078
Pemukiman_46,Pemukiman,0.0493,0.067,0.0544,0.2856,0.24,0.68,-0.62,-0.0868
Pemukiman_46,Pemukiman,0.0985,0.1131,0.1111,0.2663,0.24,0.4112,-0.4038,-0.0519
Pemukiman_46,Pemukiman,0.1691,0.1769,0.1762,0.2547,0.2689,0.1822,-0.1803,0.0271
Pemukiman_46,Pemukiman,0.1339,0.1546,0.1636,0.2169,0.2689,0.1401,-0.1677,0.107
Pemukiman_46,Pemukiman,0.1288,0.1504,0.1541,0.2232,0.248,0.1831,-0.1949,0.0526
Pemukiman_46,Pemukiman,0.1098,0.1306,0.1293,0.2289,0.248,0.2781,-0.2734,0.0401
Pemukiman_46,Pemukiman,0.1301,0.1454,0.151,0.206,0.2575,0.1541,-0.1725,0.1111
Pemukiman_46,Pemukiman,0.1463,0.1568,0.1662,0.2152,0.2575,0.1285,-0.157,0.0895
Pemukiman_46,Pemukiman,0.1121,0.1342,0.1454,0.2152,0.2882,0.1936,-0.2318,0.145
Pemukiman_46,Pemukiman,0.1151,0.141,0.149,0.2141,0.2882,0.1793,-0.2059,0.1475
Pemukiman_46,Pemukiman,0.1955,0.2023,0.2161,0.259,0.2681,0.0903,-0.1229,0.0173
Pemukiman_46,Pemukiman,0.1025,0.1212,0.1264,0.214,0.2681,0.2573,-0.2768,0.1122
Pemukiman_46,Pemukiman,0.0515,0.0727,0.0691,0.23,0.2219,0.5379,-0.5197,-0.0179
Pemukiman_46,Pemukiman,0.0718,0.0848,0.081,0.2394,0.2219,0.4944,-0.4769,-0.0379
Pemukiman_46,Pemukiman,0.0793,0.0954,0.1082,0.2067,0.2408,0.3128,-0.3684,0.0762
Pemukiman_46,Pemukiman,0.0459,0.0681,0.0461,0.362,0.2184,0.7741,-0.6833,-0.2474
Pemukiman_46,Pemukiman,0.0573,0.0828,0.0604,0.3604,0.2184,0.7129,-0.6264,-0.2453
Pemukiman_46,Pemukiman,0.0871,0.1057,0.0932,0.2832,0.2484,0.5048,-0.4564,-0.0655
Pemukiman_46,Pemukiman,0.1023,0.1163,0.1182,0.229,0.2484,0.3191,-0.3264,0.0406
Pemukiman_46,Pemukiman,0.1066,0.1305,0.1315,0.2656,0.2219,0.3377,-0.3411,-0.0896
Pemukiman_46,Pemukiman,0.0732,0.0937,0.0858,0.28,0.2219,0.5309,-0.4985,-0.1158
Pemukiman_46,Pemukiman,0.0895,0.1046,0.1031,0.2103,0.2299,0.3421,-0.3357,0.0445
Pemukiman_46,Pemukiman,0.1008,0.1196,0.1299,0.1937,0.2299,0.1972,-0.2365,0.0855
Pemukiman_46,Pemukiman,0.101,0.121,0.1274,0.217,0.2534,0.2602,-0.284,0.0774
Pemukiman_46,Pemukiman,0.1476,0.1594,0.1687,0.2345,0.2534,0.1632,-0.1907,0.0387
Pemukiman_46,Pemukiman,0.23,0.2333,0.2433,0.2746,0.2738,0.0604,-0.0813,-0.0015
Pemukiman_46,Pemukiman,0.1174,0.1414,0.1455,0.2158,0.2738,0.1946,-0.2083,0.1185
Pemukiman_46,Pemukiman,0.0661,0.0762,0.0842,0.1619,0.2369,0.3157,-0.3599,0.1881
Pemukiman_46,Pemukiman,0.0793,0.0915,0.092,0.1991,0.2369,0.3679,-0.3703,0.0867
Pemukiman_46,Pemukiman,0.0737,0.0939,0.0966,0.2002,0.2376,0.3491,-0.3614,0.0854
Pemukiman_46,Pemukiman,0.0497,0.0729,0.0542,0.3279,0.2219,0.7163,-0.6362,-0.1928
Pemukiman_46,Pemukiman,0.0619,0.0792,0.0654,0.2603,0.2299,0.5984,-0.5334,-0.062
Pemukiman_46,Pemukiman,0.0901,0.101,0.1019,0.1945,0.2299,0.3124,-0.3164,0.0834
Pemukiman_46,Pemukiman,0.0894,0.1094,0.1063,0.234,0.2534,0.3753,-0.3628,0.0398
Pemukiman_46,Pemukiman,0.0811,0.0988,0.0925,0.2334,0.2534,0.4323,-0.4052,0.0411
Pemukiman_46,Pemukiman,0.0966,0.105,0.1111,0.2258,0.2738,0.3405,-0.3652,0.0961
Pemukiman_46,Pemukiman,0.0806,0.1022,0.109,0.2128,0.2738,0.3226,-0.3511,0.1254
Pemukiman_46,Pemukiman,0.0749,0.0848,0.095,0.1801,0.2369,0.3093,-0.3598,0.1362
Pemukiman_46,Pemukiman,0.0705,0.0812,0.0941,0.1749,0.2369,0.3004,-0.3659,0.1506
Pemukiman_46,Pemukiman,0.0455,0.0682,0.0512,0.2876,0.2115,0.6978,-0.6166,-0.1525
Pemukiman_46,Pemukiman,0.0731,0.0947,0.0894,0.2725,0.2115,0.5059,-0.4842,-0.126
Pemukiman_46,Pemukiman,0.0809,0.1013,0.102,0.2322,0.2327,0.3896,-0.3925,0.0011
Pemukiman_46,Pemukiman,0.0772,0.0957,0.1043,0.1946,0.2327,0.3021,-0.3407,0.0892
Pemukiman_47,Pemukiman,0.1582,0.1656,0.1848,0.2422,0.3383,0.1344,-0.1878,0.1655
Pemukiman_47,Pemukiman,0.1818,0.2024,0.214,0.2515,0.235,0.0806,-0.1082,-0.0339
Pemukiman_47,Pemukiman,0.1582,0.1649,0.1783,0.2191,0.2694,0.1027,-0.1411,0.103
Pemukiman_47,Pemukiman,0.1971,0.2059,0.2015,0.2751,0.3064,0.1544,-0.1439,0.0538
Pemukiman_47,Pemukiman,0.1423,0.1722,0.1875,0.292,0.3064,0.2179,-0.2581,0.0241
Pemukiman_47,Pemukiman,0.1438,0.1616,0.1796,0.2416,0.2808,0.1472,-0.1984,0.075
Pemukiman_47,Pemukiman,0.1121,0.1271,0.1328,0.1931,0.2808,0.185,-0.2061,0.1851
Pemukiman_47,Pemukiman,0.1062,0.1179,0.1177,0.2095,0.2694,0.2806,-0.2798,0.1251
Pemukiman_47,Pemukiman,0.1293,0.1431,0.1415,0.2512,0.3064,0.2793,-0.2742,0.099
Pemukiman_47,Pemukiman,0.0971,0.1235,0.1705,0.2742,0.3064,0.2332,-0.3789,0.0555
Pemukiman_47,Pemukiman,0.1654,0.189,0.2156,0.2593,0.2808,0.092,-0.1568,0.0398
Pemukiman_47,Pemukiman,0.1699,0.1782,0.1902,0.2283,0.2808,0.091,-0.1232,0.1031
Pemukiman_47,Pemukiman,0.1147,0.1244,0.1326,0.1742,0.2445,0.1356,-0.1668,0.1679
Pemukiman_47,Pemukiman,0.1028,0.1144,0.1158,0.1725,0.2445,0.1967,-0.2025,0.1727
Pemukiman_47,Pemukiman,0.1065,0.1142,0.1179,0.1696,0.2642,0.1798,-0.1952,0.2181
Pemukiman_47,Pemukiman,0.0542,0.0745,0.0662,0.2725,0.2435,0.6091,-0.5706,-0.0562
Pemukiman_47,Pemukiman,0.0787,0.0931,0.087,0.2338,0.2435,0.4576,-0.4304,0.0203
Pemukiman_47,Pemukiman,0.071,0.0982,0.1161,0.2445,0.2852,0.3561,-0.4269,0.0768
Pemukiman_47,Pemukiman,0.1082,0.1356,0.184,0.2507,0.2852,0.1534,-0.298,0.0644
Pemukiman_47,Pemukiman,0.2062,0.2218,0.2408,0.2588,0.3101,0.036,-0.077,0.0902
Pemukiman_47,Pemukiman,0.2008,0.2014,0.2021,0.252,0.3101,0.1099,-0.1116,0.1034
Pemukiman_47,Pemukiman,0.1166,0.1342,0.1367,0.2126,0.2591,0.2173,-0.2261,0.0986
Pemukiman_47,Pemukiman,0.1263,0.1381,0.1376,0.1866,0.2591,0.1511,-0.1494,0.1627
Pemukiman_47,Pemukiman,0.1019,0.1124,0.1207,0.1617,0.2535,0.1452,-0.1799,0.2211
Pemukiman_47,Pemukiman,0.0895,0.1046,0.1124,0.1625,0.2535,0.1822,-0.2168,0.2187
Pemukiman_47,Pemukiman,0.1094,0.119,0.1267,0.1619,0.2853,0.122,-0.1527,0.2759
Pemukiman_47,Pemukiman,0.0871,0.1087,0.1329,0.1821,0.2853,0.1562,-0.2524,0.2208
Pemukiman_47,Pemukiman,0.0725,0.0879,0.0846,0.2644,0.2435,0.5152,-0.501,-0.0411
Pemukiman_47,Pemukiman,0.0704,0.0872,0.0829,0.2456,0.2435,0.4953,-0.476,-0.0043
Pemukiman_47,Pemukiman,0.0729,0.0897,0.0992,0.202,0.2852,0.3413,-0.385,0.1708
Pemukiman_47,Pemukiman,0.1235,0.1317,0.1493,0.1952,0.2852,0.1332,-0.1942,0.1873
Pemukiman_47,Pemukiman,0.2144,0.2206,0.2256,0.248,0.3101,0.0473,-0.0585,0.1113
Pemukiman_47,Pemukiman,0.153,0.1664,0.1555,0.2527,0.3101,0.2381,-0.2059,0.102
Pemukiman_47,Pemukiman,0.0822,0.1038,0.0965,0.2451,0.2591,0.435,-0.405,0.0278
Pemukiman_47,Pemukiman,0.1144,0.1237,0.1298,0.2072,0.2591,0.2297,-0.2523,0.1113
Pemukiman_47,Pemukiman,0.0995,0.1124,0.1248,0.1674,0.2535,0.1458,-0.1966,0.2046
Pemukiman_47,Pemukiman,0.1329,0.1392,0.1597,0.187,0.2535,0.0787,-0.1465,0.151
Pemukiman_47,Pemukiman,0.1376,0.1494,0.1569,0.2022,0.2853,0.1261,-0.1502,0.1705
Pemukiman_47,Pemukiman,0.1301,0.1505,0.1614,0.1968,0.2853,0.0988,-0.1333,0.1836
Pemukiman_47,Pemukiman,0.0887,0.1044,0.1151,0.1442,0.2683,0.1122,-0.1601,0.3008
Pemukiman_47,Pemukiman,0.0845,0.0939,0.1133,0.1426,0.2683,0.1145,-0.2059,0.3059
Pemukiman_47,Pemukiman,0.0809,0.0928,0.1135,0.151,0.2264,0.1418,-0.2387,0.1998
Pemukiman_47,Pemukiman,0.1018,0.1164,0.1124,0.2307,0.2455,0.3448,-0.3293,0.0311
Pemukiman_47,Pemukiman,0.0713,0.089,0.0837,0.2473,0.2455,0.4943,-0.4707,-0.0037
Pemukiman_47,Pemukiman,0.0717,0.0864,0.0795,0.2132,0.2448,0.4568,-0.4232,0.069
Pemukiman_47,Pemukiman,0.0759,0.0864,0.0862,0.2078,0.2448,0.4136,-0.4126,0.0817
Pemukiman_47,Pemukiman,0.1192,0.1231,0.1286,0.2268,0.2649,0.2763,-0.2964,0.0775
Pemukiman_47,Pemukiman,0.1147,0.1201,0.1219,0.198,0.2649,0.2379,-0.2449,0.1445
Pemukiman_47,Pemukiman,0.0809,0.0965,0.0985,0.2137,0.2673,0.369,-0.3778,0.1114
Pemukiman_47,Pemukiman,0.0749,0.0907,0.0935,0.1979,0.2673,0.3583,-0.3714,0.1492
Pemukiman_47,Pemukiman,0.0836,0.0936,0.106,0.1672,0.2807,0.224,-0.2822,0.2534
Pemukiman_47,Pemukiman,0.1195,0.1273,0.142,0.1948,0.2807,0.1568,-0.2096,0.1807
Pemukiman_47,Pemukiman,0.1334,0.1476,0.1542,0.2179,0.2996,0.1712,-0.1923,0.1579
Pemukiman_47,Pemukiman,0.2054,0.2158,0.2167,0.2434,0.2996,0.058,-0.0601,0.1035
Pemukiman_47,Pemukiman,0.1209,0.1388,0.1465,0.1794,0.2676,0.101,-0.1276,0.1973
Pemukiman_47,Pemukiman,0.105,0.1144,0.1234,0.1519,0.2676,0.1035,-0.1408,0.2758
Pemukiman_47,Pemukiman,0.1035,0.1154,0.1279,0.1551,0.2508,0.0961,-0.1468,0.2358
Pemukiman_47,Pemukiman,0.0847,0.0949,0.1058,0.1486,0.2508,0.1682,-0.2205,0.2559
Pemukiman_47,Pemukiman,0.0726,0.0883,0.0859,0.1737,0.233,0.3382,-0.326,0.1458
Pemukiman_47,Pemukiman,0.0821,0.0979,0.1055,0.1686,0.233,0.2302,-0.2653,0.1604
Pemukiman_47,Pemukiman,0.059,0.0861,0.0699,0.2912,0.1987,0.6128,-0.5436,-0.1888
Pemukiman_47,Pemukiman,0.0816,0.103,0.093,0.2806,0.2455,0.5021,-0.463,-0.0667
Pemukiman_47,Pemukiman,0.0598,0.0856,0.0722,0.3058,0.2455,0.618,-0.5626,-0.1094
Pemukiman_47,Pemukiman,0.0724,0.0958,0.0847,0.2787,0.2448,0.5338,-0.4884,-0.0648
Pemukiman_47,Pemukiman,0.0792,0.0973,0.0885,0.243,0.2448,0.4661,-0.4282,0.0037
Pemukiman_47,Pemukiman,0.0662,0.0791,0.0782,0.2103,0.2649,0.4579,-0.4534,0.1149
Pemukiman_47,Pemukiman,0.0864,0.0967,0.111,0.1626,0.2649,0.1886,-0.2541,0.2393
Pemukiman_47,Pemukiman,0.1254,0.1387,0.1395,0.1986,0.2673,0.1748,-0.1776,0.1475
Pemukiman_47,Pemukiman,0.087,0.1037,0.1111,0.1979,0.2673,0.2809,-0.3123,0.1492
Pemukiman_47,Pemukiman,0.0669,0.0822,0.0894,0.1798,0.2807,0.3358,-0.3725,0.2191
Pemukiman_47,Pemukiman,0.0752,0.0892,0.0911,0.1804,0.2807,0.3289,-0.3383,0.2175
Pemukiman_47,Pemukiman,0.0947,0.1077,0.1245,0.1982,0.2996,0.2284,-0.2958,0.2037
Pemukiman_47,Pemukiman,0.187,0.1886,0.1995,0.2423,0.2996,0.0969,-0.1246,0.1057
Pemukiman_47,Pemukiman,0.1478,0.1588,0.1632,0.2043,0.2676,0.1118,-0.1253,0.1341
Pemukiman_47,Pemukiman,0.1372,0.1543,0.1674,0.2097,0.2676,0.1122,-0.1522,0.1213
Pemukiman_47,Pemukiman,0.2272,0.2405,0.2552,0.2856,0.2508,0.0562,-0.0857,-0.0649
Pemukiman_47,Pemukiman,0.1604,0.1707,0.1901,0.242,0.2508,0.1201,-0.1728,0.0179
Pemukiman_47,Pemukiman,0.11,0.1218,0.1313,0.203,0.233,0.2145,-0.25,0.0688
Pemukiman_47,Pemukiman,0.094,0.1065,0.1178,0.1753,0.233,0.1962,-0.2441,0.1413
Pemukiman_47,Pemukiman,0.0896,0.1029,0.1195,0.149,0.2243,0.1099,-0.183,0.2017
Pemukiman_47,Pemukiman,0.0828,0.099,0.1075,0.1581,0.2243,0.1905,-0.2299,0.1731
Pemukiman_47,Pemukiman,0.0405,0.0682,0.0553,0.2786,0.1732,0.6688,-0.6067,-0.2333
Pemukiman_47,Pemukiman,0.0519,0.08,0.0681,0.2877,0.2199,0.6172,-0.5649,-0.1336
Pemukiman_47,Pemukiman,0.0541,0.0851,0.0702,0.3121,0.2199,0.6327,-0.5715,-0.1733
Pemukiman_47,Pemukiman,0.0886,0.1073,0.1018,0.2894,0.2428,0.4795,-0.459,-0.0876
Pemukiman_47,Pemukiman,0.09,0.1051,0.1016,0.2534,0.2428,0.4276,-0.4137,-0.0214
Pemukiman_47,Pemukiman,0.074,0.094,0.1003,0.2126,0.2567,0.3589,-0.3868,0.094
Pemukiman_47,Pemukiman,0.1007,0.1154,0.1241,0.1714,0.2567,0.1601,-0.1953,0.1993
Pemukiman_47,Pemukiman,0.1177,0.1356,0.1403,0.1905,0.2829,0.1518,-0.1684,0.1952
Pemukiman_47,Pemukiman,0.113,0.1295,0.1469,0.1985,0.2829,0.1494,-0.2104,0.1753
Pemukiman_47,Pemukiman,0.0956,0.1082,0.1214,0.1876,0.2743,0.2142,-0.2684,0.1877
Pemukiman_47,Pemukiman,0.0752,0.0894,0.0946,0.18,0.2743,0.311,-0.3363,0.2076
Pemukiman_47,Pemukiman,0.0919,0.1081,0.1178,0.2041,0.2604,0.2681,-0.3075,0.1212
Pemukiman_47,Pemukiman,0.117,0.1404,0.1438,0.2265,0.2604,0.2233,-0.2347,0.0696
Pemukiman_47,Pemukiman,0.1098,0.1221,0.1279,0.1865,0.2728,0.1864,-0.2087,0.1879
Pemukiman_47,Pemukiman,0.1624,0.1688,0.1836,0.2339,0.2728,0.1205,-0.1617,0.0768
Pemukiman_47,Pemukiman,0.3596,0.3724,0.3628,0.4004,0.2798,0.0493,-0.0362,-0.1773
Pemukiman_47,Pemukiman,0.2371,0.2362,0.2379,0.3264,0.2798,0.1568,-0.1603,-0.0769
Pemukiman_47,Pemukiman,0.087,0.1065,0.1168,0.2121,0.25,0.2898,-0.3314,0.082
Pemukiman_47,Pemukiman,0.0964,0.1107,0.1221,0.1945,0.25,0.2287,-0.2746,0.1249
Pemukiman_47,Pemukiman,0.1151,0.1292,0.1417,0.1762,0.2646,0.1085,-0.1539,0.2005
Pemukiman_47,Pemukiman,0.1692,0.1782,0.2012,0.2335,0.2646,0.0743,-0.1343,0.0624
Pemukiman_47,Pemukiman,0.2304,0.2336,0.2577,0.2878,0.2949,0.0552,-0.104,0.0122
Pemukiman_47,Pemukiman,0.1606,0.1669,0.1837,0.2264,0.2949,0.1041,-0.1513,0.1314
Pemukiman_47,Pemukiman,0.0945,0.1054,0.1125,0.1643,0.258,0.1871,-0.2184,0.2219
Pemukiman_47,Pemukiman,0.0418,0.0621,0.0472,0.23,0.1732,0.6594,-0.5748,-0.1409
Pemukiman_47,Pemukiman,0.0473,0.0714,0.0626,0.2651,0.2199,0.6179,-0.5756,-0.0932
Pemukiman_47,Pemukiman,0.0489,0.0746,0.0659,0.2988,0.2199,0.6386,-0.6004,-0.1521
Pemukiman_47,Pemukiman,0.0639,0.0882,0.0805,0.3038,0.2428,0.5811,-0.55,-0.1116
Pemukiman_47,Pemukiman,0.0715,0.0888,0.0896,0.2369,0.2428,0.4511,-0.4547,0.0123
Pemukiman_47,Pemukiman,0.0949,0.1101,0.1189,0.1955,0.2567,0.2436,-0.2794,0.1353
Pemukiman_47,Pemukiman,0.111,0.1246,0.1346,0.2077,0.2567,0.2136,-0.2501,0.1055
Pemukiman_47,Pemukiman,0.0851,0.0968,0.1132,0.191,0.2829,0.2558,-0.3273,0.1939
Pemukiman_47,Pemukiman,0.1149,0.1248,0.141,0.1871,0.2829,0.1405,-0.1997,0.2038
Pemukiman_47,Pemukiman,0.0988,0.1095,0.1212,0.1781,0.2743,0.1901,-0.2385,0.2126
Pemukiman_47,Pemukiman,0.0775,0.0874,0.1041,0.1625,0.2743,0.2191,-0.3005,0.256
Pemukiman_47,Pemukiman,0.0925,0.1036,0.1069,0.192,0.2604,0.2847,-0.2991,0.1512
Pemukiman_47,Pemukiman,0.066,0.0853,0.0812,0.215,0.2604,0.4517,-0.4319,0.0955
Pemukiman_47,Pemukiman,0.0646,0.083,0.0865,0.2194,0.2728,0.4345,-0.4511,0.1085
Pemukiman_47,Pemukiman,0.1093,0.1201,0.1311,0.2291,0.2728,0.2721,-0.3121,0.0871
Pemukiman_47,Pemukiman,0.1816,0.1896,0.1887,0.3171,0.2798,0.2539,-0.2516,-0.0625
Pemukiman_47,Pemukiman,0.1079,0.1216,0.1307,0.292,0.2798,0.3816,-0.412,-0.0213
Pemukiman_47,Pemukiman,0.0564,0.0786,0.0835,0.221,0.25,0.4516,-0.4753,0.0616
Pemukiman_47,Pemukiman,0.0941,0.1086,0.1088,0.182,0.25,0.2517,-0.2526,0.1574
Pemukiman_47,Pemukiman,0.101,0.1156,0.1345,0.1715,0.2646,0.1209,-0.1947,0.2135
Pemukiman_47,Pemukiman,0.1208,0.1559,0.2117,0.2466,0.2646,0.0762,-0.2253,0.0352
Pemukiman_47,Pemukiman,0.1944,0.2262,0.271,0.3103,0.2949,0.0676,-0.1568,-0.0254
Pemukiman_47,Pemukiman,0.1506,0.1834,0.2244,0.2818,0.2949,0.1134,-0.2115,0.0227
Pemukiman_47,Pemukiman,0.1099,0.1342,0.1515,0.2262,0.258,0.1978,-0.2553,0.0657
Pemukiman_47,Pemukiman,0.1288,0.1404,0.1462,0.1859,0.258,0.1195,-0.1394,0.1624
Pemukiman_47,Pemukiman,0.1052,0.1188,0.125,0.179,0.2219,0.1776,-0.2021,0.107
Pemukiman_47,Pemukiman,0.0549,0.0709,0.0622,0.1785,0.1906,0.4832,-0.4314,0.0328
Pemukiman_47,Pemukiman,0.0405,0.0549,0.0481,0.2212,0.1906,0.6428,-0.6023,-0.0743
Pemukiman_47,Pemukiman,0.0456,0.0608,0.0571,0.2204,0.2116,0.5885,-0.5676,-0.0204
Pemukiman_47,Pemukiman,0.0491,0.0691,0.0635,0.239,0.2116,0.5802,-0.5514,-0.0608
Pemukiman_47,Pemukiman,0.0737,0.0923,0.0924,0.2353,0.2616,0.4361,-0.4365,0.0529
Pemukiman_47,Pemukiman,0.1015,0.1247,0.1372,0.2208,0.2616,0.2335,-0.2781,0.0846
Pemukiman_47,Pemukiman,0.1075,0.1221,0.1307,0.2055,0.2737,0.2225,-0.2546,0.1423
Pemukiman_47,Pemukiman,0.1141,0.1327,0.1397,0.224,0.2737,0.2318,-0.256,0.0999
Pemukiman_47,Pemukiman,0.091,0.115,0.1237,0.2216,0.2882,0.2835,-0.3167,0.1306
Pemukiman_47,Pemukiman,0.0884,0.0996,0.1072,0.1731,0.2882,0.2351,-0.2695,0.2495
Pemukiman_47,Pemukiman,0.0888,0.099,0.1086,0.1624,0.2743,0.1985,-0.2425,0.2562
Pemukiman_47,Pemukiman,0.0907,0.1038,0.1169,0.1704,0.2743,0.1862,-0.2429,0.2336
Pemukiman_47,Pemukiman,0.0802,0.093,0.0943,0.1773,0.2204,0.3056,-0.3119,0.1084
Pemukiman_47,Pemukiman,0.0432,0.0601,0.0506,0.2141,0.2204,0.6177,-0.5616,0.0145
Pemukiman_47,Pemukiman,0.0464,0.0717,0.0613,0.2934,0.2134,0.6544,-0.6072,-0.1579
Pemukiman_47,Pemukiman,0.05,0.076,0.0706,0.2987,0.2134,0.6177,-0.5943,-0.1666
Pemukiman_47,Pemukiman,0.0456,0.0688,0.0578,0.2822,0.2194,0.66,-0.608,-0.1252
Pemukiman_47,Pemukiman,0.0509,0.0737,0.0657,0.2684,0.2194,0.6067,-0.5691,-0.1005
Pemukiman_47,Pemukiman,0.0778,0.0928,0.103,0.2258,0.2394,0.3735,-0.4174,0.0292
Pemukiman_47,Pemukiman,0.0953,0.1069,0.1132,0.1814,0.2394,0.2315,-0.2584,0.1378
Pemukiman_47,Pemukiman,0.0828,0.0958,0.1152,0.1663,0.2516,0.1815,-0.269,0.2041
Pemukiman_47,Pemukiman,0.0838,0.1062,0.1581,0.2156,0.2516,0.1539,-0.34,0.0771
Pemukiman_47,Pemukiman,0.0836,0.1155,0.171,0.2327,0.2779,0.1528,-0.3366,0.0885
Pemukiman_47,Pemukiman,0.0781,0.1066,0.1809,0.2267,0.2779,0.1124,-0.3603,0.1015
Pemukiman_47,Pemukiman,0.0966,0.116,0.1422,0.2057,0.2694,0.1825,-0.2788,0.1341
Pemukiman_47,Pemukiman,0.1168,0.1348,0.1401,0.2064,0.2694,0.1913,-0.2098,0.1324
Pemukiman_47,Pemukiman,0.0854,0.1023,0.0968,0.2356,0.2254,0.4176,-0.3945,-0.0221
Pemukiman_47,Pemukiman,0.0667,0.0775,0.0799,0.1813,0.1906,0.3882,-0.4011,0.025
Pemukiman_47,Pemukiman,0.0469,0.0608,0.0609,0.2157,0.1906,0.5597,-0.5602,-0.0618
Pemukiman_47,Pemukiman,0.0494,0.062,0.0779,0.1835,0.2116,0.404,-0.4949,0.0711
Pemukiman_47,Pemukiman,0.0633,0.0804,0.0845,0.1935,0.2116,0.3921,-0.4129,0.0447
Pemukiman_47,Pemukiman,0.0885,0.108,0.1255,0.1931,0.2616,0.2122,-0.2826,0.1506
Pemukiman_47,Pemukiman,0.092,0.123,0.1628,0.2451,0.2616,0.2018,-0.3317,0.0326
Pemukiman_47,Pemukiman,0.0804,0.1002,0.1281,0.2222,0.2737,0.2686,-0.3784,0.1039
Pemukiman_47,Pemukiman,0.088,0.106,0.1231,0.1854,0.2737,0.2019,-0.2725,0.1923
Pemukiman_47,Pemukiman,0.0907,0.1057,0.1174,0.1939,0.2882,0.2457,-0.2944,0.1956
Pemukiman_47,Pemukiman,0.0793,0.0915,0.1019,0.1644,0.2882,0.2347,-0.2849,0.2735
Pemukiman_47,Pemukiman,0.1108,0.1249,0.1301,0.1721,0.2743,0.139,-0.1589,0.2289
Pemukiman_47,Pemukiman,0.1182,0.1302,0.1294,0.1781,0.2743,0.1584,-0.1554,0.2126
Pemukiman_47,Pemukiman,0.0886,0.0982,0.1006,0.1658,0.2204,0.2447,-0.2561,0.1414
Pemukiman_47,Pemukiman,0.0446,0.0572,0.0531,0.1749,0.2204,0.5342,-0.5071,0.1151
Pemukiman_47,Pemukiman,0.034,0.0572,0.0394,0.2882,0.2134,0.7595,-0.6688,-0.1491
Pemukiman_47,Pemukiman,0.0435,0.0698,0.0523,0.3685,0.2134,0.7514,-0.6815,-0.2665
Pemukiman_47,Pemukiman,0.0398,0.0648,0.0491,0.3354,0.2194,0.7446,-0.6762,-0.2091
Pemukiman_47,Pemukiman,0.0477,0.065,0.0568,0.2701,0.2194,0.6525,-0.6121,-0.1036
Pemukiman_47,Pemukiman,0.1063,0.124,0.1373,0.251,0.2394,0.2928,-0.3387,-0.0237
Pemukiman_47,Pemukiman,0.1086,0.1262,0.1345,0.2379,0.2394,0.2777,-0.3068,0.0031
Pemukiman_47,Pemukiman,0.0627,0.0791,0.0858,0.2399,0.2516,0.4731,-0.5041,0.0238
Pemukiman_47,Pemukiman,0.0596,0.0777,0.085,0.2766,0.2516,0.5299,-0.5614,-0.0473
Pemukiman_47,Pemukiman,0.0637,0.0875,0.0997,0.245,0.2779,0.4215,-0.4737,0.0629
Pemukiman_47,Pemukiman,0.0566,0.0784,0.1171,0.1921,0.2779,0.2426,-0.4203,0.1826
Pemukiman_47,Pemukiman,0.0739,0.0898,0.1058,0.1896,0.2694,0.2837,-0.3572,0.1739
Pemukiman_47,Pemukiman,0.0852,0.1038,0.1031,0.2273,0.2694,0.3759,-0.373,0.0848
Pemukiman_47,Pemukiman,0.0557,0.0773,0.064,0.2517,0.2254,0.5945,-0.5301,-0.0551
Pemukiman_47,Pemukiman,0.0972,0.1162,0.118,0.2084,0.2563,0.277,-0.284,0.1031
Pemukiman_47,Pemukiman,0.0974,0.1173,0.1232,0.2217,0.2563,0.2856,-0.308,0.0724
Pemukiman_47,Pemukiman,0.0826,0.1029,0.1217,0.1875,0.252,0.2128,-0.2913,0.1468
Pemukiman_47,Pemukiman,0.0816,0.0974,0.1082,0.1907,0.252,0.276,-0.3238,0.1385
Pemukiman_47,Pemukiman,0.0815,0.0985,0.1112,0.1827,0.2613,0.2433,-0.2994,0.177
Pemukiman_47,Pemukiman,0.076,0.1009,0.1261,0.2246,0.2613,0.2809,-0.38,0.0755
Pemukiman_47,Pemukiman,0.0824,0.1038,0.1247,0.2031,0.2797,0.2392,-0.3236,0.1587
Pemukiman_47,Pemukiman,0.0822,0.1002,0.117,0.1767,0.2797,0.2033,-0.2763,0.2257
Pemukiman_47,Pemukiman,0.0811,0.094,0.1053,0.1717,0.2875,0.2397,-0.2924,0.2522
Pemukiman_47,Pemukiman,0.0838,0.1014,0.1171,0.1725,0.2875,0.1913,-0.2596,0.25
Pemukiman_47,Pemukiman,0.1219,0.1348,0.1401,0.1895,0.2491,0.1499,-0.1687,0.1359
Pemukiman_47,Pemukiman,0.0977,0.1084,0.1058,0.1831,0.2491,0.2676,-0.2563,0.1527
Pemukiman_47,Pemukiman,0.078,0.0887,0.0864,0.1877,0.1963,0.3696,-0.3582,0.0224
Pemukiman_47,Pemukiman,0.0455,0.0606,0.0567,0.1991,0.1963,0.5567,-0.5333,-0.0071
Pemukiman_47,Pemukiman,0.0302,0.0517,0.0363,0.2672,0.1862,0.7608,-0.6758,-0.1786
Pemukiman_47,Pemukiman,0.0323,0.0621,0.0396,0.367,0.1862,0.8052,-0.7106,-0.3268
Pemukiman_47,Pemukiman,0.0348,0.0638,0.042,0.3792,0.211,0.8006,-0.712,-0.285
Pemukiman_47,Pemukiman,0.0498,0.0727,0.0636,0.3384,0.211,0.6836,-0.6463,-0.2319
Pemukiman_47,Pemukiman,0.1225,0.1473,0.1658,0.2964,0.2326,0.2826,-0.336,-0.1206
Pemukiman_47,Pemukiman,0.1091,0.1317,0.1391,0.2795,0.2326,0.3354,-0.3594,-0.0916
Pemukiman_47,Pemukiman,0.0533,0.0798,0.0655,0.3279,0.2291,0.667,-0.6085,-0.1774
Pemukiman_47,Pemukiman,0.0411,0.0708,0.0524,0.3713,0.2291,0.7527,-0.6797,-0.2368
Pemukiman_47,Pemukiman,0.0441,0.0676,0.0587,0.304,0.2147,0.6763,-0.6362,-0.1722
Pemukiman_47,Pemukiman,0.046,0.066,0.0664,0.2394,0.2147,0.5657,-0.5678,-0.0544
Pemukiman_47,Pemukiman,0.0556,0.0734,0.072,0.234,0.2214,0.5294,-0.5224,-0.0277
Pemukiman_47,Pemukiman,0.0557,0.0811,0.0663,0.2937,0.2214,0.6317,-0.5672,-0.1404
Pemukiman_47,Pemukiman,0.0834,0.1006,0.0964,0.2332,0.2145,0.415,-0.3972,-0.0418
Pemukiman_47,Pemukiman,0.1442,0.1636,0.1681,0.2239,0.2563,0.1423,-0.1556,0.0675
Pemukiman_47,Pemukiman,0.1339,0.1498,0.1559,0.2084,0.2563,0.1441,-0.1636,0.1031
Pemukiman_47,Pemukiman,0.1119,0.1259,0.1356,0.196,0.252,0.1821,-0.2178,0.125
Pemukiman_47,Pemukiman,0.0862,0.105,0.1082,0.1908,0.252,0.2763,-0.2901,0.1382
Pemukiman_47,Pemukiman,0.0614,0.077,0.088,0.1662,0.2613,0.3076,-0.3668,0.2225
Pemukiman_47,Pemukiman,0.0755,0.0895,0.1054,0.1736,0.2613,0.2444,-0.3196,0.2017
Pemukiman_47,Pemukiman,0.0895,0.1037,0.1297,0.1797,0.2797,0.1616,-0.2682,0.2177
Pemukiman_47,Pemukiman,0.0901,0.1072,0.1285,0.1918,0.2797,0.1976,-0.2829,0.1864
Pemukiman_47,Pemukiman,0.1193,0.1283,0.1376,0.2008,0.2875,0.1868,-0.2203,0.1776
Pemukiman_47,Pemukiman,0.1371,0.1501,0.1649,0.2051,0.2875,0.1086,-0.1548,0.1673
Pemukiman_47,Pemukiman,0.1217,0.1428,0.1442,0.2185,0.2491,0.2049,-0.2095,0.0654
Pemukiman_47,Pemukiman,0.0584,0.0805,0.0727,0.2278,0.2491,0.5161,-0.4778,0.0447
Pemukiman_47,Pemukiman,0.0519,0.0665,0.0583,0.2187,0.1963,0.5791,-0.5337,-0.054
Pemukiman_47,Pemukiman,0.038,0.0655,0.0537,0.2643,0.1963,0.6623,-0.6028,-0.1476
Pemukiman_47,Pemukiman,0.0336,0.0576,0.039,0.3173,0.1862,0.7811,-0.6927,-0.2604
Pemukiman_47,Pemukiman,0.0297,0.0553,0.0333,0.3361,0.1862,0.8197,-0.7174,-0.287
Pemukiman_47,Pemukiman,0.032,0.0602,0.0394,0.3564,0.211,0.8009,-0.711,-0.2563
Pemukiman_47,Pemukiman,0.0397,0.0722,0.0598,0.3476,0.211,0.7064,-0.656,-0.2445
Pemukiman_47,Pemukiman,0.0717,0.1025,0.1127,0.3017,0.2326,0.4561,-0.4928,-0.1293
Pemukiman_47,Pemukiman,0.077,0.0969,0.1009,0.2634,0.2326,0.4461,-0.4621,-0.0621
Pemukiman_47,Pemukiman,0.0602,0.0811,0.0651,0.2944,0.2291,0.6378,-0.568,-0.1247
Pemukiman_47,Pemukiman,0.0503,0.0721,0.0588,0.3442,0.2291,0.7082,-0.6536,-0.2008
Pemukiman_47,Pemukiman,0.0446,0.0638,0.054,0.304,0.2147,0.6983,-0.6531,-0.1722
Pemukiman_47,Pemukiman,0.0405,0.0638,0.0552,0.2998,0.2147,0.689,-0.6491,-0.1654
Pemukiman_47,Pemukiman,0.0441,0.0701,0.058,0.2744,0.2214,0.651,-0.593,-0.1069
Pemukiman_47,Pemukiman,0.0388,0.0684,0.0521,0.2686,0.2214,0.6751,-0.5941,-0.0963
Pemukiman_47,Pemukiman,0.0842,0.0938,0.0927,0.2069,0.2257,0.3812,-0.3761,0.0435
Pemukiman_47,Pemukiman,0.1035,0.1155,0.1212,0.1807,0.2706,0.1971,-0.2201,0.1992
Pemukiman_47,Pemukiman,0.1105,0.1271,0.1404,0.186,0.2706,0.1397,-0.1881,0.1853
Pemukiman_47,Pemukiman,0.1393,0.1542,0.1646,0.206,0.2909,0.1117,-0.1438,0.1709
Pemukiman_47,Pemukiman,0.1023,0.122,0.1266,0.1944,0.2909,0.2112,-0.2288,0.1988
Pemukiman_47,Pemukiman,0.0683,0.0781,0.0927,0.1603,0.2889,0.2672,-0.3448,0.2863
Pemukiman_47,Pemukiman,0.0721,0.082,0.099,0.1479,0.2889,0.1981,-0.2866,0.3228
Pemukiman_47,Pemukiman,0.0772,0.0999,0.1405,0.1788,0.2821,0.1199,-0.2831,0.2241
Pemukiman_47,Pemukiman,0.0726,0.0968,0.1382,0.2004,0.2821,0.1837,-0.3486,0.1693
Pemukiman_47,Pemukiman,0.0898,0.0979,0.1095,0.1812,0.2632,0.2466,-0.2985,0.1845
Pemukiman_47,Pemukiman,0.1244,0.1351,0.1419,0.1923,0.2632,0.1508,-0.1747,0.1557
Pemukiman_47,Pemukiman,0.1159,0.1344,0.1377,0.2222,0.2329,0.2348,-0.2462,0.0235
Pemukiman_47,Pemukiman,0.0724,0.0962,0.0873,0.2501,0.2329,0.4825,-0.4444,-0.0356
Pemukiman_47,Pemukiman,0.045,0.0621,0.0529,0.2242,0.1913,0.6182,-0.5662,-0.0792
Pemukiman_47,Pemukiman,0.0309,0.0515,0.0381,0.2256,0.1913,0.711,-0.6283,-0.0823
Pemukiman_47,Pemukiman,0.0367,0.0583,0.0446,0.3088,0.1786,0.7476,-0.6824,-0.2671
Pemukiman_47,Pemukiman,0.0316,0.05,0.0329,0.263,0.1786,0.7776,-0.6805,-0.1911
Pemukiman_47,Pemukiman,0.0274,0.051,0.0346,0.2876,0.1882,0.7852,-0.6988,-0.2089
Pemukiman_47,Pemukiman,0.0336,0.0607,0.038,0.3298,0.1882,0.7934,-0.6891,-0.2734
Pemukiman_47,Pemukiman,0.0466,0.0763,0.0653,0.292,0.2274,0.6345,-0.5857,-0.1244
Pemukiman_47,Pemukiman,0.0651,0.0795,0.0775,0.2269,0.2274,0.4908,-0.4811,0.0011
Pemukiman_47,Pemukiman,0.0565,0.0774,0.0676,0.2245,0.2411,0.5371,-0.4872,0.0357
Pemukiman_47,Pemukiman,0.0604,0.0734,0.0758,0.234,0.2411,0.5107,-0.5224,0.0149
Pemukiman_47,Pemukiman,0.0637,0.0822,0.0876,0.2227,0.2461,0.4354,-0.4608,0.0499
Pemukiman_47,Pemukiman,0.0476,0.0754,0.0892,0.2554,0.2461,0.4823,-0.5441,-0.0185
Pemukiman_47,Pemukiman,0.0572,0.0789,0.0757,0.2558,0.2163,0.5433,-0.5285,-0.0837
Pemukiman_47,Pemukiman,0.0435,0.0608,0.0484,0.2247,0.2163,0.6455,-0.5741,-0.019
Pemukiman_47,Pemukiman,0.0726,0.0878,0.0933,0.1707,0.2706,0.2932,-0.3207,0.2264
Pemukiman_47,Pemukiman,0.0861,0.0981,0.1202,0.179,0.2706,0.1965,-0.292,0.2037
Pemukiman_47,Pemukiman,0.1371,0.1505,0.1607,0.2157,0.2909,0.1461,-0.178,0.1484
Pemukiman_47,Pemukiman,0.1524,0.1742,0.1826,0.2415,0.2909,0.1389,-0.1619,0.0928
Pemukiman_47,Pemukiman,0.1207,0.1438,0.1678,0.2246,0.2889,0.1447,-0.2193,0.1252
Pemukiman_47,Pemukiman,0.0993,0.112,0.1333,0.1832,0.2889,0.1577,-0.2412,0.2239
Pemukiman_47,Pemukiman,0.0936,0.109,0.1341,0.1842,0.2821,0.1574,-0.2565,0.21
Pemukiman_47,Pemukiman,0.086,0.1022,0.1243,0.1795,0.2821,0.1817,-0.2744,0.2223
Pemukiman_47,Pemukiman,0.0836,0.089,0.1006,0.1552,0.2632,0.2134,-0.2711,0.2581
Pemukiman_47,Pemukiman,0.1023,0.1195,0.1317,0.18,0.2632,0.155,-0.202,0.1877
Pemukiman_47,Pemukiman,0.1018,0.1186,0.1268,0.1869,0.2329,0.1916,-0.2236,0.1096
Pemukiman_47,Pemukiman,0.0883,0.103,0.1051,0.2201,0.2329,0.3536,-0.3624,0.0283
Pemukiman_47,Pemukiman,0.0548,0.0742,0.0645,0.2518,0.1913,0.5922,-0.5448,-0.1365
Pemukiman_47,Pemukiman,0.0321,0.0494,0.039,0.2306,0.1913,0.7107,-0.6471,-0.0931
Pemukiman_47,Pemukiman,0.0375,0.0573,0.0467,0.2686,0.1786,0.7038,-0.6484,-0.2013
Pemukiman_47,Pemukiman,0.034,0.0522,0.0385,0.2446,0.1786,0.728,-0.6482,-0.156
Pemukiman_47,Pemukiman,0.0296,0.0542,0.0349,0.2779,0.1882,0.7769,-0.6736,-0.1924
Pemukiman_47,Pemukiman,0.0398,0.0609,0.0427,0.3054,0.1882,0.7547,-0.6675,-0.2374
Pemukiman_47,Pemukiman,0.0859,0.1017,0.0921,0.2708,0.2274,0.4924,-0.454,-0.0871
Pemukiman_47,Pemukiman,0.0922,0.1064,0.1046,0.2081,0.2274,0.331,-0.3234,0.0443
Pemukiman_47,Pemukiman,0.0608,0.0756,0.0745,0.1899,0.2411,0.4365,-0.4305,0.1188
Pemukiman_47,Pemukiman,0.0856,0.0974,0.1072,0.1958,0.2411,0.2924,-0.3356,0.1037
Pemukiman_47,Pemukiman,0.082,0.1025,0.1259,0.2008,0.2461,0.2293,-0.3241,0.1014
Pemukiman_47,Pemukiman,0.0588,0.087,0.136,0.2084,0.2461,0.2102,-0.411,0.0829
Pemukiman_47,Pemukiman,0.0769,0.1028,0.1328,0.2391,0.2163,0.2858,-0.3987,-0.0501
Pemukiman_47,Pemukiman,0.0511,0.0644,0.0648,0.2222,0.2163,0.5484,-0.5506,-0.0135
Pemukiman_47,Pemukiman,0.0968,0.1137,0.1267,0.2004,0.2725,0.2253,-0.276,0.1525
Pemukiman_47,Pemukiman,0.0886,0.101,0.1038,0.207,0.2281,0.332,-0.3442,0.0485
Pemukiman_47,Pemukiman,0.0999,0.1139,0.1258,0.1955,0.2281,0.2169,-0.2637,0.077
Pemukiman_47,Pemukiman,0.0876,0.1014,0.1169,0.1629,0.2379,0.1644,-0.2327,0.1871
Pemukiman_47,Pemukiman,0.0873,0.1013,0.1101,0.1778,0.2379,0.2352,-0.2741,0.1446
Pemukiman_47,Pemukiman,0.0865,0.1056,0.1047,0.274,0.2434,0.4471,-0.4436,-0.0591
Pemukiman_47,Pemukiman,0.0696,0.0861,0.0797,0.2976,0.2434,0.5775,-0.5512,-0.1002
Pemukiman_47,Pemukiman,0.0503,0.0649,0.0605,0.2212,0.2065,0.5705,-0.5463,-0.0344
Pemukiman_47,Pemukiman,0.0422,0.0561,0.0518,0.2264,0.2065,0.6276,-0.6028,-0.046
Pemukiman_47,Pemukiman,0.041,0.0609,0.0477,0.2598,0.1992,0.6898,-0.6202,-0.132
Pemukiman_47,Pemukiman,0.0448,0.0652,0.0554,0.2835,0.1992,0.6731,-0.626,-0.1746
Pemukiman_47,Pemukiman,0.1002,0.1215,0.1179,0.2607,0.2341,0.3772,-0.3642,-0.0538
Pemukiman_47,Pemukiman,0.1137,0.1294,0.1226,0.2268,0.2341,0.2982,-0.2734,0.0158
Pemukiman_47,Pemukiman,0.0735,0.0859,0.085,0.1993,0.2667,0.402,-0.3976,0.1446
Pemukiman_47,Pemukiman,0.1072,0.1188,0.1271,0.1863,0.2667,0.1889,-0.2212,0.1775
Pemukiman_47,Pemukiman,0.1131,0.1275,0.1498,0.2031,0.2911,0.151,-0.2287,0.1781
Pemukiman_47,Pemukiman,0.0944,0.11,0.1432,0.1899,0.2911,0.1402,-0.2664,0.2104
Pemukiman_47,Pemukiman,0.087,0.1126,0.13,0.2649,0.2528,0.3416,-0.4034,-0.0234
Pemukiman_47,Pemukiman,0.0514,0.069,0.0652,0.2532,0.2528,0.5905,-0.5717,-0.0008
Pemukiman_47,Pemukiman,0.0894,0.103,0.1132,0.1651,0.2379,0.1865,-0.2316,0.1806
Pemukiman_47,Pemukiman,0.1043,0.1187,0.1245,0.1871,0.2379,0.2009,-0.2237,0.1195
Pemukiman_47,Pemukiman,0.1052,0.1242,0.1332,0.2128,0.2434,0.2301,-0.2629,0.0671
Pemukiman_47,Pemukiman,0.0921,0.1107,0.1253,0.237,0.2434,0.3083,-0.3632,0.0133
Pemukiman_47,Pemukiman,0.0801,0.0983,0.0938,0.2273,0.2065,0.4158,-0.3962,-0.0479
Pemukiman_47,Pemukiman,0.0589,0.0751,0.0686,0.2351,0.2065,0.5482,-0.5158,-0.0648
Pemukiman_47,Pemukiman,0.045,0.0721,0.0614,0.2566,0.1992,0.6138,-0.5613,-0.1259
Pemukiman_47,Pemukiman,0.047,0.0751,0.0598,0.3027,0.1992,0.6701,-0.6024,-0.2062
Pemukiman_47,Pemukiman,0.0836,0.1037,0.098,0.2786,0.2341,0.4796,-0.4575,-0.0868
Pemukiman_47,Pemukiman,0.087,0.1006,0.0892,0.2478,0.2341,0.4706,-0.4225,-0.0284
Pemukiman_47,Pemukiman,0.0612,0.0803,0.0797,0.2097,0.2667,0.4492,-0.4462,0.1196
Pemukiman_47,Pemukiman,0.1071,0.1237,0.1411,0.1934,0.2667,0.1564,-0.2198,0.1593
Pemukiman_47,Pemukiman,0.1253,0.1486,0.1755,0.2192,0.2911,0.1107,-0.192,0.1409
Pemukiman_47,Pemukiman,0.0851,0.1069,0.1446,0.1966,0.2911,0.1524,-0.2956,0.1938
Pemukiman_47,Pemukiman,0.0825,0.1005,0.116,0.23,0.2528,0.3295,-0.3918,0.0472
Pemukiman_47,Pemukiman,0.0804,0.094,0.1002,0.1645,0.2422,0.2429,-0.2727,0.191
Pemukiman_47,Pemukiman,0.0741,0.0907,0.0889,0.2023,0.2422,0.3894,-0.3809,0.0898
Pemukiman_47,Pemukiman,0.0689,0.086,0.0898,0.2025,0.2463,0.3856,-0.4038,0.0976
Pemukiman_47,Pemukiman,0.0626,0.0834,0.0899,0.2086,0.2463,0.3977,-0.4288,0.0829
Pemukiman_47,Pemukiman,0.0616,0.0812,0.0709,0.2365,0.2107,0.5387,-0.4888,-0.0577
Pemukiman_47,Pemukiman,0.0486,0.0623,0.0551,0.2198,0.2107,0.5991,-0.5583,-0.0211
Pemukiman_47,Pemukiman,0.0418,0.0623,0.0503,0.2439,0.1883,0.6581,-0.5931,-0.1286
Pemukiman_47,Pemukiman,0.0369,0.0645,0.0466,0.3267,0.1883,0.7503,-0.6702,-0.2687
Pemukiman_47,Pemukiman,0.0443,0.0658,0.0522,0.3198,0.21,0.7194,-0.6587,-0.2072
Pemukiman_47,Pemukiman,0.0441,0.0658,0.059,0.2575,0.21,0.6272,-0.5929,-0.1016
Pemukiman_47,Pemukiman,0.0614,0.0784,0.0776,0.2206,0.2563,0.4795,-0.4756,0.0749
Pemukiman_47,Pemukiman,0.1083,0.1174,0.1274,0.1888,0.2563,0.1942,-0.2332,0.1517
Pemukiman_47,Pemukiman,0.1279,0.1421,0.157,0.2118,0.2822,0.1486,-0.1969,0.1425
Pemukiman_47,Pemukiman,0.0903,0.114,0.1542,0.2054,0.2822,0.1424,-0.2862,0.1575
Pemukiman_47,Pemukiman,0.092,0.1097,0.1331,0.1935,0.284,0.1849,-0.2764,0.1895
Pemukiman_47,Pemukiman,0.0817,0.0955,0.0986,0.2067,0.2422,0.3541,-0.368,0.0791
Pemukiman_47,Pemukiman,0.0736,0.0893,0.083,0.2233,0.2463,0.458,-0.4287,0.049
Pemukiman_47,Pemukiman,0.056,0.0694,0.0683,0.1902,0.2463,0.4716,-0.4653,0.1285
Pemukiman_47,Pemukiman,0.0476,0.0623,0.0642,0.1975,0.2107,0.5094,-0.5204,0.0323
Pemukiman_47,Pemukiman,0.0392,0.0539,0.0492,0.2014,0.2107,0.6073,-0.5777,0.0226
Pemukiman_47,Pemukiman,0.0322,0.0528,0.0396,0.2422,0.1883,0.7189,-0.642,-0.1252
Pemukiman_47,Pemukiman,0.0377,0.0646,0.0454,0.3088,0.1883,0.7436,-0.654,-0.2424
Pemukiman_47,Pemukiman,0.0409,0.0628,0.0481,0.3304,0.21,0.7458,-0.6806,-0.2228
Pemukiman_47,Pemukiman,0.0379,0.0593,0.0503,0.2668,0.21,0.6827,-0.6363,-0.1191
Pemukiman_47,Pemukiman,0.0711,0.0833,0.0749,0.2302,0.2563,0.509,-0.4686,0.0536
Pemukiman_47,Pemukiman,0.0723,0.0796,0.0805,0.1908,0.2563,0.4066,-0.4112,0.1465
Pemukiman_47,Pemukiman,0.0887,0.1025,0.105,0.2166,0.2822,0.347,-0.3576,0.1315
Pemukiman_47,Pemukiman,0.1148,0.1296,0.1447,0.2161,0.2822,0.1979,-0.2502,0.1327
Pemukiman_47,Pemukiman,0.0793,0.0886,0.1132,0.1698,0.284,0.2,-0.3142,0.2517
Pemukiman_47,Pemukiman,0.1112,0.1188,0.1295,0.1847,0.2603,0.1757,-0.2171,0.1699
Pemukiman_47,Pemukiman,0.0985,0.1142,0.1197,0.202,0.2742,0.2558,-0.2777,0.1516
Pemukiman_47,Pemukiman,0.0745,0.0876,0.0977,0.1879,0.2742,0.3158,-0.3641,0.1868
Pemukiman_47,Pemukiman,0.0791,0.0942,0.0973,0.2051,0.2345,0.3565,-0.3705,0.0669
Pemukiman_47,Pemukiman,0.0527,0.0718,0.0655,0.2123,0.2345,0.5284,-0.4945,0.0497
Pemukiman_47,Pemukiman,0.0359,0.0535,0.04,0.2332,0.2013,0.7072,-0.6268,-0.0734
Pemukiman_47,Pemukiman,0.0365,0.0601,0.0431,0.2657,0.2013,0.7209,-0.6311,-0.1379
Pemukiman_47,Pemukiman,0.0337,0.0643,0.0448,0.3055,0.195,0.7442,-0.6522,-0.2208
Pemukiman_47,Pemukiman,0.0414,0.0643,0.0499,0.2913,0.195,0.7075,-0.6384,-0.198
Pemukiman_47,Pemukiman,0.0679,0.0802,0.0762,0.2377,0.2541,0.5145,-0.4954,0.0333
Pemukiman_47,Pemukiman,0.0764,0.0908,0.0997,0.2141,0.2541,0.3646,-0.4044,0.0854
Pemukiman_47,Pemukiman,0.0737,0.0974,0.1024,0.2617,0.2607,0.4375,-0.4575,-0.0019
Pemukiman_47,Pemukiman,0.0872,0.1038,0.1068,0.2223,0.2607,0.351,-0.3634,0.0795
Pemukiman_47,Pemukiman,0.0666,0.0726,0.0909,0.1555,0.265,0.2622,-0.3634,0.2604
Pemukiman_47,Pemukiman,0.0799,0.0904,0.0967,0.163,0.2603,0.2553,-0.2865,0.2299
Pemukiman_47,Pemukiman,0.074,0.089,0.1204,0.178,0.2742,0.193,-0.3333,0.2127
Pemukiman_47,Pemukiman,0.0726,0.0913,0.1117,0.1883,0.2742,0.2553,-0.3469,0.1857
Pemukiman_47,Pemukiman,0.0867,0.1032,0.11,0.1871,0.2345,0.2595,-0.289,0.1124
Pemukiman_47,Pemukiman,0.0773,0.0931,0.1007,0.1958,0.2345,0.3207,-0.3555,0.0899
Pemukiman_47,Pemukiman,0.0601,0.0737,0.0742,0.2206,0.2013,0.4966,-0.4991,-0.0457
Pemukiman_47,Pemukiman,0.0604,0.0801,0.0689,0.241,0.2013,0.5553,-0.5011,-0.0898
Pemukiman_47,Pemukiman,0.0422,0.0643,0.0476,0.2819,0.195,0.7111,-0.6285,-0.1822
Pemukiman_47,Pemukiman,0.048,0.0697,0.0523,0.3161,0.195,0.7161,-0.6387,-0.2369
Pemukiman_47,Pemukiman,0.0708,0.094,0.0866,0.2925,0.2541,0.5431,-0.5136,-0.0703
Pemukiman_47,Pemukiman,0.2014,0.1967,0.2051,0.3096,0.2541,0.203,-0.223,-0.0985
Pemukiman_47,Pemukiman,0.1708,0.1914,0.196,0.2908,0.2607,0.1947,-0.2061,-0.0546
Pemukiman_47,Pemukiman,0.0785,0.0971,0.0947,0.2206,0.2607,0.3993,-0.3887,0.0833
Pemukiman_47,Pemukiman,0.0502,0.0665,0.0753,0.1809,0.265,0.4122,-0.4624,0.1886
Pemukiman_47,Pemukiman,0.1004,0.1127,0.1256,0.1981,0.2771,0.224,-0.2748,0.1662
Pemukiman_47,Pemukiman,0.1296,0.1572,0.1785,0.2202,0.3065,0.1046,-0.1669,0.1639
Pemukiman_47,Pemukiman,0.0828,0.1031,0.1142,0.1945,0.3065,0.2601,-0.3071,0.2236
Pemukiman_47,Pemukiman,0.0671,0.0751,0.0859,0.1533,0.2634,0.2818,-0.3424,0.2642
Pemukiman_47,Pemukiman,0.0704,0.0828,0.0952,0.1566,0.2634,0.2438,-0.3083,0.2543
Pemukiman_47,Pemukiman,0.0782,0.0868,0.0949,0.169,0.243,0.2808,-0.3213,0.1796
Pemukiman_47,Pemukiman,0.0849,0.1016,0.0985,0.2459,0.243,0.428,-0.4153,-0.0059
Pemukiman_47,Pemukiman,0.049,0.0767,0.0548,0.3089,0.2144,0.6987,-0.6022,-0.1806
Pemukiman_47,Pemukiman,0.0454,0.0719,0.0517,0.3107,0.2144,0.7147,-0.6241,-0.1834
Pemukiman_47,Pemukiman,0.0643,0.0832,0.073,0.2905,0.2393,0.5983,-0.5547,-0.0966
Pemukiman_47,Pemukiman,0.1495,0.1729,0.1747,0.3132,0.2393,0.2839,-0.2886,-0.1338
Pemukiman_47,Pemukiman,0.1432,0.1714,0.1765,0.2776,0.2516,0.2226,-0.2365,-0.0491
Pemukiman_47,Pemukiman,0.0833,0.0944,0.0956,0.2263,0.2516,0.406,-0.4113,0.0529
Pemukiman_47,Pemukiman,0.116,0.1306,0.1373,0.2136,0.2771,0.2174,-0.2411,0.1294
Pemukiman_47,Pemukiman,0.2146,0.2262,0.2337,0.2644,0.3065,0.0616,-0.0779,0.0737
Pemukiman_47,Pemukiman,0.1231,0.1435,0.1477,0.255,0.3065,0.2665,-0.2798,0.0917
Pemukiman_47,Pemukiman,0.0874,0.1041,0.1039,0.1857,0.2634,0.2825,-0.2816,0.173
Pemukiman_47,Pemukiman,0.0745,0.0909,0.0981,0.1561,0.2634,0.2282,-0.264,0.2558
Pemukiman_47,Pemukiman,0.0784,0.088,0.0984,0.1653,0.243,0.2537,-0.3052,0.1903
Pemukiman_47,Pemukiman,0.0741,0.0955,0.0866,0.2543,0.243,0.4919,-0.454,-0.0227
Pemukiman_47,Pemukiman,0.0494,0.0794,0.0575,0.32,0.2144,0.6954,-0.6024,-0.1976
Pemukiman_47,Pemukiman,0.0489,0.0749,0.057,0.2964,0.2144,0.6774,-0.5966,-0.1605
Pemukiman_47,Pemukiman,0.0412,0.0686,0.051,0.2809,0.2393,0.6927,-0.6074,-0.08
Pemukiman_47,Pemukiman,0.0466,0.0713,0.0614,0.2668,0.2393,0.6258,-0.5782,-0.0543
Pemukiman_47,Pemukiman,0.0641,0.085,0.0804,0.2456,0.2516,0.5067,-0.4858,0.0121
Pemukiman_47,Pemukiman,0.0861,0.1006,0.1058,0.2147,0.2516,0.3398,-0.3619,0.0791
Pemukiman_47,Pemukiman,0.1081,0.1303,0.1275,0.2748,0.2413,0.3661,-0.3567,-0.0649
Pemukiman_47,Pemukiman,0.1005,0.1139,0.1165,0.2118,0.2383,0.2903,-0.3006,0.0589
Pemukiman_47,Pemukiman,0.0875,0.1032,0.1218,0.1875,0.2383,0.2124,-0.29,0.1193
Pemukiman_47,Pemukiman,0.0917,0.1134,0.1415,0.2256,0.245,0.2291,-0.331,0.0412
Pemukiman_47,Pemukiman,0.0763,0.1031,0.0958,0.2964,0.245,0.5115,-0.4839,-0.0949
Pemukiman_47,Pemukiman,0.058,0.0852,0.0678,0.3135,0.217,0.6444,-0.5726,-0.1819
Pemukiman_47,Pemukiman,0.0583,0.0873,0.0716,0.3003,0.217,0.6149,-0.5495,-0.161
Pemukiman_47,Pemukiman,0.0551,0.0836,0.0681,0.3058,0.2191,0.6357,-0.5706,-0.1652
Pemukiman_47,Pemukiman,0.053,0.0759,0.0654,0.2722,0.2191,0.6126,-0.5639,-0.1081
Pemukiman_47,Pemukiman,0.0527,0.0716,0.0724,0.2073,0.2513,0.4823,-0.4866,0.0959
Pemukiman_47,Pemukiman,0.0949,0.1081,0.1269,0.2041,0.2513,0.2332,-0.3075,0.1036
Pemukiman_47,Pemukiman,0.0797,0.1106,0.1489,0.2695,0.245,0.2882,-0.418,-0.0476
Pemukiman_47,Pemukiman,0.0583,0.0897,0.0801,0.3538,0.245,0.6308,-0.5955,-0.1817
Pemukiman_47,Pemukiman,0.0511,0.0804,0.0577,0.3347,0.217,0.7059,-0.6126,-0.2133
Pemukiman_47,Pemukiman,0.0573,0.0904,0.0701,0.322,0.217,0.6424,-0.5616,-0.1948
Pemukiman_47,Pemukiman,0.0688,0.0928,0.0773,0.307,0.2191,0.5977,-0.5358,-0.1671
Pemukiman_47,Pemukiman,0.0892,0.1078,0.1001,0.2548,0.2191,0.4359,-0.4054,-0.0753
Pemukiman_47,Pemukiman,0.0789,0.0932,0.0971,0.1783,0.2513,0.2948,-0.3134,0.1699
Pemukiman_47,Pemukiman,0.0719,0.0847,0.1051,0.1678,0.2513,0.2298,-0.3291,0.1992
Pemukiman_47,Pemukiman,0.0411,0.0705,0.0411,0.3506,0.1912,0.7901,-0.6652,-0.2942
Pemukiman_47,Pemukiman,0.0447,0.0765,0.0442,0.3594,0.1912,0.781,-0.649,-0.3055
Pemukiman_47,Pemukiman,0.0547,0.0798,0.0575,0.3328,0.2192,0.7054,-0.6132,-0.2058
Pemukiman_47,Pemukiman,0.0953,0.1111,0.1111,0.2291,0.2192,0.3469,-0.3469,-0.0221
Pemukiman_47,Pemukiman,0.1074,0.1218,0.1293,0.1813,0.2565,0.1674,-0.1963,0.1718
Pemukiman_47,Pemukiman,0.0816,0.0912,0.1004,0.1588,0.2565,0.2253,-0.2704,0.2353
Pemukiman_47,Pemukiman,0.092,0.1076,0.1136,0.2048,0.2192,0.2864,-0.3111,0.034
Pemukiman_47,Pemukiman,0.1038,0.1161,0.1212,0.1756,0.2565,0.1833,-0.204,0.1872
Pemukiman_48,Pemukiman,0.1189,0.128,0.1329,0.2063,0.2343,0.2164,-0.2342,0.0635
Pemukiman_48,Pemukiman,0.1046,0.1146,0.122,0.1637,0.2157,0.146,-0.1764,0.1371
Pemukiman_48,Pemukiman,0.1497,0.1715,0.1781,0.2267,0.2497,0.1201,-0.1386,0.0483
Pemukiman_48,Pemukiman,0.12,0.1453,0.134,0.2417,0.2497,0.2867,-0.2491,0.0163
Pemukiman_48,Pemukiman,0.1168,0.1347,0.1309,0.217,0.2191,0.2475,-0.234,0.0048
Pemukiman_48,Pemukiman,0.1217,0.1198,0.1296,0.1724,0.2191,0.1417,-0.18,0.1193
Pemukiman_48,Pemukiman,0.1126,0.1177,0.1295,0.156,0.2311,0.0928,-0.1399,0.194
Pemukiman_48,Pemukiman,0.1039,0.1185,0.1261,0.1492,0.2311,0.0839,-0.1147,0.2154
Pemukiman_48,Pemukiman,0.1082,0.122,0.1314,0.1622,0.2416,0.1049,-0.1414,0.1966
Pemukiman_48,Pemukiman,0.0926,0.1023,0.107,0.159,0.2416,0.1955,-0.217,0.2062
Pemukiman_48,Pemukiman,0.0755,0.0874,0.0875,0.1786,0.2368,0.3424,-0.3429,0.1401
Pemukiman_48,Pemukiman,0.1087,0.1294,0.142,0.2087,0.2497,0.1902,-0.2345,0.0894
Pemukiman_48,Pemukiman,0.0778,0.0991,0.0878,0.222,0.2497,0.4332,-0.3827,0.0587
Pemukiman_48,Pemukiman,0.0704,0.0864,0.0947,0.2119,0.2191,0.3823,-0.4207,0.0167
Pemukiman_48,Pemukiman,0.0877,0.0921,0.1273,0.1767,0.2191,0.1625,-0.3147,0.1071
Pemukiman_48,Pemukiman,0.1029,0.1101,0.1276,0.1641,0.2311,0.1251,-0.1969,0.1695
Pemukiman_48,Pemukiman,0.101,0.1142,0.1192,0.1794,0.2311,0.2016,-0.2221,0.1259
Pemukiman_48,Pemukiman,0.0952,0.1161,0.1368,0.2059,0.2416,0.2016,-0.2789,0.0798
Pemukiman_48,Pemukiman,0.0936,0.1155,0.1443,0.2045,0.2416,0.1726,-0.2781,0.0832
Pemukiman_48,Pemukiman,0.1299,0.1398,0.1518,0.2118,0.2368,0.165,-0.2048,0.0557
Pemukiman_48,Pemukiman,0.178,0.1865,0.2037,0.2313,0.2368,0.0634,-0.1072,0.0117
Pemukiman_48,Pemukiman,0.1354,0.1483,0.1602,0.1851,0.2528,0.0721,-0.1104,0.1546
Pemukiman_48,Pemukiman,0.1211,0.1352,0.1405,0.1628,0.2528,0.0735,-0.0926,0.2166
Pemukiman_48,Pemukiman,0.1164,0.1255,0.1354,0.1565,0.2673,0.0723,-0.1099,0.2614
Pemukiman_48,Pemukiman,0.1176,0.1268,0.1398,0.1645,0.2673,0.0812,-0.1294,0.2381
Pemukiman_48,Pemukiman,0.0945,0.1023,0.1142,0.1336,0.2625,0.0783,-0.1327,0.3254
Pemukiman_48,Pemukiman,0.0845,0.1048,0.1027,0.247,0.2168,0.4126,-0.4042,-0.0651
Pemukiman_48,Pemukiman,0.0761,0.0914,0.0886,0.2172,0.2168,0.4205,-0.4076,-0.0009
Pemukiman_48,Pemukiman,0.078,0.0947,0.1182,0.1818,0.2166,0.212,-0.315,0.0873
Pemukiman_48,Pemukiman,0.0784,0.0913,0.1366,0.1868,0.2166,0.1552,-0.3434,0.0739
Pemukiman_48,Pemukiman,0.0899,0.0997,0.1114,0.174,0.2379,0.2193,-0.2715,0.1551
Pemukiman_48,Pemukiman,0.0777,0.0961,0.1059,0.193,0.2379,0.2914,-0.3352,0.1042
Pemukiman_48,Pemukiman,0.0773,0.1101,0.164,0.2642,0.3085,0.234,-0.4117,0.0774
Pemukiman_48,Pemukiman,0.0879,0.1189,0.1814,0.2491,0.3085,0.1573,-0.3538,0.1065
Pemukiman_48,Pemukiman,0.1274,0.1488,0.1644,0.2263,0.287,0.1584,-0.2066,0.1183
Pemukiman_48,Pemukiman,0.233,0.2578,0.2593,0.2892,0.287,0.0545,-0.0574,-0.0038
Pemukiman_48,Pemukiman,0.181,0.1901,0.1968,0.2419,0.2505,0.1028,-0.1199,0.0175
Pemukiman_48,Pemukiman,0.108,0.124,0.1343,0.1949,0.2505,0.1841,-0.2223,0.1248
Pemukiman_48,Pemukiman,0.1105,0.1313,0.152,0.1971,0.2554,0.1292,-0.2004,0.1288
Pemukiman_48,Pemukiman,0.1109,0.1332,0.161,0.2068,0.2554,0.1245,-0.2165,0.1051
Pemukiman_48,Pemukiman,0.1118,0.1337,0.1587,0.193,0.2687,0.0975,-0.1815,0.164
Pemukiman_48,Pemukiman,0.1126,0.1292,0.1447,0.1679,0.2687,0.0742,-0.1303,0.2309
Pemukiman_48,Pemukiman,0.1383,0.1524,0.1678,0.1853,0.303,0.0496,-0.0974,0.241
Pemukiman_48,Pemukiman,0.1486,0.1692,0.1831,0.2035,0.303,0.0528,-0.092,0.1964
Pemukiman_48,Pemukiman,0.1441,0.1632,0.1763,0.205,0.3252,0.0753,-0.1135,0.2267
Pemukiman_48,Pemukiman,0.0709,0.0938,0.0823,0.253,0.2168,0.5091,-0.4591,-0.0771
Pemukiman_48,Pemukiman,0.0944,0.1078,0.1086,0.2145,0.2168,0.3278,-0.3311,0.0053
Pemukiman_48,Pemukiman,0.0897,0.1068,0.1219,0.1906,0.2166,0.2198,-0.2818,0.0639
Pemukiman_48,Pemukiman,0.0707,0.0854,0.1054,0.2358,0.2166,0.3822,-0.4682,-0.0424
Pemukiman_48,Pemukiman,0.078,0.0895,0.0924,0.2121,0.2379,0.3931,-0.4065,0.0573
Pemukiman_48,Pemukiman,0.0773,0.0965,0.1295,0.1971,0.2379,0.207,-0.3426,0.0938
Pemukiman_48,Pemukiman,0.0951,0.1293,0.2136,0.2783,0.3085,0.1315,-0.3656,0.0515
Pemukiman_48,Pemukiman,0.1395,0.1655,0.2135,0.2633,0.3085,0.1044,-0.2281,0.079
Pemukiman_48,Pemukiman,0.1033,0.1188,0.1435,0.1869,0.287,0.1314,-0.2228,0.2112
Pemukiman_48,Pemukiman,0.1104,0.1292,0.1623,0.1936,0.287,0.0879,-0.1995,0.1943
Pemukiman_48,Pemukiman,0.1311,0.1546,0.1655,0.2166,0.2505,0.1337,-0.167,0.0726
Pemukiman_48,Pemukiman,0.1049,0.126,0.1341,0.2288,0.2505,0.261,-0.2897,0.0453
Pemukiman_48,Pemukiman,0.1154,0.1427,0.1762,0.2486,0.2554,0.1704,-0.2706,0.0135
Pemukiman_48,Pemukiman,0.1413,0.1695,0.2324,0.2703,0.2554,0.0754,-0.2292,-0.0283
Pemukiman_48,Pemukiman,0.1388,0.1755,0.2314,0.2712,0.2687,0.0792,-0.2142,-0.0046
Pemukiman_48,Pemukiman,0.1237,0.1471,0.1667,0.2158,0.2687,0.1284,-0.1893,0.1092
Pemukiman_48,Pemukiman,0.1249,0.1333,0.1442,0.1826,0.303,0.1175,-0.1561,0.2479
Pemukiman_48,Pemukiman,0.1377,0.1527,0.1641,0.2034,0.303,0.1069,-0.1424,0.1967
Pemukiman_48,Pemukiman,0.1384,0.1583,0.172,0.2109,0.3252,0.1016,-0.1425,0.2132
Pemukiman_48,Pemukiman,0.0916,0.1091,0.1089,0.2114,0.237,0.32,-0.3192,0.0571
Pemukiman_48,Pemukiman,0.0901,0.1121,0.117,0.1864,0.237,0.2287,-0.2489,0.1195
Pemukiman_48,Pemukiman,0.0825,0.0953,0.0941,0.1787,0.2464,0.3101,-0.3044,0.1593
Pemukiman_48,Pemukiman,0.1331,0.1432,0.1472,0.2383,0.2464,0.2363,-0.2493,0.0167
Pemukiman_48,Pemukiman,0.1345,0.1496,0.1508,0.2386,0.251,0.2255,-0.2293,0.0253
Pemukiman_48,Pemukiman,0.0858,0.105,0.1474,0.1935,0.251,0.1352,-0.2965,0.1294
Pemukiman_48,Pemukiman,0.0944,0.1339,0.2289,0.2673,0.351,0.0774,-0.3325,0.1354
Pemukiman_48,Pemukiman,0.2077,0.2488,0.32,0.3527,0.351,0.0486,-0.1727,-0.0024
Pemukiman_48,Pemukiman,0.2061,0.2356,0.2873,0.3034,0.3609,0.0273,-0.1258,0.0866
Pemukiman_48,Pemukiman,0.1155,0.1373,0.1708,0.2106,0.3609,0.1044,-0.2107,0.263
Pemukiman_48,Pemukiman,0.1243,0.1449,0.1675,0.2108,0.2627,0.1145,-0.1853,0.1096
Pemukiman_48,Pemukiman,0.1241,0.149,0.1747,0.238,0.2627,0.1534,-0.23,0.0493
Pemukiman_48,Pemukiman,0.1288,0.1501,0.1906,0.2531,0.2813,0.1409,-0.2555,0.0528
Pemukiman_48,Pemukiman,0.1312,0.1568,0.2043,0.2442,0.2813,0.089,-0.218,0.0706
Pemukiman_48,Pemukiman,0.1388,0.1681,0.2309,0.2589,0.2945,0.0572,-0.2126,0.0643
Pemukiman_48,Pemukiman,0.1098,0.1237,0.1563,0.1998,0.2945,0.1222,-0.2352,0.1916
Pemukiman_48,Pemukiman,0.0911,0.1012,0.1094,0.1599,0.2845,0.1875,-0.2248,0.2804
Pemukiman_48,Pemukiman,0.1104,0.1232,0.1348,0.1791,0.2845,0.1411,-0.1849,0.2274
Pemukiman_48,Pemukiman,0.1201,0.1324,0.1415,0.194,0.2981,0.1565,-0.1887,0.2115
Pemukiman_48,Pemukiman,0.1511,0.1644,0.1765,0.2168,0.2981,0.1025,-0.1375,0.1579
Pemukiman_48,Pemukiman,0.095,0.1108,0.1183,0.2125,0.237,0.2848,-0.3146,0.0545
Pemukiman_48,Pemukiman,0.0787,0.0969,0.1057,0.2054,0.237,0.3205,-0.3589,0.0714
Pemukiman_48,Pemukiman,0.0783,0.0971,0.1077,0.1859,0.2464,0.2663,-0.3138,0.1399
Pemukiman_48,Pemukiman,0.1911,0.1937,0.2095,0.2179,0.2464,0.0197,-0.0588,0.0614
Pemukiman_48,Pemukiman,0.1817,0.1965,0.1997,0.2129,0.251,0.032,-0.0401,0.0821
Pemukiman_48,Pemukiman,0.0798,0.0995,0.1238,0.1571,0.251,0.1185,-0.2245,0.2301
Pemukiman_48,Pemukiman,0.088,0.1156,0.166,0.212,0.351,0.1217,-0.2943,0.2469
Pemukiman_48,Pemukiman,0.2175,0.2565,0.3319,0.3659,0.351,0.0487,-0.1758,-0.0208
Pemukiman_48,Pemukiman,0.2492,0.3065,0.3732,0.3996,0.3609,0.0342,-0.1319,-0.0509
Pemukiman_48,Pemukiman,0.1148,0.1465,0.2223,0.2792,0.3609,0.1135,-0.3117,0.1276
Pemukiman_48,Pemukiman,0.1289,0.1546,0.1838,0.2322,0.2627,0.1163,-0.2006,0.0616
Pemukiman_48,Pemukiman,0.1286,0.1523,0.1817,0.2331,0.2627,0.1239,-0.2097,0.0597
Pemukiman_48,Pemukiman,0.1288,0.1532,0.1794,0.2463,0.2813,0.1572,-0.233,0.0663
Pemukiman_48,Pemukiman,0.1287,0.139,0.1708,0.2197,0.2813,0.1252,-0.225,0.123
Pemukiman_48,Pemukiman,0.1101,0.1372,0.1929,0.2369,0.2945,0.1024,-0.2665,0.1084
Pemukiman_48,Pemukiman,0.0829,0.1015,0.13,0.2068,0.2945,0.228,-0.3415,0.1749
Pemukiman_48,Pemukiman,0.0804,0.0895,0.0879,0.1945,0.2845,0.3775,-0.3697,0.1879
Pemukiman_48,Pemukiman,0.1168,0.1282,0.1272,0.2288,0.2845,0.2854,-0.2818,0.1085
Pemukiman_48,Pemukiman,0.1279,0.1398,0.1366,0.2389,0.2981,0.2724,-0.2617,0.1102
Pemukiman_48,Pemukiman,0.1185,0.1328,0.1271,0.2471,0.2981,0.3207,-0.3009,0.0935
Pemukiman_48,Pemukiman,0.0789,0.0922,0.1111,0.1764,0.2832,0.2271,-0.3135,0.2324
Pemukiman_48,Pemukiman,0.0772,0.1033,0.1425,0.2086,0.2832,0.1883,-0.3376,0.1517
Pemukiman_48,Pemukiman,0.085,0.1072,0.1485,0.2134,0.3064,0.1793,-0.3313,0.1789
Pemukiman_48,Pemukiman,0.1222,0.1397,0.1706,0.2039,0.3064,0.0889,-0.1868,0.2009
Pemukiman_48,Pemukiman,0.1115,0.1208,0.1346,0.1567,0.2639,0.0759,-0.1294,0.2549
Pemukiman_48,Pemukiman,0.0722,0.0922,0.1017,0.1443,0.2639,0.1732,-0.2203,0.293
Pemukiman_48,Pemukiman,0.1118,0.1264,0.1529,0.2169,0.3196,0.1731,-0.2636,0.1914
Pemukiman_48,Pemukiman,0.2513,0.2651,0.3066,0.3341,0.3196,0.0429,-0.1152,-0.0222
Pemukiman_48,Pemukiman,0.2184,0.263,0.3614,0.38,0.3817,0.0251,-0.182,0.0022
Pemukiman_48,Pemukiman,0.095,0.1342,0.2169,0.2761,0.3817,0.1201,-0.3458,0.1605
Pemukiman_48,Pemukiman,0.128,0.15,0.1737,0.2291,0.2822,0.1375,-0.2087,0.1039
Pemukiman_48,Pemukiman,0.1268,0.147,0.1699,0.2345,0.2822,0.1597,-0.2294,0.0923
Pemukiman_48,Pemukiman,0.1189,0.145,0.1584,0.2402,0.2998,0.2052,-0.2471,0.1104
Pemukiman_48,Pemukiman,0.1106,0.1297,0.1581,0.2226,0.2998,0.1694,-0.2637,0.1478
Pemukiman_48,Pemukiman,0.088,0.1203,0.19,0.2552,0.3018,0.1465,-0.3593,0.0837
Pemukiman_48,Pemukiman,0.0632,0.0915,0.1211,0.2647,0.3018,0.3722,-0.4862,0.0655
Pemukiman_48,Pemukiman,0.0507,0.0683,0.0572,0.2661,0.2539,0.6461,-0.5915,-0.0235
Pemukiman_48,Pemukiman,0.0688,0.0927,0.0835,0.3044,0.2539,0.5695,-0.5331,-0.0905
Pemukiman_48,Pemukiman,0.0712,0.0893,0.0811,0.306,0.248,0.581,-0.5482,-0.1047
Pemukiman_48,Pemukiman,0.0648,0.0845,0.0714,0.3053,0.248,0.6209,-0.5664,-0.1036
Pemukiman_48,Pemukiman,0.0601,0.0807,0.0923,0.1991,0.2832,0.3665,-0.4232,0.1744
Pemukiman_48,Pemukiman,0.1039,0.1204,0.1624,0.2108,0.2832,0.1297,-0.2729,0.1466
Pemukiman_48,Pemukiman,0.1423,0.1584,0.195,0.2202,0.3064,0.0607,-0.1632,0.1637
Pemukiman_48,Pemukiman,0.1443,0.1679,0.1943,0.2129,0.3064,0.0457,-0.1182,0.18
Pemukiman_48,Pemukiman,0.1035,0.116,0.1341,0.1607,0.2639,0.0902,-0.1615,0.2431
Pemukiman_48,Pemukiman,0.0823,0.0983,0.1325,0.1682,0.2639,0.1187,-0.2623,0.2215
Pemukiman_48,Pemukiman,0.1432,0.1633,0.1971,0.2482,0.3196,0.1148,-0.2063,0.1257
Pemukiman_48,Pemukiman,0.2287,0.2373,0.2822,0.3221,0.3196,0.066,-0.1516,-0.0039
Pemukiman_48,Pemukiman,0.1732,0.2107,0.2872,0.3143,0.3817,0.0451,-0.1973,0.0968
Pemukiman_48,Pemukiman,0.0768,0.1048,0.1798,0.227,0.3817,0.116,-0.3683,0.2541
Pemukiman_48,Pemukiman,0.0968,0.1151,0.1388,0.1949,0.2822,0.1681,-0.2574,0.183
Pemukiman_48,Pemukiman,0.1024,0.1189,0.1379,0.2065,0.2822,0.1992,-0.2692,0.1549
Pemukiman_48,Pemukiman,0.1136,0.1364,0.1493,0.2246,0.2998,0.2014,-0.2443,0.1434
Pemukiman_48,Pemukiman,0.1543,0.184,0.2165,0.2747,0.2998,0.1185,-0.1977,0.0437
Pemukiman_48,Pemukiman,0.0944,0.1362,0.2162,0.3024,0.3018,0.1662,-0.3789,-0.001
Pemukiman_48,Pemukiman,0.0542,0.0805,0.1072,0.3216,0.3018,0.5,-0.5996,-0.0318
Pemukiman_48,Pemukiman,0.0474,0.0679,0.0554,0.3416,0.2539,0.7209,-0.6684,-0.1473
Pemukiman_48,Pemukiman,0.0547,0.0793,0.0765,0.3199,0.2539,0.614,-0.6027,-0.115
Pemukiman_48,Pemukiman,0.0527,0.0737,0.0758,0.3093,0.248,0.6063,-0.6151,-0.11
Pemukiman_48,Pemukiman,0.0537,0.0751,0.0613,0.3256,0.248,0.6831,-0.6252,-0.1353
Pemukiman_48,Pemukiman,0.0607,0.0822,0.0754,0.264,0.2551,0.5557,-0.5251,-0.0171
Pemukiman_48,Pemukiman,0.0996,0.1196,0.151,0.2352,0.2551,0.218,-0.3258,0.0406
Pemukiman_48,Pemukiman,0.1369,0.16,0.1873,0.218,0.3041,0.0757,-0.1534,0.1649
Pemukiman_48,Pemukiman,0.1611,0.1755,0.2013,0.2146,0.3041,0.032,-0.1002,0.1725
Pemukiman_48,Pemukiman,0.1014,0.1179,0.1613,0.1838,0.2703,0.0652,-0.2184,0.1905
Pemukiman_48,Pemukiman,0.0818,0.1122,0.1809,0.2105,0.2703,0.0756,-0.3046,0.1244
Pemukiman_48,Pemukiman,0.1119,0.1411,0.2141,0.2431,0.3076,0.0634,-0.2655,0.1171
Pemukiman_48,Pemukiman,0.1201,0.1508,0.2346,0.2706,0.3076,0.0713,-0.2843,0.064
Pemukiman_48,Pemukiman,0.0972,0.1403,0.2506,0.2932,0.3642,0.0783,-0.3527,0.108
Pemukiman_48,Pemukiman,0.0786,0.1193,0.2237,0.273,0.3642,0.0993,-0.3918,0.1431
Pemukiman_48,Pemukiman,0.0815,0.1182,0.198,0.2444,0.3385,0.1049,-0.348,0.1614
Pemukiman_48,Pemukiman,0.0796,0.1118,0.1843,0.2367,0.3385,0.1245,-0.3584,0.177
Pemukiman_48,Pemukiman,0.0968,0.1288,0.1922,0.2506,0.366,0.1319,-0.321,0.1872
Pemukiman_48,Pemukiman,0.1499,0.1862,0.2637,0.3132,0.366,0.0858,-0.2543,0.0777
Pemukiman_48,Pemukiman,0.0859,0.1292,0.2176,0.3201,0.3209,0.1906,-0.4249,0.0012
Pemukiman_48,Pemukiman,0.0492,0.0757,0.0928,0.3248,0.3209,0.5556,-0.622,-0.006
Pemukiman_48,Pemukiman,0.0559,0.082,0.0739,0.3492,0.2872,0.6507,-0.6197,-0.0974
Pemukiman_48,Pemukiman,0.0762,0.1027,0.1117,0.3187,0.2872,0.4809,-0.5126,-0.052
Pemukiman_48,Pemukiman,0.0714,0.099,0.1116,0.3075,0.2603,0.4674,-0.5129,-0.0831
Pemukiman_48,Pemukiman,0.0482,0.0758,0.0636,0.3265,0.2603,0.6739,-0.6232,-0.1128
Pemukiman_48,Pemukiman,0.0846,0.1048,0.1391,0.1716,0.2703,0.1046,-0.2417,0.2234
Pemukiman_48,Pemukiman,0.0855,0.1034,0.1404,0.1909,0.3076,0.1524,-0.2973,0.2341
Pemukiman_48,Pemukiman,0.0923,0.1224,0.1726,0.2102,0.3076,0.0982,-0.264,0.1881
Pemukiman_48,Pemukiman,0.0789,0.1156,0.2054,0.2434,0.3642,0.0847,-0.356,0.1988
Pemukiman_48,Pemukiman,0.0802,0.1197,0.213,0.2646,0.3642,0.108,-0.377,0.1584
Pemukiman_48,Pemukiman,0.085,0.1257,0.2278,0.2759,0.3385,0.0955,-0.374,0.1019
Pemukiman_48,Pemukiman,0.0851,0.1259,0.2308,0.2776,0.3385,0.0921,-0.376,0.0988
Pemukiman_48,Pemukiman,0.0872,0.1291,0.2375,0.2883,0.366,0.0966,-0.3814,0.1188
Pemukiman_48,Pemukiman,0.0899,0.1312,0.2348,0.2945,0.366,0.1128,-0.3836,0.1083
Pemukiman_48,Pemukiman,0.0705,0.1136,0.1914,0.3125,0.3209,0.2403,-0.4668,0.0133
Pemukiman_48,Pemukiman,0.054,0.0817,0.0944,0.3325,0.3209,0.5577,-0.6055,-0.0178
Pemukiman_48,Pemukiman,0.0586,0.0838,0.0751,0.3405,0.2872,0.6386,-0.605,-0.0849
Pemukiman_48,Pemukiman,0.0676,0.0945,0.0959,0.3229,0.2872,0.542,-0.5472,-0.0585
Pemukiman_48,Pemukiman,0.072,0.0956,0.1038,0.302,0.2603,0.4884,-0.5191,-0.0742
Pemukiman_48,Pemukiman,0.0483,0.07,0.0647,0.2887,0.2603,0.6338,-0.6097,-0.0517
Pemukiman_48,Pemukiman,0.1147,0.1382,0.1917,0.2402,0.3171,0.1123,-0.2696,0.138
Pemukiman_48,Pemukiman,0.0789,0.1099,0.1497,0.2987,0.2772,0.3323,-0.4621,-0.0373
Pemukiman_48,Pemukiman,0.0544,0.0819,0.0782,0.3538,0.2772,0.638,-0.6241,-0.1214
Pemukiman_48,Pemukiman,0.0542,0.0789,0.0651,0.3521,0.2507,0.6879,-0.6339,-0.1682
Pemukiman_48,Pemukiman,0.0575,0.0841,0.0765,0.3532,0.2507,0.6439,-0.6154,-0.1697
Pemukiman_48,Pemukiman,0.059,0.0855,0.0794,0.332,0.2557,0.614,-0.5904,-0.1298
Pemukiman_48,Pemukiman,0.0463,0.0649,0.0605,0.2971,0.2557,0.6616,-0.6414,-0.0749
Pemukiman_49,Pemukiman,0.08,0.1016,0.0934,0.2103,0.2492,0.3849,-0.3485,0.0847
Pemukiman_49,Pemukiman,0.0926,0.1064,0.1104,0.179,0.2492,0.237,-0.2544,0.1639
Pemukiman_49,Pemukiman,0.0858,0.1016,0.0956,0.1869,0.2596,0.3232,-0.2957,0.1628
Pemukiman_49,Pemukiman,0.1169,0.1268,0.1323,0.1805,0.2596,0.1541,-0.1747,0.1797
Pemukiman_49,Pemukiman,0.1436,0.164,0.1675,0.2548,0.2929,0.2067,-0.2168,0.0696
Pemukiman_49,Pemukiman,0.1484,0.189,0.1809,0.26,0.2929,0.1794,-0.1581,0.0595
Pemukiman_49,Pemukiman,0.1456,0.1576,0.1554,0.2228,0.2687,0.1782,-0.1714,0.0934
Pemukiman_49,Pemukiman,0.0791,0.0908,0.1028,0.1598,0.2687,0.2171,-0.2753,0.2541
Pemukiman_49,Pemukiman,0.0859,0.1041,0.1112,0.2263,0.2596,0.341,-0.3699,0.0685
Pemukiman_49,Pemukiman,0.1055,0.1234,0.1296,0.2157,0.2596,0.2493,-0.2722,0.0924
Pemukiman_49,Pemukiman,0.1004,0.1247,0.1381,0.2192,0.2929,0.227,-0.2748,0.1439
Pemukiman_49,Pemukiman,0.1224,0.1388,0.1464,0.2186,0.2929,0.1978,-0.2233,0.1453
Pemukiman_49,Pemukiman,0.1197,0.1316,0.1261,0.1926,0.2687,0.2087,-0.1882,0.165
Pemukiman_49,Pemukiman,0.0765,0.0908,0.0964,0.1584,0.2687,0.2433,-0.2713,0.2583
Pemukiman_49,Pemukiman,0.0853,0.1051,0.1144,0.2118,0.2703,0.2986,-0.3367,0.1213
Pemukiman_49,Pemukiman,0.0732,0.0855,0.1089,0.1904,0.2703,0.2723,-0.3802,0.1734
Pemukiman_49,Pemukiman,0.0752,0.0831,0.1232,0.1658,0.2385,0.1474,-0.3323,0.1798
Pemukiman_49,Pemukiman,0.0769,0.0875,0.1125,0.1763,0.2385,0.2209,-0.3366,0.15
Pemukiman_49,Pemukiman,0.07,0.0916,0.1028,0.2442,0.231,0.4075,-0.4544,-0.0278
Pemukiman_49,Pemukiman,0.0866,0.1089,0.1157,0.2527,0.2952,0.3719,-0.3977,0.0776
Pemukiman_49,Pemukiman,0.0949,0.1201,0.1506,0.2688,0.2952,0.2818,-0.3824,0.0468
Pemukiman_49,Pemukiman,0.1171,0.1388,0.1695,0.2418,0.3056,0.1758,-0.2706,0.1166
Pemukiman_49,Pemukiman,0.0922,0.1156,0.1308,0.2259,0.3056,0.2666,-0.323,0.15
Pemukiman_49,Pemukiman,0.1089,0.121,0.1223,0.2018,0.2857,0.2453,-0.2503,0.1721
Pemukiman_49,Pemukiman,0.1105,0.1274,0.1398,0.1921,0.2857,0.1576,-0.2025,0.1959
Pemukiman_49,Pemukiman,0.1035,0.1228,0.1512,0.2297,0.2933,0.2061,-0.3033,0.1216
Pemukiman_49,Pemukiman,0.0869,0.1067,0.1169,0.2287,0.2933,0.3235,-0.3637,0.1238
Pemukiman_49,Pemukiman,0.0776,0.0948,0.1344,0.1978,0.2777,0.1908,-0.352,0.168
Pemukiman_49,Pemukiman,0.0806,0.0971,0.1225,0.2062,0.2777,0.2546,-0.3597,0.1478
Pemukiman_49,Pemukiman,0.0601,0.0789,0.073,0.2364,0.245,0.5281,-0.4995,0.0179
Pemukiman_49,Pemukiman,0.0543,0.0696,0.0648,0.2397,0.245,0.5744,-0.5499,0.0109
Pemukiman_49,Pemukiman,0.0564,0.0774,0.0735,0.2294,0.2401,0.5147,-0.4954,0.0228
Pemukiman_49,Pemukiman,0.0933,0.1109,0.1067,0.252,0.231,0.4051,-0.3888,-0.0435
Pemukiman_49,Pemukiman,0.1288,0.14,0.1582,0.2174,0.2952,0.1576,-0.2166,0.1518
Pemukiman_49,Pemukiman,0.1328,0.1437,0.1881,0.2478,0.2952,0.137,-0.2659,0.0873
Pemukiman_49,Pemukiman,0.1831,0.1989,0.2208,0.2538,0.3056,0.0695,-0.1213,0.0926
Pemukiman_49,Pemukiman,0.1447,0.1647,0.1623,0.2423,0.3056,0.1977,-0.1907,0.1155
Pemukiman_49,Pemukiman,0.14,0.1586,0.163,0.2313,0.2857,0.1732,-0.1865,0.1052
Pemukiman_49,Pemukiman,0.1511,0.1676,0.187,0.2277,0.2857,0.0981,-0.152,0.113
Pemukiman_49,Pemukiman,0.1032,0.1277,0.1641,0.2356,0.2933,0.1789,-0.297,0.1091
Pemukiman_49,Pemukiman,0.0913,0.1157,0.1462,0.2325,0.2933,0.2279,-0.3354,0.1156
Pemukiman_49,Pemukiman,0.0797,0.1062,0.1709,0.2318,0.2777,0.1512,-0.3716,0.0901
Pemukiman_49,Pemukiman,0.0816,0.1084,0.1619,0.2401,0.2777,0.1945,-0.3779,0.0726
Pemukiman_49,Pemukiman,0.0863,0.1114,0.1312,0.2515,0.245,0.3143,-0.3861,-0.0131
Pemukiman_49,Pemukiman,0.0784,0.1069,0.1184,0.2824,0.245,0.4092,-0.4508,-0.0709
Pemukiman_49,Pemukiman,0.0612,0.084,0.0847,0.2908,0.2401,0.5489,-0.5518,-0.0955
Pemukiman_49,Pemukiman,0.063,0.0809,0.0767,0.2469,0.2401,0.526,-0.5064,-0.014
Pemukiman_49,Pemukiman,0.0826,0.0956,0.0977,0.1997,0.2815,0.343,-0.3525,0.17
Pemukiman_49,Pemukiman,0.1116,0.1257,0.137,0.1945,0.2815,0.1735,-0.2149,0.1828
Pemukiman_49,Pemukiman,0.1224,0.1481,0.1639,0.1963,0.2538,0.0899,-0.14,0.1277
Pemukiman_49,Pemukiman,0.1003,0.1125,0.1128,0.2036,0.2342,0.287,-0.2882,0.0699
Pemukiman_49,Pemukiman,0.1377,0.1492,0.1534,0.188,0.282,0.1013,-0.1151,0.2
Pemukiman_49,Pemukiman,0.1608,0.1613,0.1823,0.2049,0.282,0.0584,-0.1191,0.1583
Pemukiman_49,Pemukiman,0.1759,0.1707,0.1887,0.2241,0.3208,0.0858,-0.1353,0.1775
Pemukiman_49,Pemukiman,0.1456,0.1663,0.174,0.2399,0.3208,0.1592,-0.1812,0.1443
Pemukiman_49,Pemukiman,0.1455,0.1581,0.1681,0.2254,0.273,0.1456,-0.1755,0.0955
Pemukiman_49,Pemukiman,0.1068,0.124,0.1305,0.2205,0.273,0.2564,-0.2801,0.1064
Pemukiman_49,Pemukiman,0.0677,0.0842,0.111,0.2063,0.2635,0.3003,-0.4203,0.1218
Pemukiman_49,Pemukiman,0.0694,0.0912,0.1134,0.2035,0.2635,0.2843,-0.3811,0.1285
Pemukiman_49,Pemukiman,0.0724,0.0866,0.1304,0.1941,0.2954,0.1963,-0.383,0.2069
Pemukiman_49,Pemukiman,0.0808,0.1098,0.1794,0.2338,0.2954,0.1317,-0.3609,0.1164
Pemukiman_49,Pemukiman,0.104,0.146,0.2328,0.3022,0.3145,0.1297,-0.3485,0.0199
Pemukiman_49,Pemukiman,0.103,0.1461,0.2233,0.3186,0.3145,0.1759,-0.3712,-0.0065
Pemukiman_49,Pemukiman,0.0719,0.1139,0.1811,0.3227,0.2804,0.2811,-0.4782,-0.0701
Pemukiman_49,Pemukiman,0.0741,0.1007,0.1359,0.2644,0.2804,0.321,-0.4484,0.0294
Pemukiman_49,Pemukiman,0.0966,0.114,0.1339,0.2167,0.2671,0.2362,-0.3106,0.1042
Pemukiman_49,Pemukiman,0.129,0.1449,0.1665,0.2239,0.2671,0.147,-0.2142,0.088
Pemukiman_49,Pemukiman,0.1438,0.1667,0.1801,0.2329,0.2184,0.1278,-0.1657,-0.0321
Pemukiman_49,Pemukiman,0.1188,0.1434,0.1556,0.2239,0.2184,0.18,-0.2192,-0.0124
Pemukiman_49,Pemukiman,0.0864,0.108,0.1122,0.2308,0.2244,0.3458,-0.3625,-0.0141
Pemukiman_49,Pemukiman,0.095,0.1149,0.124,0.2316,0.2244,0.3026,-0.3368,-0.0158
Pemukiman_49,Pemukiman,0.1009,0.12,0.1288,0.2404,0.2314,0.3023,-0.3341,-0.0191
Pemukiman_49,Pemukiman,0.0906,0.1009,0.1092,0.1627,0.2342,0.1968,-0.2344,0.1801
Pemukiman_49,Pemukiman,0.1,0.1116,0.1208,0.1642,0.282,0.1523,-0.1907,0.264
Pemukiman_49,Pemukiman,0.1534,0.1623,0.1689,0.1974,0.282,0.0778,-0.0976,0.1765
Pemukiman_49,Pemukiman,0.1584,0.17,0.1791,0.2238,0.3208,0.1109,-0.1366,0.1781
Pemukiman_49,Pemukiman,0.1014,0.125,0.1345,0.2383,0.3208,0.2784,-0.3119,0.1476
Pemukiman_49,Pemukiman,0.0954,0.1098,0.1176,0.2195,0.273,0.3023,-0.3331,0.1086
Pemukiman_49,Pemukiman,0.0742,0.0876,0.0945,0.1954,0.273,0.348,-0.3809,0.1657
Pemukiman_49,Pemukiman,0.0771,0.0898,0.106,0.1735,0.2635,0.2415,-0.3179,0.2059
Pemukiman_49,Pemukiman,0.0632,0.0788,0.0941,0.1836,0.2635,0.3223,-0.3994,0.1787
Pemukiman_49,Pemukiman,0.0631,0.0745,0.0855,0.1941,0.2954,0.3884,-0.4453,0.2069
Pemukiman_49,Pemukiman,0.0982,0.1278,0.2051,0.2419,0.2954,0.0823,-0.3086,0.0996
Pemukiman_49,Pemukiman,0.1025,0.1431,0.2427,0.2825,0.3145,0.0758,-0.3275,0.0536
Pemukiman_49,Pemukiman,0.072,0.1118,0.1913,0.2561,0.3145,0.1448,-0.3922,0.1023
Pemukiman_49,Pemukiman,0.0666,0.1053,0.1916,0.2692,0.2804,0.1684,-0.4376,0.0204
Pemukiman_49,Pemukiman,0.0652,0.0951,0.1579,0.2542,0.2804,0.2337,-0.4555,0.049
Pemukiman_49,Pemukiman,0.0771,0.1033,0.15,0.2374,0.2671,0.2256,-0.3936,0.0589
Pemukiman_49,Pemukiman,0.0948,0.1192,0.1449,0.2632,0.2671,0.2899,-0.3766,0.0074
Pemukiman_49,Pemukiman,0.1002,0.1224,0.1226,0.2542,0.2184,0.3493,-0.35,-0.0758
Pemukiman_49,Pemukiman,0.0779,0.1036,0.101,0.2584,0.2184,0.438,-0.4276,-0.0839
Pemukiman_49,Pemukiman,0.0836,0.1091,0.1093,0.2515,0.2244,0.3941,-0.3949,-0.0569
Pemukiman_49,Pemukiman,0.13,0.1522,0.1622,0.2471,0.2244,0.2074,-0.2377,-0.0481
Pemukiman_49,Pemukiman,0.1117,0.1347,0.1378,0.2679,0.2314,0.3207,-0.3308,-0.0731
Pemukiman_49,Pemukiman,0.0785,0.0998,0.0991,0.2737,0.2314,0.4683,-0.4656,-0.0837
Pemukiman_49,Pemukiman,0.0655,0.0837,0.0779,0.2612,0.2218,0.5405,-0.5146,-0.0816
Pemukiman_49,Pemukiman,0.1245,0.1404,0.1435,0.2439,0.2218,0.2592,-0.2693,-0.0475
Pemukiman_49,Pemukiman,0.0742,0.0806,0.0944,0.1468,0.2495,0.2172,-0.2911,0.2591
Pemukiman_49,Pemukiman,0.0851,0.0954,0.1089,0.1497,0.2495,0.1578,-0.2215,0.25
Pemukiman_49,Pemukiman,0.0783,0.0858,0.099,0.1539,0.2653,0.2171,-0.2841,0.2657
Pemukiman_49,Pemukiman,0.1542,0.1619,0.1558,0.1954,0.2653,0.1128,-0.0938,0.1517
Pemukiman_49,Pemukiman,0.2126,0.2166,0.2172,0.2552,0.295,0.0804,-0.0818,0.0723
Pemukiman_49,Pemukiman,0.1363,0.152,0.1659,0.2374,0.295,0.1773,-0.2193,0.1082
Pemukiman_49,Pemukiman,0.09,0.1107,0.1095,0.215,0.2834,0.3251,-0.3202,0.1372
Pemukiman_49,Pemukiman,0.0758,0.0919,0.0938,0.2102,0.2834,0.3829,-0.3916,0.1483
Pemukiman_49,Pemukiman,0.1013,0.1187,0.1268,0.1824,0.2741,0.1798,-0.2116,0.2009
Pemukiman_49,Pemukiman,0.0812,0.0944,0.1035,0.1935,0.2741,0.303,-0.3442,0.1724
Pemukiman_49,Pemukiman,0.057,0.0744,0.081,0.2084,0.2808,0.4402,-0.4738,0.148
Pemukiman_49,Pemukiman,0.1271,0.1519,0.2401,0.2722,0.2808,0.0627,-0.2837,0.0156
Pemukiman_49,Pemukiman,0.1462,0.1764,0.237,0.2637,0.2685,0.0533,-0.1984,0.009
Pemukiman_49,Pemukiman,0.0924,0.1084,0.1337,0.1857,0.2685,0.1628,-0.2628,0.1823
Pemukiman_49,Pemukiman,0.0716,0.0882,0.1274,0.1714,0.2329,0.1473,-0.3205,0.1521
Pemukiman_49,Pemukiman,0.0622,0.0741,0.1093,0.1938,0.2329,0.2788,-0.4468,0.0916
Pemukiman_49,Pemukiman,0.0515,0.0687,0.0859,0.2122,0.2112,0.4237,-0.5109,-0.0024
Pemukiman_49,Pemukiman,0.0477,0.0679,0.0653,0.2595,0.2112,0.5979,-0.5852,-0.1026
Pemukiman_49,Pemukiman,0.0479,0.0652,0.0531,0.2735,0.2035,0.6748,-0.615,-0.1468
Pemukiman_49,Pemukiman,0.054,0.0699,0.0656,0.2543,0.2035,0.5899,-0.5688,-0.111
Pemukiman_49,Pemukiman,0.0982,0.12,0.1158,0.2454,0.228,0.3588,-0.3432,-0.0368
Pemukiman_49,Pemukiman,0.1407,0.1671,0.175,0.2566,0.228,0.1891,-0.2112,-0.059
Pemukiman_49,Pemukiman,0.089,0.1127,0.1063,0.3023,0.2223,0.4797,-0.4569,-0.1525
Pemukiman_49,Pemukiman,0.0675,0.0865,0.0824,0.2851,0.2223,0.5516,-0.5344,-0.1238
Pemukiman_49,Pemukiman,0.0661,0.0835,0.0786,0.2685,0.211,0.5471,-0.5256,-0.1199
Pemukiman_49,Pemukiman,0.1495,0.167,0.1688,0.2684,0.211,0.2278,-0.2329,-0.1197
Pemukiman_49,Pemukiman,0.1216,0.1368,0.1366,0.2157,0.228,0.2245,-0.2238,0.0277
Pemukiman_49,Pemukiman,0.0628,0.0785,0.0687,0.2511,0.228,0.5704,-0.5237,-0.0482
Pemukiman_49,Pemukiman,0.0742,0.0936,0.0991,0.238,0.2606,0.412,-0.4355,0.0453
Pemukiman_49,Pemukiman,0.1044,0.1263,0.1555,0.2506,0.2606,0.2342,-0.3298,0.0196
Pemukiman_49,Pemukiman,0.0634,0.0746,0.0977,0.1492,0.2495,0.2086,-0.3333,0.2516
Pemukiman_49,Pemukiman,0.0643,0.0729,0.1048,0.1509,0.2495,0.1803,-0.3485,0.2463
Pemukiman_49,Pemukiman,0.0647,0.0718,0.0984,0.1544,0.2653,0.2215,-0.3652,0.2642
Pemukiman_49,Pemukiman,0.1136,0.1189,0.1243,0.167,0.2653,0.1466,-0.1682,0.2274
Pemukiman_49,Pemukiman,0.1392,0.1565,0.1725,0.2147,0.295,0.109,-0.1568,0.1575
Pemukiman_49,Pemukiman,0.1038,0.1196,0.1322,0.237,0.295,0.2839,-0.3292,0.109
Pemukiman_49,Pemukiman,0.0755,0.096,0.0903,0.2505,0.2834,0.4701,-0.4459,0.0616
Pemukiman_49,Pemukiman,0.0776,0.0956,0.1057,0.2501,0.2834,0.4058,-0.4469,0.0624
Pemukiman_49,Pemukiman,0.0891,0.1044,0.1438,0.2109,0.2741,0.1892,-0.3378,0.1303
Pemukiman_49,Pemukiman,0.0994,0.1099,0.1464,0.2146,0.2741,0.1889,-0.3226,0.1218
Pemukiman_49,Pemukiman,0.0892,0.1013,0.1199,0.1962,0.2808,0.2414,-0.319,0.1774
Pemukiman_49,Pemukiman,0.1348,0.1538,0.2205,0.2448,0.2808,0.0522,-0.2283,0.0685
Pemukiman_49,Pemukiman,0.1572,0.1807,0.2188,0.2598,0.2685,0.0857,-0.1796,0.0165
Pemukiman_49,Pemukiman,0.1205,0.1421,0.1509,0.2074,0.2685,0.1577,-0.1868,0.1284
Pemukiman_49,Pemukiman,0.0945,0.1127,0.132,0.1717,0.2329,0.1307,-0.2075,0.1513
Pemukiman_49,Pemukiman,0.0594,0.0742,0.0939,0.1947,0.2329,0.3493,-0.4481,0.0893
Pemukiman_49,Pemukiman,0.0482,0.0664,0.0595,0.2198,0.2112,0.5739,-0.536,-0.02
Pemukiman_49,Pemukiman,0.0426,0.0582,0.0466,0.2526,0.2112,0.6885,-0.6255,-0.0893
Pemukiman_49,Pemukiman,0.0447,0.0617,0.0519,0.2689,0.2035,0.6764,-0.6267,-0.1384
Pemukiman_49,Pemukiman,0.0717,0.0866,0.0807,0.2551,0.2035,0.5194,-0.4931,-0.1125
Pemukiman_49,Pemukiman,0.0926,0.1103,0.1161,0.2101,0.228,0.2882,-0.3115,0.0409
Pemukiman_49,Pemukiman,0.1069,0.1279,0.1348,0.2284,0.228,0.2577,-0.2821,-0.0009
Pemukiman_49,Pemukiman,0.0665,0.0867,0.0786,0.2753,0.2223,0.5558,-0.521,-0.1065
Pemukiman_49,Pemukiman,0.056,0.0771,0.0668,0.2941,0.2223,0.6298,-0.5846,-0.139
Pemukiman_49,Pemukiman,0.0512,0.073,0.063,0.2871,0.211,0.6401,-0.5946,-0.1528
Pemukiman_49,Pemukiman,0.0933,0.1114,0.1044,0.2733,0.211,0.4472,-0.4208,-0.1286
Pemukiman_49,Pemukiman,0.0947,0.1107,0.107,0.2489,0.228,0.3987,-0.3843,-0.0438
Pemukiman_49,Pemukiman,0.0623,0.0781,0.0777,0.2498,0.228,0.5255,-0.5236,-0.0456
Pemukiman_49,Pemukiman,0.0764,0.0989,0.1364,0.2348,0.2606,0.2651,-0.4073,0.0521
Pemukiman_49,Pemukiman,0.0935,0.1267,0.1933,0.2591,0.2606,0.1454,-0.3432,0.0029
Pemukiman_49,Pemukiman,0.0865,0.1142,0.1513,0.2451,0.2448,0.2366,-0.3643,-0.0006
Pemukiman_49,Pemukiman,0.0778,0.0856,0.1049,0.1681,0.2472,0.2315,-0.3252,0.1905
Pemukiman_49,Pemukiman,0.0614,0.074,0.1014,0.161,0.2472,0.2271,-0.3702,0.2112
Pemukiman_49,Pemukiman,0.067,0.0745,0.0944,0.1501,0.2469,0.2278,-0.3366,0.2438
Pemukiman_49,Pemukiman,0.0742,0.0844,0.0945,0.1427,0.2469,0.2032,-0.2567,0.2675
Pemukiman_49,Pemukiman,0.0687,0.0809,0.0911,0.1956,0.2696,0.3645,-0.4148,0.1591
Pemukiman_49,Pemukiman,0.0534,0.0691,0.0685,0.2542,0.2696,0.5755,-0.5725,0.0294
Pemukiman_49,Pemukiman,0.1106,0.1292,0.1202,0.3067,0.3031,0.4369,-0.4072,-0.0059
Pemukiman_49,Pemukiman,0.1435,0.1683,0.1782,0.2751,0.3031,0.2138,-0.2409,0.0484
Pemukiman_49,Pemukiman,0.0926,0.1118,0.1631,0.2202,0.3042,0.149,-0.3265,0.1602
Pemukiman_49,Pemukiman,0.1047,0.1251,0.197,0.2454,0.3042,0.1094,-0.3247,0.107
Pemukiman_49,Pemukiman,0.129,0.1423,0.1733,0.2272,0.2869,0.1346,-0.2298,0.1161
Pemukiman_49,Pemukiman,0.1109,0.131,0.1471,0.2332,0.2869,0.2264,-0.2806,0.1032
Pemukiman_49,Pemukiman,0.0981,0.1173,0.125,0.2423,0.238,0.3194,-0.3476,-0.009
Pemukiman_49,Pemukiman,0.0811,0.1026,0.1009,0.2325,0.238,0.3947,-0.3876,0.0117
Pemukiman_49,Pemukiman,0.0862,0.101,0.1189,0.1947,0.238,0.2417,-0.3169,0.1001
Pemukiman_49,Pemukiman,0.0676,0.0882,0.1033,0.1902,0.238,0.2961,-0.3664,0.1116
Pemukiman_49,Pemukiman,0.0714,0.0895,0.0896,0.1976,0.2398,0.376,-0.3765,0.0965
Pemukiman_49,Pemukiman,0.0728,0.0818,0.079,0.2008,0.2398,0.4353,-0.4211,0.0885
Pemukiman_49,Pemukiman,0.0686,0.0861,0.0812,0.2243,0.233,0.4684,-0.4452,0.019
Pemukiman_49,Pemukiman,0.1024,0.1175,0.1122,0.2468,0.233,0.3749,-0.3549,-0.0288
Pemukiman_49,Pemukiman,0.0851,0.1044,0.1194,0.1931,0.2317,0.2358,-0.2982,0.0909
Pemukiman_49,Pemukiman,0.085,0.0995,0.1098,0.2003,0.2317,0.2918,-0.3362,0.0727
Pemukiman_49,Pemukiman,0.0657,0.0825,0.077,0.2344,0.2014,0.5055,-0.4793,-0.0757
Pemukiman_49,Pemukiman,0.0692,0.0822,0.0813,0.2395,0.2014,0.4931,-0.489,-0.0864
Pemukiman_49,Pemukiman,0.0588,0.0733,0.0638,0.252,0.1977,0.5959,-0.5493,-0.1207
Pemukiman_49,Pemukiman,0.0513,0.0634,0.0579,0.238,0.1977,0.6086,-0.5793,-0.0925
Pemukiman_49,Pemukiman,0.0607,0.0802,0.0726,0.2564,0.2287,0.5587,-0.5235,-0.0571
Pemukiman_49,Pemukiman,0.0651,0.0866,0.0918,0.2513,0.2287,0.4649,-0.4874,-0.0471
Pemukiman_49,Pemukiman,0.0754,0.0907,0.1187,0.2408,0.2738,0.3396,-0.4528,0.0641
Pemukiman_49,Pemukiman,0.0834,0.1076,0.151,0.2285,0.2738,0.2042,-0.3597,0.0902
Pemukiman_49,Pemukiman,0.0777,0.0977,0.1269,0.2025,0.2627,0.2295,-0.3491,0.1294
Pemukiman_49,Pemukiman,0.0994,0.1114,0.124,0.2096,0.2472,0.2566,-0.3059,0.0823
Pemukiman_49,Pemukiman,0.0976,0.1176,0.1229,0.1842,0.2472,0.1996,-0.2207,0.146
Pemukiman_49,Pemukiman,0.0734,0.0842,0.1007,0.1393,0.2469,0.1608,-0.2465,0.2786
Pemukiman_49,Pemukiman,0.0601,0.069,0.0873,0.1414,0.2469,0.2366,-0.3441,0.2717
Pemukiman_49,Pemukiman,0.0558,0.0687,0.0717,0.2142,0.2696,0.4984,-0.5143,0.1145
Pemukiman_49,Pemukiman,0.0625,0.0839,0.0733,0.26,0.2696,0.5602,-0.5121,0.0181
Pemukiman_49,Pemukiman,0.1664,0.1777,0.1864,0.2665,0.3031,0.1769,-0.1999,0.0643
Pemukiman_49,Pemukiman,0.1689,0.1994,0.2017,0.2557,0.3031,0.1181,-0.1237,0.0848
Pemukiman_49,Pemukiman,0.0853,0.0983,0.1281,0.1949,0.3042,0.2068,-0.3295,0.219
Pemukiman_49,Pemukiman,0.0872,0.1099,0.15,0.2075,0.3042,0.1608,-0.3075,0.189
Pemukiman_49,Pemukiman,0.0833,0.0998,0.1219,0.1766,0.2869,0.1832,-0.2779,0.238
Pemukiman_49,Pemukiman,0.086,0.0994,0.1095,0.1732,0.2869,0.2253,-0.2707,0.2471
Pemukiman_49,Pemukiman,0.0643,0.0799,0.0836,0.2042,0.238,0.419,-0.4375,0.0764
Pemukiman_49,Pemukiman,0.064,0.077,0.0853,0.2158,0.238,0.4334,-0.474,0.0489
Pemukiman_49,Pemukiman,0.0773,0.095,0.1291,0.1942,0.238,0.2014,-0.343,0.1013
Pemukiman_49,Pemukiman,0.085,0.0986,0.1275,0.1757,0.238,0.159,-0.2811,0.1506
Pemukiman_49,Pemukiman,0.0876,0.1017,0.1105,0.1741,0.2398,0.2235,-0.2625,0.1587
Pemukiman_49,Pemukiman,0.0754,0.0869,0.0893,0.1831,0.2398,0.3443,-0.3563,0.1341
Pemukiman_49,Pemukiman,0.0803,0.093,0.0928,0.2219,0.233,0.4102,-0.4093,0.0244
Pemukiman_49,Pemukiman,0.0798,0.0984,0.0921,0.2529,0.233,0.4661,-0.4398,-0.041
Pemukiman_49,Pemukiman,0.0757,0.0953,0.0945,0.2335,0.2317,0.4238,-0.4203,-0.0039
Pemukiman_49,Pemukiman,0.0756,0.0881,0.0928,0.2114,0.2317,0.3899,-0.4117,0.0458
Pemukiman_49,Pemukiman,0.0511,0.0704,0.0621,0.2649,0.2014,0.6202,-0.5801,-0.1362
Pemukiman_49,Pemukiman,0.0568,0.0703,0.0608,0.2778,0.2014,0.6409,-0.5961,-0.1594
Pemukiman_49,Pemukiman,0.0533,0.0671,0.0606,0.257,0.1977,0.6184,-0.5859,-0.1304
Pemukiman_49,Pemukiman,0.0666,0.0775,0.0769,0.2035,0.1977,0.4515,-0.4484,-0.0145
Pemukiman_49,Pemukiman,0.0717,0.0879,0.0941,0.2006,0.2287,0.3614,-0.3906,0.0655
Pemukiman_49,Pemukiman,0.0734,0.0885,0.1012,0.219,0.2287,0.3679,-0.4244,0.0217
Pemukiman_49,Pemukiman,0.0882,0.1059,0.1098,0.2364,0.2738,0.3657,-0.3812,0.0733
Pemukiman_49,Pemukiman,0.0998,0.1208,0.1332,0.2019,0.2738,0.205,-0.2513,0.1511
Pemukiman_49,Pemukiman,0.071,0.0842,0.0984,0.1627,0.2627,0.2463,-0.3179,0.2351
Pemukiman_49,Pemukiman,0.1121,0.1335,0.1521,0.2273,0.2624,0.1982,-0.26,0.0717
Pemukiman_49,Pemukiman,0.0984,0.1154,0.1233,0.1948,0.2515,0.2248,-0.256,0.127
Pemukiman_49,Pemukiman,0.1002,0.114,0.1237,0.1588,0.2515,0.1242,-0.1642,0.2259
Pemukiman_49,Pemukiman,0.0787,0.092,0.1102,0.1434,0.2407,0.1309,-0.2184,0.2533
Pemukiman_49,Pemukiman,0.0607,0.0723,0.0903,0.1492,0.2407,0.2459,-0.3472,0.2347
Pemukiman_49,Pemukiman,0.0632,0.0783,0.0786,0.2,0.2589,0.4357,-0.4373,0.1284
Pemukiman_49,Pemukiman,0.078,0.0947,0.0901,0.2379,0.2589,0.4506,-0.4305,0.0423
Pemukiman_49,Pemukiman,0.1359,0.1483,0.1563,0.2197,0.2962,0.1686,-0.194,0.1483
Pemukiman_49,Pemukiman,0.1157,0.1366,0.146,0.2262,0.2962,0.2155,-0.247,0.134
Pemukiman_49,Pemukiman,0.0823,0.0899,0.1046,0.1786,0.2761,0.2613,-0.3304,0.2144
Pemukiman_49,Pemukiman,0.1077,0.1239,0.1306,0.1886,0.2761,0.1817,-0.207,0.1883
Pemukiman_49,Pemukiman,0.0918,0.0992,0.1031,0.1875,0.2847,0.2904,-0.308,0.2058
Pemukiman_49,Pemukiman,0.0845,0.0991,0.1122,0.1754,0.2847,0.2197,-0.278,0.2376
Pemukiman_49,Pemukiman,0.0636,0.0736,0.0879,0.1796,0.2882,0.3428,-0.4186,0.2321
Pemukiman_49,Pemukiman,0.0585,0.0752,0.1013,0.1834,0.2882,0.2884,-0.4184,0.2222
Pemukiman_49,Pemukiman,0.0824,0.1119,0.1809,0.2251,0.306,0.1089,-0.3359,0.1523
Pemukiman_49,Pemukiman,0.0978,0.1206,0.1736,0.2188,0.306,0.1152,-0.2893,0.1662
Pemukiman_49,Pemukiman,0.0818,0.1012,0.1172,0.1809,0.2697,0.2137,-0.2825,0.1971
Pemukiman_49,Pemukiman,0.0695,0.0841,0.0828,0.187,0.2697,0.3862,-0.3796,0.1811
Pemukiman_49,Pemukiman,0.0701,0.0904,0.0904,0.2235,0.2495,0.424,-0.424,0.055
Pemukiman_49,Pemukiman,0.0583,0.079,0.0981,0.2534,0.2495,0.4418,-0.5247,-0.0078
Pemukiman_49,Pemukiman,0.0653,0.0852,0.0992,0.2749,0.2323,0.4697,-0.5268,-0.084
Pemukiman_49,Pemukiman,0.0721,0.0857,0.0965,0.2271,0.2323,0.4036,-0.452,0.0113
Pemukiman_49,Pemukiman,0.0562,0.0842,0.1061,0.2824,0.2029,0.4538,-0.5406,-0.1638
Pemukiman_49,Pemukiman,0.0471,0.0684,0.067,0.3193,0.2029,0.6531,-0.6471,-0.2229
Pemukiman_49,Pemukiman,0.0542,0.0687,0.058,0.2918,0.1917,0.6684,-0.6189,-0.207
Pemukiman_49,Pemukiman,0.0902,0.1106,0.111,0.2341,0.1917,0.3567,-0.3583,-0.0996
Pemukiman_49,Pemukiman,0.0962,0.1115,0.1158,0.2158,0.2199,0.3016,-0.3187,0.0094
Pemukiman_49,Pemukiman,0.0652,0.0814,0.0801,0.2288,0.2199,0.4814,-0.4752,-0.0198
Pemukiman_49,Pemukiman,0.1038,0.1217,0.1223,0.2482,0.2717,0.3398,-0.342,0.0452
Pemukiman_49,Pemukiman,0.1177,0.1375,0.1467,0.2092,0.2717,0.1756,-0.2068,0.13
Pemukiman_49,Pemukiman,0.073,0.0838,0.0994,0.1601,0.2759,0.2339,-0.3128,0.2656
Pemukiman_49,Pemukiman,0.1044,0.1239,0.1511,0.1986,0.2624,0.1358,-0.2316,0.1384
Pemukiman_49,Pemukiman,0.0882,0.1009,0.123,0.1754,0.2515,0.1756,-0.2696,0.1783
Pemukiman_49,Pemukiman,0.0803,0.0919,0.1082,0.1467,0.2515,0.151,-0.2297,0.2632
Pemukiman_49,Pemukiman,0.0825,0.0921,0.1077,0.1477,0.2407,0.1566,-0.2319,0.2394
Pemukiman_49,Pemukiman,0.0597,0.0712,0.0767,0.1594,0.2407,0.3503,-0.3825,0.2032
Pemukiman_49,Pemukiman,0.079,0.0945,0.0922,0.2118,0.2589,0.3934,-0.383,0.1001
Pemukiman_49,Pemukiman,0.0914,0.1115,0.1204,0.216,0.2589,0.2842,-0.3191,0.0903
Pemukiman_49,Pemukiman,0.0704,0.0784,0.1013,0.167,0.2962,0.2449,-0.361,0.2789
Pemukiman_49,Pemukiman,0.066,0.0786,0.0933,0.16,0.2962,0.2633,-0.3412,0.2986
Pemukiman_49,Pemukiman,0.0685,0.0802,0.1031,0.1578,0.2761,0.2097,-0.326,0.2726
Pemukiman_49,Pemukiman,0.0927,0.0971,0.1125,0.156,0.2761,0.162,-0.2327,0.2779
Pemukiman_49,Pemukiman,0.0935,0.1124,0.1278,0.1893,0.2847,0.1939,-0.2549,0.2013
Pemukiman_49,Pemukiman,0.0903,0.1132,0.161,0.2137,0.2847,0.1406,-0.3074,0.1425
Pemukiman_49,Pemukiman,0.0953,0.1149,0.1483,0.1977,0.2882,0.1428,-0.2649,0.1863
Pemukiman_49,Pemukiman,0.1064,0.1204,0.1487,0.1869,0.2882,0.1138,-0.2164,0.2132
Pemukiman_49,Pemukiman,0.0895,0.123,0.2052,0.2344,0.306,0.0664,-0.3117,0.1325
Pemukiman_49,Pemukiman,0.0954,0.1254,0.1933,0.2292,0.306,0.085,-0.2927,0.1435
Pemukiman_49,Pemukiman,0.0824,0.0954,0.1133,0.1611,0.2697,0.1742,-0.2561,0.2521
Pemukiman_49,Pemukiman,0.0806,0.0859,0.095,0.155,0.2697,0.24,-0.2868,0.2701
Pemukiman_49,Pemukiman,0.0725,0.0875,0.1028,0.1711,0.2495,0.2494,-0.3233,0.1864
Pemukiman_49,Pemukiman,0.06,0.0817,0.1204,0.2162,0.2495,0.2846,-0.4515,0.0715
Pemukiman_49,Pemukiman,0.0621,0.0886,0.1126,0.2524,0.2323,0.383,-0.4804,-0.0415
Pemukiman_49,Pemukiman,0.0772,0.0943,0.0994,0.2138,0.2323,0.3653,-0.3879,0.0415
Pemukiman_49,Pemukiman,0.084,0.1106,0.1411,0.2247,0.2029,0.2285,-0.3403,-0.051
Pemukiman_49,Pemukiman,0.0564,0.0777,0.0822,0.2842,0.2029,0.5513,-0.5706,-0.1669
Pemukiman_49,Pemukiman,0.0444,0.0651,0.0487,0.3042,0.1917,0.724,-0.6474,-0.2269
Pemukiman_49,Pemukiman,0.0914,0.1061,0.1019,0.2505,0.1917,0.4217,-0.4049,-0.133
Pemukiman_49,Pemukiman,0.1019,0.1172,0.1168,0.2155,0.2199,0.297,-0.2955,0.0101
Pemukiman_49,Pemukiman,0.061,0.0737,0.0738,0.2375,0.2199,0.5259,-0.5263,-0.0385
Pemukiman_49,Pemukiman,0.1624,0.1726,0.1823,0.2605,0.2717,0.1766,-0.203,0.021
Pemukiman_49,Pemukiman,0.16,0.1805,0.1868,0.2348,0.2717,0.1139,-0.1307,0.0729
Pemukiman_49,Pemukiman,0.0823,0.0935,0.1164,0.1698,0.2759,0.1866,-0.2898,0.2381
Pemukiman_49,Pemukiman,0.081,0.1044,0.151,0.1849,0.2407,0.1009,-0.2783,0.1311
Pemukiman_49,Pemukiman,0.0803,0.1052,0.1582,0.1978,0.2614,0.1112,-0.3056,0.1385
Pemukiman_49,Pemukiman,0.0799,0.0985,0.1228,0.1756,0.2614,0.1769,-0.2813,0.1963
Pemukiman_49,Pemukiman,0.0785,0.095,0.1134,0.1778,0.2555,0.2212,-0.3035,0.1793
Pemukiman_49,Pemukiman,0.0501,0.0661,0.0663,0.1844,0.2555,0.4711,-0.4723,0.1616
Pemukiman_49,Pemukiman,0.0611,0.0789,0.0728,0.2511,0.2576,0.5505,-0.5218,0.0128
Pemukiman_49,Pemukiman,0.084,0.0999,0.108,0.234,0.2576,0.3684,-0.4016,0.048
Pemukiman_49,Pemukiman,0.0752,0.0891,0.1061,0.1635,0.2804,0.2129,-0.2945,0.2633
Pemukiman_49,Pemukiman,0.0826,0.0958,0.1107,0.1562,0.2804,0.1705,-0.2397,0.2845
Pemukiman_49,Pemukiman,0.0816,0.0948,0.1145,0.15,0.2681,0.1342,-0.2255,0.2825
Pemukiman_49,Pemukiman,0.0803,0.0826,0.096,0.1342,0.2681,0.1659,-0.238,0.3328
Pemukiman_49,Pemukiman,0.1033,0.1146,0.1359,0.1727,0.2969,0.1192,-0.2022,0.2645
Pemukiman_49,Pemukiman,0.0834,0.1059,0.1609,0.2046,0.2969,0.1196,-0.3179,0.184
Pemukiman_49,Pemukiman,0.1255,0.1482,0.2048,0.2207,0.298,0.0374,-0.1965,0.149
Pemukiman_49,Pemukiman,0.1669,0.1831,0.2018,0.229,0.298,0.0631,-0.1114,0.1309
Pemukiman_49,Pemukiman,0.0881,0.1167,0.1673,0.2124,0.2802,0.1188,-0.2908,0.1376
Pemukiman_49,Pemukiman,0.0768,0.0971,0.1357,0.209,0.2802,0.2126,-0.3656,0.1455
Pemukiman_49,Pemukiman,0.0716,0.0863,0.0996,0.1558,0.2619,0.22,-0.2871,0.254
Pemukiman_49,Pemukiman,0.0738,0.0852,0.1012,0.1539,0.2619,0.2066,-0.2873,0.2597
Pemukiman_49,Pemukiman,0.0687,0.0785,0.0897,0.158,0.2481,0.2757,-0.3362,0.2219
Pemukiman_49,Pemukiman,0.0615,0.0753,0.0828,0.1805,0.2481,0.3711,-0.4113,0.1577
Pemukiman_49,Pemukiman,0.0597,0.0773,0.0862,0.2008,0.2358,0.3993,-0.4441,0.0802
Pemukiman_49,Pemukiman,0.0648,0.0776,0.0851,0.1849,0.2358,0.3696,-0.4088,0.121
Pemukiman_49,Pemukiman,0.084,0.0967,0.1126,0.179,0.2353,0.2277,-0.2985,0.1359
Pemukiman_49,Pemukiman,0.0666,0.0813,0.0824,0.2263,0.2353,0.4661,-0.4714,0.0195
Pemukiman_49,Pemukiman,0.0437,0.0647,0.0511,0.2762,0.2149,0.6877,-0.6204,-0.1248
Pemukiman_49,Pemukiman,0.0836,0.0936,0.0823,0.2583,0.2149,0.5167,-0.468,-0.0917
Pemukiman_49,Pemukiman,0.1107,0.1172,0.1109,0.1937,0.2375,0.2718,-0.2461,0.1016
Pemukiman_49,Pemukiman,0.0651,0.081,0.0894,0.1876,0.2375,0.3545,-0.3969,0.1174
Pemukiman_49,Pemukiman,0.1327,0.1521,0.1553,0.2134,0.2741,0.1576,-0.1677,0.1245
Pemukiman_49,Pemukiman,0.1322,0.1449,0.1515,0.2072,0.2741,0.1553,-0.1769,0.139
Pemukiman_49,Pemukiman,0.0785,0.088,0.1082,0.1694,0.2667,0.2205,-0.3162,0.2231
Pemukiman_49,Pemukiman,0.0746,0.0848,0.1081,0.1372,0.2407,0.1186,-0.236,0.2739
Pemukiman_49,Pemukiman,0.0753,0.0904,0.1257,0.1568,0.2614,0.1101,-0.2686,0.2501
Pemukiman_49,Pemukiman,0.0619,0.085,0.1265,0.1707,0.2614,0.1487,-0.3352,0.2099
Pemukiman_49,Pemukiman,0.072,0.0995,0.1517,0.2128,0.2555,0.1676,-0.3628,0.0912
Pemukiman_49,Pemukiman,0.0609,0.0855,0.1094,0.207,0.2555,0.3085,-0.4154,0.1049
Pemukiman_49,Pemukiman,0.0577,0.086,0.1047,0.2536,0.2576,0.4156,-0.4935,0.0078
Pemukiman_49,Pemukiman,0.0688,0.0955,0.1197,0.2446,0.2576,0.3428,-0.4384,0.0259
Pemukiman_49,Pemukiman,0.0921,0.1057,0.1178,0.1859,0.2804,0.2242,-0.275,0.2027
Pemukiman_49,Pemukiman,0.1251,0.139,0.1482,0.1949,0.2804,0.1361,-0.1674,0.1799
Pemukiman_49,Pemukiman,0.1051,0.1211,0.1285,0.1638,0.2681,0.1208,-0.1499,0.2415
Pemukiman_49,Pemukiman,0.0789,0.0848,0.1013,0.1293,0.2681,0.1214,-0.2078,0.3493
Pemukiman_49,Pemukiman,0.0859,0.1014,0.1172,0.1487,0.2969,0.1185,-0.1891,0.3326
Pemukiman_49,Pemukiman,0.0746,0.093,0.1373,0.176,0.2969,0.1235,-0.3085,0.2557
Pemukiman_49,Pemukiman,0.0813,0.1061,0.1573,0.1863,0.298,0.0844,-0.2743,0.2306
Pemukiman_49,Pemukiman,0.098,0.1213,0.1317,0.2037,0.298,0.2147,-0.2535,0.188
Pemukiman_49,Pemukiman,0.0759,0.0924,0.1036,0.1991,0.2802,0.3155,-0.366,0.1692
Pemukiman_49,Pemukiman,0.0691,0.081,0.0998,0.1934,0.2802,0.3192,-0.4096,0.1833
Pemukiman_49,Pemukiman,0.0666,0.0865,0.1148,0.185,0.2619,0.2342,-0.3628,0.1721
Pemukiman_49,Pemukiman,0.0723,0.0869,0.1089,0.1655,0.2619,0.2063,-0.3114,0.2255
Pemukiman_49,Pemukiman,0.0707,0.0826,0.0952,0.1567,0.2481,0.2441,-0.3097,0.2258
Pemukiman_49,Pemukiman,0.0754,0.0876,0.0975,0.1776,0.2481,0.2912,-0.3394,0.1656
Pemukiman_49,Pemukiman,0.0863,0.1001,0.1081,0.1872,0.2358,0.2679,-0.3032,0.1149
Pemukiman_49,Pemukiman,0.0659,0.0806,0.0974,0.1599,0.2358,0.2429,-0.3297,0.1918
Pemukiman_49,Pemukiman,0.0845,0.0978,0.1189,0.1689,0.2353,0.1737,-0.2666,0.1643
Pemukiman_49,Pemukiman,0.1015,0.1123,0.1234,0.1835,0.2353,0.1958,-0.2407,0.1237
Pemukiman_49,Pemukiman,0.0734,0.0843,0.0847,0.1992,0.2149,0.4033,-0.4053,0.0379
Pemukiman_49,Pemukiman,0.0629,0.0746,0.0856,0.2031,0.2149,0.407,-0.4627,0.0282
Pemukiman_49,Pemukiman,0.0897,0.1055,0.1219,0.1875,0.2375,0.212,-0.2799,0.1176
Pemukiman_49,Pemukiman,0.0828,0.1028,0.1271,0.1837,0.2375,0.1821,-0.2824,0.1277
Pemukiman_49,Pemukiman,0.1015,0.1224,0.1429,0.1892,0.2741,0.1394,-0.2144,0.1833
Pemukiman_49,Pemukiman,0.0884,0.11,0.1132,0.2008,0.2741,0.279,-0.2921,0.1543
Pemukiman_49,Pemukiman,0.0622,0.0758,0.0845,0.1893,0.2667,0.3828,-0.4281,0.1697
Pemukiman_49,Pemukiman,0.0675,0.081,0.0858,0.172,0.2116,0.3344,-0.3597,0.1032
Pemukiman_49,Pemukiman,0.0881,0.1019,0.1155,0.1353,0.2116,0.0789,-0.1408,0.2199
Pemukiman_49,Pemukiman,0.0969,0.1099,0.142,0.1669,0.2786,0.0806,-0.2059,0.2507
Pemukiman_49,Pemukiman,0.0682,0.0942,0.1583,0.1863,0.2786,0.0813,-0.3283,0.1985
Pemukiman_49,Pemukiman,0.08,0.1055,0.1744,0.208,0.2888,0.0879,-0.327,0.1626
Pemukiman_49,Pemukiman,0.1229,0.1434,0.1787,0.2046,0.2888,0.0676,-0.1759,0.1707
Pemukiman_49,Pemukiman,0.0994,0.129,0.1798,0.2324,0.2524,0.1276,-0.2861,0.0413
Pemukiman_49,Pemukiman,0.058,0.09,0.1353,0.2777,0.2524,0.3448,-0.5105,-0.0477
Pemukiman_49,Pemukiman,0.0546,0.0753,0.0712,0.2528,0.2231,0.5605,-0.541,-0.0624
Pemukiman_49,Pemukiman,0.0729,0.0842,0.0914,0.2144,0.2231,0.4022,-0.436,0.0199
Pemukiman_49,Pemukiman,0.0684,0.0768,0.1115,0.1545,0.2572,0.1617,-0.3359,0.2495
Pemukiman_49,Pemukiman,0.0745,0.0837,0.1113,0.1399,0.2572,0.1139,-0.2513,0.2954
Pemukiman_49,Pemukiman,0.0976,0.116,0.1481,0.1671,0.3006,0.0603,-0.1805,0.2854
Pemukiman_49,Pemukiman,0.1378,0.1577,0.2103,0.2351,0.3006,0.0557,-0.197,0.1223
Pemukiman_49,Pemukiman,0.0957,0.1154,0.1488,0.1884,0.2679,0.1174,-0.2403,0.1742
Pemukiman_49,Pemukiman,0.055,0.065,0.068,0.1874,0.2679,0.4675,-0.4849,0.1768
Pemukiman_49,Pemukiman,0.0493,0.0726,0.0601,0.2492,0.2312,0.6114,-0.5488,-0.0375
Pemukiman_49,Pemukiman,0.0588,0.0748,0.086,0.2052,0.2312,0.4093,-0.4657,0.0596
Pemukiman_49,Pemukiman,0.0697,0.0908,0.1299,0.1898,0.2516,0.1874,-0.3528,0.14
Pemukiman_49,Pemukiman,0.0645,0.0782,0.1025,0.1704,0.2516,0.2488,-0.3709,0.1924
Pemukiman_49,Pemukiman,0.0622,0.0767,0.0912,0.1595,0.2432,0.2724,-0.3505,0.2078
Pemukiman_49,Pemukiman,0.0744,0.0845,0.1025,0.1674,0.2432,0.2405,-0.3291,0.1846
Pemukiman_49,Pemukiman,0.0896,0.1019,0.1266,0.172,0.2429,0.152,-0.2559,0.1709
Pemukiman_49,Pemukiman,0.0748,0.0884,0.1095,0.1449,0.2429,0.1392,-0.2422,0.2527
Pemukiman_49,Pemukiman,0.0833,0.0974,0.1143,0.1543,0.2607,0.1489,-0.2261,0.2564
Pemukiman_49,Pemukiman,0.0906,0.1042,0.1189,0.1747,0.2607,0.1901,-0.2528,0.1975
Pemukiman_49,Pemukiman,0.0729,0.0812,0.0938,0.1588,0.2636,0.2573,-0.3233,0.2481
Pemukiman_49,Pemukiman,0.062,0.0735,0.1041,0.1571,0.2636,0.2029,-0.3625,0.2531
Pemukiman_49,Pemukiman,0.1111,0.1284,0.1653,0.2015,0.2703,0.0987,-0.2216,0.1458
Pemukiman_49,Pemukiman,0.1234,0.1473,0.189,0.2151,0.2703,0.0646,-0.1871,0.1137
Pemukiman_49,Pemukiman,0.0958,0.1095,0.1443,0.1864,0.2585,0.1273,-0.2599,0.1621
Pemukiman_49,Pemukiman,0.0781,0.0924,0.0982,0.1826,0.2585,0.3006,-0.328,0.1721
Pemukiman_49,Pemukiman,0.0732,0.0834,0.1015,0.158,0.2116,0.2177,-0.309,0.145
Pemukiman_49,Pemukiman,0.0998,0.1149,0.139,0.1641,0.2116,0.0828,-0.1763,0.1264
Pemukiman_49,Pemukiman,0.1003,0.125,0.1791,0.1973,0.2786,0.0484,-0.2243,0.1708
Pemukiman_49,Pemukiman,0.0797,0.0992,0.1584,0.1898,0.2786,0.0902,-0.3135,0.1896
Pemukiman_49,Pemukiman,0.08,0.0971,0.1489,0.1862,0.2888,0.1113,-0.3145,0.216
Pemukiman_49,Pemukiman,0.1233,0.1404,0.179,0.1995,0.2888,0.0542,-0.1739,0.1829
Pemukiman_49,Pemukiman,0.0827,0.1025,0.15,0.2154,0.2524,0.179,-0.3551,0.0791
Pemukiman_49,Pemukiman,0.0517,0.0757,0.092,0.233,0.2524,0.4338,-0.5096,0.04
Pemukiman_49,Pemukiman,0.0495,0.0669,0.0548,0.2237,0.2231,0.6065,-0.5396,-0.0013
Pemukiman_49,Pemukiman,0.0443,0.061,0.0636,0.2103,0.2231,0.5356,-0.5503,0.0295
Pemukiman_49,Pemukiman,0.0579,0.0875,0.15,0.2107,0.2572,0.1683,-0.4131,0.0994
Pemukiman_49,Pemukiman,0.0734,0.0984,0.1598,0.1938,0.2572,0.0962,-0.3265,0.1406
Pemukiman_49,Pemukiman,0.087,0.1131,0.175,0.194,0.3006,0.0515,-0.2634,0.2155
Pemukiman_49,Pemukiman,0.1353,0.1741,0.2583,0.2847,0.3006,0.0486,-0.2411,0.0272
Pemukiman_49,Pemukiman,0.1074,0.1328,0.174,0.2173,0.2679,0.1107,-0.2414,0.1043
Pemukiman_49,Pemukiman,0.0504,0.0651,0.0734,0.1736,0.2679,0.4057,-0.4545,0.2136
Pemukiman_49,Pemukiman,0.0466,0.0682,0.0586,0.2532,0.2312,0.6241,-0.5756,-0.0454
Pemukiman_49,Pemukiman,0.0652,0.0817,0.0844,0.2097,0.2312,0.426,-0.4393,0.0488
Pemukiman_49,Pemukiman,0.0801,0.1014,0.1233,0.1987,0.2516,0.2342,-0.3242,0.1175
Pemukiman_49,Pemukiman,0.0734,0.0954,0.1016,0.2198,0.2516,0.3678,-0.3947,0.0675
Pemukiman_49,Pemukiman,0.0765,0.0975,0.1007,0.1947,0.2432,0.3182,-0.3326,0.1108
Pemukiman_49,Pemukiman,0.0748,0.0854,0.1008,0.1657,0.2432,0.2435,-0.3198,0.1895
Pemukiman_49,Pemukiman,0.0745,0.0893,0.1132,0.1446,0.2429,0.1218,-0.2364,0.2537
Pemukiman_49,Pemukiman,0.0867,0.0963,0.1104,0.1436,0.2429,0.1307,-0.1972,0.2569
Pemukiman_49,Pemukiman,0.0913,0.099,0.113,0.1518,0.2607,0.1465,-0.2105,0.264
Pemukiman_49,Pemukiman,0.0919,0.1068,0.1203,0.1825,0.2607,0.2054,-0.2617,0.1764
Pemukiman_49,Pemukiman,0.0919,0.1069,0.1199,0.1735,0.2636,0.1827,-0.2375,0.2061
Pemukiman_49,Pemukiman,0.0978,0.1097,0.1208,0.1818,0.2636,0.2016,-0.2473,0.1837
Pemukiman_49,Pemukiman,0.1204,0.1385,0.1589,0.2125,0.2703,0.1443,-0.2108,0.1197
Pemukiman_49,Pemukiman,0.1257,0.1426,0.167,0.2081,0.2703,0.1096,-0.1868,0.13
Pemukiman_49,Pemukiman,0.0872,0.1079,0.1237,0.1847,0.2585,0.1978,-0.2625,0.1665
Pemukiman_49,Pemukiman,0.0885,0.1038,0.1109,0.1718,0.2585,0.2154,-0.2467,0.2015
Pemukiman_49,Pemukiman,0.0861,0.1118,0.1619,0.1828,0.2421,0.0606,-0.241,0.1396
Pemukiman_49,Pemukiman,0.1053,0.1356,0.1908,0.2059,0.2421,0.0381,-0.2059,0.0808
Pemukiman_49,Pemukiman,0.0882,0.1198,0.1825,0.2137,0.2808,0.0787,-0.2816,0.1357
Pemukiman_49,Pemukiman,0.0769,0.0944,0.1425,0.1965,0.2808,0.1593,-0.351,0.1766
Pemukiman_49,Pemukiman,0.0872,0.1033,0.1443,0.1844,0.2709,0.122,-0.2819,0.19
Pemukiman_49,Pemukiman,0.0975,0.1176,0.1559,0.2068,0.2709,0.1403,-0.275,0.1342
Pemukiman_49,Pemukiman,0.0606,0.0843,0.1136,0.2237,0.2387,0.3264,-0.4526,0.0324
Pemukiman_49,Pemukiman,0.0611,0.0774,0.0818,0.2133,0.2387,0.4456,-0.4675,0.0562
Pemukiman_49,Pemukiman,0.061,0.079,0.0708,0.217,0.2176,0.508,-0.4662,0.0014
Pemukiman_49,Pemukiman,0.0428,0.0617,0.0717,0.1868,0.2176,0.4453,-0.5034,0.0762
Pemukiman_49,Pemukiman,0.0609,0.0933,0.176,0.2147,0.266,0.0991,-0.3942,0.1067
Pemukiman_49,Pemukiman,0.0682,0.094,0.1727,0.2076,0.266,0.0918,-0.3767,0.1233
Pemukiman_49,Pemukiman,0.0535,0.081,0.1361,0.1672,0.2818,0.1025,-0.3473,0.2552
Pemukiman_49,Pemukiman,0.0694,0.1022,0.1722,0.2074,0.2818,0.0927,-0.3398,0.1521
Pemukiman_49,Pemukiman,0.1046,0.1256,0.1556,0.1954,0.2588,0.1134,-0.2174,0.1396
Pemukiman_49,Pemukiman,0.1054,0.1158,0.1175,0.1934,0.2588,0.2441,-0.251,0.1446
Pemukiman_49,Pemukiman,0.0692,0.0868,0.0807,0.2023,0.2326,0.4297,-0.3995,0.0697
Pemukiman_49,Pemukiman,0.063,0.0753,0.077,0.177,0.2326,0.3937,-0.4031,0.1357
Pemukiman_49,Pemukiman,0.0836,0.0942,0.1035,0.1681,0.2684,0.2378,-0.2817,0.2298
Pemukiman_49,Pemukiman,0.1008,0.1177,0.1233,0.2071,0.2684,0.2536,-0.2752,0.1289
Pemukiman_49,Pemukiman,0.1225,0.1418,0.1715,0.2339,0.2666,0.1539,-0.2451,0.0653
Pemukiman_49,Pemukiman,0.0871,0.1071,0.1355,0.2019,0.2666,0.1968,-0.3068,0.1381
Pemukiman_49,Pemukiman,0.0894,0.0987,0.1125,0.1574,0.2607,0.1664,-0.2292,0.2471
Pemukiman_49,Pemukiman,0.1113,0.1259,0.1352,0.1622,0.2607,0.0908,-0.126,0.2329
Pemukiman_49,Pemukiman,0.1014,0.1208,0.1292,0.1652,0.2897,0.1223,-0.1552,0.2737
Pemukiman_49,Pemukiman,0.1059,0.1277,0.1508,0.1946,0.2897,0.1268,-0.2076,0.1964
Pemukiman_49,Pemukiman,0.1138,0.1327,0.1521,0.1985,0.2748,0.1323,-0.1987,0.1612
Pemukiman_49,Pemukiman,0.1076,0.1232,0.126,0.2267,0.2748,0.2855,-0.2958,0.0959
Pemukiman_49,Pemukiman,0.103,0.1237,0.1571,0.2523,0.2591,0.2325,-0.342,0.0133
Pemukiman_49,Pemukiman,0.095,0.1113,0.1429,0.2069,0.2591,0.183,-0.3004,0.112
Pemukiman_49,Pemukiman,0.0732,0.0913,0.0964,0.1994,0.2447,0.3482,-0.3719,0.102
Pemukiman_49,Pemukiman,0.0887,0.1005,0.1075,0.1803,0.2447,0.253,-0.2842,0.1515
Pemukiman_49,Pemukiman,0.0961,0.1169,0.152,0.1779,0.2421,0.0785,-0.2069,0.1529
Pemukiman_49,Pemukiman,0.0888,0.1129,0.1655,0.1844,0.2421,0.054,-0.2405,0.1353
Pemukiman_49,Pemukiman,0.0719,0.1007,0.1607,0.19,0.2808,0.0835,-0.3072,0.1929
Pemukiman_49,Pemukiman,0.0715,0.0914,0.1424,0.1977,0.2808,0.1626,-0.3677,0.1737
Pemukiman_49,Pemukiman,0.1068,0.1186,0.1428,0.1826,0.2709,0.1223,-0.2125,0.1947
Pemukiman_49,Pemukiman,0.0789,0.1013,0.1249,0.1896,0.2709,0.2057,-0.3035,0.1765
Pemukiman_49,Pemukiman,0.0516,0.0747,0.1016,0.2402,0.2387,0.4055,-0.5256,-0.0031
Pemukiman_49,Pemukiman,0.0494,0.0649,0.0638,0.2238,0.2387,0.5563,-0.5504,0.0322
Pemukiman_49,Pemukiman,0.0542,0.07,0.0661,0.2213,0.2176,0.54,-0.5194,-0.0084
Pemukiman_49,Pemukiman,0.0555,0.0723,0.0932,0.1819,0.2176,0.3224,-0.4312,0.0894
Pemukiman_49,Pemukiman,0.0792,0.107,0.1583,0.1921,0.266,0.0965,-0.2845,0.1613
Pemukiman_49,Pemukiman,0.0811,0.1006,0.1448,0.1826,0.266,0.1155,-0.2895,0.1859
Pemukiman_49,Pemukiman,0.0564,0.0713,0.1111,0.1496,0.2818,0.1477,-0.3545,0.3064
Pemukiman_49,Pemukiman,0.0658,0.0846,0.1219,0.1728,0.2818,0.1727,-0.3427,0.2398
Pemukiman_49,Pemukiman,0.0804,0.1002,0.1132,0.1903,0.2588,0.254,-0.3102,0.1525
Pemukiman_49,Pemukiman,0.0767,0.0959,0.0989,0.2334,0.2588,0.4048,-0.4176,0.0516
Pemukiman_49,Pemukiman,0.0584,0.0771,0.0785,0.2195,0.2326,0.4732,-0.4801,0.029
Pemukiman_49,Pemukiman,0.0682,0.0788,0.0844,0.1768,0.2326,0.3538,-0.3834,0.1363
Pemukiman_49,Pemukiman,0.075,0.0828,0.0961,0.1529,0.2684,0.2281,-0.2974,0.2742
Pemukiman_49,Pemukiman,0.0957,0.1116,0.1216,0.1825,0.2684,0.2003,-0.2411,0.1905
Pemukiman_49,Pemukiman,0.1155,0.1334,0.1673,0.2121,0.2666,0.1181,-0.2278,0.1138
Pemukiman_49,Pemukiman,0.0856,0.1083,0.1462,0.2042,0.2666,0.1655,-0.3069,0.1325
Pemukiman_49,Pemukiman,0.0908,0.1093,0.1286,0.1908,0.2607,0.1947,-0.2716,0.1548
Pemukiman_49,Pemukiman,0.1339,0.1516,0.1679,0.215,0.2607,0.123,-0.1729,0.0961
Pemukiman_49,Pemukiman,0.1416,0.1594,0.1835,0.2148,0.2897,0.0786,-0.148,0.1485
Pemukiman_49,Pemukiman,0.1271,0.1488,0.1729,0.2036,0.2897,0.0815,-0.1555,0.1745
Pemukiman_49,Pemukiman,0.1014,0.1187,0.1341,0.2069,0.2748,0.2135,-0.2709,0.141
Pemukiman_49,Pemukiman,0.0799,0.0971,0.0995,0.2292,0.2748,0.3946,-0.4048,0.0905
Pemukiman_49,Pemukiman,0.064,0.0897,0.1136,0.2546,0.2591,0.3829,-0.4789,0.0088
Pemukiman_49,Pemukiman,0.0711,0.0873,0.1083,0.2146,0.2591,0.3292,-0.4217,0.0939
Pemukiman_49,Pemukiman,0.0604,0.0751,0.0835,0.2125,0.2447,0.4358,-0.4777,0.0704
Pemukiman_49,Pemukiman,0.0766,0.0836,0.1029,0.1801,0.2447,0.2728,-0.3659,0.1521
Pemukiman_49,Pemukiman,0.1048,0.1208,0.14,0.1791,0.2788,0.1225,-0.1944,0.2177
Pemukiman_49,Pemukiman,0.1035,0.1212,0.1387,0.1693,0.2562,0.0994,-0.1656,0.2042
Pemukiman_49,Pemukiman,0.076,0.0948,0.1185,0.1576,0.2562,0.1416,-0.2488,0.2383
Pemukiman_49,Pemukiman,0.0748,0.0918,0.1201,0.1621,0.229,0.1488,-0.2769,0.1711
Pemukiman_49,Pemukiman,0.073,0.0854,0.1183,0.1717,0.229,0.1841,-0.3357,0.143
Pemukiman_49,Pemukiman,0.0976,0.1054,0.1203,0.1653,0.2292,0.1576,-0.2213,0.162
Pemukiman_49,Pemukiman,0.0629,0.0815,0.1142,0.1609,0.2292,0.1698,-0.3276,0.1751
Pemukiman_49,Pemukiman,0.06,0.0864,0.1531,0.2189,0.2453,0.1769,-0.434,0.0569
Pemukiman_49,Pemukiman,0.0601,0.0789,0.1053,0.1908,0.2453,0.2888,-0.4149,0.125
Pemukiman_49,Pemukiman,0.0571,0.0688,0.0805,0.1655,0.2428,0.3455,-0.4127,0.1893
Pemukiman_49,Pemukiman,0.0764,0.0886,0.1085,0.1618,0.2428,0.1972,-0.2923,0.2002
Pemukiman_49,Pemukiman,0.1006,0.1237,0.1432,0.1777,0.2473,0.1075,-0.1792,0.1638
Pemukiman_49,Pemukiman,0.0931,0.1073,0.1237,0.1671,0.2473,0.1492,-0.2179,0.1935
Pemukiman_49,Pemukiman,0.0669,0.0736,0.0947,0.1459,0.2456,0.2128,-0.3294,0.2547
Pemukiman_49,Pemukiman,0.0803,0.0975,0.1276,0.1793,0.2456,0.1685,-0.2955,0.156
Pemukiman_49,Pemukiman,0.061,0.0767,0.1037,0.1851,0.236,0.2819,-0.4141,0.1209
Pemukiman_49,Pemukiman,0.0485,0.063,0.0682,0.1879,0.236,0.4674,-0.4978,0.1135
Pemukiman_49,Pemukiman,0.0653,0.0758,0.0729,0.1815,0.2326,0.4269,-0.4108,0.1234
Pemukiman_49,Pemukiman,0.0884,0.1088,0.1122,0.1787,0.2326,0.2286,-0.2431,0.131
Pemukiman_49,Pemukiman,0.0833,0.0956,0.1009,0.1554,0.2623,0.2126,-0.2382,0.2559
Pemukiman_49,Pemukiman,0.1363,0.1485,0.1585,0.1958,0.2623,0.1053,-0.1374,0.1452
Pemukiman_49,Pemukiman,0.1006,0.1208,0.1368,0.2029,0.2564,0.1946,-0.2536,0.1165
Pemukiman_49,Pemukiman,0.0794,0.0953,0.1243,0.1904,0.2564,0.21,-0.3329,0.1477
Pemukiman_49,Pemukiman,0.0824,0.1051,0.1314,0.2129,0.2529,0.2367,-0.339,0.0859
Pemukiman_49,Pemukiman,0.0999,0.1195,0.1514,0.2154,0.2529,0.1745,-0.2864,0.0801
Pemukiman_49,Pemukiman,0.1482,0.1621,0.1906,0.2173,0.2853,0.0655,-0.1455,0.1353
Pemukiman_49,Pemukiman,0.1724,0.1818,0.1956,0.2084,0.2853,0.0317,-0.0682,0.1558
Pemukiman_49,Pemukiman,0.0905,0.112,0.1101,0.21,0.2506,0.3121,-0.3043,0.0881
Pemukiman_49,Pemukiman,0.0651,0.0792,0.0787,0.223,0.2506,0.4783,-0.4758,0.0583
Pemukiman_49,Pemukiman,0.0756,0.092,0.0961,0.2358,0.2329,0.4209,-0.4387,-0.0062
Pemukiman_49,Pemukiman,0.071,0.0859,0.0961,0.2014,0.2329,0.3539,-0.402,0.0725
Pemukiman_49,Pemukiman,0.0623,0.0773,0.0895,0.1906,0.2573,0.3609,-0.4229,0.1489
Pemukiman_49,Pemukiman,0.0945,0.1042,0.1188,0.2034,0.2573,0.2626,-0.3225,0.117
Pemukiman_49,Pemukiman,0.0876,0.101,0.1181,0.1773,0.2788,0.2004,-0.2742,0.2225
Pemukiman_49,Pemukiman,0.0848,0.1052,0.1297,0.1804,0.2562,0.1635,-0.2633,0.1736
Pemukiman_49,Pemukiman,0.0687,0.0883,0.1173,0.1814,0.2562,0.2146,-0.3452,0.1709
Pemukiman_49,Pemukiman,0.0672,0.0901,0.1214,0.2037,0.229,0.2532,-0.3867,0.0585
Pemukiman_49,Pemukiman,0.0596,0.081,0.093,0.2063,0.229,0.3785,-0.4361,0.0521
Pemukiman_49,Pemukiman,0.0682,0.0831,0.0872,0.1979,0.2292,0.3883,-0.4085,0.0733
Pemukiman_49,Pemukiman,0.0624,0.0743,0.1052,0.175,0.2292,0.2491,-0.4039,0.1341
Pemukiman_49,Pemukiman,0.0962,0.1197,0.1707,0.2094,0.2453,0.1018,-0.2726,0.079
Pemukiman_49,Pemukiman,0.085,0.1002,0.137,0.1776,0.2453,0.1291,-0.2786,0.1601
Pemukiman_49,Pemukiman,0.0599,0.0692,0.0838,0.1428,0.2428,0.2604,-0.3472,0.2593
Pemukiman_49,Pemukiman,0.0679,0.0798,0.0945,0.139,0.2428,0.1906,-0.2706,0.2719
Pemukiman_49,Pemukiman,0.0919,0.0981,0.1165,0.1622,0.2473,0.164,-0.2463,0.2078
Pemukiman_49,Pemukiman,0.0679,0.0838,0.0858,0.1876,0.2473,0.3723,-0.3825,0.1373
Pemukiman_49,Pemukiman,0.0705,0.0787,0.0861,0.1643,0.2456,0.3123,-0.3523,0.1983
Pemukiman_49,Pemukiman,0.0884,0.1038,0.129,0.1765,0.2456,0.1555,-0.2594,0.1637
Pemukiman_49,Pemukiman,0.0616,0.0774,0.1032,0.2012,0.236,0.3219,-0.4444,0.0796
Pemukiman_49,Pemukiman,0.0599,0.0687,0.0762,0.1525,0.236,0.3336,-0.3788,0.2149
Pemukiman_49,Pemukiman,0.07,0.0728,0.0821,0.1241,0.2326,0.2037,-0.2605,0.3042
Pemukiman_49,Pemukiman,0.1021,0.113,0.124,0.1555,0.2326,0.1127,-0.1583,0.1987
Pemukiman_49,Pemukiman,0.0886,0.1001,0.108,0.1425,0.2623,0.1377,-0.1748,0.2959
Pemukiman_49,Pemukiman,0.1203,0.1416,0.1532,0.1794,0.2623,0.0788,-0.1178,0.1877
Pemukiman_49,Pemukiman,0.0958,0.1194,0.1227,0.2361,0.2564,0.3161,-0.3283,0.0412
Pemukiman_49,Pemukiman,0.0703,0.0851,0.088,0.2065,0.2564,0.4024,-0.4163,0.1078
Pemukiman_49,Pemukiman,0.0821,0.0989,0.1084,0.1881,0.2529,0.2688,-0.3108,0.1469
Pemukiman_49,Pemukiman,0.0822,0.095,0.1061,0.1671,0.2529,0.2233,-0.2751,0.2043
Pemukiman_49,Pemukiman,0.1209,0.1328,0.1512,0.1602,0.2853,0.0289,-0.0935,0.2808
Pemukiman_49,Pemukiman,0.1731,0.1819,0.1844,0.1919,0.2853,0.0199,-0.0268,0.1957
Pemukiman_49,Pemukiman,0.0934,0.1102,0.1184,0.1708,0.2506,0.1812,-0.2157,0.1894
Pemukiman_49,Pemukiman,0.0743,0.0933,0.0959,0.1938,0.2506,0.3379,-0.3501,0.1278
Pemukiman_49,Pemukiman,0.1018,0.1179,0.1191,0.2128,0.2329,0.2823,-0.287,0.0451
Pemukiman_49,Pemukiman,0.0906,0.1074,0.1191,0.1833,0.2329,0.2123,-0.2611,0.1192
Pemukiman_49,Pemukiman,0.0879,0.1001,0.1192,0.1708,0.2573,0.1779,-0.261,0.2021
Pemukiman_49,Pemukiman,0.1161,0.1267,0.1375,0.1957,0.2573,0.1747,-0.214,0.136
Pemukiman_49,Pemukiman,0.0654,0.0831,0.1008,0.1836,0.2621,0.2911,-0.3768,0.1761
Pemukiman_49,Pemukiman,0.0667,0.0883,0.1019,0.2123,0.2384,0.3514,-0.4125,0.0579
Pemukiman_49,Pemukiman,0.0686,0.0874,0.0883,0.2263,0.2384,0.4387,-0.4428,0.026
Pemukiman_49,Pemukiman,0.0641,0.0807,0.0817,0.2076,0.2202,0.4352,-0.4402,0.0295
Pemukiman_49,Pemukiman,0.0798,0.093,0.1115,0.1781,0.2202,0.23,-0.3139,0.1057
Pemukiman_49,Pemukiman,0.1141,0.129,0.147,0.182,0.2398,0.1064,-0.1704,0.137
Pemukiman_49,Pemukiman,0.0911,0.0994,0.1185,0.1626,0.2398,0.1569,-0.2412,0.1918
Pemukiman_49,Pemukiman,0.07,0.0829,0.0908,0.1591,0.2379,0.2733,-0.3149,0.1985
Pemukiman_49,Pemukiman,0.0848,0.0927,0.0967,0.1663,0.2379,0.2646,-0.2842,0.1771
Pemukiman_49,Pemukiman,0.0858,0.0952,0.0971,0.1583,0.2239,0.2396,-0.2489,0.1716
Pemukiman_49,Pemukiman,0.061,0.0723,0.072,0.189,0.2239,0.4483,-0.4466,0.0845
Pemukiman_49,Pemukiman,0.0648,0.0786,0.0824,0.1675,0.2302,0.3405,-0.3612,0.1577
Pemukiman_49,Pemukiman,0.0804,0.094,0.1039,0.1587,0.2302,0.2087,-0.256,0.1839
Pemukiman_49,Pemukiman,0.08,0.0919,0.0983,0.1879,0.2279,0.3131,-0.3431,0.0962
Pemukiman_49,Pemukiman,0.0764,0.0874,0.0906,0.1581,0.2279,0.2714,-0.288,0.1808
Pemukiman_49,Pemukiman,0.0683,0.0765,0.0838,0.1153,0.2306,0.1582,-0.2023,0.3333
Pemukiman_49,Pemukiman,0.0966,0.1085,0.1146,0.1438,0.2306,0.113,-0.1399,0.2318
Pemukiman_49,Pemukiman,0.0908,0.096,0.1057,0.1385,0.2396,0.1343,-0.1812,0.2674
Pemukiman_49,Pemukiman,0.0892,0.1005,0.1133,0.1537,0.2396,0.1513,-0.2093,0.2184
Pemukiman_49,Pemukiman,0.0945,0.1124,0.1218,0.2126,0.2376,0.2715,-0.3083,0.0555
Pemukiman_49,Pemukiman,0.0635,0.0816,0.0767,0.1945,0.2376,0.4344,-0.4089,0.0997
Pemukiman_49,Pemukiman,0.0853,0.1004,0.1025,0.189,0.293,0.2967,-0.3061,0.2158
Pemukiman_49,Pemukiman,0.1018,0.1091,0.1172,0.1516,0.293,0.128,-0.163,0.318
Pemukiman_49,Pemukiman,0.1067,0.1138,0.1219,0.1381,0.2656,0.0623,-0.0965,0.3158
Pemukiman_49,Pemukiman,0.1135,0.1256,0.1278,0.1627,0.2656,0.1201,-0.1287,0.2403
Pemukiman_49,Pemukiman,0.1042,0.1104,0.1215,0.1646,0.2239,0.1506,-0.1971,0.1526
Pemukiman_49,Pemukiman,0.114,0.1296,0.1283,0.1868,0.2239,0.1857,-0.1808,0.0903
Pemukiman_49,Pemukiman,0.1186,0.1303,0.1295,0.1946,0.2273,0.2009,-0.1979,0.0775
Pemukiman_49,Pemukiman,0.1333,0.1402,0.1442,0.1848,0.2273,0.1234,-0.1372,0.1031
Pemukiman_49,Pemukiman,0.1486,0.1561,0.1614,0.1945,0.2506,0.093,-0.1095,0.126
Pemukiman_49,Pemukiman,0.1321,0.1407,0.1482,0.185,0.2506,0.1104,-0.136,0.1506
Pemukiman_49,Pemukiman,0.0911,0.1049,0.1215,0.1572,0.2202,0.1281,-0.1995,0.1669
Pemukiman_49,Pemukiman,0.1108,0.1194,0.1313,0.1619,0.2398,0.1044,-0.1511,0.1939
Pemukiman_49,Pemukiman,0.0847,0.0927,0.1046,0.1527,0.2398,0.1869,-0.2445,0.2219
Pemukiman_49,Pemukiman,0.0552,0.0706,0.0703,0.1787,0.2379,0.4353,-0.4336,0.1421
Pemukiman_49,Pemukiman,0.0619,0.0755,0.077,0.2037,0.2379,0.4514,-0.4592,0.0774
Pemukiman_49,Pemukiman,0.0673,0.0751,0.0833,0.1495,0.2239,0.2844,-0.3313,0.1992
Pemukiman_49,Pemukiman,0.0706,0.0812,0.087,0.1637,0.2239,0.3059,-0.3369,0.1553
Pemukiman_49,Pemukiman,0.0776,0.0878,0.0988,0.1627,0.2302,0.2444,-0.299,0.1718
Pemukiman_49,Pemukiman,0.0755,0.0898,0.1168,0.1628,0.2302,0.1645,-0.289,0.1715
Pemukiman_49,Pemukiman,0.0754,0.0868,0.1018,0.1559,0.2279,0.2099,-0.2847,0.1876
Pemukiman_49,Pemukiman,0.0745,0.0823,0.0877,0.152,0.2279,0.2683,-0.2975,0.1998
Pemukiman_49,Pemukiman,0.0742,0.0822,0.0953,0.1401,0.2306,0.1903,-0.2605,0.2441
Pemukiman_49,Pemukiman,0.0887,0.1018,0.1267,0.1698,0.2306,0.1454,-0.2504,0.1518
Pemukiman_49,Pemukiman,0.0852,0.0984,0.1157,0.1493,0.2396,0.1268,-0.2055,0.2322
Pemukiman_49,Pemukiman,0.0787,0.0888,0.1033,0.1353,0.2396,0.1341,-0.2075,0.2782
Pemukiman_49,Pemukiman,0.0867,0.0951,0.1059,0.1643,0.2376,0.2161,-0.2668,0.1824
Pemukiman_49,Pemukiman,0.082,0.0907,0.0925,0.1732,0.2376,0.3037,-0.3126,0.1568
Pemukiman_49,Pemukiman,0.1049,0.1247,0.1347,0.1921,0.293,0.1756,-0.2128,0.208
Pemukiman_49,Pemukiman,0.146,0.1618,0.1803,0.2015,0.293,0.0555,-0.1093,0.185
Pemukiman_49,Pemukiman,0.1169,0.1384,0.1536,0.1832,0.2656,0.0879,-0.1393,0.1836
Pemukiman_49,Pemukiman,0.0827,0.0926,0.0986,0.1876,0.2656,0.311,-0.339,0.1721
Pemukiman_49,Pemukiman,0.0941,0.104,0.1049,0.1896,0.2239,0.2876,-0.2916,0.083
Pemukiman_49,Pemukiman,0.108,0.1191,0.1206,0.1886,0.2239,0.2199,-0.2259,0.0856
Pemukiman_49,Pemukiman,0.0946,0.1057,0.1107,0.1836,0.2273,0.2477,-0.2693,0.1064
Pemukiman_49,Pemukiman,0.0956,0.1062,0.1076,0.191,0.2273,0.2793,-0.2853,0.0868
Pemukiman_49,Pemukiman,0.1176,0.1322,0.1367,0.1896,0.2506,0.1621,-0.1784,0.1386
Pemukiman_49,Pemukiman,0.109,0.1215,0.1266,0.1985,0.2506,0.2212,-0.2406,0.116
Pemukiman_49,Pemukiman,0.0516,0.0557,0.0801,0.16,0.2329,0.3328,-0.4835,0.1855
Pemukiman_49,Pemukiman,0.0552,0.0608,0.079,0.144,0.2327,0.2915,-0.4062,0.2355
Pemukiman_49,Pemukiman,0.0647,0.0744,0.0869,0.1625,0.2327,0.3031,-0.3719,0.1776
Pemukiman_49,Pemukiman,0.0651,0.0828,0.1001,0.186,0.2403,0.3002,-0.3839,0.1274
Pemukiman_49,Pemukiman,0.0626,0.0858,0.1333,0.2014,0.2403,0.2035,-0.4025,0.0881
Pemukiman_49,Pemukiman,0.0598,0.0718,0.1028,0.1786,0.2259,0.2694,-0.4265,0.1169
Pemukiman_49,Pemukiman,0.0596,0.0687,0.0871,0.1526,0.2259,0.2733,-0.3791,0.1937
Pemukiman_49,Pemukiman,0.0646,0.0767,0.0946,0.1621,0.2327,0.263,-0.3576,0.1788
Pemukiman_49,Pemukiman,0.0804,0.0998,0.1351,0.185,0.2327,0.1559,-0.2992,0.1142
Pemukiman_49,Pemukiman,0.0882,0.1025,0.1284,0.1665,0.2324,0.1292,-0.2379,0.1652
Pemukiman_49,Pemukiman,0.0687,0.0753,0.095,0.1352,0.2324,0.1746,-0.2846,0.2644
Pemukiman_49,Pemukiman,0.0649,0.0766,0.0942,0.1454,0.245,0.2137,-0.3099,0.2551
Pemukiman_49,Pemukiman,0.1034,0.1181,0.1352,0.171,0.245,0.1169,-0.183,0.1779
Pemukiman_49,Pemukiman,0.2128,0.2246,0.2307,0.2507,0.3936,0.0415,-0.0549,0.2218
Pemukiman_49,Pemukiman,0.2839,0.3064,0.3225,0.3232,0.3936,0.0011,-0.0267,0.0982
Pemukiman_49,Pemukiman,0.217,0.2356,0.2634,0.2908,0.3767,0.0494,-0.1049,0.1287
Pemukiman_49,Pemukiman,0.0986,0.1148,0.1154,0.1979,0.3767,0.2633,-0.2657,0.3112
Pemukiman_49,Pemukiman,0.0809,0.0906,0.092,0.176,0.2614,0.3134,-0.3203,0.1952
Pemukiman_49,Pemukiman,0.0836,0.0956,0.1057,0.17,0.2614,0.2332,-0.2801,0.2119
Pemukiman_49,Pemukiman,0.0815,0.0986,0.1078,0.1803,0.2614,0.2516,-0.2929,0.1836
Pemukiman_49,Pemukiman,0.0812,0.0912,0.0987,0.1784,0.2614,0.2876,-0.3234,0.1887
Pemukiman_49,Pemukiman,0.0869,0.1029,0.1121,0.1753,0.2376,0.2199,-0.2602,0.1509
Pemukiman_49,Pemukiman,0.0743,0.0914,0.0892,0.2161,0.2376,0.4157,-0.4055,0.0474
Pemukiman_49,Pemukiman,0.0787,0.0936,0.1371,0.2291,0.2403,0.2512,-0.4199,0.0239
Pemukiman_49,Pemukiman,0.0595,0.072,0.0949,0.196,0.2259,0.3475,-0.4627,0.0709
Pemukiman_49,Pemukiman,0.0492,0.0643,0.0746,0.1926,0.2259,0.4416,-0.4994,0.0796
Pemukiman_49,Pemukiman,0.0464,0.0609,0.062,0.2389,0.2327,0.5879,-0.5937,-0.0131
Pemukiman_49,Pemukiman,0.0638,0.081,0.0859,0.2309,0.2327,0.4577,-0.4806,0.0039
Pemukiman_49,Pemukiman,0.0831,0.1061,0.1201,0.1973,0.2324,0.2432,-0.3006,0.0817
Pemukiman_49,Pemukiman,0.061,0.075,0.0827,0.1691,0.2324,0.3431,-0.3855,0.1577
Pemukiman_49,Pemukiman,0.071,0.0847,0.0945,0.164,0.245,0.2689,-0.3189,0.198
Pemukiman_49,Pemukiman,0.1381,0.136,0.1441,0.1774,0.245,0.1036,-0.1321,0.16
Pemukiman_49,Pemukiman,0.2366,0.2406,0.2455,0.2411,0.3936,-0.009,-0.001,0.2403
Pemukiman_49,Pemukiman,0.3066,0.314,0.3298,0.3247,0.3936,-0.0078,-0.0168,0.0959
Pemukiman_49,Pemukiman,0.2671,0.2849,0.2988,0.3032,0.3767,0.0073,-0.0311,0.1081
Pemukiman_49,Pemukiman,0.1293,0.1426,0.151,0.217,0.3767,0.1793,-0.2069,0.269
Pemukiman_49,Pemukiman,0.0806,0.0912,0.0911,0.1696,0.2614,0.3011,-0.3006,0.213
Pemukiman_49,Pemukiman,0.0784,0.0952,0.1097,0.1581,0.2614,0.1807,-0.2483,0.2462
Pemukiman_49,Pemukiman,0.115,0.1259,0.1389,0.1885,0.2614,0.1515,-0.1991,0.162
Pemukiman_49,Pemukiman,0.1125,0.1223,0.1307,0.186,0.2614,0.1746,-0.2066,0.1685
Pemukiman_49,Pemukiman,0.076,0.0809,0.0932,0.1639,0.2376,0.275,-0.3391,0.1836
Pemukiman_49,Pemukiman,0.0585,0.0735,0.0665,0.204,0.2376,0.5083,-0.4703,0.0761
Pemukiman_49,Pemukiman,0.0567,0.0726,0.0683,0.2817,0.2562,0.6097,-0.5902,-0.0474
Pemukiman_49,Pemukiman,0.0814,0.1038,0.1005,0.2778,0.2562,0.4687,-0.456,-0.0404
Pemukiman_49,Pemukiman,0.0951,0.1153,0.1131,0.2573,0.2556,0.3893,-0.3811,-0.0033
Pemukiman_49,Pemukiman,0.0574,0.0725,0.0678,0.2629,0.2556,0.59,-0.5677,-0.0141
Pemukiman_49,Pemukiman,0.0593,0.0728,0.0687,0.2449,0.2313,0.5619,-0.5417,-0.0286
Pemukiman_49,Pemukiman,0.0882,0.0977,0.1037,0.1713,0.2313,0.2458,-0.2736,0.149
Pemukiman_49,Pemukiman,0.1413,0.1403,0.1526,0.1671,0.2958,0.0454,-0.0872,0.278
Pemukiman_49,Pemukiman,0.1927,0.1959,0.1984,0.2111,0.2958,0.031,-0.0373,0.1671
Pemukiman_49,Pemukiman,0.1987,0.2026,0.2112,0.2308,0.311,0.0443,-0.0651,0.148
Pemukiman_49,Pemukiman,0.1124,0.1283,0.1479,0.2045,0.311,0.1606,-0.229,0.2066
Pemukiman_49,Pemukiman,0.0817,0.0926,0.1007,0.1707,0.2745,0.2579,-0.2966,0.2332
Pemukiman_49,Pemukiman,0.0959,0.1122,0.123,0.1737,0.2745,0.1709,-0.2151,0.2249
Pemukiman_49,Pemukiman,0.1301,0.1423,0.1441,0.1967,0.2881,0.1543,-0.1605,0.1885
Pemukiman_49,Pemukiman,0.0974,0.1137,0.1239,0.177,0.2881,0.1765,-0.2177,0.2389
Pemukiman_49,Pemukiman,0.0651,0.0806,0.0887,0.1735,0.2362,0.3234,-0.3656,0.153
Pemukiman_49,Pemukiman,0.0599,0.0757,0.0735,0.2214,0.2362,0.5015,-0.4904,0.0323
Pemukiman_49,Pemukiman,0.0654,0.0761,0.0651,0.2913,0.2313,0.6347,-0.5857,-0.1148
Pemukiman_49,Pemukiman,0.0768,0.0938,0.1064,0.1898,0.2313,0.2816,-0.3385,0.0986
Pemukiman_49,Pemukiman,0.072,0.0887,0.1121,0.1446,0.2958,0.1266,-0.2396,0.3433
Pemukiman_49,Pemukiman,0.0956,0.1055,0.1159,0.1544,0.2958,0.1424,-0.1881,0.3141
Pemukiman_49,Pemukiman,0.1083,0.1247,0.1225,0.1871,0.311,0.2087,-0.2001,0.2487
Pemukiman_49,Pemukiman,0.0867,0.101,0.1099,0.1878,0.311,0.2617,-0.3006,0.247
Pemukiman_49,Pemukiman,0.078,0.0856,0.0959,0.1585,0.2745,0.2461,-0.2986,0.2679
Pemukiman_49,Pemukiman,0.1036,0.1209,0.1317,0.1828,0.2745,0.1625,-0.2038,0.2005
Pemukiman_49,Pemukiman,0.1356,0.1525,0.1559,0.2016,0.2881,0.1278,-0.1387,0.1766
Pemukiman_49,Pemukiman,0.103,0.12,0.1318,0.1717,0.2881,0.1315,-0.1772,0.2532
Pemukiman_49,Pemukiman,0.1091,0.1243,0.1328,0.1879,0.2362,0.1718,-0.2037,0.1139
Pemukiman_49,Pemukiman,0.0856,0.0977,0.1005,0.1607,0.2542,0.2305,-0.2438,0.2254
Pemukiman_49,Pemukiman,0.0855,0.095,0.1045,0.1741,0.2542,0.2498,-0.2939,0.187
Pemukiman_49,Pemukiman,0.0762,0.0842,0.1011,0.1548,0.2644,0.2098,-0.2954,0.2614
Pemukiman_49,Pemukiman,0.0942,0.1092,0.1466,0.1755,0.2644,0.0897,-0.2329,0.2021
Pemukiman_49,Pemukiman,0.142,0.1558,0.1764,0.207,0.285,0.0798,-0.1411,0.1585
Pemukiman_49,Pemukiman,0.1193,0.1359,0.144,0.1826,0.285,0.1182,-0.1466,0.219
Pemukiman_49,Pemukiman,0.1366,0.1566,0.1648,0.196,0.2491,0.0865,-0.1117,0.1193
Pemukiman_49,Pemukiman,0.1248,0.1377,0.1545,0.197,0.285,0.1209,-0.1772,0.1826
Pemukiman_49,Pemukiman,0.1256,0.1388,0.1421,0.184,0.285,0.1285,-0.14,0.2154
Pemukiman_49,Pemukiman,0.141,0.1572,0.1644,0.2031,0.2491,0.1053,-0.1274,0.1017
Sawah_50,Sawah,0.0388,0.0665,0.05,0.2833,0.1482,0.7,-0.6198,-0.3131
Sawah_50,Sawah,0.04,0.0649,0.0525,0.2769,0.1482,0.6812,-0.6202,-0.3028
Sawah_50,Sawah,0.0363,0.064,0.0507,0.2706,0.1475,0.6844,-0.6175,-0.2944
Sawah_50,Sawah,0.0363,0.0648,0.0498,0.2648,0.1475,0.6834,-0.6068,-0.2845
Sawah_50,Sawah,0.0346,0.0619,0.046,0.2586,0.1473,0.698,-0.6137,-0.2742
Sawah_50,Sawah,0.0405,0.0667,0.0465,0.2687,0.1473,0.7049,-0.6023,-0.2918
Sawah_50,Sawah,0.0378,0.0666,0.0475,0.2857,0.1482,0.7149,-0.6219,-0.3169
Sawah_50,Sawah,0.0365,0.065,0.0548,0.2731,0.1482,0.6657,-0.6155,-0.2965
Sawah_50,Sawah,0.0363,0.0659,0.0505,0.258,0.1475,0.6726,-0.5931,-0.2725
Sawah_50,Sawah,0.0373,0.0642,0.0471,0.2529,0.1475,0.686,-0.5951,-0.2632
Sawah_50,Sawah,0.0347,0.0618,0.0435,0.2469,0.1473,0.7004,-0.5996,-0.2527
Sawah_50,Sawah,0.0387,0.06,0.0442,0.2542,0.1473,0.7038,-0.6181,-0.2663
Sawah_50,Sawah,0.0373,0.0676,0.0536,0.275,0.149,0.6738,-0.6054,-0.2972
Sawah_50,Sawah,0.0361,0.0648,0.0516,0.2578,0.1464,0.6664,-0.5983,-0.2756
Sawah_50,Sawah,0.036,0.0637,0.0459,0.2417,0.1464,0.6808,-0.5828,-0.2456
Sawah_50,Sawah,0.0347,0.0615,0.0437,0.2376,0.148,0.6893,-0.5888,-0.2324
Sawah_50,Sawah,0.0374,0.06,0.0458,0.2539,0.148,0.6944,-0.6177,-0.2635
Sawah_50,Sawah,0.0474,0.0637,0.0653,0.2874,0.1507,0.6297,-0.6371,-0.312
Sawah_50,Sawah,0.0363,0.0662,0.0532,0.2791,0.149,0.6798,-0.6166,-0.3039
Sawah_50,Sawah,0.0372,0.0656,0.0529,0.2637,0.1464,0.6658,-0.6016,-0.286
Sawah_50,Sawah,0.0349,0.0632,0.0488,0.2425,0.1464,0.6649,-0.5865,-0.2471
Sawah_50,Sawah,0.0355,0.0597,0.0464,0.2217,0.148,0.6539,-0.5757,-0.1994
Sawah_50,Sawah,0.0363,0.0597,0.0472,0.2379,0.148,0.6689,-0.5988,-0.233
Sawah_50,Sawah,0.0478,0.0641,0.0677,0.2832,0.1507,0.6141,-0.6309,-0.3054
Sawah_50,Sawah,0.0381,0.0667,0.0516,0.2829,0.1553,0.6915,-0.6184,-0.2912
Sawah_50,Sawah,0.0367,0.066,0.0538,0.2755,0.1487,0.6732,-0.6135,-0.2989
Sawah_50,Sawah,0.0354,0.0633,0.0522,0.2519,0.1487,0.6567,-0.5983,-0.2576
Sawah_50,Sawah,0.037,0.0626,0.0503,0.2398,0.1492,0.6532,-0.586,-0.2329
Sawah_50,Sawah,0.0362,0.0622,0.0496,0.2395,0.1492,0.6569,-0.5877,-0.2323
Sawah_50,Sawah,0.0445,0.0645,0.0646,0.2697,0.1487,0.6135,-0.614,-0.2892
Sawah_50,Sawah,0.04,0.0687,0.0549,0.2814,0.1487,0.6735,-0.6075,-0.3085
Sawah_50,Sawah,0.0365,0.0666,0.0571,0.275,0.1487,0.6561,-0.6101,-0.2981
Sawah_50,Sawah,0.0357,0.0654,0.0547,0.2701,0.1492,0.6632,-0.6101,-0.2883
Sawah_50,Sawah,0.0348,0.067,0.0544,0.2639,0.1492,0.6582,-0.595,-0.2777
Sawah_50,Sawah,0.0437,0.0678,0.0581,0.2735,0.1487,0.6496,-0.6027,-0.2956
Sawah_50,Sawah,0.0367,0.0661,0.0557,0.2837,0.1557,0.6718,-0.6221,-0.2913
Sawah_50,Sawah,0.0364,0.068,0.0593,0.2812,0.1557,0.6517,-0.6105,-0.2873
Sawah_50,Sawah,0.0375,0.0662,0.0577,0.2766,0.1502,0.6548,-0.6138,-0.2962
Sawah_50,Sawah,0.039,0.0692,0.0593,0.271,0.1502,0.6409,-0.5932,-0.2868
